2026-01-04T00:51:35.374608,PAYMENT,3627.97,MEDIUM,0.67
2026-01-04T00:51:37.967689,CASH_OUT,7813.75,MEDIUM,0.7
2026-01-04T00:51:40.117324,CASH_OUT,5775.07,LOW,0.04
2026-01-04T00:51:42.267539,CASH_IN,2978.25,MEDIUM,0.7
2026-01-04T00:51:44.461271,DEBIT,1074.51,LOW,0.0
2026-01-04T00:51:46.675269,CASH_IN,7891.9,MEDIUM,0.68
2026-01-04T00:51:48.846300,DEBIT,1242.38,HIGH,0.82
2026-01-04T00:51:51.000728,PAYMENT,6258.93,MEDIUM,0.59
2026-01-04T00:51:53.196867,CASH_OUT,7738.38,MEDIUM,0.79
2026-01-04T00:51:55.372798,PAYMENT,3757.39,MEDIUM,0.56
2026-01-04T00:51:57.540827,DEBIT,8536.05,MEDIUM,0.72
2026-01-04T00:51:59.721148,PAYMENT,2381.49,LOW,0.0
2026-01-04T00:52:01.887247,DEBIT,231.5,MEDIUM,0.67
2026-01-04T00:52:04.063668,CASH_OUT,9687.67,LOW,0.02
2026-01-04T00:52:06.228054,DEBIT,6220.54,MEDIUM,0.75
2026-01-04T00:52:08.377228,CASH_IN,8869.62,MEDIUM,0.69
2026-01-04T00:52:10.538637,CASH_IN,9821.12,MEDIUM,0.65
2026-01-04T00:52:12.711874,CASH_OUT,2288.44,MEDIUM,0.77
2026-01-04T00:52:14.863957,TRANSFER,4139.96,LOW,0.0
2026-01-04T00:52:17.030127,CASH_OUT,2369.56,HIGH,0.86
2026-01-04T00:52:19.205837,TRANSFER,4377.06,LOW,0.0
2026-01-04T00:52:21.383196,DEBIT,67.12,LOW,0.02
2026-01-04T00:52:23.533142,CASH_OUT,3908.97,MEDIUM,0.76
2026-01-04T00:52:25.648767,CASH_OUT,4584.76,HIGH,0.85
2026-01-04T00:52:27.832459,CASH_IN,1472.73,MEDIUM,0.71
2026-01-04T00:52:29.989345,DEBIT,5706.52,MEDIUM,0.68
2026-01-04T00:52:32.142516,TRANSFER,1148.37,LOW,0.0
2026-01-04T00:52:34.302897,CASH_IN,5044.2,LOW,0.0
2026-01-04T00:52:36.476149,CASH_IN,1067.02,MEDIUM,0.66
2026-01-04T00:52:38.009748,PAYMENT,1000.0,LOW,0.0
2026-01-04T00:52:40.588803,CASH_IN,7575.2,MEDIUM,0.61
2026-01-04T00:52:42.739528,CASH_IN,7620.17,MEDIUM,0.67
2026-01-04T00:52:44.770525,DEBIT,5573.28,MEDIUM,0.69
2026-01-04T00:52:46.952497,TRANSFER,4609.91,LOW,0.03
2026-01-04T00:52:49.109723,DEBIT,7421.82,MEDIUM,0.72
2026-01-04T00:52:51.047943,CASH_OUT,700.56,LOW,0.0
2026-01-04T00:52:53.217322,CASH_OUT,326.42,HIGH,0.81
2026-01-04T00:52:55.373189,TRANSFER,2776.09,MEDIUM,0.76
2026-01-04T00:53:00.521926,CASH_OUT,6077.75,MEDIUM,0.69
2026-01-04T00:53:00.616517,CASH_OUT,7643.77,HIGH,0.86
2026-01-04T00:53:02.704599,TRANSFER,5477.05,MEDIUM,0.75
2026-01-04T00:53:04.872359,DEBIT,994.59,MEDIUM,0.62
2026-01-04T00:53:07.020724,CASH_IN,1691.74,MEDIUM,0.7
2026-01-04T00:53:08.963605,TRANSFER,8408.44,MEDIUM,0.74
2026-01-04T00:53:11.126015,DEBIT,6155.32,MEDIUM,0.72
2026-01-04T00:53:13.247968,CASH_OUT,5036.29,LOW,0.15
2026-01-04T00:53:15.380595,DEBIT,6366.15,MEDIUM,0.73
2026-01-04T00:53:17.503628,PAYMENT,9019.94,MEDIUM,0.59
2026-01-04T00:53:18.492003,CASH_OUT,1020.88,MEDIUM,0.76
2026-01-04T00:53:19.671091,CASH_OUT,7742.16,LOW,0.02
2026-01-04T00:53:20.642343,CASH_IN,8409.26,LOW,0.0
2026-01-04T00:53:21.805950,CASH_OUT,907.9,MEDIUM,0.78
2026-01-04T00:53:23.950880,CASH_OUT,3623.6,HIGH,0.86
2026-01-04T00:53:25.888226,CASH_IN,6914.17,MEDIUM,0.77
2026-01-04T00:53:28.032549,CASH_IN,9943.86,MEDIUM,0.72
2026-01-04T00:53:30.186252,CASH_OUT,1308.45,HIGH,0.82
2026-01-04T00:53:32.236876,CASH_IN,5664.8,LOW,0.0
2026-01-04T00:53:34.448600,TRANSFER,2914.22,LOW,0.02
2026-01-04T00:53:36.597717,CASH_IN,6676.43,MEDIUM,0.59
2026-01-04T00:53:38.510033,PAYMENT,3148.07,MEDIUM,0.62
2026-01-04T00:53:40.682498,DEBIT,9424.63,LOW,0.01
2026-01-04T00:53:42.868813,CASH_IN,2726.95,MEDIUM,0.67
2026-01-04T00:53:44.864698,DEBIT,1758.77,MEDIUM,0.65
2026-01-04T00:53:47.116848,PAYMENT,3898.4,LOW,0.02
2026-01-04T00:53:49.271861,CASH_OUT,5044.77,MEDIUM,0.69
2026-01-04T00:53:51.200959,DEBIT,3703.62,LOW,0.0
2026-01-04T00:53:53.344024,DEBIT,6619.59,MEDIUM,0.65
2026-01-04T00:53:55.504549,TRANSFER,4498.29,MEDIUM,0.77
2026-01-04T00:54:00.782813,PAYMENT,8427.42,MEDIUM,0.62
2026-01-04T00:54:00.786528,TRANSFER,5647.11,LOW,0.0
2026-01-04T00:54:03.008893,PAYMENT,1866.29,LOW,0.0
2026-01-04T00:54:05.175269,CASH_IN,8538.62,MEDIUM,0.77
2026-01-04T00:54:07.331143,TRANSFER,7867.76,LOW,0.01
2026-01-04T00:54:09.173160,CASH_OUT,3120.78,LOW,0.01
2026-01-04T00:54:11.311076,PAYMENT,8616.03,LOW,0.0
2026-01-04T00:54:13.432020,PAYMENT,9618.54,LOW,0.0
2026-01-04T00:54:15.648012,CASH_IN,3537.98,MEDIUM,0.68
2026-01-04T00:54:17.786484,CASH_OUT,5672.0,MEDIUM,0.74
2026-01-04T00:54:18.760896,DEBIT,939.09,LOW,0.0
2026-01-04T00:54:19.964162,CASH_OUT,238.41,MEDIUM,0.79
2026-01-04T00:54:20.922891,CASH_OUT,4120.55,MEDIUM,0.73
2026-01-04T00:54:22.128566,TRANSFER,4365.5,LOW,0.01
2026-01-04T00:54:24.294938,DEBIT,2914.42,MEDIUM,0.72
2026-01-04T00:54:26.196346,CASH_OUT,3356.36,HIGH,0.86
2026-01-04T00:54:28.335441,CASH_OUT,5458.34,MEDIUM,0.76
2026-01-04T00:54:30.474367,TRANSFER,2273.45,MEDIUM,0.72
2026-01-04T00:54:32.605414,CASH_IN,7415.92,MEDIUM,0.69
2026-01-04T00:54:34.798170,CASH_OUT,3769.9,MEDIUM,0.77
2026-01-04T00:54:37.009580,PAYMENT,2538.44,MEDIUM,0.59
2026-01-04T00:54:39.014844,TRANSFER,2883.17,MEDIUM,0.72
2026-01-04T00:54:41.223024,DEBIT,5518.21,LOW,0.0
2026-01-04T00:54:43.377581,CASH_OUT,2291.35,HIGH,0.86
2026-01-04T00:54:45.374921,PAYMENT,627.09,MEDIUM,0.59
2026-01-04T00:54:48.617426,CASH_OUT,7516.71,MEDIUM,0.7
2026-01-04T00:54:50.804782,DEBIT,261.36,LOW,0.04
2026-01-04T00:54:52.967857,CASH_IN,7288.07,LOW,0.0
2026-01-04T00:54:55.137612,PAYMENT,9555.45,LOW,0.0
2026-01-04T00:54:57.305737,CASH_OUT,8990.67,LOW,0.03
2026-01-04T00:55:02.540310,CASH_OUT,558.21,HIGH,0.82
2026-01-04T00:55:04.695781,DEBIT,331.58,MEDIUM,0.72
2026-01-04T00:55:06.819613,DEBIT,1200.3,HIGH,0.83
2026-01-04T00:55:08.952557,PAYMENT,5146.01,MEDIUM,0.67
2026-01-04T00:55:11.111640,TRANSFER,4833.93,MEDIUM,0.74
2026-01-04T00:55:13.239220,CASH_IN,622.86,LOW,0.0
2026-01-04T00:55:15.403601,TRANSFER,3953.25,LOW,0.03
2026-01-04T00:55:17.584388,DEBIT,7084.12,MEDIUM,0.68
2026-01-04T00:55:19.723306,DEBIT,9900.73,MEDIUM,0.73
2026-01-04T00:55:21.876148,DEBIT,5753.42,MEDIUM,0.72
2026-01-04T00:55:24.032024,CASH_IN,2109.19,MEDIUM,0.77
2026-01-04T00:55:26.180090,PAYMENT,1488.55,LOW,0.0
2026-01-04T00:55:28.294871,CASH_IN,9860.28,MEDIUM,0.77
2026-01-04T00:55:30.447241,DEBIT,4844.2,MEDIUM,0.69
2026-01-04T00:55:32.583302,CASH_IN,6201.82,MEDIUM,0.7
2026-01-04T00:55:34.747426,PAYMENT,2840.01,MEDIUM,0.52
2026-01-04T00:55:36.899194,CASH_OUT,1577.57,MEDIUM,0.77
2026-01-04T00:55:39.060218,TRANSFER,8606.31,MEDIUM,0.75
2026-01-04T00:55:41.201394,CASH_OUT,4580.44,MEDIUM,0.76
2026-01-04T00:55:43.327501,CASH_OUT,1154.77,MEDIUM,0.8
2026-01-04T00:55:45.487711,PAYMENT,650.15,LOW,0.02
2026-01-04T00:55:47.635346,TRANSFER,7566.69,LOW,0.01
2026-01-04T00:55:49.780316,PAYMENT,8165.71,MEDIUM,0.6
2026-01-04T00:55:51.949965,PAYMENT,3683.54,LOW,0.0
2026-01-04T00:55:54.104684,PAYMENT,5481.63,MEDIUM,0.62
2026-01-04T00:55:56.254080,CASH_OUT,9832.99,MEDIUM,0.75
2026-01-04T00:55:58.397784,CASH_IN,3737.65,MEDIUM,0.66
2026-01-04T00:56:00.560146,CASH_OUT,6527.36,LOW,0.0
2026-01-04T00:56:02.683417,PAYMENT,6929.38,MEDIUM,0.57
2026-01-04T00:56:04.841197,PAYMENT,4640.3,MEDIUM,0.58
2026-01-04T00:56:06.996423,CASH_OUT,7131.24,HIGH,0.85
2026-01-04T00:56:09.164200,DEBIT,5075.17,MEDIUM,0.72
2026-01-04T00:56:11.310265,TRANSFER,7062.04,MEDIUM,0.74
2026-01-04T00:56:13.492563,PAYMENT,5433.03,LOW,0.0
2026-01-04T00:56:15.640640,TRANSFER,2438.41,MEDIUM,0.76
2026-01-04T00:56:17.826776,CASH_OUT,8927.68,MEDIUM,0.73
2026-01-04T00:56:19.987071,CASH_OUT,7472.21,MEDIUM,0.8
2026-01-04T00:56:22.186388,CASH_OUT,2751.32,MEDIUM,0.8
2026-01-04T00:56:24.343598,CASH_IN,1454.14,LOW,0.03
2026-01-04T00:56:26.497356,CASH_IN,6029.89,MEDIUM,0.75
2026-01-04T00:56:28.647460,CASH_OUT,198.72,MEDIUM,0.75
2026-01-04T00:56:30.825834,CASH_IN,4409.61,MEDIUM,0.69
2026-01-04T00:56:32.967663,DEBIT,7547.22,MEDIUM,0.72
2026-01-04T00:56:35.168060,TRANSFER,1812.28,LOW,0.0
2026-01-04T00:56:37.347596,PAYMENT,9081.97,MEDIUM,0.59
2026-01-04T00:56:39.508240,DEBIT,1835.05,LOW,0.02
2026-01-04T00:56:41.692604,CASH_IN,7712.22,MEDIUM,0.65
2026-01-04T00:56:43.897058,CASH_OUT,1193.01,HIGH,0.85
2026-01-04T00:56:46.075813,CASH_IN,9762.71,MEDIUM,0.7
2026-01-04T00:56:48.265809,CASH_OUT,5267.11,MEDIUM,0.78
2026-01-04T00:56:50.394150,DEBIT,4408.68,LOW,0.01
2026-01-04T00:56:52.569648,DEBIT,1051.56,MEDIUM,0.77
2026-01-04T00:56:54.746094,CASH_IN,1397.08,MEDIUM,0.77
2026-01-04T00:56:56.902848,TRANSFER,7477.64,MEDIUM,0.74
2026-01-04T00:56:59.038245,TRANSFER,3442.51,LOW,0.01
2026-01-04T00:57:01.212211,PAYMENT,6387.03,MEDIUM,0.67
2026-01-04T00:57:03.366196,DEBIT,3300.68,MEDIUM,0.74
2026-01-04T00:57:05.503101,CASH_OUT,3293.76,MEDIUM,0.76
2026-01-04T00:57:07.667768,CASH_OUT,2778.03,LOW,0.07
2026-01-04T00:57:09.832077,DEBIT,5726.98,HIGH,0.82
2026-01-04T00:57:11.959288,TRANSFER,2773.69,HIGH,0.83
2026-01-04T00:57:14.126913,PAYMENT,6926.01,LOW,0.0
2026-01-04T00:57:16.269211,PAYMENT,1141.35,MEDIUM,0.67
2026-01-04T18:27:52.880115,PAYMENT,8045.57,MEDIUM,0.57
2026-01-04T18:27:55.694812,DEBIT,9318.79,MEDIUM,0.8
2026-01-04T18:27:57.914390,CASH_OUT,9754.01,MEDIUM,0.7
2026-01-04T18:28:00.170064,CASH_OUT,9225.16,LOW,0.04
2026-01-04T18:28:02.395882,TRANSFER,5146.75,MEDIUM,0.79
2026-01-04T18:28:04.644930,DEBIT,4846.28,MEDIUM,0.64
2026-01-04T18:28:06.868387,PAYMENT,1095.94,MEDIUM,0.67
2026-01-04T18:28:09.084369,PAYMENT,760.87,MEDIUM,0.53
2026-01-04T18:28:11.341870,DEBIT,8533.79,MEDIUM,0.71
2026-01-04T18:28:13.585032,CASH_OUT,1593.06,MEDIUM,0.76
2026-01-04T18:28:15.832042,DEBIT,6413.32,MEDIUM,0.79
2026-01-04T18:28:18.079668,CASH_IN,2641.39,MEDIUM,0.71
2026-01-04T18:28:20.386219,CASH_OUT,6230.73,MEDIUM,0.73
2026-01-04T18:28:22.689366,TRANSFER,2733.01,HIGH,0.83
2026-01-04T18:28:24.961285,PAYMENT,9987.54,MEDIUM,0.62
2026-01-04T18:28:27.195418,CASH_OUT,4235.11,MEDIUM,0.73
2026-01-04T18:28:29.518121,PAYMENT,8188.61,LOW,0.0
2026-01-04T18:28:31.813841,CASH_OUT,9355.31,LOW,0.03
2026-01-04T18:28:34.043779,DEBIT,8313.98,LOW,0.01
2026-01-04T18:28:36.361794,PAYMENT,4867.48,LOW,0.02
2026-01-04T18:28:38.682990,CASH_OUT,3512.04,HIGH,0.88
2026-01-04T18:28:40.986570,CASH_IN,377.37,MEDIUM,0.6
2026-01-04T18:28:43.310578,CASH_IN,7103.71,MEDIUM,0.69
2026-01-04T18:28:45.608823,TRANSFER,3526.64,MEDIUM,0.76
2026-01-04T18:28:47.901017,CASH_OUT,7675.69,MEDIUM,0.69
2026-01-04T18:28:50.161992,CASH_OUT,1216.26,MEDIUM,0.7
2026-01-04T18:28:52.501503,TRANSFER,3395.55,MEDIUM,0.75
2026-01-04T18:28:54.830105,TRANSFER,7662.46,MEDIUM,0.75
2026-01-04T18:28:57.095918,CASH_IN,797.26,LOW,0.02
2026-01-04T18:28:59.366216,DEBIT,239.48,LOW,0.02
2026-01-04T18:29:01.641801,TRANSFER,1667.7,MEDIUM,0.67
2026-01-04T18:29:03.926013,PAYMENT,5294.41,LOW,0.0
2026-01-04T18:29:06.185176,CASH_OUT,8657.42,MEDIUM,0.77
2026-01-04T18:29:08.481624,DEBIT,1031.79,MEDIUM,0.62
2026-01-04T18:29:10.744174,TRANSFER,9390.66,MEDIUM,0.73
2026-01-04T18:29:13.068243,TRANSFER,8980.86,MEDIUM,0.75
2026-01-04T18:29:14.954066,TRANSFER,5199.63,LOW,0.1
2026-01-04T18:29:16.640335,TRANSFER,5000,LOW,0.09
2026-01-04T18:29:16.752035,PAYMENT,3607.99,LOW,0.0
2026-01-04T18:29:19.056071,CASH_IN,6240.74,MEDIUM,0.77
2026-01-04T18:29:21.308865,CASH_OUT,9252.74,MEDIUM,0.76
2026-01-04T18:29:23.240774,PAYMENT,1000.0,LOW,0.0
2026-01-04T18:29:23.347512,DEBIT,6612.23,MEDIUM,0.73
2026-01-04T18:29:25.642853,TRANSFER,9858.95,MEDIUM,0.75
2026-01-04T18:29:27.883784,CASH_IN,258.85,LOW,0.0
2026-01-04T18:29:30.210167,PAYMENT,6425.06,MEDIUM,0.67
2026-01-04T18:29:32.445782,CASH_OUT,1399.41,LOW,0.04
2026-01-04T18:29:34.672349,PAYMENT,10.38,MEDIUM,0.53
2026-01-04T18:29:36.921950,CASH_OUT,1846.94,LOW,0.05
2026-01-04T18:29:39.149244,CASH_IN,9514.94,LOW,0.0
2026-01-04T18:29:41.382750,CASH_OUT,1513.26,HIGH,0.88
2026-01-04T18:29:43.691165,TRANSFER,9733.37,MEDIUM,0.75
2026-01-04T18:29:45.947304,CASH_OUT,8265.47,HIGH,0.86
2026-01-04T18:29:48.178390,DEBIT,4898.56,LOW,0.02
2026-01-04T18:29:50.400772,PAYMENT,8278.32,LOW,0.0
2026-01-04T18:29:52.632463,CASH_IN,3841.56,MEDIUM,0.68
2026-01-04T18:29:54.866663,PAYMENT,8407.44,MEDIUM,0.59
2026-01-04T18:29:57.095481,DEBIT,2034.28,LOW,0.0
2026-01-04T18:29:59.357515,DEBIT,9479.01,MEDIUM,0.71
2026-01-04T18:30:01.610876,CASH_OUT,6520.17,MEDIUM,0.71
2026-01-04T18:30:03.837213,CASH_IN,3420.63,MEDIUM,0.61
2026-01-04T18:30:06.121554,DEBIT,3291.22,MEDIUM,0.76
2026-01-04T18:30:08.366948,CASH_IN,6299.87,MEDIUM,0.77
2026-01-04T18:30:10.668274,TRANSFER,6669.85,MEDIUM,0.75
2026-01-04T18:30:12.944725,TRANSFER,5829.78,MEDIUM,0.8
2026-01-04T18:30:15.241507,TRANSFER,7308.36,MEDIUM,0.76
2026-01-04T18:30:17.501868,CASH_IN,6726.69,MEDIUM,0.75
2026-01-04T18:30:19.736344,TRANSFER,1981.37,HIGH,0.83
2026-01-04T18:30:21.999978,TRANSFER,5418.25,MEDIUM,0.78
2026-01-04T18:30:24.280232,DEBIT,2760.13,MEDIUM,0.72
2026-01-04T18:30:26.547720,DEBIT,7065.98,MEDIUM,0.73
2026-01-04T18:30:28.827580,TRANSFER,3366.05,LOW,0.01
2026-01-04T18:30:31.077704,CASH_IN,3401.07,LOW,0.0
2026-01-04T18:30:33.359064,DEBIT,5029.34,MEDIUM,0.73
2026-01-04T18:30:35.617867,DEBIT,7838.04,LOW,0.0
2026-01-04T18:30:37.899472,CASH_OUT,1044.04,HIGH,0.81
2026-01-04T18:30:40.171177,DEBIT,6446.75,LOW,0.01
2026-01-04T18:30:42.465114,CASH_IN,6938.99,LOW,0.0
2026-01-04T18:30:44.696808,DEBIT,2572.66,MEDIUM,0.78
2026-01-04T18:30:46.898943,CASH_OUT,1409.75,MEDIUM,0.77
2026-01-04T18:30:49.158458,CASH_IN,4601.97,LOW,0.0
2026-01-04T18:30:51.438492,CASH_IN,8397.23,LOW,0.0
2026-01-04T18:30:53.687141,CASH_OUT,2242.82,LOW,0.01
2026-01-04T18:30:55.946882,DEBIT,6796.68,LOW,0.0
2026-01-04T18:30:58.234396,CASH_OUT,6477.89,MEDIUM,0.8
2026-01-04T18:31:00.504781,DEBIT,2656.11,MEDIUM,0.73
2026-01-04T18:31:02.752995,PAYMENT,2218.89,MEDIUM,0.59
2026-01-04T18:31:05.003550,DEBIT,380.11,LOW,0.0
2026-01-04T18:31:07.309191,TRANSFER,7820.16,MEDIUM,0.75
2026-01-04T18:31:09.769082,CASH_OUT,8073.33,HIGH,0.82
2026-01-04T18:31:12.450560,CASH_OUT,2749.11,LOW,0.15
2026-01-04T18:31:14.696143,CASH_IN,6998.56,LOW,0.04
2026-01-04T18:31:16.913342,CASH_IN,8133.78,MEDIUM,0.7
2026-01-04T18:31:19.177018,PAYMENT,4345.28,MEDIUM,0.59
2026-01-04T18:31:21.486929,CASH_OUT,8364.35,MEDIUM,0.74
2026-01-04T18:31:23.806637,TRANSFER,1678.22,MEDIUM,0.73
2026-01-04T18:31:26.045052,CASH_OUT,4637.41,MEDIUM,0.77
2026-01-04T18:31:28.282270,CASH_OUT,4929.12,MEDIUM,0.78
2026-01-04T18:31:30.546379,CASH_OUT,6376.64,HIGH,0.82
2026-01-04T18:31:32.833669,CASH_IN,3958.37,MEDIUM,0.68
2026-01-04T18:31:35.093397,DEBIT,6335.22,MEDIUM,0.73
2026-01-04T18:31:37.363150,CASH_IN,5667.11,MEDIUM,0.74
2026-01-04T18:31:39.606071,TRANSFER,8111.0,MEDIUM,0.75
2026-01-04T18:31:41.866544,CASH_OUT,6680.01,MEDIUM,0.73
2026-01-04T18:31:44.130053,CASH_IN,9530.28,MEDIUM,0.69
2026-01-04T18:31:46.436923,DEBIT,1586.71,HIGH,0.82
2026-01-04T18:31:48.673261,DEBIT,7961.47,LOW,0.0
2026-01-04T18:31:50.928651,TRANSFER,4918.4,MEDIUM,0.75
2026-01-04T18:31:53.140110,CASH_IN,6331.53,MEDIUM,0.63
2026-01-04T18:31:55.391913,PAYMENT,5821.92,MEDIUM,0.58
2026-01-04T18:31:57.660214,DEBIT,2970.28,LOW,0.02
2026-01-04T18:31:59.905533,CASH_OUT,328.46,LOW,0.12
2026-01-04T18:32:02.215387,CASH_OUT,5834.6,HIGH,0.88
2026-01-04T18:32:04.473125,DEBIT,7018.08,MEDIUM,0.76
2026-01-04T18:32:06.736446,DEBIT,3312.56,HIGH,0.82
2026-01-04T18:32:09.016527,TRANSFER,1167.46,LOW,0.02
2026-01-04T18:32:11.270254,PAYMENT,8910.51,MEDIUM,0.6
2026-01-04T18:32:13.555728,CASH_OUT,8698.67,MEDIUM,0.76
2026-01-04T18:32:15.834119,TRANSFER,5527.2,MEDIUM,0.74
2026-01-04T18:32:18.126635,CASH_IN,4191.44,MEDIUM,0.7
2026-01-04T18:32:20.406726,PAYMENT,9551.8,MEDIUM,0.57
2026-01-04T18:32:22.688668,CASH_OUT,7334.57,HIGH,0.82
2026-01-04T18:32:24.952593,CASH_OUT,2566.66,LOW,0.03
2026-01-04T18:32:27.251743,CASH_IN,4060.58,MEDIUM,0.75
2026-01-04T18:32:29.499892,CASH_OUT,9258.52,LOW,0.02
2026-01-04T18:32:31.805962,CASH_IN,7196.57,MEDIUM,0.77
2026-01-04T18:32:34.128433,CASH_IN,7401.48,MEDIUM,0.69
2026-01-04T18:32:36.437943,CASH_IN,2847.82,LOW,0.0
2026-01-04T18:32:38.684251,CASH_OUT,6338.61,HIGH,0.88
2026-01-04T18:32:40.966078,CASH_IN,4854.67,MEDIUM,0.63
2026-01-04T18:32:43.211367,PAYMENT,7341.58,MEDIUM,0.59
2026-01-04T18:32:45.444719,PAYMENT,90.78,MEDIUM,0.56
2026-01-04T18:32:47.716469,TRANSFER,1889.62,MEDIUM,0.67
2026-01-04T18:32:50.011866,CASH_IN,2489.98,MEDIUM,0.7
2026-01-04T18:32:52.313786,CASH_OUT,2161.16,LOW,0.02
2026-01-04T18:32:54.585318,CASH_OUT,3158.04,MEDIUM,0.78
2026-01-04T18:32:56.914011,DEBIT,6616.83,MEDIUM,0.64
2026-01-04T18:32:59.213219,TRANSFER,7187.03,MEDIUM,0.75
2026-01-04T18:33:01.547357,PAYMENT,5365.96,MEDIUM,0.56
2026-01-04T18:33:03.821727,DEBIT,2630.84,MEDIUM,0.76
2026-01-04T18:33:06.152530,TRANSFER,6695.08,MEDIUM,0.8
2026-01-04T18:33:08.475733,CASH_OUT,9696.89,MEDIUM,0.77
2026-01-04T18:33:10.782052,CASH_OUT,6643.53,HIGH,0.87
2026-01-04T18:33:13.048918,DEBIT,5883.77,HIGH,0.82
2026-01-04T18:33:15.357452,CASH_OUT,8177.26,LOW,0.01
2026-01-04T18:33:17.635409,TRANSFER,8663.85,MEDIUM,0.75
2026-01-04T18:33:19.957118,DEBIT,6827.04,MEDIUM,0.72
2026-01-04T18:33:22.299867,CASH_IN,7133.9,MEDIUM,0.68
2026-01-04T18:33:24.623969,DEBIT,878.19,MEDIUM,0.66
2026-01-04T18:33:26.871247,CASH_IN,7336.56,MEDIUM,0.76
2026-01-04T18:33:29.238647,TRANSFER,6434.28,HIGH,0.84
2026-01-04T18:33:31.556486,CASH_OUT,6278.23,HIGH,0.83
2026-01-04T18:33:33.809508,PAYMENT,8947.89,MEDIUM,0.57
2026-01-04T18:33:36.129012,PAYMENT,2253.01,MEDIUM,0.58
2026-01-04T18:33:38.438077,PAYMENT,1619.57,LOW,0.03
2026-01-04T18:33:40.759116,PAYMENT,8168.15,MEDIUM,0.67
2026-01-04T18:33:43.068444,CASH_OUT,7881.65,MEDIUM,0.72
2026-01-04T18:33:45.322425,PAYMENT,9133.62,MEDIUM,0.59
2026-01-04T18:33:47.643265,DEBIT,3223.09,MEDIUM,0.71
2026-01-04T18:33:49.904513,TRANSFER,8031.93,HIGH,0.84
2026-01-04T18:33:52.200954,PAYMENT,772.3,MEDIUM,0.66
2026-01-04T18:33:54.497617,DEBIT,3514.42,MEDIUM,0.64
2026-01-04T18:33:56.807143,PAYMENT,4433.87,MEDIUM,0.56
2026-01-04T18:33:59.124093,TRANSFER,9335.28,MEDIUM,0.74
2026-01-04T18:34:01.421462,DEBIT,4630.99,MEDIUM,0.69
2026-01-04T18:34:03.694474,CASH_IN,5567.95,MEDIUM,0.67
2026-01-04T18:34:05.972424,CASH_OUT,3548.34,MEDIUM,0.74
2026-01-04T18:34:08.245065,DEBIT,9448.35,MEDIUM,0.72
2026-01-04T18:34:10.525082,TRANSFER,9246.34,HIGH,0.83
2026-01-04T18:34:12.783124,PAYMENT,4125.91,MEDIUM,0.56
2026-01-04T18:34:15.696138,CASH_OUT,2919.48,LOW,0.0
2026-01-04T18:34:19.236609,CASH_IN,7874.75,MEDIUM,0.7
2026-01-04T18:34:22.138144,CASH_OUT,2821.79,MEDIUM,0.78
2026-01-04T18:34:24.347040,CASH_IN,4606.24,MEDIUM,0.77
2026-01-04T18:34:26.541445,CASH_OUT,4975.1,LOW,0.03
2026-01-04T18:34:28.752862,DEBIT,3118.34,MEDIUM,0.64
2026-01-04T18:34:31.007930,TRANSFER,1571.62,HIGH,0.83
2026-01-04T18:34:33.313910,DEBIT,3879.72,MEDIUM,0.68
2026-01-04T18:34:35.538722,TRANSFER,3644.8,HIGH,0.83
2026-01-04T18:34:37.770543,DEBIT,4899.52,MEDIUM,0.72
2026-01-04T18:34:40.058274,PAYMENT,3945.92,MEDIUM,0.59
2026-01-04T18:34:42.352711,CASH_OUT,6416.78,MEDIUM,0.73
2026-01-04T18:34:44.617985,TRANSFER,662.85,MEDIUM,0.79
2026-01-04T18:34:46.890545,PAYMENT,3214.65,LOW,0.02
2026-01-04T18:34:49.196398,CASH_OUT,1875.76,HIGH,0.88
2026-01-04T18:34:51.472057,CASH_OUT,6449.7,LOW,0.02
2026-01-04T18:34:53.789443,CASH_OUT,6821.59,MEDIUM,0.73
2026-01-04T18:34:56.109824,CASH_IN,3043.79,MEDIUM,0.77
2026-01-04T18:34:58.361757,PAYMENT,7651.93,LOW,0.0
2026-01-04T18:35:00.656435,CASH_IN,1886.82,LOW,0.0
2026-01-04T18:35:02.967569,CASH_OUT,527.79,HIGH,0.84
2026-01-04T18:35:05.254947,TRANSFER,9331.74,LOW,0.01
2026-01-04T18:35:07.558785,CASH_OUT,7633.43,MEDIUM,0.71
2026-01-04T18:35:09.834977,CASH_IN,2377.14,MEDIUM,0.73
2026-01-04T18:35:12.084175,PAYMENT,7072.93,MEDIUM,0.58
2026-01-04T18:35:14.385078,TRANSFER,7148.9,LOW,0.04
2026-01-04T18:35:16.675956,DEBIT,367.98,MEDIUM,0.76
2026-01-04T18:35:18.954251,DEBIT,1579.95,MEDIUM,0.69
2026-01-04T18:35:21.251072,DEBIT,4864.11,LOW,0.0
2026-01-04T18:35:23.508910,CASH_OUT,7658.95,MEDIUM,0.77
2026-01-04T18:35:25.766584,DEBIT,9791.03,MEDIUM,0.72
2026-01-04T18:35:28.016717,CASH_IN,2500.54,MEDIUM,0.69
2026-01-04T18:35:30.308065,PAYMENT,6829.5,MEDIUM,0.62
2026-01-04T18:35:32.638637,CASH_IN,829.13,LOW,0.0
2026-01-04T18:35:34.899327,CASH_IN,2588.87,MEDIUM,0.65
2026-01-04T18:35:37.185437,CASH_IN,9329.52,LOW,0.06
2026-01-04T18:35:39.463492,CASH_OUT,1213.14,MEDIUM,0.8
2026-01-04T18:35:41.774731,PAYMENT,4103.28,MEDIUM,0.58
2026-01-04T18:35:44.050183,PAYMENT,6500.76,LOW,0.0
2026-01-04T18:35:46.348028,DEBIT,416.0,MEDIUM,0.61
2026-01-04T18:35:48.594653,CASH_IN,7226.2,LOW,0.05
2026-01-04T18:35:50.838760,TRANSFER,5013.32,MEDIUM,0.73
2026-01-04T18:35:53.100855,CASH_OUT,9055.74,MEDIUM,0.71
2026-01-04T18:35:55.370889,CASH_IN,3703.34,MEDIUM,0.76
2026-01-04T18:35:57.649466,CASH_IN,1472.66,MEDIUM,0.65
2026-01-04T18:35:59.916024,CASH_IN,8900.69,LOW,0.0
2026-01-04T18:36:02.181591,CASH_OUT,7283.15,LOW,0.04
2026-01-04T18:36:05.600121,CASH_OUT,1208.85,MEDIUM,0.8
2026-01-04T18:36:08.409479,CASH_OUT,4098.49,HIGH,0.87
2026-01-04T18:36:10.663809,DEBIT,3758.21,LOW,0.01
2026-01-04T18:36:12.895546,CASH_IN,8837.56,MEDIUM,0.69
2026-01-04T18:36:15.187103,CASH_OUT,8970.29,MEDIUM,0.76
2026-01-04T18:36:17.457029,DEBIT,7291.12,LOW,0.0
2026-01-04T18:36:19.729585,CASH_OUT,5658.59,HIGH,0.86
2026-01-04T18:36:22.001010,TRANSFER,2576.67,MEDIUM,0.69
2026-01-04T18:36:24.280973,PAYMENT,6872.23,MEDIUM,0.59
2026-01-04T18:36:26.577921,CASH_IN,6070.61,MEDIUM,0.76
2026-01-04T18:36:28.834414,DEBIT,1473.72,MEDIUM,0.77
2026-01-04T18:36:31.092491,DEBIT,7801.92,HIGH,0.82
2026-01-04T18:36:33.383559,CASH_IN,2667.22,MEDIUM,0.66
2026-01-04T18:36:35.657909,CASH_IN,2621.52,MEDIUM,0.67
2026-01-04T18:36:37.927866,CASH_OUT,819.99,MEDIUM,0.8
2026-01-04T18:36:40.198814,CASH_OUT,7803.61,LOW,0.01
2026-01-04T18:36:42.448529,TRANSFER,327.71,LOW,0.04
2026-01-04T18:36:44.667378,TRANSFER,6871.39,LOW,0.01
2026-01-04T18:36:46.939310,CASH_IN,5142.01,MEDIUM,0.69
2026-01-04T18:36:49.208399,PAYMENT,8669.15,MEDIUM,0.62
2026-01-04T18:36:51.447204,CASH_IN,7258.02,LOW,0.0
2026-01-04T18:36:53.712746,TRANSFER,2069.29,MEDIUM,0.77
2026-01-04T18:36:55.959841,DEBIT,5970.98,LOW,0.01
2026-01-04T18:36:58.215336,CASH_IN,6331.01,MEDIUM,0.63
2026-01-04T18:37:00.454015,CASH_IN,2283.08,MEDIUM,0.68
2026-01-04T18:37:02.719683,CASH_OUT,7368.58,HIGH,0.81
2026-01-04T18:37:05.032022,PAYMENT,4069.19,MEDIUM,0.59
2026-01-04T18:37:07.271184,CASH_IN,4180.09,LOW,0.02
2026-01-04T18:37:09.498227,PAYMENT,5857.13,MEDIUM,0.56
2026-01-04T18:37:11.736182,CASH_OUT,2580.36,MEDIUM,0.77
2026-01-04T18:37:14.274394,CASH_OUT,9632.57,HIGH,0.85
2026-01-04T18:37:17.095857,CASH_IN,6875.33,MEDIUM,0.69
2026-01-04T18:37:19.355723,DEBIT,6031.89,MEDIUM,0.72
2026-01-04T18:37:21.634691,CASH_IN,1950.99,MEDIUM,0.72
2026-01-04T18:37:23.882819,PAYMENT,5680.17,MEDIUM,0.57
2026-01-04T18:37:26.154068,DEBIT,522.76,MEDIUM,0.69
2026-01-04T18:37:28.445946,CASH_OUT,2013.33,MEDIUM,0.74
2026-01-04T18:37:30.736093,TRANSFER,7108.4,LOW,0.02
2026-01-04T18:37:33.009490,CASH_IN,4543.74,MEDIUM,0.69
2026-01-04T18:37:35.293439,TRANSFER,6206.27,MEDIUM,0.68
2026-01-04T18:37:37.665640,CASH_OUT,7620.1,LOW,0.04
2026-01-04T18:37:39.934097,PAYMENT,1621.17,MEDIUM,0.59
2026-01-04T18:37:42.202849,DEBIT,6117.76,MEDIUM,0.71
2026-01-04T18:37:44.463003,CASH_OUT,3841.93,HIGH,0.88
2026-01-04T18:37:46.748637,PAYMENT,15.65,LOW,0.0
2026-01-04T18:37:49.150527,PAYMENT,1150.78,MEDIUM,0.59
2026-01-04T18:37:51.466736,DEBIT,2209.68,LOW,0.0
2026-01-04T18:37:53.793630,CASH_OUT,6580.01,MEDIUM,0.71
2026-01-04T18:37:56.129978,TRANSFER,1996.28,HIGH,0.84
2026-01-04T18:37:58.413568,CASH_OUT,9597.72,MEDIUM,0.73
2026-01-04T18:38:00.663596,DEBIT,9218.71,MEDIUM,0.7
2026-01-04T18:38:02.975289,TRANSFER,2497.49,MEDIUM,0.76
2026-01-04T18:38:05.229037,CASH_OUT,9902.54,MEDIUM,0.78
2026-01-04T18:38:07.477286,TRANSFER,5844.31,MEDIUM,0.75
2026-01-04T18:38:09.753781,PAYMENT,8004.27,LOW,0.0
2026-01-04T18:38:12.003789,DEBIT,2734.14,MEDIUM,0.77
2026-01-04T18:38:14.287577,PAYMENT,5622.38,MEDIUM,0.67
2026-01-04T18:38:16.561456,CASH_OUT,3253.17,MEDIUM,0.77
2026-01-04T18:38:18.831938,PAYMENT,2861.45,LOW,0.0
2026-01-04T18:38:21.073450,TRANSFER,4881.13,LOW,0.01
2026-01-04T18:38:23.299187,CASH_OUT,4854.43,LOW,0.03
2026-01-04T18:38:25.567378,PAYMENT,9235.09,MEDIUM,0.53
2026-01-04T18:38:27.795662,CASH_IN,2349.49,MEDIUM,0.68
2026-01-04T18:38:30.072648,DEBIT,4176.71,MEDIUM,0.73
2026-01-04T18:38:32.368467,TRANSFER,3868.12,MEDIUM,0.76
2026-01-04T18:38:34.640569,CASH_OUT,3930.65,LOW,0.03
2026-01-04T18:38:36.908282,PAYMENT,8667.99,LOW,0.0
2026-01-04T18:38:39.219250,DEBIT,1373.89,LOW,0.01
2026-01-04T18:38:41.500722,CASH_IN,8309.07,MEDIUM,0.67
2026-01-04T18:38:43.727459,TRANSFER,2529.73,MEDIUM,0.7
2026-01-04T18:38:46.013527,DEBIT,1768.99,LOW,0.02
2026-01-04T18:38:48.264677,PAYMENT,7519.65,MEDIUM,0.66
2026-01-04T18:38:50.569168,CASH_IN,7297.17,MEDIUM,0.65
2026-01-04T18:38:52.844225,DEBIT,9573.67,MEDIUM,0.76
2026-01-04T18:38:55.061175,CASH_OUT,7925.12,MEDIUM,0.74
2026-01-04T18:38:57.350298,CASH_IN,3104.64,MEDIUM,0.77
2026-01-04T18:38:59.639992,TRANSFER,4365.86,MEDIUM,0.75
2026-01-04T18:39:01.901301,CASH_IN,2734.01,MEDIUM,0.72
2026-01-04T18:39:04.123901,CASH_IN,9876.62,MEDIUM,0.69
2026-01-04T18:39:06.390316,CASH_OUT,8870.92,LOW,0.0
2026-01-04T18:39:08.642855,CASH_IN,2097.72,MEDIUM,0.72
2026-01-04T18:39:10.861103,TRANSFER,9897.1,MEDIUM,0.75
2026-01-04T18:39:13.153056,TRANSFER,1777.93,MEDIUM,0.77
2026-01-04T18:39:15.395514,TRANSFER,660.26,LOW,0.03
2026-01-04T18:39:17.632760,CASH_OUT,478.35,LOW,0.01
2026-01-04T18:39:19.842214,CASH_IN,7317.73,MEDIUM,0.75
2026-01-04T18:39:22.104118,CASH_IN,8418.74,MEDIUM,0.69
2026-01-04T18:39:24.325194,DEBIT,6868.89,MEDIUM,0.73
2026-01-04T18:39:26.561302,CASH_OUT,2983.64,MEDIUM,0.8
2026-01-04T18:39:28.764144,CASH_IN,7974.97,MEDIUM,0.68
2026-01-04T18:39:30.965134,DEBIT,921.06,HIGH,0.83
2026-01-04T18:39:33.193400,CASH_IN,456.71,LOW,0.0
2026-01-04T18:39:35.395247,CASH_IN,2973.9,LOW,0.03
2026-01-04T18:39:37.619234,CASH_OUT,7471.64,MEDIUM,0.77
2026-01-04T18:39:39.818841,PAYMENT,2104.94,LOW,0.02
2026-01-04T18:39:42.030961,DEBIT,437.87,LOW,0.0
2026-01-04T18:39:44.231528,DEBIT,1511.94,MEDIUM,0.73
2026-01-04T18:39:46.446201,CASH_IN,5076.31,LOW,0.0
2026-01-04T18:39:48.685584,CASH_IN,4506.44,LOW,0.0
2026-01-04T18:39:50.938334,PAYMENT,4067.54,LOW,0.03
2026-01-04T18:39:53.184304,CASH_OUT,1189.36,MEDIUM,0.76
2026-01-04T18:39:55.438879,TRANSFER,9079.13,MEDIUM,0.73
2026-01-04T18:39:57.655264,CASH_OUT,301.74,MEDIUM,0.75
2026-01-04T18:39:59.883595,CASH_OUT,3930.73,LOW,0.01
2026-01-04T18:40:02.118598,TRANSFER,7939.21,MEDIUM,0.8
2026-01-04T18:40:04.349285,TRANSFER,8130.56,MEDIUM,0.74
2026-01-04T18:40:06.565794,CASH_IN,3755.66,LOW,0.0
2026-01-04T18:40:08.796927,CASH_OUT,4893.41,LOW,0.0
2026-01-04T18:40:11.059925,PAYMENT,7406.82,MEDIUM,0.62
2026-01-04T18:40:13.284972,DEBIT,2627.68,LOW,0.0
2026-01-04T18:40:15.531334,TRANSFER,5408.13,MEDIUM,0.63
2026-01-04T18:40:17.773010,CASH_OUT,5840.65,LOW,0.01
2026-01-04T18:40:20.015744,CASH_IN,2867.78,MEDIUM,0.69
2026-01-04T18:40:22.229030,CASH_OUT,1513.68,MEDIUM,0.78
2026-01-04T18:40:24.461773,DEBIT,864.04,MEDIUM,0.7
2026-01-04T18:40:26.685621,DEBIT,2304.49,LOW,0.0
2026-01-04T18:40:28.897410,DEBIT,480.01,HIGH,0.83
2026-01-04T18:40:31.100454,DEBIT,600.24,MEDIUM,0.65
2026-01-04T18:40:33.310154,TRANSFER,1117.31,LOW,0.03
2026-01-04T18:40:35.553954,PAYMENT,114.24,MEDIUM,0.58
2026-01-04T18:40:37.765768,CASH_OUT,2276.06,HIGH,0.86
2026-01-04T18:40:39.968580,DEBIT,4517.96,LOW,0.02
2026-01-04T18:40:42.178950,DEBIT,8677.2,MEDIUM,0.73
2026-01-04T18:40:44.402910,CASH_IN,6048.9,MEDIUM,0.7
2026-01-04T18:40:46.598516,PAYMENT,997.47,MEDIUM,0.65
2026-01-04T18:40:48.801694,CASH_OUT,7310.81,MEDIUM,0.77
2026-01-04T18:40:50.986335,PAYMENT,429.38,LOW,0.04
2026-01-04T18:40:53.156989,TRANSFER,8046.95,MEDIUM,0.75
2026-01-04T18:40:55.358746,PAYMENT,3508.17,MEDIUM,0.59
2026-01-04T18:40:58.144357,CASH_OUT,5282.36,MEDIUM,0.74
2026-01-04T18:41:00.808906,TRANSFER,1774.12,LOW,0.02
2026-01-04T18:41:03.243345,CASH_OUT,6099.74,LOW,0.02
2026-01-04T18:41:05.460644,CASH_OUT,912.67,LOW,0.14
2026-01-04T18:41:08.234839,TRANSFER,9598.05,MEDIUM,0.72
2026-01-04T18:41:11.335638,CASH_IN,8456.36,MEDIUM,0.69
2026-01-04T18:41:13.837954,CASH_OUT,3255.33,MEDIUM,0.74
2026-01-04T18:41:16.130746,TRANSFER,9558.13,HIGH,0.83
2026-01-04T18:41:18.399162,DEBIT,8235.92,LOW,0.0
2026-01-04T18:41:20.698476,CASH_IN,6469.01,MEDIUM,0.69
2026-01-04T18:41:22.991008,CASH_OUT,4121.3,LOW,0.01
2026-01-04T18:41:25.303174,TRANSFER,1216.13,MEDIUM,0.8
2026-01-04T18:41:27.561927,TRANSFER,2015.07,MEDIUM,0.75
2026-01-04T18:41:29.832861,TRANSFER,6295.76,LOW,0.0
2026-01-04T18:41:32.107040,CASH_OUT,4004.15,HIGH,0.87
2026-01-04T18:41:34.297689,DEBIT,2371.1,MEDIUM,0.76
2026-01-04T18:41:36.510483,DEBIT,7915.06,MEDIUM,0.74
2026-01-04T18:41:38.811902,CASH_OUT,8697.49,HIGH,0.85
2026-01-04T18:41:41.044992,PAYMENT,8366.38,MEDIUM,0.53
2026-01-04T18:41:43.305504,DEBIT,2471.41,LOW,0.02
2026-01-04T18:41:45.555558,CASH_IN,7985.68,MEDIUM,0.67
2026-01-04T18:41:47.809796,DEBIT,2915.75,MEDIUM,0.72
2026-01-04T18:41:50.063995,CASH_OUT,9607.32,MEDIUM,0.78
2026-01-04T18:41:52.308215,PAYMENT,1298.33,MEDIUM,0.64
2026-01-04T18:41:54.559012,DEBIT,4703.63,LOW,0.0
2026-01-04T18:41:56.810075,CASH_OUT,4137.51,MEDIUM,0.75
2026-01-04T18:41:59.034582,CASH_IN,6051.28,MEDIUM,0.77
2026-01-04T18:42:01.321368,CASH_OUT,5971.18,LOW,0.17
2026-01-04T18:42:03.596400,TRANSFER,2042.29,LOW,0.01
2026-01-04T18:42:05.870278,CASH_OUT,9112.69,MEDIUM,0.76
2026-01-04T18:42:08.201156,TRANSFER,3274.37,MEDIUM,0.76
2026-01-04T18:42:10.471957,PAYMENT,8872.04,MEDIUM,0.67
2026-01-04T18:42:12.767255,TRANSFER,8537.36,LOW,0.25
2026-01-04T18:42:15.047165,DEBIT,2523.95,LOW,0.0
2026-01-04T18:42:17.299545,TRANSFER,8996.59,MEDIUM,0.75
2026-01-04T18:42:19.575827,DEBIT,8308.29,HIGH,0.82
2026-01-04T18:42:21.860714,TRANSFER,576.76,LOW,0.03
2026-01-04T18:42:24.126868,CASH_OUT,5587.28,MEDIUM,0.73
2026-01-04T18:42:26.406303,PAYMENT,2825.19,MEDIUM,0.59
2026-01-04T18:42:28.724808,DEBIT,1831.38,MEDIUM,0.67
2026-01-04T18:42:31.010240,CASH_OUT,5086.9,HIGH,0.82
2026-01-04T18:42:33.243167,CASH_IN,8868.44,MEDIUM,0.65
2026-01-04T18:42:35.524450,CASH_IN,3275.67,LOW,0.0
2026-01-04T18:42:37.784694,TRANSFER,5638.89,LOW,0.0
2026-01-04T18:42:40.054311,PAYMENT,8598.24,MEDIUM,0.59
2026-01-04T18:42:42.305368,TRANSFER,5065.73,MEDIUM,0.74
2026-01-04T18:42:44.546560,CASH_OUT,7258.98,HIGH,0.87
2026-01-04T18:42:46.763410,DEBIT,6149.17,MEDIUM,0.72
2026-01-04T18:42:48.984318,CASH_IN,7789.22,MEDIUM,0.69
2026-01-04T18:42:51.264234,CASH_OUT,2229.76,HIGH,0.84
2026-01-04T18:42:53.539587,DEBIT,4239.65,MEDIUM,0.71
2026-01-04T18:42:55.758838,TRANSFER,3745.05,HIGH,0.83
2026-01-04T18:42:58.031623,TRANSFER,6256.56,HIGH,0.85
2026-01-04T18:43:00.333152,TRANSFER,9949.92,MEDIUM,0.71
2026-01-04T18:43:02.572120,CASH_IN,9220.53,MEDIUM,0.69
2026-01-04T18:43:04.848826,DEBIT,8344.07,MEDIUM,0.77
2026-01-04T18:43:07.090131,CASH_IN,6650.93,MEDIUM,0.75
2026-01-04T18:43:09.300736,TRANSFER,281.32,MEDIUM,0.67
2026-01-04T18:43:11.551382,CASH_OUT,1448.11,MEDIUM,0.78
2026-01-04T18:43:13.833510,PAYMENT,9786.65,MEDIUM,0.67
2026-01-04T18:43:16.109781,TRANSFER,268.55,LOW,0.02
2026-01-04T18:43:18.387770,TRANSFER,4870.61,LOW,0.04
2026-01-04T18:43:20.631036,CASH_IN,2742.64,MEDIUM,0.68
2026-01-04T18:43:22.857715,CASH_IN,8813.91,MEDIUM,0.76
2026-01-04T18:43:25.095407,TRANSFER,2624.5,MEDIUM,0.74
2026-01-04T18:43:27.368805,CASH_IN,896.07,MEDIUM,0.67
2026-01-04T18:43:29.663887,PAYMENT,9247.32,MEDIUM,0.53
2026-01-04T18:43:31.942642,CASH_IN,7605.72,MEDIUM,0.67
2026-01-04T18:43:34.230023,CASH_OUT,4068.31,MEDIUM,0.77
2026-01-04T18:43:36.513877,CASH_IN,5549.35,LOW,0.04
2026-01-04T18:43:38.751673,CASH_OUT,626.49,MEDIUM,0.78
2026-01-04T18:43:40.974864,PAYMENT,1037.61,MEDIUM,0.53
2026-01-04T18:43:43.247188,CASH_OUT,9155.02,HIGH,0.81
2026-01-04T18:43:45.544105,CASH_OUT,2684.85,MEDIUM,0.73
2026-01-04T18:43:47.805961,PAYMENT,8825.39,MEDIUM,0.59
2026-01-04T18:43:50.080822,CASH_IN,1082.23,MEDIUM,0.77
2026-01-04T18:43:52.423834,TRANSFER,6299.71,MEDIUM,0.72
2026-01-04T18:43:55.256295,CASH_IN,6000.4,MEDIUM,0.66
2026-01-04T18:43:57.819207,CASH_OUT,8519.3,MEDIUM,0.75
2026-01-04T18:44:00.030865,PAYMENT,6672.86,MEDIUM,0.59
2026-01-04T18:44:02.232023,CASH_IN,8555.99,MEDIUM,0.7
2026-01-04T18:44:04.422527,CASH_IN,6792.71,MEDIUM,0.69
2026-01-04T18:44:06.601356,DEBIT,2070.62,MEDIUM,0.69
2026-01-04T18:44:08.773960,PAYMENT,39.64,MEDIUM,0.63
2026-01-04T18:44:10.943999,DEBIT,4110.9,LOW,0.0
2026-01-04T18:44:13.092203,TRANSFER,2105.36,LOW,0.03
2026-01-04T18:44:15.247354,PAYMENT,617.08,LOW,0.0
2026-01-04T18:44:17.437705,CASH_IN,7486.93,LOW,0.0
2026-01-04T18:44:19.604911,CASH_OUT,8958.23,LOW,0.03
2026-01-04T18:44:21.762589,CASH_IN,495.24,MEDIUM,0.67
2026-01-04T18:44:23.917012,CASH_OUT,2098.9,MEDIUM,0.77
2026-01-04T18:44:26.102886,CASH_OUT,9103.99,LOW,0.02
2026-01-04T18:44:28.269474,CASH_OUT,497.42,MEDIUM,0.72
2026-01-04T18:44:30.460352,DEBIT,8637.88,MEDIUM,0.72
2026-01-04T18:44:32.646229,TRANSFER,5013.93,MEDIUM,0.75
2026-01-04T18:44:34.841278,CASH_OUT,1351.45,HIGH,0.81
2026-01-04T18:44:37.025091,CASH_IN,7903.53,MEDIUM,0.67
2026-01-04T18:44:39.189003,CASH_OUT,8189.18,MEDIUM,0.78
2026-01-04T18:44:41.366888,DEBIT,8696.03,MEDIUM,0.71
2026-01-04T18:44:43.534103,DEBIT,2943.9,LOW,0.01
2026-01-04T18:44:45.685514,TRANSFER,439.19,LOW,0.04
2026-01-04T18:44:47.835371,PAYMENT,7406.83,LOW,0.0
2026-01-04T18:44:50.040055,TRANSFER,9177.4,MEDIUM,0.66
2026-01-04T18:44:52.210954,CASH_IN,7875.84,LOW,0.0
2026-01-04T18:44:54.397413,CASH_OUT,2064.85,MEDIUM,0.75
2026-01-04T18:44:56.590304,PAYMENT,254.52,MEDIUM,0.59
2026-01-04T18:44:58.747490,DEBIT,4771.03,LOW,0.0
2026-01-04T18:45:00.910191,CASH_IN,4112.96,LOW,0.0
2026-01-04T18:45:03.117991,CASH_OUT,952.2,HIGH,0.81
2026-01-04T18:45:05.272968,CASH_OUT,7694.58,HIGH,0.81
2026-01-04T18:45:07.452143,TRANSFER,4971.93,MEDIUM,0.78
2026-01-04T18:45:09.589938,DEBIT,383.44,MEDIUM,0.72
2026-01-04T18:45:11.743594,DEBIT,5169.24,MEDIUM,0.71
2026-01-04T18:45:13.911371,CASH_OUT,5649.3,LOW,0.03
2026-01-04T18:45:16.134134,PAYMENT,4508.45,MEDIUM,0.56
2026-01-04T18:45:18.291496,CASH_IN,2649.53,MEDIUM,0.68
2026-01-04T18:45:20.477159,CASH_OUT,3217.13,LOW,0.04
2026-01-04T18:45:22.628268,TRANSFER,6312.42,MEDIUM,0.75
2026-01-04T18:45:24.781271,CASH_IN,8218.2,LOW,0.0
2026-01-04T18:45:26.951928,DEBIT,7117.12,HIGH,0.82
2026-01-04T18:45:29.162500,TRANSFER,7663.05,MEDIUM,0.75
2026-01-04T18:45:31.382860,CASH_IN,228.0,MEDIUM,0.74
2026-01-04T18:45:33.586868,TRANSFER,1979.25,LOW,0.04
2026-01-04T18:45:35.801738,CASH_OUT,5912.95,MEDIUM,0.77
2026-01-04T18:45:37.998069,PAYMENT,8277.49,MEDIUM,0.64
2026-01-04T18:45:40.175910,CASH_IN,4893.68,MEDIUM,0.67
2026-01-04T18:45:42.350003,DEBIT,3143.71,LOW,0.0
2026-01-04T18:45:44.530138,DEBIT,9633.17,MEDIUM,0.72
2026-01-04T18:45:46.708372,DEBIT,872.67,MEDIUM,0.73
2026-01-04T18:45:48.884391,CASH_OUT,3004.47,MEDIUM,0.78
2026-01-04T18:45:51.044869,CASH_OUT,9249.0,LOW,0.01
2026-01-04T18:45:53.214623,PAYMENT,4341.07,MEDIUM,0.53
2026-01-04T18:45:55.502934,TRANSFER,4363.28,MEDIUM,0.73
2026-01-04T18:45:57.740582,DEBIT,2679.24,MEDIUM,0.7
2026-01-04T18:45:59.975640,PAYMENT,6365.77,MEDIUM,0.56
2026-01-04T18:46:02.198695,CASH_IN,7643.98,LOW,0.0
2026-01-04T18:46:04.433006,CASH_OUT,2323.53,MEDIUM,0.77
2026-01-04T18:46:06.627016,TRANSFER,3094.68,LOW,0.01
2026-01-04T18:46:08.821599,CASH_IN,3487.1,LOW,0.0
2026-01-04T18:46:11.042319,DEBIT,5190.38,MEDIUM,0.67
2026-01-04T18:46:13.239895,CASH_OUT,7523.75,LOW,0.0
2026-01-04T18:46:15.404742,CASH_IN,7900.4,LOW,0.0
2026-01-04T18:46:17.557832,CASH_OUT,3629.19,HIGH,0.85
2026-01-04T18:46:19.685467,CASH_IN,912.43,MEDIUM,0.7
2026-01-04T18:46:21.847549,CASH_OUT,9571.42,HIGH,0.87
2026-01-04T18:46:24.039450,PAYMENT,9609.9,MEDIUM,0.6
2026-01-04T18:46:26.232664,DEBIT,5826.8,LOW,0.0
2026-01-04T18:46:28.420648,TRANSFER,7542.98,LOW,0.07
2026-01-04T18:46:30.582925,CASH_OUT,2478.74,HIGH,0.82
2026-01-04T18:46:32.720132,TRANSFER,7370.33,LOW,0.03
2026-01-04T18:46:34.895813,PAYMENT,4089.08,MEDIUM,0.6
2026-01-04T18:46:37.066426,CASH_OUT,3722.53,MEDIUM,0.79
2026-01-04T18:46:39.224401,CASH_OUT,3083.6,MEDIUM,0.71
2026-01-04T18:46:41.356016,CASH_IN,7335.28,LOW,0.01
2026-01-04T18:46:43.519022,CASH_OUT,3048.41,MEDIUM,0.73
2026-01-04T18:46:45.678010,CASH_IN,3830.41,MEDIUM,0.63
2026-01-04T18:46:47.838209,DEBIT,5685.69,LOW,0.01
2026-01-04T18:46:49.991131,DEBIT,2099.37,LOW,0.0
2026-01-04T18:46:52.137237,CASH_IN,2305.71,LOW,0.0
2026-01-04T18:46:54.318899,TRANSFER,6167.58,MEDIUM,0.75
2026-01-04T18:46:56.499399,TRANSFER,1233.42,LOW,0.02
2026-01-04T18:46:58.667046,CASH_OUT,4823.31,HIGH,0.82
2026-01-04T18:47:00.849351,CASH_IN,6798.27,MEDIUM,0.62
2026-01-04T18:47:03.004527,CASH_IN,9570.29,MEDIUM,0.69
2026-01-04T18:47:05.171393,PAYMENT,5397.73,MEDIUM,0.59
2026-01-04T18:47:07.326518,TRANSFER,1938.67,HIGH,0.83
2026-01-04T18:47:09.481664,CASH_IN,1944.3,MEDIUM,0.69
2026-01-04T18:47:11.667302,TRANSFER,6371.05,MEDIUM,0.67
2026-01-04T18:47:13.848067,DEBIT,5595.03,HIGH,0.82
2026-01-04T18:47:16.029969,DEBIT,3682.67,LOW,0.0
2026-01-04T18:47:18.209905,CASH_IN,4290.07,LOW,0.0
2026-01-04T18:47:20.372779,PAYMENT,8320.47,MEDIUM,0.66
2026-01-04T18:47:22.556088,DEBIT,4639.27,LOW,0.0
2026-01-04T18:47:24.751532,CASH_IN,1073.04,MEDIUM,0.66
2026-01-04T18:47:26.987490,PAYMENT,89.8,MEDIUM,0.59
2026-01-04T18:47:57.456926,CASH_OUT,9497.85,HIGH,0.85
2026-01-04T20:50:02.849320,TRANSFER,5000,LOW,0.09
2026-01-04T20:50:10.960604,DEBIT,1000.0,LOW,0.07
2026-01-04T20:50:19.042916,TRANSFER,3684.44,LOW,0.0
2026-01-04T20:50:21.312188,DEBIT,9850.61,MEDIUM,0.67
2026-01-04T20:50:23.566117,PAYMENT,7229.59,MEDIUM,0.57
2026-01-04T20:50:25.823905,CASH_IN,9005.14,MEDIUM,0.64
2026-01-04T20:50:28.089324,TRANSFER,5217.07,LOW,0.01
2026-01-04T20:50:30.324044,CASH_OUT,2211.07,HIGH,0.82
2026-01-04T20:50:32.561108,PAYMENT,3066.7,MEDIUM,0.53
2026-01-04T20:50:34.865943,CASH_OUT,97.83,LOW,0.02
2026-01-04T20:50:37.108750,CASH_IN,6851.18,MEDIUM,0.66
2026-01-04T20:50:39.316406,DEBIT,1022.24,LOW,0.0
2026-01-04T20:50:41.539548,PAYMENT,3123.99,MEDIUM,0.49
2026-01-04T20:50:43.800606,PAYMENT,6985.42,LOW,0.0
2026-01-04T20:50:46.130645,DEBIT,9407.74,LOW,0.01
2026-01-04T20:50:48.338981,DEBIT,2547.46,MEDIUM,0.72
2026-01-04T20:50:50.583167,CASH_OUT,7758.22,MEDIUM,0.74
2026-01-04T20:50:52.856288,CASH_IN,8706.86,MEDIUM,0.68
2026-01-04T20:50:55.098976,CASH_IN,7808.61,LOW,0.0
2026-01-04T20:50:57.342839,CASH_OUT,8034.1,HIGH,0.81
2026-01-04T20:50:59.625933,CASH_OUT,2479.61,LOW,0.02
2026-01-04T20:51:01.876668,DEBIT,6833.82,HIGH,0.81
2026-01-04T20:51:04.209555,CASH_OUT,5012.32,HIGH,0.87
2026-01-04T20:51:06.469106,PAYMENT,4100.86,MEDIUM,0.57
2026-01-04T20:51:08.750177,TRANSFER,8691.98,MEDIUM,0.75
2026-01-04T20:51:11.013327,CASH_OUT,1805.8,MEDIUM,0.79
2026-01-04T20:51:13.244460,CASH_IN,2333.0,MEDIUM,0.69
2026-01-04T20:51:15.493468,DEBIT,5065.52,MEDIUM,0.74
2026-01-04T20:51:17.731072,CASH_OUT,560.27,MEDIUM,0.76
2026-01-04T20:51:20.007600,CASH_IN,7862.73,MEDIUM,0.67
2026-01-04T20:51:22.315896,PAYMENT,1958.17,MEDIUM,0.53
2026-01-04T20:51:24.553678,DEBIT,3268.07,MEDIUM,0.72
2026-01-04T20:51:26.802166,CASH_IN,1974.7,MEDIUM,0.7
2026-01-04T20:51:29.060372,CASH_IN,1721.05,LOW,0.02
2026-01-04T20:51:31.297537,DEBIT,8806.05,MEDIUM,0.72
2026-01-04T20:51:33.540523,TRANSFER,7809.71,MEDIUM,0.74
2026-01-04T20:51:35.840378,CASH_IN,6185.07,LOW,0.0
2026-01-04T20:51:38.070679,CASH_OUT,7257.43,LOW,0.06
2026-01-04T20:51:40.309419,TRANSFER,5491.62,MEDIUM,0.7
2026-01-04T20:51:42.533501,CASH_OUT,9373.68,MEDIUM,0.73
2026-01-04T20:51:44.769011,CASH_OUT,8214.35,LOW,0.0
2026-01-04T20:51:47.015565,CASH_OUT,3419.81,MEDIUM,0.75
2026-01-04T20:51:49.259914,TRANSFER,4629.11,MEDIUM,0.76
2026-01-04T20:51:51.466573,TRANSFER,4976.15,MEDIUM,0.75
2026-01-04T20:51:53.697797,CASH_OUT,368.69,MEDIUM,0.77
2026-01-04T20:51:55.915156,PAYMENT,1659.05,MEDIUM,0.59
2026-01-04T20:51:58.116991,TRANSFER,365.38,MEDIUM,0.71
2026-01-04T20:52:00.391582,PAYMENT,2134.38,MEDIUM,0.67
2026-01-04T20:52:02.641849,CASH_IN,9972.05,MEDIUM,0.69
2026-01-04T20:52:04.848254,DEBIT,3293.45,MEDIUM,0.67
2026-01-04T20:52:07.083200,PAYMENT,1002.12,LOW,0.0
2026-01-04T20:52:09.317254,TRANSFER,4916.43,MEDIUM,0.72
2026-01-04T20:52:11.527963,TRANSFER,3199.11,MEDIUM,0.74
2026-01-04T20:52:13.801400,TRANSFER,5693.35,LOW,0.0
2026-01-04T20:52:16.016248,CASH_OUT,1658.57,MEDIUM,0.75
2026-01-04T20:52:18.232565,TRANSFER,8984.62,LOW,0.01
2026-01-04T20:52:20.475988,CASH_OUT,9562.32,LOW,0.01
2026-01-04T20:52:22.780533,PAYMENT,105.67,MEDIUM,0.58
2026-01-04T20:52:25.021275,DEBIT,7189.88,MEDIUM,0.68
2026-01-04T20:52:27.266420,DEBIT,269.25,LOW,0.02
2026-01-04T20:52:29.517981,PAYMENT,1835.37,MEDIUM,0.67
2026-01-04T20:52:31.732301,CASH_IN,8896.11,MEDIUM,0.77
2026-01-04T20:52:33.980998,CASH_IN,2306.0,MEDIUM,0.7
2026-01-04T20:52:36.216254,CASH_OUT,7602.34,LOW,0.02
2026-01-04T20:52:38.553787,DEBIT,6516.52,MEDIUM,0.75
2026-01-04T20:52:40.802111,CASH_IN,6112.51,LOW,0.0
2026-01-04T20:52:43.071492,DEBIT,2936.23,MEDIUM,0.72
2026-01-04T20:52:45.302262,PAYMENT,1142.42,MEDIUM,0.59
2026-01-04T20:52:47.508329,CASH_OUT,8961.91,MEDIUM,0.77
2026-01-04T20:52:49.778945,CASH_OUT,208.33,LOW,0.04
2026-01-04T20:52:52.003855,CASH_IN,3398.65,MEDIUM,0.69
2026-01-04T20:52:54.251991,PAYMENT,712.81,MEDIUM,0.67
2026-01-04T20:52:56.498798,TRANSFER,3998.99,MEDIUM,0.75
2026-01-04T20:52:58.794145,DEBIT,6277.19,LOW,0.0
2026-01-04T20:53:01.101062,DEBIT,3979.03,HIGH,0.81
2026-01-04T20:53:03.371952,DEBIT,395.01,LOW,0.02
2026-01-04T20:53:05.617322,CASH_OUT,3206.03,MEDIUM,0.77
2026-01-04T20:53:07.834109,TRANSFER,2455.08,MEDIUM,0.72
2026-01-04T20:53:10.055030,DEBIT,530.15,HIGH,0.82
2026-01-04T20:53:12.314435,PAYMENT,4042.3,MEDIUM,0.65
2026-01-04T20:53:14.575674,DEBIT,2587.79,MEDIUM,0.7
2026-01-04T20:53:16.933051,CASH_OUT,7045.88,HIGH,0.82
2026-01-04T20:53:19.155466,CASH_OUT,5589.98,HIGH,0.81
2026-01-04T20:53:21.395582,DEBIT,1463.88,LOW,0.0
2026-01-04T20:53:23.628251,CASH_IN,3400.53,MEDIUM,0.77
2026-01-04T20:53:25.870536,PAYMENT,1567.43,LOW,0.0
2026-01-04T20:53:28.115702,CASH_OUT,1037.12,LOW,0.01
2026-01-04T20:53:30.382390,PAYMENT,5247.63,MEDIUM,0.59
2026-01-04T20:53:32.637540,TRANSFER,9846.6,MEDIUM,0.68
2026-01-04T20:53:34.866266,CASH_OUT,3703.42,MEDIUM,0.77
2026-01-04T20:53:37.220936,TRANSFER,817.54,LOW,0.02
2026-01-04T20:53:39.477210,DEBIT,595.38,LOW,0.0
2026-01-04T20:53:41.708099,PAYMENT,438.02,MEDIUM,0.56
2026-01-04T20:53:43.940024,CASH_IN,448.79,MEDIUM,0.76
2026-01-04T20:53:46.166412,TRANSFER,6295.53,MEDIUM,0.77
2026-01-04T20:53:48.428978,DEBIT,82.95,MEDIUM,0.69
2026-01-04T20:53:50.682231,CASH_OUT,9393.65,MEDIUM,0.79
2026-01-04T20:53:52.976224,DEBIT,6502.99,MEDIUM,0.68
2026-01-04T20:53:55.239527,DEBIT,9876.47,MEDIUM,0.72
2026-01-04T20:53:57.469113,DEBIT,1975.06,LOW,0.0
2026-01-04T20:53:59.694483,TRANSFER,6067.68,LOW,0.01
2026-01-04T20:54:01.947657,PAYMENT,2110.7,LOW,0.0
2026-01-04T20:54:04.211254,PAYMENT,7956.22,LOW,0.0
2026-01-04T20:54:06.481500,TRANSFER,5369.22,MEDIUM,0.72
2026-01-04T20:54:08.724520,CASH_IN,536.19,MEDIUM,0.77
2026-01-04T20:54:11.062014,DEBIT,29.63,MEDIUM,0.68
2026-01-04T20:54:13.297509,CASH_IN,8490.72,MEDIUM,0.68
2026-01-04T20:54:15.508850,TRANSFER,5569.99,HIGH,0.84
2026-01-04T20:54:17.749428,CASH_OUT,3666.86,HIGH,0.87
2026-01-04T20:54:19.974877,CASH_OUT,1849.51,HIGH,0.85
2026-01-04T20:54:22.198790,CASH_OUT,3550.39,MEDIUM,0.77
2026-01-04T20:54:24.417070,PAYMENT,7046.83,MEDIUM,0.59
2026-01-04T20:54:26.670563,CASH_IN,628.61,MEDIUM,0.68
2026-01-04T20:54:28.957099,DEBIT,6056.81,MEDIUM,0.77
2026-01-04T20:54:31.346105,TRANSFER,8157.29,MEDIUM,0.74
2026-01-04T20:54:33.593216,PAYMENT,8176.58,MEDIUM,0.57
2026-01-04T20:54:35.831505,TRANSFER,8903.76,MEDIUM,0.8
2026-01-04T20:54:38.061597,CASH_OUT,50.78,MEDIUM,0.76
2026-01-04T20:54:40.294200,TRANSFER,4651.95,MEDIUM,0.72
2026-01-04T20:54:42.534510,DEBIT,9051.16,MEDIUM,0.73
2026-01-04T20:54:44.763673,TRANSFER,2985.91,HIGH,0.83
2026-01-04T20:54:47.031982,CASH_OUT,482.41,MEDIUM,0.8
2026-01-04T20:54:49.273760,DEBIT,2296.31,MEDIUM,0.67
2026-01-04T20:54:51.493653,PAYMENT,9167.9,MEDIUM,0.59
2026-01-04T20:54:53.707267,TRANSFER,7478.02,MEDIUM,0.75
2026-01-04T20:54:55.916062,PAYMENT,8389.8,MEDIUM,0.67
2026-01-04T20:54:58.124420,PAYMENT,5651.63,LOW,0.0
2026-01-04T20:55:00.372610,CASH_OUT,2297.95,LOW,0.02
2026-01-04T20:55:02.584319,DEBIT,7425.72,LOW,0.0
2026-01-04T20:55:04.850420,DEBIT,5228.97,MEDIUM,0.7
2026-01-04T20:55:07.055986,CASH_OUT,4482.62,MEDIUM,0.74
2026-01-04T20:55:09.253482,TRANSFER,3216.95,LOW,0.05
2026-01-04T20:55:11.481389,TRANSFER,1382.8,LOW,0.01
2026-01-04T20:55:13.722126,PAYMENT,8872.06,MEDIUM,0.59
2026-01-04T20:55:15.976130,TRANSFER,2314.37,MEDIUM,0.74
2026-01-04T20:55:18.231736,CASH_OUT,7676.14,LOW,0.04
2026-01-04T20:55:20.452476,CASH_OUT,5942.77,LOW,0.0
2026-01-04T20:55:22.685067,DEBIT,1381.17,HIGH,0.81
2026-01-04T20:55:24.915526,PAYMENT,4459.94,MEDIUM,0.59
2026-01-04T20:55:27.171298,CASH_OUT,7956.34,MEDIUM,0.74
2026-01-04T20:55:29.412458,PAYMENT,1680.21,MEDIUM,0.59
2026-01-04T20:55:31.643185,TRANSFER,3189.61,MEDIUM,0.8
2026-01-04T20:55:33.878633,DEBIT,9182.9,LOW,0.0
2026-01-04T20:55:36.149344,CASH_OUT,2388.71,MEDIUM,0.8
2026-01-04T20:55:38.420716,CASH_OUT,9922.4,MEDIUM,0.76
2026-01-04T20:55:40.651641,TRANSFER,2333.77,HIGH,0.83
2026-01-04T20:55:42.911990,DEBIT,1587.7,MEDIUM,0.72
2026-01-04T20:55:45.173597,TRANSFER,6688.26,MEDIUM,0.8
2026-01-04T20:55:47.397013,DEBIT,7210.57,LOW,0.0
2026-01-04T20:55:49.630261,CASH_IN,4848.26,MEDIUM,0.66
2026-01-04T20:55:51.885196,TRANSFER,653.49,LOW,0.01
2026-01-04T20:55:54.133716,DEBIT,6234.56,LOW,0.0
2026-01-04T20:55:56.380931,CASH_IN,4904.48,MEDIUM,0.67
2026-01-04T20:55:58.655365,DEBIT,1970.15,MEDIUM,0.67
2026-01-04T20:56:00.920153,CASH_OUT,8481.64,LOW,0.03
2026-01-04T20:56:03.224796,PAYMENT,3027.64,MEDIUM,0.59
2026-01-04T20:56:05.476341,CASH_IN,2152.03,MEDIUM,0.76
2026-01-04T20:56:07.775439,CASH_OUT,2782.21,LOW,0.07
2026-01-04T20:56:10.034694,DEBIT,5567.03,LOW,0.0
2026-01-04T20:56:12.259592,PAYMENT,4616.0,MEDIUM,0.53
2026-01-04T20:56:14.472676,CASH_IN,5630.12,MEDIUM,0.77
2026-01-04T20:56:16.671380,CASH_IN,4617.8,MEDIUM,0.69
2026-01-04T20:56:18.875098,DEBIT,9196.04,MEDIUM,0.73
2026-01-04T20:56:21.137821,CASH_OUT,8043.46,MEDIUM,0.77
2026-01-04T20:56:23.489504,CASH_IN,1599.18,MEDIUM,0.63
2026-01-04T20:56:25.810884,TRANSFER,1917.2,HIGH,0.84
2026-01-04T20:56:28.056085,CASH_IN,9792.87,MEDIUM,0.65
2026-01-04T20:56:30.290263,TRANSFER,3035.68,HIGH,0.84
2026-01-04T20:56:32.548631,CASH_IN,6318.08,MEDIUM,0.77
2026-01-04T20:56:34.814672,TRANSFER,1603.78,HIGH,0.82
2026-01-04T20:56:37.109761,DEBIT,7076.18,MEDIUM,0.7
2026-01-04T20:56:39.333805,CASH_IN,1965.98,LOW,0.0
2026-01-04T20:56:41.577636,CASH_OUT,38.76,LOW,0.04
2026-01-04T20:56:43.805904,PAYMENT,4810.51,MEDIUM,0.67
2026-01-04T20:56:46.038003,TRANSFER,2588.36,MEDIUM,0.67
2026-01-04T20:56:48.252236,CASH_OUT,7641.43,MEDIUM,0.79
2026-01-04T20:56:50.469025,CASH_IN,7277.69,MEDIUM,0.77
2026-01-04T20:56:52.678851,DEBIT,4925.25,MEDIUM,0.72
2026-01-04T20:56:54.913187,TRANSFER,5667.43,MEDIUM,0.73
2026-01-04T20:56:57.139651,CASH_OUT,6277.94,HIGH,0.88
2026-01-04T20:56:59.342855,DEBIT,8602.31,LOW,0.0
2026-01-04T20:57:01.554677,DEBIT,7112.91,LOW,0.0
2026-01-04T20:57:03.797066,PAYMENT,4542.54,LOW,0.0
2026-01-04T20:57:06.014211,PAYMENT,7276.65,MEDIUM,0.66
2026-01-04T20:57:08.284094,PAYMENT,3372.11,MEDIUM,0.53
2026-01-04T20:57:10.692567,CASH_IN,3775.76,MEDIUM,0.66
2026-01-04T20:57:12.941034,CASH_OUT,1313.87,MEDIUM,0.76
2026-01-04T20:57:15.160651,TRANSFER,1555.45,MEDIUM,0.75
2026-01-04T20:57:17.419963,TRANSFER,3632.58,MEDIUM,0.74
2026-01-04T20:57:19.672279,PAYMENT,9870.8,LOW,0.0
2026-01-04T20:57:22.059778,TRANSFER,9460.25,MEDIUM,0.73
2026-01-04T20:57:24.316247,TRANSFER,7879.76,MEDIUM,0.76
2026-01-04T20:57:26.562957,CASH_OUT,1682.96,MEDIUM,0.77
2026-01-04T20:57:28.802528,DEBIT,4538.18,MEDIUM,0.69
2026-01-04T20:57:31.065440,CASH_OUT,4695.4,MEDIUM,0.77
2026-01-04T20:57:33.341681,CASH_IN,9309.75,MEDIUM,0.76
2026-01-04T20:57:35.627569,PAYMENT,3340.0,MEDIUM,0.6
2026-01-04T20:57:37.882204,PAYMENT,8402.78,MEDIUM,0.67
2026-01-04T20:57:40.207686,PAYMENT,8883.01,MEDIUM,0.59
2026-01-04T20:57:42.471749,CASH_IN,2411.85,LOW,0.01
2026-01-04T20:57:44.683246,CASH_OUT,6769.92,LOW,0.01
2026-01-04T20:57:46.914870,CASH_OUT,130.77,HIGH,0.82
2026-01-04T20:57:49.149467,CASH_OUT,5610.58,MEDIUM,0.77
2026-01-04T20:57:51.374072,CASH_OUT,9590.09,MEDIUM,0.73
2026-01-04T20:57:53.642308,CASH_IN,1217.33,MEDIUM,0.69
2026-01-04T20:57:55.884777,DEBIT,3159.95,MEDIUM,0.78
2026-01-04T20:57:58.124359,PAYMENT,9156.57,MEDIUM,0.59
2026-01-04T20:58:00.361609,PAYMENT,8239.56,MEDIUM,0.59
2026-01-04T20:58:02.582034,PAYMENT,201.26,MEDIUM,0.57
2026-01-04T20:58:04.817977,DEBIT,6768.65,MEDIUM,0.73
2026-01-04T20:58:07.065248,PAYMENT,7383.83,LOW,0.0
2026-01-04T20:58:09.268901,PAYMENT,1118.12,MEDIUM,0.58
2026-01-04T20:58:11.513786,PAYMENT,8047.1,MEDIUM,0.6
2026-01-04T20:58:13.726942,DEBIT,3976.67,HIGH,0.83
2026-01-04T20:58:15.952170,CASH_IN,392.3,MEDIUM,0.7
2026-01-04T20:58:18.171302,DEBIT,5072.92,MEDIUM,0.73
2026-01-04T20:58:20.399720,TRANSFER,559.7,LOW,0.1
2026-01-04T20:58:22.652409,PAYMENT,7281.54,MEDIUM,0.59
2026-01-04T20:58:24.877122,TRANSFER,6995.4,MEDIUM,0.79
2026-01-04T20:58:27.159592,CASH_OUT,4187.59,HIGH,0.81
2026-01-04T20:58:29.374699,CASH_IN,4833.32,MEDIUM,0.69
2026-01-04T20:58:31.620152,CASH_IN,6285.22,LOW,0.0
2026-01-04T20:58:33.841078,CASH_IN,5627.32,LOW,0.0
2026-01-04T20:58:36.059054,CASH_OUT,5550.39,LOW,0.01
2026-01-04T20:58:38.283530,TRANSFER,6381.31,MEDIUM,0.75
2026-01-04T20:58:40.521732,CASH_IN,8519.94,MEDIUM,0.63
2026-01-04T20:58:42.770529,CASH_OUT,3336.67,LOW,0.01
2026-01-04T20:58:45.002080,CASH_OUT,5363.7,MEDIUM,0.8
2026-01-04T20:58:47.220622,DEBIT,7621.71,LOW,0.02
2026-01-04T20:58:49.441569,TRANSFER,8990.39,MEDIUM,0.75
2026-01-04T20:58:51.679050,PAYMENT,6918.45,LOW,0.0
2026-01-04T20:58:53.923595,CASH_OUT,9350.39,LOW,0.0
2026-01-04T20:58:56.136145,CASH_IN,4872.5,MEDIUM,0.72
2026-01-04T20:58:58.384004,DEBIT,5379.93,HIGH,0.83
2026-01-04T20:59:00.602726,TRANSFER,2221.58,LOW,0.03
2026-01-04T20:59:02.827605,DEBIT,2512.74,MEDIUM,0.71
2026-01-04T20:59:05.040233,CASH_IN,2919.42,MEDIUM,0.76
2026-01-04T20:59:07.283279,CASH_OUT,4031.06,MEDIUM,0.8
2026-01-04T20:59:09.487303,CASH_OUT,6186.03,MEDIUM,0.71
2026-01-04T20:59:11.691496,DEBIT,120.35,MEDIUM,0.64
2026-01-04T20:59:13.897058,CASH_IN,6065.37,MEDIUM,0.65
2026-01-04T20:59:16.189319,TRANSFER,3140.76,MEDIUM,0.75
2026-01-04T20:59:18.421256,TRANSFER,1388.38,MEDIUM,0.67
2026-01-04T20:59:20.644750,CASH_IN,9295.15,MEDIUM,0.7
2026-01-04T20:59:22.889003,CASH_OUT,1996.73,MEDIUM,0.74
2026-01-04T20:59:25.128818,CASH_OUT,9678.19,LOW,0.07
2026-01-04T20:59:27.343878,DEBIT,4389.68,MEDIUM,0.65
2026-01-04T20:59:29.559279,CASH_IN,7760.06,LOW,0.0
2026-01-04T20:59:31.774180,CASH_IN,9746.16,LOW,0.06
2026-01-04T20:59:33.996463,DEBIT,9934.63,LOW,0.0
2026-01-04T20:59:36.213611,PAYMENT,3241.66,MEDIUM,0.49
2026-01-04T20:59:38.439279,CASH_IN,4232.72,LOW,0.0
2026-01-04T20:59:40.651885,PAYMENT,4748.27,LOW,0.0
2026-01-04T20:59:42.857014,DEBIT,8570.79,LOW,0.0
2026-01-04T20:59:45.091788,CASH_OUT,2539.89,HIGH,0.88
2026-01-04T20:59:47.316310,DEBIT,4451.44,MEDIUM,0.68
2026-01-04T20:59:49.594018,PAYMENT,1360.36,LOW,0.0
2026-01-04T20:59:51.822166,CASH_OUT,951.27,MEDIUM,0.8
2026-01-04T20:59:54.055205,CASH_OUT,158.45,LOW,0.01
2026-01-04T20:59:56.267643,CASH_IN,4769.21,MEDIUM,0.72
2026-01-04T20:59:58.486152,CASH_OUT,9275.38,HIGH,0.87
2026-01-04T21:00:00.730686,CASH_IN,9221.98,LOW,0.0
2026-01-04T21:00:02.944937,CASH_IN,2099.53,LOW,0.0
2026-01-04T21:00:05.167266,CASH_OUT,3503.24,LOW,0.04
2026-01-04T21:00:07.400427,CASH_OUT,25.69,LOW,0.02
2026-01-04T21:00:09.642287,DEBIT,1944.51,MEDIUM,0.7
2026-01-04T21:00:11.890458,DEBIT,6404.92,LOW,0.0
2026-01-04T21:00:14.133164,CASH_IN,5173.52,MEDIUM,0.7
2026-01-04T21:00:16.353980,PAYMENT,6479.02,LOW,0.0
2026-01-04T21:00:18.578132,CASH_IN,6592.12,MEDIUM,0.74
2026-01-04T21:00:20.800638,CASH_IN,6973.61,MEDIUM,0.69
2026-01-04T21:00:23.044919,CASH_OUT,5762.5,MEDIUM,0.73
2026-01-04T21:00:25.272018,CASH_IN,8908.64,LOW,0.04
2026-01-04T21:00:27.483096,CASH_OUT,6540.47,MEDIUM,0.76
2026-01-04T21:00:29.685836,CASH_OUT,4596.32,MEDIUM,0.77
2026-01-04T21:00:31.896388,PAYMENT,7891.14,MEDIUM,0.53
2026-01-04T21:00:34.112652,PAYMENT,5880.53,LOW,0.0
2026-01-04T21:00:36.360336,DEBIT,8002.5,LOW,0.0
2026-01-04T21:00:38.620507,CASH_IN,3291.85,MEDIUM,0.67
2026-01-04T21:00:40.845992,PAYMENT,7704.58,MEDIUM,0.59
2026-01-04T21:00:43.060943,PAYMENT,1973.13,MEDIUM,0.67
2026-01-04T21:00:45.288836,CASH_IN,5650.74,MEDIUM,0.69
2026-01-04T21:00:47.500467,PAYMENT,6949.96,LOW,0.0
2026-01-04T21:00:49.715654,CASH_OUT,6152.56,MEDIUM,0.77
2026-01-04T21:00:51.929967,CASH_OUT,604.56,LOW,0.01
2026-01-04T21:00:54.161363,DEBIT,680.85,MEDIUM,0.69
2026-01-04T21:00:56.383970,CASH_IN,8924.43,LOW,0.0
2026-01-04T21:00:58.618029,DEBIT,1002.78,MEDIUM,0.73
2026-01-04T21:01:00.821271,CASH_IN,7663.11,MEDIUM,0.72
2026-01-04T21:01:03.042930,PAYMENT,1741.97,MEDIUM,0.6
2026-01-04T21:01:05.271465,CASH_IN,219.19,LOW,0.01
2026-01-04T21:01:07.493299,TRANSFER,5470.01,LOW,0.07
2026-01-04T21:01:09.750709,DEBIT,8080.34,LOW,0.0
2026-01-04T21:01:11.971934,TRANSFER,5759.01,MEDIUM,0.75
2026-01-04T21:01:14.213431,CASH_OUT,2776.45,MEDIUM,0.77
2026-01-04T21:01:16.448305,PAYMENT,7795.22,LOW,0.0
2026-01-04T21:01:18.691802,PAYMENT,7653.9,LOW,0.0
2026-01-04T21:01:20.947612,PAYMENT,6481.21,MEDIUM,0.59
2026-01-04T21:01:23.185593,PAYMENT,7821.31,LOW,0.0
2026-01-04T21:01:25.422007,DEBIT,5873.98,LOW,0.0
2026-01-04T21:01:27.644309,CASH_IN,2851.22,MEDIUM,0.63
2026-01-04T21:01:29.883097,TRANSFER,9329.07,MEDIUM,0.76
2026-01-04T21:01:32.158304,TRANSFER,9106.09,LOW,0.02
2026-01-04T21:01:34.398434,CASH_IN,7803.78,MEDIUM,0.69
2026-01-04T21:01:36.625281,CASH_IN,4072.3,MEDIUM,0.76
2026-01-04T21:01:38.852543,DEBIT,5599.1,LOW,0.0
2026-01-04T21:01:41.101624,CASH_IN,7659.97,LOW,0.0
2026-01-04T21:01:43.352760,CASH_OUT,7958.47,MEDIUM,0.77
2026-01-04T21:01:45.586301,CASH_OUT,7566.54,MEDIUM,0.74
2026-01-04T21:01:47.825266,CASH_IN,2251.65,LOW,0.0
2026-01-04T21:01:50.084556,CASH_IN,9567.83,LOW,0.0
2026-01-04T21:01:52.317607,PAYMENT,2917.32,LOW,0.0
2026-01-04T21:01:54.561377,DEBIT,373.54,MEDIUM,0.72
2026-01-04T21:01:56.919805,CASH_OUT,390.6,MEDIUM,0.76
2026-01-04T21:01:59.165971,TRANSFER,9403.86,MEDIUM,0.73
2026-01-04T21:02:01.391945,CASH_OUT,6798.95,HIGH,0.86
2026-01-04T21:02:03.629839,DEBIT,5494.97,LOW,0.01
2026-01-04T21:02:05.870720,DEBIT,5727.71,MEDIUM,0.7
2026-01-04T21:02:08.244957,CASH_IN,426.58,LOW,0.07
2026-01-04T21:02:10.464523,CASH_OUT,8702.32,MEDIUM,0.76
2026-01-04T21:02:12.682633,PAYMENT,8591.73,MEDIUM,0.57
2026-01-04T21:02:14.936844,PAYMENT,867.98,MEDIUM,0.53
2026-01-04T21:02:17.197047,TRANSFER,1664.88,HIGH,0.81
2026-01-04T21:02:19.416186,TRANSFER,3817.08,LOW,0.04
2026-01-04T21:02:21.651366,PAYMENT,3484.77,MEDIUM,0.6
2026-01-04T21:02:23.879457,CASH_OUT,3418.8,MEDIUM,0.78
2026-01-04T21:02:26.107884,TRANSFER,847.16,MEDIUM,0.65
2026-01-04T21:02:28.326013,CASH_OUT,9354.18,MEDIUM,0.76
2026-01-04T21:02:30.569751,PAYMENT,9914.68,LOW,0.0
2026-01-04T21:02:32.794401,DEBIT,6418.06,MEDIUM,0.6
2026-01-04T21:02:35.055590,TRANSFER,881.89,LOW,0.03
2026-01-04T21:02:37.327712,CASH_IN,1295.52,LOW,0.0
2026-01-04T21:02:39.547682,CASH_OUT,5241.25,MEDIUM,0.7
2026-01-04T21:02:41.762182,DEBIT,3091.48,MEDIUM,0.73
2026-01-04T21:02:43.982164,DEBIT,136.78,MEDIUM,0.72
2026-01-04T21:02:46.234891,TRANSFER,4644.51,HIGH,0.84
2026-01-04T21:02:48.474261,DEBIT,9252.28,LOW,0.0
2026-01-04T21:02:50.702180,CASH_OUT,1605.29,MEDIUM,0.8
2026-01-04T21:02:52.962835,CASH_IN,98.48,MEDIUM,0.6
2026-01-04T21:02:55.205450,PAYMENT,395.83,MEDIUM,0.57
2026-01-04T21:02:57.440971,TRANSFER,8071.53,HIGH,0.83
2026-01-04T21:02:59.674777,TRANSFER,3756.17,MEDIUM,0.78
2026-01-04T21:03:01.910494,CASH_IN,3973.37,MEDIUM,0.77
2026-01-04T21:03:04.136779,TRANSFER,1001.82,MEDIUM,0.74
2026-01-04T21:03:06.352795,CASH_OUT,9389.55,HIGH,0.85
2026-01-04T21:03:08.600317,PAYMENT,2327.26,MEDIUM,0.59
2026-01-04T21:03:10.829796,PAYMENT,8901.24,LOW,0.0
2026-01-04T21:03:13.043106,CASH_OUT,2979.0,LOW,0.03
2026-01-04T21:03:15.261876,CASH_OUT,8364.47,MEDIUM,0.79
2026-01-04T21:03:17.503775,PAYMENT,9694.56,LOW,0.0
2026-01-04T21:03:19.733408,CASH_OUT,5599.88,HIGH,0.86
2026-01-04T21:03:21.940935,DEBIT,8703.42,LOW,0.0
2026-01-04T21:03:24.165075,DEBIT,834.18,MEDIUM,0.72
2026-01-04T21:03:26.362236,DEBIT,2576.53,LOW,0.03
2026-01-04T21:03:28.602026,PAYMENT,4233.99,LOW,0.02
2026-01-04T21:03:30.819250,CASH_OUT,5960.61,MEDIUM,0.78
2026-01-04T21:03:33.051881,CASH_IN,2309.98,MEDIUM,0.63
2026-01-04T21:03:35.291992,CASH_OUT,8270.64,MEDIUM,0.75
2026-01-04T21:03:37.528412,CASH_IN,8301.75,LOW,0.01
2026-01-04T21:03:39.754367,CASH_OUT,9839.2,HIGH,0.86
2026-01-04T21:03:42.013649,CASH_IN,1080.2,LOW,0.02
2026-01-04T21:03:44.224545,TRANSFER,5482.3,MEDIUM,0.73
2026-01-04T21:03:46.446460,CASH_IN,7562.66,MEDIUM,0.74
2026-01-04T21:03:48.660666,TRANSFER,126.92,HIGH,0.84
2026-01-04T21:03:50.904893,PAYMENT,2748.3,MEDIUM,0.58
2026-01-04T21:03:53.164589,CASH_IN,5738.7,MEDIUM,0.66
2026-01-04T21:03:55.400630,CASH_OUT,4300.98,MEDIUM,0.78
2026-01-04T21:03:57.645563,TRANSFER,525.58,MEDIUM,0.74
2026-01-04T21:03:59.898923,DEBIT,7543.04,MEDIUM,0.71
2026-01-04T21:04:02.132873,DEBIT,6328.73,MEDIUM,0.77
2026-01-04T21:04:04.389572,CASH_OUT,8041.33,LOW,0.01
2026-01-04T21:04:06.666091,CASH_OUT,2232.06,HIGH,0.88
2026-01-04T21:04:08.883477,DEBIT,171.93,MEDIUM,0.72
2026-01-04T21:04:11.129949,CASH_OUT,3907.18,LOW,0.12
2026-01-04T21:04:13.354367,TRANSFER,3999.65,MEDIUM,0.75
2026-01-04T21:04:15.644742,PAYMENT,3371.18,MEDIUM,0.59
2026-01-04T21:04:17.878684,TRANSFER,7781.25,MEDIUM,0.79
2026-01-04T21:04:20.106817,CASH_IN,5194.17,MEDIUM,0.69
2026-01-04T21:04:22.315993,PAYMENT,1908.18,MEDIUM,0.59
2026-01-04T21:04:24.548858,CASH_OUT,2104.9,MEDIUM,0.78
2026-01-04T21:04:26.799774,PAYMENT,710.47,MEDIUM,0.67
2026-01-04T21:04:29.011925,CASH_IN,7832.55,MEDIUM,0.68
2026-01-04T21:04:31.231554,TRANSFER,8677.76,LOW,0.0
2026-01-04T21:04:33.455451,CASH_OUT,1653.73,MEDIUM,0.7
2026-01-04T21:04:35.668748,CASH_IN,987.42,MEDIUM,0.76
2026-01-04T21:04:37.882056,DEBIT,8764.63,MEDIUM,0.73
2026-01-04T21:04:40.086258,CASH_IN,9104.77,MEDIUM,0.68
2026-01-04T21:04:42.280506,DEBIT,6515.59,MEDIUM,0.68
2026-01-04T21:04:44.486513,PAYMENT,2925.49,LOW,0.0
2026-01-04T21:04:46.774759,CASH_IN,5061.89,MEDIUM,0.7
2026-01-04T21:04:49.002090,TRANSFER,1662.86,MEDIUM,0.76
2026-01-04T21:04:51.225033,DEBIT,2151.5,HIGH,0.82
2026-01-04T21:04:53.444855,DEBIT,5692.45,MEDIUM,0.72
2026-01-04T21:04:55.682939,CASH_IN,9532.44,MEDIUM,0.69
2026-01-04T21:04:57.890683,TRANSFER,6284.65,LOW,0.02
2026-01-04T21:05:00.114337,TRANSFER,7800.54,MEDIUM,0.68
2026-01-04T21:05:02.341165,CASH_IN,8650.22,LOW,0.0
2026-01-04T21:05:04.571509,TRANSFER,321.35,MEDIUM,0.74
2026-01-04T21:05:06.873127,TRANSFER,9024.79,LOW,0.02
2026-01-04T21:05:09.199623,PAYMENT,801.16,MEDIUM,0.64
2026-01-04T21:05:11.463307,PAYMENT,2365.56,MEDIUM,0.63
2026-01-04T21:05:13.711326,TRANSFER,6231.65,LOW,0.0
2026-01-04T21:05:15.951298,CASH_OUT,540.04,LOW,0.03
2026-01-04T21:05:18.188105,CASH_OUT,1013.06,LOW,0.02
2026-01-04T21:05:20.423103,PAYMENT,9564.25,MEDIUM,0.53
2026-01-04T21:05:22.667603,PAYMENT,8429.48,MEDIUM,0.62
2026-01-04T21:05:24.873999,CASH_OUT,5963.02,MEDIUM,0.77
2026-01-04T21:05:27.086383,CASH_IN,4462.98,MEDIUM,0.68
2026-01-04T21:05:29.341961,TRANSFER,5573.95,LOW,0.01
2026-01-04T21:05:31.553557,CASH_IN,6395.34,MEDIUM,0.69
2026-01-04T21:05:33.762212,PAYMENT,1981.76,MEDIUM,0.67
2026-01-04T21:05:35.982095,PAYMENT,8572.99,LOW,0.0
2026-01-04T21:05:38.201868,CASH_IN,8692.88,LOW,0.0
2026-01-04T21:05:40.463609,PAYMENT,4166.45,LOW,0.0
2026-01-04T21:05:42.692497,CASH_OUT,3349.97,MEDIUM,0.77
2026-01-04T21:05:44.921068,CASH_IN,5364.85,MEDIUM,0.69
2026-01-04T21:05:47.125282,CASH_IN,3488.71,MEDIUM,0.72
2026-01-04T21:05:49.338169,CASH_IN,8976.38,MEDIUM,0.77
2026-01-04T21:05:51.595421,DEBIT,6645.5,LOW,0.0
2026-01-04T21:05:53.812345,CASH_IN,7254.72,MEDIUM,0.67
2026-01-04T21:05:56.051810,CASH_IN,1430.04,MEDIUM,0.72
2026-01-04T21:05:58.285615,CASH_IN,444.9,MEDIUM,0.75
2026-01-04T21:06:00.569552,CASH_OUT,5857.82,LOW,0.04
2026-01-04T21:06:02.801520,CASH_IN,6828.69,LOW,0.03
2026-01-04T21:06:05.026004,TRANSFER,6020.59,LOW,0.0
2026-01-04T21:06:07.244609,PAYMENT,2587.03,LOW,0.02
2026-01-04T21:06:09.470068,CASH_OUT,2182.81,MEDIUM,0.69
2026-01-04T21:06:11.677748,PAYMENT,8891.22,MEDIUM,0.59
2026-01-04T21:06:13.891164,CASH_OUT,8823.41,HIGH,0.85
2026-01-04T21:06:16.111152,CASH_IN,5513.27,MEDIUM,0.69
2026-01-04T21:06:18.353595,PAYMENT,9374.93,LOW,0.0
2026-01-04T21:06:20.556580,CASH_OUT,7028.77,LOW,0.03
2026-01-04T21:06:22.806219,PAYMENT,3427.73,LOW,0.02
2026-01-04T21:06:25.014487,DEBIT,9744.99,MEDIUM,0.72
2026-01-04T21:06:27.225725,PAYMENT,2471.7,MEDIUM,0.66
2026-01-04T21:06:29.430755,CASH_OUT,7198.97,MEDIUM,0.77
2026-01-04T21:06:31.629747,DEBIT,4693.13,MEDIUM,0.76
2026-01-04T21:06:33.849131,PAYMENT,1667.9,LOW,0.01
2026-01-04T21:06:36.094004,CASH_OUT,4539.97,MEDIUM,0.79
2026-01-04T21:06:38.323927,DEBIT,8415.11,MEDIUM,0.68
2026-01-04T21:06:40.557755,CASH_OUT,9644.59,MEDIUM,0.78
2026-01-04T21:06:42.793358,DEBIT,7077.81,LOW,0.0
2026-01-04T21:06:45.041111,DEBIT,6933.54,LOW,0.01
2026-01-04T21:06:47.280689,TRANSFER,6722.2,MEDIUM,0.74
2026-01-04T21:06:49.531840,TRANSFER,2163.24,MEDIUM,0.73
2026-01-04T21:06:51.769203,PAYMENT,9040.15,MEDIUM,0.57
2026-01-04T21:06:54.003579,CASH_IN,1741.83,MEDIUM,0.59
2026-01-04T21:06:56.232495,CASH_OUT,3148.95,MEDIUM,0.76
2026-01-04T21:06:58.451216,PAYMENT,2267.66,MEDIUM,0.59
2026-01-04T21:07:00.705229,TRANSFER,2555.18,MEDIUM,0.75
2026-01-04T21:07:02.980549,CASH_IN,9183.2,MEDIUM,0.65
2026-01-04T21:07:05.223056,CASH_OUT,5282.98,MEDIUM,0.77
2026-01-04T21:07:07.494819,TRANSFER,5169.39,LOW,0.01
2026-01-04T21:07:09.771121,CASH_IN,5454.57,LOW,0.0
2026-01-04T21:07:12.022237,PAYMENT,8742.53,MEDIUM,0.67
2026-01-04T21:07:14.295814,DEBIT,5592.25,MEDIUM,0.68
2026-01-04T21:07:16.527264,TRANSFER,8943.6,MEDIUM,0.75
2026-01-04T21:07:18.779500,TRANSFER,1516.51,MEDIUM,0.8
2026-01-04T21:07:21.022420,DEBIT,2448.35,MEDIUM,0.71
2026-01-04T21:07:23.361296,DEBIT,2076.5,LOW,0.0
2026-01-04T21:07:25.617855,CASH_OUT,845.13,MEDIUM,0.77
2026-01-04T21:07:27.913316,PAYMENT,417.31,MEDIUM,0.6
2026-01-04T21:07:30.162010,TRANSFER,4995.74,HIGH,0.85
2026-01-04T21:07:32.384280,PAYMENT,3464.29,LOW,0.02
2026-01-04T21:07:34.622122,CASH_OUT,2839.86,HIGH,0.83
2026-01-04T21:07:36.855634,TRANSFER,6079.32,MEDIUM,0.75
2026-01-04T21:07:39.071555,CASH_IN,8107.63,MEDIUM,0.68
2026-01-04T21:07:41.298083,CASH_IN,8846.02,MEDIUM,0.67
2026-01-04T21:07:43.538799,CASH_IN,5978.76,LOW,0.0
2026-01-04T21:07:45.880562,CASH_IN,2248.98,MEDIUM,0.67
2026-01-04T21:07:48.136377,CASH_OUT,2966.99,MEDIUM,0.76
2026-01-04T21:07:50.364789,CASH_IN,7254.37,MEDIUM,0.68
2026-01-04T21:07:52.585184,TRANSFER,4246.92,HIGH,0.84
2026-01-04T21:07:54.809037,CASH_IN,93.15,MEDIUM,0.71
2026-01-04T21:07:57.065259,CASH_OUT,964.56,MEDIUM,0.71
2026-01-04T21:07:59.303722,DEBIT,5619.47,MEDIUM,0.7
2026-01-04T21:08:01.548649,CASH_OUT,8675.06,HIGH,0.86
2026-01-04T21:08:03.786282,CASH_IN,4129.71,MEDIUM,0.69
2026-01-04T21:08:06.016102,PAYMENT,2347.16,MEDIUM,0.64
2026-01-04T21:08:08.270753,CASH_IN,3003.33,MEDIUM,0.69
2026-01-04T21:08:10.505523,TRANSFER,553.83,MEDIUM,0.75
2026-01-04T21:08:12.738835,CASH_OUT,7304.79,HIGH,0.85
2026-01-04T21:08:14.991936,CASH_IN,473.59,MEDIUM,0.7
2026-01-04T21:08:17.205956,CASH_OUT,9336.89,LOW,0.02
2026-01-04T21:08:19.476949,CASH_IN,2464.88,MEDIUM,0.68
2026-01-04T21:08:21.686877,DEBIT,1727.42,MEDIUM,0.72
2026-01-04T21:08:23.903554,PAYMENT,2429.9,MEDIUM,0.59
2026-01-04T21:08:26.126077,PAYMENT,217.64,MEDIUM,0.6
2026-01-04T21:08:28.382940,CASH_OUT,2845.52,HIGH,0.81
2026-01-04T21:08:30.617678,PAYMENT,6961.46,MEDIUM,0.59
2026-01-04T21:08:32.838736,CASH_OUT,5430.65,LOW,0.02
2026-01-04T21:08:35.060133,DEBIT,689.69,HIGH,0.83
2026-01-04T21:08:37.279032,CASH_OUT,8264.31,MEDIUM,0.77
2026-01-04T21:08:39.501219,PAYMENT,6440.08,MEDIUM,0.57
2026-01-04T21:08:41.819098,TRANSFER,302.33,MEDIUM,0.74
2026-01-04T21:08:44.042150,TRANSFER,2037.14,MEDIUM,0.73
2026-01-04T21:08:46.305514,DEBIT,8183.43,LOW,0.0
2026-01-04T21:08:48.523256,TRANSFER,3063.01,MEDIUM,0.73
2026-01-04T21:08:50.781879,DEBIT,750.34,MEDIUM,0.69
2026-01-04T21:08:52.996996,DEBIT,311.05,MEDIUM,0.68
2026-01-04T21:08:55.215708,DEBIT,5309.16,LOW,0.0
2026-01-04T21:08:57.459321,PAYMENT,8225.22,LOW,0.0
2026-01-04T21:08:59.691139,CASH_IN,9916.07,MEDIUM,0.68
2026-01-04T21:09:01.897922,TRANSFER,8768.46,MEDIUM,0.75
2026-01-04T21:09:04.212354,DEBIT,4355.33,LOW,0.0
2026-01-04T21:09:06.421916,DEBIT,2668.84,MEDIUM,0.73
2026-01-04T21:09:08.661174,PAYMENT,1892.68,MEDIUM,0.57
2026-01-04T21:09:10.877807,DEBIT,4826.65,MEDIUM,0.72
2026-01-04T21:09:13.141273,PAYMENT,9505.53,LOW,0.0
2026-01-04T21:09:15.405990,PAYMENT,1584.03,LOW,0.0
2026-01-04T21:09:17.619548,CASH_IN,8880.58,MEDIUM,0.67
2026-01-04T21:09:19.864349,TRANSFER,7448.02,MEDIUM,0.74
2026-01-04T21:09:22.101887,PAYMENT,6189.19,MEDIUM,0.67
2026-01-04T21:09:24.320264,CASH_IN,3916.87,MEDIUM,0.64
2026-01-04T21:09:26.548716,CASH_OUT,2326.59,MEDIUM,0.77
2026-01-04T21:09:28.779178,CASH_IN,885.14,MEDIUM,0.67
2026-01-04T21:09:31.019553,CASH_IN,7942.47,MEDIUM,0.69
2026-01-04T21:09:33.233493,DEBIT,5777.88,LOW,0.0
2026-01-04T21:09:35.456553,CASH_OUT,7221.76,MEDIUM,0.77
2026-01-04T21:09:37.680633,CASH_IN,5379.13,LOW,0.0
2026-01-04T21:09:39.925869,PAYMENT,7468.47,LOW,0.0
2026-01-04T21:09:42.161228,PAYMENT,4199.58,MEDIUM,0.59
2026-01-04T21:09:44.374455,PAYMENT,8016.19,MEDIUM,0.49
2026-01-04T21:09:46.598995,DEBIT,1419.07,LOW,0.02
2026-01-04T21:09:48.874441,DEBIT,7558.04,LOW,0.0
2026-01-04T21:09:51.106656,TRANSFER,2292.63,MEDIUM,0.72
2026-01-04T21:09:53.330820,PAYMENT,7473.6,MEDIUM,0.56
2026-01-04T21:09:55.559352,CASH_OUT,9844.34,MEDIUM,0.76
2026-01-04T21:09:57.772184,CASH_IN,714.54,MEDIUM,0.65
2026-01-04T21:09:59.976460,PAYMENT,2033.58,MEDIUM,0.53
2026-01-04T21:10:02.220849,DEBIT,8366.48,LOW,0.0
2026-01-04T21:10:04.425408,DEBIT,6211.67,MEDIUM,0.77
2026-01-04T21:10:06.650624,PAYMENT,6393.47,LOW,0.0
2026-01-04T21:10:08.861112,TRANSFER,2767.22,MEDIUM,0.75
2026-01-04T21:10:11.085246,PAYMENT,4749.86,LOW,0.0
2026-01-04T21:10:13.282222,TRANSFER,5791.06,MEDIUM,0.75
2026-01-04T21:10:15.526104,PAYMENT,9872.28,MEDIUM,0.57
2026-01-04T21:10:17.778059,TRANSFER,9654.15,MEDIUM,0.75
2026-01-04T21:10:20.035274,PAYMENT,5481.13,LOW,0.0
2026-01-04T21:10:22.275103,DEBIT,5783.53,MEDIUM,0.71
2026-01-04T21:10:24.539195,PAYMENT,5794.95,MEDIUM,0.6
2026-01-04T21:10:26.804084,CASH_OUT,8260.04,LOW,0.02
2026-01-04T21:10:29.053943,DEBIT,2999.29,HIGH,0.82
2026-01-04T21:10:31.263011,PAYMENT,6036.66,MEDIUM,0.57
2026-01-04T21:10:33.482108,TRANSFER,3986.9,LOW,0.0
2026-01-04T21:10:35.710879,PAYMENT,7320.72,MEDIUM,0.59
2026-01-04T21:10:37.936945,DEBIT,5436.49,MEDIUM,0.74
2026-01-04T21:10:40.193691,TRANSFER,5082.66,MEDIUM,0.69
2026-01-04T21:10:42.400333,PAYMENT,7170.02,MEDIUM,0.6
2026-01-04T21:10:44.630406,TRANSFER,3067.86,MEDIUM,0.75
2026-01-04T21:10:46.870942,PAYMENT,329.67,MEDIUM,0.59
2026-01-04T21:10:49.131669,PAYMENT,6032.16,MEDIUM,0.67
2026-01-04T21:10:51.349681,CASH_OUT,7214.62,LOW,0.18
2026-01-04T21:10:53.565054,DEBIT,5892.99,MEDIUM,0.72
2026-01-04T21:10:55.809479,TRANSFER,6109.46,LOW,0.01
2026-01-04T21:10:58.056923,DEBIT,4501.56,MEDIUM,0.71
2026-01-04T21:11:00.339381,PAYMENT,2710.18,LOW,0.0
2026-01-04T21:11:02.595128,TRANSFER,2413.12,MEDIUM,0.72
2026-01-04T21:11:04.874475,CASH_IN,6634.06,MEDIUM,0.77
2026-01-04T21:11:07.089698,PAYMENT,6520.22,LOW,0.0
2026-01-04T21:11:09.371529,CASH_IN,7133.92,MEDIUM,0.7
2026-01-04T21:11:11.611170,CASH_IN,8625.28,MEDIUM,0.69
2026-01-04T21:11:13.857957,CASH_IN,1486.1,MEDIUM,0.69
2026-01-04T21:11:16.088810,CASH_OUT,298.88,MEDIUM,0.77
2026-01-04T21:11:18.297723,DEBIT,692.93,MEDIUM,0.73
2026-01-04T21:11:20.547369,CASH_IN,8048.24,MEDIUM,0.69
2026-01-04T21:11:22.767509,CASH_OUT,9154.32,LOW,0.0
2026-01-04T21:11:24.990583,DEBIT,2914.0,HIGH,0.83
2026-01-04T21:11:27.210987,CASH_OUT,9503.4,MEDIUM,0.74
2026-01-04T21:11:29.425662,CASH_OUT,9617.89,HIGH,0.86
2026-01-04T21:11:31.704956,CASH_OUT,3795.38,MEDIUM,0.73
2026-01-04T21:11:33.944759,CASH_OUT,538.66,HIGH,0.81
2026-01-04T21:11:36.167832,PAYMENT,4481.09,LOW,0.0
2026-01-04T21:11:38.403464,CASH_IN,1402.78,MEDIUM,0.67
2026-01-04T21:11:40.620142,CASH_OUT,4857.58,HIGH,0.87
2026-01-04T21:11:42.850979,CASH_IN,8973.58,MEDIUM,0.72
2026-01-04T21:11:45.066732,DEBIT,8021.88,HIGH,0.83
2026-01-04T21:11:47.294014,CASH_OUT,3953.75,MEDIUM,0.77
2026-01-04T21:11:49.590621,CASH_OUT,5475.44,MEDIUM,0.79
2026-01-04T21:11:51.846146,CASH_OUT,7485.6,HIGH,0.88
2026-01-04T21:11:54.081847,TRANSFER,8143.05,MEDIUM,0.8
2026-01-04T21:11:56.345550,TRANSFER,4956.13,MEDIUM,0.75
2026-01-04T21:11:58.583453,TRANSFER,8673.38,MEDIUM,0.68
2026-01-04T21:12:00.824400,DEBIT,272.51,MEDIUM,0.72
2026-01-04T21:12:03.060120,PAYMENT,9819.01,MEDIUM,0.58
2026-01-04T21:12:05.342770,CASH_IN,7691.42,MEDIUM,0.77
2026-01-04T21:12:07.619882,PAYMENT,8699.93,MEDIUM,0.67
2026-01-04T21:12:09.896617,TRANSFER,2297.15,LOW,0.0
2026-01-04T21:12:12.164486,DEBIT,4972.69,MEDIUM,0.75
2026-01-04T21:12:14.405684,DEBIT,1531.3,MEDIUM,0.68
2026-01-04T21:12:16.640356,PAYMENT,6197.42,MEDIUM,0.56
2026-01-04T21:12:18.879841,CASH_IN,6236.92,MEDIUM,0.64
2026-01-04T21:12:21.138410,DEBIT,4497.67,MEDIUM,0.74
2026-01-04T21:12:23.397296,DEBIT,7140.16,MEDIUM,0.63
2026-01-04T21:12:25.640619,CASH_OUT,8390.56,MEDIUM,0.78
2026-01-04T21:12:27.871952,CASH_OUT,3276.9,LOW,0.09
2026-01-04T21:12:30.110393,CASH_IN,2741.67,LOW,0.03
2026-01-04T21:12:32.364569,TRANSFER,3060.67,LOW,0.07
2026-01-04T21:12:34.669527,TRANSFER,4729.47,MEDIUM,0.8
2026-01-04T21:12:37.108625,TRANSFER,5279.93,HIGH,0.85
2026-01-04T21:12:39.359602,DEBIT,7984.85,MEDIUM,0.72
2026-01-04T21:12:41.752645,DEBIT,2282.43,LOW,0.02
2026-01-04T21:12:44.066814,TRANSFER,8843.52,LOW,0.0
2026-01-04T21:12:46.361099,PAYMENT,2509.91,LOW,0.02
2026-01-04T21:12:48.643267,CASH_OUT,227.48,MEDIUM,0.73
2026-01-04T21:12:50.912872,DEBIT,6308.91,LOW,0.02
2026-01-04T21:12:53.329514,PAYMENT,7133.81,MEDIUM,0.56
2026-01-04T21:12:55.624278,DEBIT,9944.49,LOW,0.0
2026-01-04T21:12:57.971716,DEBIT,6923.11,MEDIUM,0.65
2026-01-04T21:13:00.272080,PAYMENT,5007.35,MEDIUM,0.58
2026-01-04T21:13:02.645198,CASH_OUT,194.09,MEDIUM,0.72
2026-01-04T21:13:05.480340,PAYMENT,1304.98,MEDIUM,0.6
2026-01-04T21:13:07.835680,CASH_OUT,726.8,MEDIUM,0.8
2026-01-04T21:13:10.235471,DEBIT,408.35,LOW,0.0
2026-01-04T21:13:12.588895,DEBIT,6712.48,MEDIUM,0.73
2026-01-04T21:13:14.913382,CASH_OUT,4091.33,HIGH,0.86
2026-01-04T21:13:17.348288,CASH_IN,6193.01,MEDIUM,0.77
2026-01-04T21:13:19.878083,TRANSFER,1033.75,MEDIUM,0.76
2026-01-04T21:13:22.422570,TRANSFER,2175.44,MEDIUM,0.73
2026-01-04T21:13:24.836293,CASH_IN,1743.79,LOW,0.02
2026-01-04T21:13:27.209657,TRANSFER,3937.48,MEDIUM,0.75
2026-01-04T21:13:29.584131,CASH_OUT,6638.16,MEDIUM,0.75
2026-01-04T21:13:31.888691,TRANSFER,2429.75,MEDIUM,0.8
2026-01-04T21:13:34.206198,CASH_IN,2367.24,MEDIUM,0.62
2026-01-04T21:13:36.505951,TRANSFER,7376.6,MEDIUM,0.76
2026-01-04T21:13:38.844184,CASH_IN,4412.94,MEDIUM,0.65
2026-01-04T21:13:41.151009,CASH_OUT,3226.46,MEDIUM,0.76
2026-01-04T21:13:43.540592,CASH_IN,7687.8,MEDIUM,0.77
2026-01-04T21:13:45.834033,CASH_IN,7267.87,MEDIUM,0.74
2026-01-04T21:13:48.205978,DEBIT,2841.19,MEDIUM,0.71
2026-01-04T21:13:50.592798,CASH_IN,9727.04,MEDIUM,0.76
2026-01-04T21:13:52.916221,TRANSFER,8984.01,MEDIUM,0.67
2026-01-04T21:13:55.224384,TRANSFER,4396.14,LOW,0.03
2026-01-04T21:13:57.586675,PAYMENT,3680.65,LOW,0.0
2026-01-04T21:13:59.928379,DEBIT,4671.15,MEDIUM,0.61
2026-01-04T21:14:02.247648,PAYMENT,4984.97,LOW,0.02
2026-01-04T21:14:04.516510,CASH_IN,7167.14,MEDIUM,0.7
2026-01-04T21:14:06.801528,CASH_OUT,7867.84,HIGH,0.86
2026-01-04T21:14:09.142876,CASH_IN,4766.2,LOW,0.02
2026-01-04T21:14:11.474818,CASH_IN,4663.2,LOW,0.0
2026-01-04T21:14:13.786660,TRANSFER,5632.06,MEDIUM,0.75
2026-01-04T21:14:16.094905,DEBIT,6105.73,LOW,0.0
2026-01-04T21:14:18.339785,TRANSFER,7753.32,LOW,0.08
2026-01-04T21:14:20.637879,DEBIT,4138.16,MEDIUM,0.72
2026-01-04T21:14:22.917340,TRANSFER,4758.24,MEDIUM,0.75
2026-01-04T21:14:25.214154,PAYMENT,9482.95,MEDIUM,0.59
2026-01-04T21:14:27.499285,DEBIT,6841.48,LOW,0.0
2026-01-04T21:14:29.785588,CASH_IN,9789.11,MEDIUM,0.7
2026-01-04T21:14:32.108815,CASH_OUT,6556.73,MEDIUM,0.77
2026-01-04T21:14:34.477770,DEBIT,8323.63,HIGH,0.82
2026-01-04T21:14:36.737110,DEBIT,5659.12,MEDIUM,0.73
2026-01-04T21:14:39.055750,CASH_OUT,7741.15,LOW,0.0
2026-01-04T21:14:41.324607,PAYMENT,9071.11,LOW,0.0
2026-01-04T21:14:43.617701,PAYMENT,6816.54,MEDIUM,0.58
2026-01-04T21:14:45.950244,PAYMENT,979.19,LOW,0.0
2026-01-04T21:14:48.291058,PAYMENT,3932.09,MEDIUM,0.67
2026-01-04T21:14:50.642745,CASH_IN,8145.83,MEDIUM,0.77
2026-01-04T21:14:53.125612,PAYMENT,578.25,MEDIUM,0.64
2026-01-04T21:14:55.576170,PAYMENT,5148.65,LOW,0.0
2026-01-04T21:14:57.989417,CASH_OUT,6531.6,LOW,0.02
2026-01-04T21:15:00.311579,DEBIT,7488.26,LOW,0.0
2026-01-04T21:15:02.704826,PAYMENT,7739.9,LOW,0.0
2026-01-04T21:15:05.088489,CASH_IN,8927.42,MEDIUM,0.72
2026-01-04T21:15:07.479849,CASH_IN,4824.95,MEDIUM,0.68
2026-01-04T21:15:09.914899,CASH_IN,58.49,MEDIUM,0.68
2026-01-04T21:15:12.313267,PAYMENT,9244.26,MEDIUM,0.57
2026-01-04T21:15:14.672193,DEBIT,6359.43,MEDIUM,0.72
2026-01-04T21:15:17.063541,PAYMENT,2556.81,LOW,0.0
2026-01-04T21:15:19.603219,DEBIT,3394.73,LOW,0.0
2026-01-04T21:15:21.960296,CASH_OUT,7772.49,LOW,0.0
2026-01-04T21:15:24.252403,CASH_OUT,7042.98,MEDIUM,0.77
2026-01-04T21:15:26.714545,PAYMENT,3546.13,MEDIUM,0.57
2026-01-04T21:15:29.083415,CASH_OUT,3051.46,MEDIUM,0.78
2026-01-04T21:15:31.363532,DEBIT,4596.1,LOW,0.0
2026-01-04T21:15:33.683230,CASH_OUT,618.08,MEDIUM,0.77
2026-01-04T21:15:36.014529,CASH_OUT,3347.11,MEDIUM,0.75
2026-01-04T21:15:38.346273,CASH_OUT,546.26,MEDIUM,0.76
2026-01-04T21:15:40.626377,PAYMENT,7983.99,MEDIUM,0.58
2026-01-04T21:15:42.922111,CASH_IN,5401.54,LOW,0.01
2026-01-04T21:15:45.215926,CASH_OUT,8365.95,LOW,0.2
2026-01-04T21:15:47.489457,DEBIT,788.3,MEDIUM,0.65
2026-01-04T21:15:49.762583,CASH_OUT,6155.41,MEDIUM,0.73
2026-01-04T21:15:52.089976,CASH_OUT,1785.71,LOW,0.03
2026-01-04T21:15:54.409438,CASH_IN,7766.96,MEDIUM,0.77
2026-01-04T21:15:56.704241,TRANSFER,6510.27,MEDIUM,0.75
2026-01-04T21:15:59.003285,CASH_OUT,3801.2,MEDIUM,0.77
2026-01-04T21:16:01.294480,TRANSFER,8448.0,MEDIUM,0.73
2026-01-04T21:16:03.587667,DEBIT,9474.93,MEDIUM,0.67
2026-01-04T21:16:05.887391,TRANSFER,8882.46,LOW,0.01
2026-01-04T21:16:08.213838,TRANSFER,8839.22,LOW,0.12
2026-01-04T21:16:10.519694,CASH_IN,6519.37,LOW,0.0
2026-01-04T21:16:12.859918,CASH_IN,6936.39,LOW,0.03
2026-01-04T21:16:15.172783,CASH_OUT,2074.76,LOW,0.09
2026-01-04T21:16:17.460409,DEBIT,5326.64,LOW,0.0
2026-01-04T21:16:19.728292,CASH_OUT,720.42,LOW,0.11
2026-01-04T21:16:22.011936,DEBIT,2816.43,MEDIUM,0.66
2026-01-04T21:16:24.630422,TRANSFER,2753.48,LOW,0.04
2026-01-04T21:16:26.956305,PAYMENT,1181.04,LOW,0.0
2026-01-04T21:16:29.236461,TRANSFER,2411.12,LOW,0.01
2026-01-04T21:16:31.541643,CASH_OUT,2534.87,HIGH,0.87
2026-01-04T21:16:33.882527,CASH_OUT,274.69,LOW,0.02
2026-01-04T21:16:36.169697,TRANSFER,3828.1,MEDIUM,0.78
2026-01-04T21:16:38.493115,CASH_IN,5189.43,LOW,0.0
2026-01-04T21:16:40.835630,CASH_IN,7311.09,MEDIUM,0.77
2026-01-04T21:16:43.141620,CASH_IN,1060.92,MEDIUM,0.6
2026-01-04T21:16:45.409217,TRANSFER,668.6,MEDIUM,0.75
2026-01-04T21:16:47.737407,DEBIT,4946.84,LOW,0.0
2026-01-04T21:16:50.124393,PAYMENT,9289.34,LOW,0.0
2026-01-04T21:16:52.499177,CASH_IN,2401.24,MEDIUM,0.68
2026-01-04T21:16:54.853130,DEBIT,1468.6,MEDIUM,0.63
2026-01-04T21:16:57.240119,TRANSFER,7441.3,MEDIUM,0.65
2026-01-04T21:16:59.547963,PAYMENT,6512.97,MEDIUM,0.67
2026-01-04T21:17:01.863433,DEBIT,4394.45,MEDIUM,0.74
2026-01-04T21:17:04.145609,CASH_OUT,7967.11,MEDIUM,0.74
2026-01-04T21:17:06.541240,CASH_OUT,451.25,MEDIUM,0.76
2026-01-04T21:17:08.829844,CASH_OUT,5637.38,MEDIUM,0.76
2026-01-04T21:17:11.111618,PAYMENT,5482.93,LOW,0.0
2026-01-04T21:17:13.393618,DEBIT,7028.77,MEDIUM,0.72
2026-01-04T21:17:15.658676,TRANSFER,9127.99,HIGH,0.83
2026-01-04T21:17:17.932476,PAYMENT,5186.69,MEDIUM,0.58
2026-01-04T21:17:20.254543,CASH_IN,3103.67,LOW,0.01
2026-01-04T21:17:22.516256,TRANSFER,7420.26,MEDIUM,0.75
2026-01-04T21:17:24.797613,CASH_IN,8358.37,MEDIUM,0.66
2026-01-04T21:17:27.189111,CASH_IN,7198.16,MEDIUM,0.77
2026-01-04T21:17:29.479856,DEBIT,9174.02,MEDIUM,0.73
2026-01-04T21:17:31.855686,PAYMENT,1786.78,MEDIUM,0.67
2026-01-04T21:17:34.106043,CASH_IN,4996.53,LOW,0.0
2026-01-04T21:17:36.403507,CASH_IN,4149.59,LOW,0.01
2026-01-04T21:17:38.662964,CASH_OUT,4615.83,MEDIUM,0.76
2026-01-04T21:17:41.002245,PAYMENT,5660.64,MEDIUM,0.6
2026-01-04T21:17:43.271803,CASH_OUT,3291.31,HIGH,0.82
2026-01-04T21:17:45.587809,DEBIT,8245.69,MEDIUM,0.72
2026-01-04T21:17:47.917019,PAYMENT,4139.18,MEDIUM,0.59
2026-01-04T21:17:50.219779,DEBIT,2769.08,HIGH,0.82
2026-01-04T21:17:52.581311,TRANSFER,5086.01,MEDIUM,0.73
2026-01-04T21:17:54.894604,DEBIT,7400.73,LOW,0.02
2026-01-04T21:17:57.162266,CASH_OUT,7535.65,MEDIUM,0.74
2026-01-04T21:17:59.452912,TRANSFER,1750.79,MEDIUM,0.72
2026-01-04T21:18:01.743887,PAYMENT,1066.18,MEDIUM,0.62
2026-01-04T21:18:04.100241,PAYMENT,1574.78,MEDIUM,0.57
2026-01-04T21:18:06.384533,TRANSFER,1828.74,MEDIUM,0.76
2026-01-04T21:18:08.682286,CASH_IN,5235.58,LOW,0.0
2026-01-04T21:18:10.957661,CASH_IN,5092.97,LOW,0.06
2026-01-04T21:18:13.301498,CASH_IN,6257.18,MEDIUM,0.66
2026-01-04T21:18:15.629286,PAYMENT,8178.72,MEDIUM,0.58
2026-01-04T21:18:17.874291,DEBIT,7353.16,MEDIUM,0.7
2026-01-04T21:18:20.126787,TRANSFER,2736.16,MEDIUM,0.72
2026-01-04T21:18:22.418783,PAYMENT,727.73,MEDIUM,0.54
2026-01-04T21:18:24.747818,PAYMENT,3012.42,LOW,0.03
2026-01-04T21:18:27.090267,TRANSFER,1446.5,MEDIUM,0.68
2026-01-04T21:18:29.458629,TRANSFER,2862.26,LOW,0.01
2026-01-04T21:18:31.761755,CASH_OUT,544.47,HIGH,0.87
2026-01-04T21:18:34.120377,DEBIT,3876.91,LOW,0.01
2026-01-04T21:18:36.415251,TRANSFER,2542.65,MEDIUM,0.79
2026-01-04T21:18:38.702199,DEBIT,2420.94,MEDIUM,0.7
2026-01-04T21:18:41.055384,CASH_OUT,1979.94,MEDIUM,0.75
2026-01-04T21:18:43.310024,CASH_OUT,6983.7,MEDIUM,0.77
2026-01-04T21:18:45.629319,TRANSFER,1387.56,LOW,0.05
2026-01-04T21:18:47.960240,CASH_OUT,6504.38,HIGH,0.86
2026-01-04T21:18:50.312214,TRANSFER,2908.84,MEDIUM,0.75
2026-01-04T21:18:52.580434,CASH_OUT,1978.76,MEDIUM,0.7
2026-01-04T21:18:54.900575,DEBIT,7608.52,MEDIUM,0.72
2026-01-04T21:18:57.407985,CASH_IN,7650.48,LOW,0.01
2026-01-04T21:18:59.710210,CASH_OUT,3757.72,HIGH,0.81
2026-01-04T21:19:02.107447,CASH_OUT,9061.74,MEDIUM,0.73
2026-01-04T21:19:04.357348,CASH_OUT,1474.58,HIGH,0.88
2026-01-04T21:19:06.629108,CASH_OUT,8975.5,MEDIUM,0.74
2026-01-04T21:19:08.886093,CASH_OUT,2597.69,HIGH,0.86
2026-01-04T21:19:11.214121,TRANSFER,9433.83,MEDIUM,0.76
2026-01-04T21:19:13.492172,CASH_IN,5307.9,LOW,0.0
2026-01-04T21:19:15.823844,TRANSFER,3109.34,MEDIUM,0.75
2026-01-04T21:19:18.107938,CASH_OUT,7007.08,LOW,0.01
2026-01-04T21:19:20.413916,CASH_OUT,2324.49,HIGH,0.82
2026-01-04T21:19:22.666228,CASH_OUT,4570.62,HIGH,0.88
2026-01-04T21:19:24.998661,DEBIT,4418.32,MEDIUM,0.72
2026-01-04T21:19:27.247626,DEBIT,1006.52,MEDIUM,0.7
2026-01-04T21:19:29.608163,CASH_IN,8201.62,MEDIUM,0.7
2026-01-04T21:19:31.859785,CASH_IN,5955.34,MEDIUM,0.72
2026-01-04T21:19:34.233528,CASH_IN,7619.1,MEDIUM,0.65
2026-01-04T21:19:36.493398,DEBIT,2681.43,LOW,0.01
2026-01-04T21:19:38.790717,PAYMENT,766.51,MEDIUM,0.53
2026-01-04T21:19:41.104752,TRANSFER,3234.34,MEDIUM,0.78
2026-01-04T21:19:43.419024,DEBIT,6175.16,MEDIUM,0.71
2026-01-04T21:19:45.706084,CASH_OUT,4033.27,MEDIUM,0.75
2026-01-04T21:19:48.085666,PAYMENT,8960.58,MEDIUM,0.56
2026-01-04T21:19:50.341728,PAYMENT,5372.06,MEDIUM,0.56
2026-01-04T21:19:52.649833,CASH_IN,468.77,MEDIUM,0.69
2026-01-04T21:19:54.900956,CASH_IN,1937.73,LOW,0.02
2026-01-04T21:19:57.172467,CASH_IN,4134.88,MEDIUM,0.77
2026-01-04T21:19:59.454151,PAYMENT,7525.21,MEDIUM,0.67
2026-01-04T21:20:01.759266,DEBIT,5726.86,LOW,0.05
2026-01-04T21:20:04.053352,PAYMENT,4455.03,LOW,0.0
2026-01-04T21:20:06.334444,DEBIT,6102.65,MEDIUM,0.67
2026-01-04T21:20:08.660459,PAYMENT,7121.0,MEDIUM,0.67
2026-01-04T21:20:10.976105,TRANSFER,364.02,MEDIUM,0.78
2026-01-04T21:20:13.347208,CASH_OUT,7062.04,HIGH,0.82
2026-01-04T21:20:15.652000,PAYMENT,2197.37,LOW,0.0
2026-01-04T21:20:17.955148,CASH_OUT,4415.3,LOW,0.0
2026-01-04T21:20:20.230349,CASH_OUT,8201.14,LOW,0.03
2026-01-04T21:20:22.529917,CASH_IN,9528.51,MEDIUM,0.67
2026-01-04T21:20:24.827673,CASH_IN,3295.31,LOW,0.0
2026-01-04T21:20:27.150473,PAYMENT,1171.04,LOW,0.02
2026-01-04T21:20:29.438025,CASH_OUT,3456.08,LOW,0.03
2026-01-04T21:20:31.797016,PAYMENT,2414.91,LOW,0.0
2026-01-04T21:20:34.043856,CASH_IN,1806.76,MEDIUM,0.73
2026-01-04T21:20:36.293894,DEBIT,7963.43,HIGH,0.82
2026-01-04T21:20:38.652456,PAYMENT,57.12,MEDIUM,0.67
2026-01-04T21:20:40.942133,CASH_OUT,1404.37,MEDIUM,0.76
2026-01-04T21:20:43.217524,DEBIT,5833.75,MEDIUM,0.71
2026-01-04T21:20:45.483274,DEBIT,6321.0,MEDIUM,0.72
2026-01-04T21:20:47.812596,PAYMENT,3124.58,MEDIUM,0.57
2026-01-04T21:20:50.129773,DEBIT,6195.73,MEDIUM,0.71
2026-01-04T21:20:52.401847,TRANSFER,5136.32,MEDIUM,0.73
2026-01-04T21:20:54.851520,PAYMENT,7506.22,LOW,0.0
2026-01-04T21:20:57.103108,CASH_OUT,2130.68,HIGH,0.82
2026-01-04T21:20:59.385587,DEBIT,7820.47,MEDIUM,0.65
2026-01-04T21:21:01.641643,TRANSFER,6648.23,MEDIUM,0.75
2026-01-04T21:21:03.996196,CASH_IN,9643.99,MEDIUM,0.69
2026-01-04T21:21:06.240297,TRANSFER,4821.59,MEDIUM,0.76
2026-01-04T21:21:08.508013,TRANSFER,3613.44,MEDIUM,0.71
2026-01-04T21:21:10.864905,TRANSFER,9318.09,LOW,0.0
2026-01-04T21:21:13.190843,CASH_OUT,4079.76,HIGH,0.81
2026-01-04T21:21:15.470603,PAYMENT,546.55,MEDIUM,0.59
2026-01-04T21:21:17.802816,CASH_OUT,1900.35,LOW,0.04
2026-01-04T21:21:20.053921,TRANSFER,3114.25,LOW,0.0
2026-01-04T21:21:22.320624,CASH_IN,6898.06,MEDIUM,0.63
2026-01-04T21:21:24.567805,PAYMENT,3949.21,LOW,0.03
2026-01-04T21:21:26.843459,PAYMENT,1337.86,MEDIUM,0.53
2026-01-04T21:21:29.115978,CASH_OUT,323.34,MEDIUM,0.78
2026-01-04T21:21:31.467377,PAYMENT,460.46,MEDIUM,0.49
2026-01-04T21:21:33.781375,TRANSFER,2209.41,MEDIUM,0.77
2026-01-04T21:21:36.060113,TRANSFER,1216.63,LOW,0.01
2026-01-04T21:21:38.386952,PAYMENT,7473.55,LOW,0.0
2026-01-04T21:21:40.634518,DEBIT,8997.77,MEDIUM,0.73
2026-01-04T21:21:42.992145,CASH_IN,838.52,MEDIUM,0.69
2026-01-04T21:21:45.304414,CASH_IN,1401.6,MEDIUM,0.69
2026-01-04T21:21:47.599209,PAYMENT,2447.83,LOW,0.02
2026-01-04T21:21:49.904051,DEBIT,929.78,LOW,0.0
2026-01-04T21:21:52.168340,CASH_OUT,2664.04,MEDIUM,0.76
2026-01-04T21:21:54.430625,CASH_IN,1809.31,MEDIUM,0.68
2026-01-04T21:21:56.668446,CASH_OUT,5487.38,LOW,0.02
2026-01-04T21:21:58.951959,CASH_OUT,3761.64,MEDIUM,0.72
2026-01-04T21:22:01.236662,CASH_IN,890.43,MEDIUM,0.62
2026-01-04T21:22:03.505777,CASH_IN,8980.4,MEDIUM,0.66
2026-01-04T21:22:05.811967,PAYMENT,5142.42,MEDIUM,0.53
2026-01-04T21:22:08.134080,CASH_OUT,6085.04,HIGH,0.87
2026-01-04T21:22:10.430810,CASH_OUT,9103.79,LOW,0.02
2026-01-04T21:22:12.692442,CASH_IN,8429.4,MEDIUM,0.65
2026-01-04T21:22:14.956607,CASH_IN,188.74,MEDIUM,0.71
2026-01-04T21:22:17.230631,PAYMENT,8727.34,MEDIUM,0.59
2026-01-04T21:22:19.537765,CASH_OUT,7280.93,MEDIUM,0.71
2026-01-04T21:22:21.850842,DEBIT,7048.67,MEDIUM,0.73
2026-01-04T21:22:24.132539,CASH_OUT,1215.23,LOW,0.08
2026-01-04T21:22:26.384522,CASH_IN,43.9,MEDIUM,0.65
2026-01-04T21:22:28.619776,PAYMENT,7835.0,MEDIUM,0.58
2026-01-04T21:22:30.867845,CASH_OUT,6874.73,HIGH,0.88
2026-01-04T21:22:33.202147,CASH_OUT,8555.54,MEDIUM,0.77
2026-01-04T21:22:35.492587,TRANSFER,5965.92,HIGH,0.82
2026-01-04T21:22:37.800609,CASH_IN,7846.8,LOW,0.0
2026-01-04T21:22:40.058500,TRANSFER,3072.44,MEDIUM,0.75
2026-01-04T21:22:42.491759,TRANSFER,884.76,LOW,0.01
2026-01-04T21:22:44.770773,TRANSFER,8234.33,MEDIUM,0.77
2026-01-04T21:22:47.085691,DEBIT,835.0,LOW,0.01
2026-01-04T21:22:49.374917,DEBIT,4933.92,LOW,0.0
2026-01-04T21:22:51.726804,TRANSFER,7535.86,LOW,0.0
2026-01-04T21:22:54.070807,DEBIT,302.01,LOW,0.05
2026-01-04T21:22:56.348268,CASH_IN,3339.07,MEDIUM,0.69
2026-01-04T21:22:58.670191,PAYMENT,2200.61,MEDIUM,0.65
2026-01-04T21:23:01.009147,CASH_IN,9639.22,MEDIUM,0.68
2026-01-04T21:23:03.281240,CASH_OUT,654.79,LOW,0.02
2026-01-04T21:23:05.553919,CASH_IN,6620.07,MEDIUM,0.75
2026-01-04T21:23:07.821797,PAYMENT,5196.6,MEDIUM,0.59
2026-01-04T21:23:10.083136,TRANSFER,5619.84,MEDIUM,0.76
2026-01-04T21:23:12.400725,CASH_OUT,1627.97,LOW,0.01
2026-01-04T21:23:14.776383,DEBIT,6575.23,MEDIUM,0.73
2026-01-04T21:23:17.076894,TRANSFER,7196.34,LOW,0.0
2026-01-04T21:23:19.494315,TRANSFER,1305.46,MEDIUM,0.77
2026-01-04T21:23:21.787162,TRANSFER,1434.28,LOW,0.04
2026-01-04T21:23:24.094884,DEBIT,2858.19,MEDIUM,0.68
2026-01-04T21:23:26.442284,PAYMENT,9292.93,LOW,0.0
2026-01-04T21:23:28.756264,CASH_OUT,9090.85,LOW,0.01
2026-01-04T21:23:31.017678,CASH_IN,242.4,MEDIUM,0.77
2026-01-04T21:23:33.308274,CASH_OUT,6239.76,HIGH,0.88
2026-01-04T21:23:35.586892,CASH_OUT,3921.57,HIGH,0.84
2026-01-04T21:23:37.901264,PAYMENT,8745.79,MEDIUM,0.58
2026-01-04T21:23:40.160528,TRANSFER,4447.37,HIGH,0.84
2026-01-04T21:23:42.458015,CASH_IN,7930.0,MEDIUM,0.67
2026-01-04T21:23:44.776997,CASH_IN,7264.33,MEDIUM,0.69
2026-01-04T21:23:47.124269,CASH_OUT,3754.38,MEDIUM,0.77
2026-01-04T21:23:49.404842,PAYMENT,2920.13,MEDIUM,0.57
2026-01-04T21:23:51.689045,PAYMENT,3002.55,LOW,0.0
2026-01-04T21:23:53.971484,DEBIT,5533.23,MEDIUM,0.72
2026-01-04T21:23:56.287312,DEBIT,6990.93,HIGH,0.82
2026-01-04T21:23:58.565797,PAYMENT,2408.44,MEDIUM,0.66
2026-01-04T21:24:00.846072,DEBIT,5138.79,MEDIUM,0.64
2026-01-04T21:24:03.125417,CASH_OUT,1014.33,LOW,0.04
2026-01-04T21:24:05.414467,PAYMENT,5041.59,LOW,0.0
2026-01-04T21:24:07.911438,CASH_OUT,9712.97,LOW,0.07
2026-01-04T21:24:10.201653,CASH_IN,9817.1,LOW,0.0
2026-01-04T21:24:12.477883,TRANSFER,4411.4,MEDIUM,0.76
2026-01-04T21:24:14.719469,PAYMENT,3677.06,LOW,0.0
2026-01-04T21:24:16.968670,CASH_OUT,2470.41,MEDIUM,0.76
2026-01-04T21:24:19.221126,CASH_OUT,8398.04,LOW,0.02
2026-01-04T21:24:21.481843,PAYMENT,9201.85,MEDIUM,0.6
2026-01-04T21:24:23.744366,DEBIT,5477.6,MEDIUM,0.71
2026-01-04T21:24:26.141942,DEBIT,8088.14,HIGH,0.81
2026-01-04T21:24:28.452752,CASH_OUT,4173.22,MEDIUM,0.79
2026-01-04T21:24:30.758037,TRANSFER,6955.96,LOW,0.01
2026-01-04T21:24:33.157981,DEBIT,7364.39,MEDIUM,0.77
2026-01-04T21:24:35.413828,TRANSFER,7905.46,HIGH,0.83
2026-01-04T21:24:37.665698,CASH_IN,7580.81,MEDIUM,0.66
2026-01-04T21:24:39.916054,DEBIT,8871.05,MEDIUM,0.72
2026-01-04T21:24:42.189380,CASH_OUT,7745.51,HIGH,0.88
2026-01-04T21:24:44.465338,DEBIT,5901.13,LOW,0.0
2026-01-04T21:24:46.750567,CASH_IN,2557.36,MEDIUM,0.65
2026-01-04T21:24:49.032776,DEBIT,2125.51,LOW,0.0
2026-01-04T21:24:51.295033,CASH_IN,1034.53,MEDIUM,0.69
2026-01-04T21:24:53.571736,DEBIT,8186.41,MEDIUM,0.68
2026-01-04T21:24:55.846612,CASH_IN,1562.36,MEDIUM,0.65
2026-01-04T21:24:58.104458,DEBIT,2425.48,LOW,0.0
2026-01-04T21:25:00.493177,CASH_IN,8917.14,MEDIUM,0.77
2026-01-04T21:25:02.778064,CASH_IN,1953.25,MEDIUM,0.69
2026-01-04T21:25:05.053503,TRANSFER,7629.47,LOW,0.02
2026-01-04T21:25:07.379045,TRANSFER,2546.38,MEDIUM,0.75
2026-01-04T21:25:09.664930,TRANSFER,7806.26,LOW,0.0
2026-01-04T21:25:11.962340,CASH_OUT,9163.2,MEDIUM,0.71
2026-01-04T21:25:14.218088,CASH_OUT,2372.18,LOW,0.08
2026-01-04T21:25:16.495957,CASH_IN,1318.9,MEDIUM,0.75
2026-01-04T21:25:18.778076,DEBIT,1782.9,MEDIUM,0.64
2026-01-04T21:25:21.090967,TRANSFER,3835.01,MEDIUM,0.79
2026-01-04T21:25:23.369282,DEBIT,1506.31,HIGH,0.81
2026-01-04T21:25:25.667187,CASH_IN,5296.83,MEDIUM,0.69
2026-01-04T21:25:27.925773,CASH_OUT,3741.07,MEDIUM,0.79
2026-01-04T21:25:30.208292,DEBIT,2420.26,MEDIUM,0.68
2026-01-04T21:25:32.516684,CASH_OUT,6635.33,MEDIUM,0.75
2026-01-04T21:25:34.824766,DEBIT,2860.28,MEDIUM,0.69
2026-01-04T21:25:37.160628,PAYMENT,4984.04,MEDIUM,0.67
2026-01-04T21:25:39.529901,CASH_OUT,4727.74,LOW,0.03
2026-01-04T21:25:41.789010,CASH_IN,3298.5,LOW,0.0
2026-01-04T21:25:44.055108,TRANSFER,3448.55,MEDIUM,0.75
2026-01-04T21:25:46.307432,DEBIT,9978.6,LOW,0.0
2026-01-04T21:25:48.575244,DEBIT,2346.63,LOW,0.0
2026-01-04T21:25:50.939929,DEBIT,6318.15,MEDIUM,0.76
2026-01-04T21:25:53.188714,PAYMENT,4611.2,MEDIUM,0.57
2026-01-04T21:25:55.477016,TRANSFER,67.11,LOW,0.06
2026-01-04T21:25:57.724123,DEBIT,3500.57,MEDIUM,0.76
2026-01-04T21:25:59.969350,CASH_OUT,9392.86,LOW,0.0
2026-01-04T21:26:02.239394,CASH_IN,2630.25,MEDIUM,0.69
2026-01-04T21:26:04.488661,CASH_IN,7218.66,LOW,0.0
2026-01-04T21:26:06.741122,CASH_IN,1299.29,MEDIUM,0.67
2026-01-04T21:26:08.999194,PAYMENT,1715.66,LOW,0.02
2026-01-04T21:26:11.343176,PAYMENT,573.62,MEDIUM,0.6
2026-01-04T21:26:13.634531,CASH_IN,9214.2,LOW,0.0
2026-01-04T21:26:15.884434,TRANSFER,2865.8,HIGH,0.83
2026-01-04T21:26:18.149002,CASH_IN,3958.79,MEDIUM,0.72
2026-01-04T21:26:20.419400,PAYMENT,9278.15,LOW,0.0
2026-01-04T21:26:22.672277,DEBIT,4223.63,MEDIUM,0.77
2026-01-04T21:26:25.000519,CASH_IN,5299.09,LOW,0.0
2026-01-04T21:26:27.258178,DEBIT,273.75,MEDIUM,0.68
2026-01-04T21:26:29.517593,CASH_IN,6327.42,MEDIUM,0.77
2026-01-04T21:26:31.825290,DEBIT,6080.54,MEDIUM,0.66
2026-01-04T21:26:34.115225,DEBIT,4187.21,LOW,0.0
2026-01-04T21:26:36.372632,PAYMENT,9178.44,LOW,0.0
2026-01-04T21:26:38.623145,TRANSFER,8706.4,MEDIUM,0.74
2026-01-04T21:26:40.877908,TRANSFER,2703.47,MEDIUM,0.75
2026-01-04T21:26:43.172180,CASH_OUT,5453.6,HIGH,0.86
2026-01-04T21:26:45.424212,DEBIT,2874.28,MEDIUM,0.74
2026-01-04T21:26:47.693723,DEBIT,9099.41,LOW,0.0
2026-01-04T21:26:49.961628,CASH_IN,8073.08,LOW,0.0
2026-01-04T21:26:52.230319,TRANSFER,7357.53,HIGH,0.84
2026-01-04T21:26:54.492768,CASH_IN,9401.22,MEDIUM,0.72
2026-01-04T21:26:56.736317,DEBIT,4252.3,MEDIUM,0.65
2026-01-04T21:26:59.017861,PAYMENT,424.49,MEDIUM,0.57
2026-01-04T21:27:01.289399,CASH_IN,5251.85,MEDIUM,0.75
2026-01-04T21:27:03.538559,CASH_IN,5851.66,MEDIUM,0.65
2026-01-04T21:27:05.834034,CASH_OUT,3158.39,MEDIUM,0.73
2026-01-04T21:27:08.087459,PAYMENT,810.2,MEDIUM,0.59
2026-01-04T21:27:10.336575,TRANSFER,6403.05,LOW,0.02
2026-01-04T21:27:12.586170,CASH_OUT,5786.57,LOW,0.02
2026-01-04T21:27:14.893199,CASH_IN,6313.4,MEDIUM,0.69
2026-01-04T21:27:17.234891,DEBIT,104.53,LOW,0.0
2026-01-04T21:27:19.585572,CASH_IN,1701.96,MEDIUM,0.65
2026-01-04T21:27:21.863861,PAYMENT,852.08,LOW,0.0
2026-01-04T21:27:24.155695,CASH_OUT,1170.19,MEDIUM,0.68
2026-01-04T21:27:26.462241,TRANSFER,3623.26,MEDIUM,0.66
2026-01-04T21:27:28.782267,CASH_IN,1674.87,MEDIUM,0.65
2026-01-04T21:27:31.105625,CASH_OUT,7222.1,LOW,0.05
2026-01-04T21:27:33.394372,PAYMENT,9443.74,LOW,0.0
2026-01-04T21:27:35.690673,DEBIT,3194.54,MEDIUM,0.73
2026-01-04T21:27:37.993879,TRANSFER,6835.06,MEDIUM,0.67
2026-01-04T21:27:40.283016,TRANSFER,4145.02,LOW,0.02
2026-01-04T21:27:42.594451,PAYMENT,7362.08,LOW,0.0
2026-01-04T21:27:44.908265,TRANSFER,8578.05,MEDIUM,0.77
2026-01-04T21:27:47.169002,CASH_IN,4668.16,LOW,0.01
2026-01-04T21:27:49.467449,CASH_OUT,7853.66,MEDIUM,0.78
2026-01-04T21:27:51.732804,TRANSFER,6773.73,LOW,0.01
2026-01-04T21:27:54.021688,TRANSFER,9139.83,LOW,0.0
2026-01-04T21:27:56.313460,CASH_IN,4009.31,MEDIUM,0.67
2026-01-04T21:27:58.586712,PAYMENT,7183.32,LOW,0.0
2026-01-04T21:28:00.861664,DEBIT,7349.06,MEDIUM,0.74
2026-01-04T21:28:03.119573,TRANSFER,4083.1,LOW,0.01
2026-01-04T21:28:05.384314,PAYMENT,7426.93,LOW,0.03
2026-01-04T21:28:07.631627,CASH_IN,248.21,MEDIUM,0.76
2026-01-04T21:28:09.880095,CASH_IN,9415.05,MEDIUM,0.62
2026-01-04T21:28:12.178830,CASH_IN,3809.97,MEDIUM,0.69
2026-01-04T21:28:14.483028,CASH_OUT,5346.28,MEDIUM,0.76
2026-01-04T21:28:16.767909,PAYMENT,1791.85,MEDIUM,0.65
2026-01-04T21:28:19.021510,CASH_OUT,5326.39,LOW,0.03
2026-01-04T21:28:21.331862,CASH_OUT,572.02,HIGH,0.83
2026-01-04T21:28:23.596151,PAYMENT,4867.36,MEDIUM,0.64
2026-01-04T21:28:25.867290,CASH_OUT,5409.13,MEDIUM,0.76
2026-01-04T21:28:28.113140,DEBIT,7036.0,LOW,0.0
2026-01-04T21:28:30.370198,DEBIT,9483.27,LOW,0.01
2026-01-04T21:28:32.648013,PAYMENT,7948.53,MEDIUM,0.67
2026-01-04T21:28:34.908326,DEBIT,7864.26,MEDIUM,0.73
2026-01-04T21:28:37.157246,CASH_IN,1058.6,MEDIUM,0.68
2026-01-04T21:28:39.411809,CASH_OUT,782.35,MEDIUM,0.77
2026-01-04T21:28:41.719217,PAYMENT,2905.1,MEDIUM,0.52
2026-01-04T21:28:43.979426,CASH_IN,7522.94,MEDIUM,0.77
2026-01-04T21:28:46.260297,CASH_OUT,6383.55,MEDIUM,0.73
2026-01-04T21:28:48.513268,CASH_OUT,9536.89,MEDIUM,0.75
2026-01-04T21:28:50.782090,TRANSFER,5401.84,MEDIUM,0.76
2026-01-04T21:28:53.056297,CASH_OUT,3757.37,LOW,0.01
2026-01-04T21:28:55.325222,CASH_IN,5079.04,LOW,0.0
2026-01-04T21:28:57.601346,DEBIT,7555.94,MEDIUM,0.77
2026-01-04T21:28:59.862805,CASH_OUT,6026.46,LOW,0.0
2026-01-04T21:29:02.175646,TRANSFER,825.96,MEDIUM,0.73
2026-01-04T21:29:04.477490,CASH_OUT,5018.74,MEDIUM,0.75
2026-01-04T21:29:06.747088,CASH_OUT,2661.94,MEDIUM,0.73
2026-01-04T21:29:09.022266,DEBIT,1615.3,LOW,0.0
2026-01-04T21:29:11.260207,CASH_OUT,8804.78,MEDIUM,0.77
2026-01-04T21:29:13.504598,CASH_OUT,4277.03,LOW,0.03
2026-01-04T21:29:15.778749,CASH_IN,8080.99,MEDIUM,0.68
2026-01-04T21:29:18.022617,DEBIT,7507.95,LOW,0.0
2026-01-04T21:29:20.420614,CASH_OUT,6449.02,MEDIUM,0.75
2026-01-04T21:29:22.669718,PAYMENT,6970.96,LOW,0.0
2026-01-04T21:29:24.939591,CASH_IN,185.82,MEDIUM,0.77
2026-01-04T21:29:27.187703,PAYMENT,431.89,MEDIUM,0.56
2026-01-04T21:29:29.447921,TRANSFER,7762.03,HIGH,0.84
2026-01-04T21:29:31.696433,CASH_OUT,1407.61,LOW,0.02
2026-01-04T21:29:33.936377,DEBIT,6721.8,LOW,0.0
2026-01-04T21:29:36.195412,PAYMENT,1697.39,MEDIUM,0.6
2026-01-04T21:29:38.459410,PAYMENT,7080.04,MEDIUM,0.59
2026-01-04T21:29:40.701419,TRANSFER,2677.59,MEDIUM,0.73
2026-01-04T21:29:42.985769,DEBIT,5126.8,LOW,0.0
2026-01-04T21:29:45.418581,DEBIT,4442.59,LOW,0.02
2026-01-04T21:29:47.749719,CASH_IN,5968.76,LOW,0.0
2026-01-04T21:29:50.069927,CASH_IN,4808.0,LOW,0.01
2026-01-04T21:29:52.326359,PAYMENT,7250.05,MEDIUM,0.57
2026-01-04T21:29:54.574428,PAYMENT,477.83,MEDIUM,0.63
2026-01-04T21:29:56.833592,CASH_IN,3118.49,MEDIUM,0.68
2026-01-04T21:29:59.200062,PAYMENT,665.14,MEDIUM,0.59
2026-01-04T21:30:01.447278,PAYMENT,528.06,MEDIUM,0.53
2026-01-04T21:30:03.695891,CASH_IN,3827.73,MEDIUM,0.7
2026-01-04T21:30:05.969932,PAYMENT,6211.64,MEDIUM,0.53
2026-01-04T21:30:08.254036,CASH_OUT,8700.66,MEDIUM,0.68
2026-01-04T21:30:10.556703,CASH_OUT,3419.54,MEDIUM,0.74
2026-01-04T21:30:12.851355,DEBIT,5084.27,LOW,0.05
2026-01-04T21:30:15.107501,CASH_IN,596.75,LOW,0.0
2026-01-04T21:30:17.365369,TRANSFER,3035.36,LOW,0.04
2026-01-04T21:30:19.607743,CASH_IN,1023.23,MEDIUM,0.72
2026-01-04T21:30:21.903257,PAYMENT,7118.02,MEDIUM,0.66
2026-01-04T21:30:24.173000,TRANSFER,9953.21,HIGH,0.83
2026-01-04T21:30:26.437576,DEBIT,9373.15,MEDIUM,0.77
2026-01-04T21:30:28.698566,CASH_IN,2211.87,LOW,0.0
2026-01-04T21:30:30.953845,CASH_OUT,9869.31,MEDIUM,0.77
2026-01-04T21:30:33.218110,PAYMENT,539.39,MEDIUM,0.57
2026-01-04T21:30:35.491653,DEBIT,6386.69,LOW,0.0
2026-01-04T21:30:37.769312,TRANSFER,4519.73,LOW,0.06
2026-01-04T21:30:40.016607,CASH_OUT,1730.84,MEDIUM,0.74
2026-01-04T21:30:42.274808,PAYMENT,7510.17,MEDIUM,0.59
2026-01-04T21:30:44.576090,CASH_OUT,3664.8,LOW,0.01
2026-01-04T21:30:46.875785,TRANSFER,6269.58,MEDIUM,0.77
2026-01-04T21:30:49.137901,CASH_OUT,2392.69,MEDIUM,0.77
2026-01-04T21:30:51.417357,TRANSFER,4432.6,LOW,0.05
2026-01-04T21:30:53.702548,TRANSFER,3850.6,HIGH,0.84
2026-01-04T21:30:55.968620,PAYMENT,1596.04,MEDIUM,0.67
2026-01-04T21:30:58.221084,DEBIT,3479.5,LOW,0.0
2026-01-04T21:31:00.464453,DEBIT,8255.89,MEDIUM,0.72
2026-01-04T21:31:02.745515,DEBIT,1801.25,MEDIUM,0.71
2026-01-04T21:31:05.038517,PAYMENT,6992.25,MEDIUM,0.58
2026-01-04T21:31:07.317838,CASH_IN,5529.51,MEDIUM,0.62
2026-01-04T21:31:09.587452,PAYMENT,9837.13,MEDIUM,0.57
2026-01-04T21:31:11.991183,TRANSFER,9359.38,MEDIUM,0.73
2026-01-04T21:31:14.263372,TRANSFER,7158.24,LOW,0.02
2026-01-04T21:31:16.551139,TRANSFER,4860.17,MEDIUM,0.66
2026-01-04T21:31:18.821904,CASH_OUT,7914.52,LOW,0.01
2026-01-04T21:31:21.103016,PAYMENT,6324.3,MEDIUM,0.64
2026-01-04T21:31:23.352120,TRANSFER,9617.55,LOW,0.01
2026-01-04T21:31:25.608883,CASH_IN,1677.57,MEDIUM,0.72
2026-01-04T21:31:27.853036,CASH_IN,9119.42,MEDIUM,0.67
2026-01-04T21:31:30.126345,CASH_OUT,4483.28,MEDIUM,0.8
2026-01-04T21:31:32.391634,CASH_OUT,5416.28,LOW,0.08
2026-01-04T21:31:34.643006,PAYMENT,5169.9,LOW,0.0
2026-01-04T21:31:36.918187,PAYMENT,1190.41,MEDIUM,0.59
2026-01-04T21:31:39.178203,CASH_OUT,5561.79,LOW,0.22
2026-01-04T21:31:41.507703,DEBIT,7975.69,LOW,0.0
2026-01-04T21:31:43.756339,PAYMENT,8838.73,MEDIUM,0.64
2026-01-04T21:31:46.060068,CASH_IN,2949.18,MEDIUM,0.65
2026-01-04T21:31:48.376772,CASH_IN,4039.16,MEDIUM,0.74
2026-01-04T21:31:50.657589,CASH_OUT,1342.0,LOW,0.12
2026-01-04T21:31:52.924714,CASH_IN,2882.73,MEDIUM,0.69
2026-01-04T21:31:55.213669,CASH_OUT,7256.07,MEDIUM,0.75
2026-01-04T21:31:57.525541,DEBIT,2076.51,HIGH,0.83
2026-01-04T21:31:59.804195,CASH_IN,9968.87,MEDIUM,0.69
2026-01-04T21:32:02.060899,DEBIT,503.41,MEDIUM,0.65
2026-01-04T21:32:04.364527,CASH_OUT,7078.39,MEDIUM,0.77
2026-01-04T21:32:06.619514,TRANSFER,6966.21,MEDIUM,0.73
2026-01-04T21:32:08.915682,CASH_OUT,6839.96,LOW,0.02
2026-01-04T21:32:11.243793,CASH_OUT,5436.04,MEDIUM,0.76
2026-01-04T21:32:13.492736,CASH_IN,8929.27,MEDIUM,0.67
2026-01-04T21:32:15.785886,TRANSFER,9149.15,MEDIUM,0.8
2026-01-04T21:32:18.071227,CASH_IN,5291.35,MEDIUM,0.69
2026-01-04T21:32:20.328247,TRANSFER,5180.38,MEDIUM,0.74
2026-01-04T21:32:22.600080,TRANSFER,39.99,LOW,0.0
2026-01-04T21:32:25.023892,DEBIT,4856.28,LOW,0.05
2026-01-04T21:32:27.260662,CASH_IN,3831.4,LOW,0.01
2026-01-04T21:32:29.500993,TRANSFER,1137.06,MEDIUM,0.8
2026-01-04T21:32:31.756894,CASH_OUT,8834.33,MEDIUM,0.75
2026-01-04T21:32:34.015814,CASH_IN,3685.76,MEDIUM,0.62
2026-01-04T21:32:36.429145,CASH_OUT,324.93,MEDIUM,0.79
2026-01-04T21:32:38.738491,DEBIT,8901.33,LOW,0.0
2026-01-04T21:32:41.007804,DEBIT,1397.13,MEDIUM,0.7
2026-01-04T21:32:43.291087,CASH_OUT,2470.88,LOW,0.01
2026-01-04T21:32:45.547768,CASH_OUT,5813.22,MEDIUM,0.77
2026-01-04T21:32:47.808302,CASH_OUT,2587.88,MEDIUM,0.74
2026-01-04T21:32:50.099536,PAYMENT,9616.85,MEDIUM,0.53
2026-01-04T21:32:52.382234,DEBIT,9869.43,HIGH,0.82
2026-01-04T21:32:54.669537,PAYMENT,3908.36,MEDIUM,0.54
2026-01-04T21:32:56.935675,CASH_IN,9550.53,LOW,0.04
2026-01-04T21:32:59.228053,CASH_OUT,6044.28,MEDIUM,0.74
2026-01-04T21:33:01.492291,CASH_OUT,3901.09,MEDIUM,0.72
2026-01-04T21:33:03.775593,CASH_OUT,302.97,HIGH,0.84
2026-01-04T21:33:06.035148,PAYMENT,4543.67,MEDIUM,0.53
2026-01-04T21:33:08.292896,DEBIT,7647.51,MEDIUM,0.73
2026-01-04T21:33:10.538645,PAYMENT,706.1,MEDIUM,0.58
2026-01-04T21:33:12.817642,CASH_IN,52.63,LOW,0.02
2026-01-04T21:33:15.068955,CASH_OUT,7113.87,HIGH,0.87
2026-01-04T21:33:17.319886,CASH_OUT,4474.58,LOW,0.12
2026-01-04T21:33:19.593273,CASH_IN,8130.83,LOW,0.0
2026-01-04T21:33:21.849093,DEBIT,7681.21,HIGH,0.82
2026-01-04T21:33:24.096783,CASH_IN,8609.43,MEDIUM,0.66
2026-01-04T21:33:26.359866,TRANSFER,8533.04,MEDIUM,0.76
2026-01-04T21:33:28.615139,CASH_IN,8924.09,MEDIUM,0.62
2026-01-04T21:33:30.849719,TRANSFER,2273.85,HIGH,0.83
2026-01-04T21:33:33.109454,PAYMENT,6779.98,MEDIUM,0.59
2026-01-04T21:33:35.425954,DEBIT,7050.68,MEDIUM,0.62
2026-01-04T21:33:37.681338,DEBIT,8339.51,LOW,0.0
2026-01-04T21:33:39.963095,PAYMENT,2653.57,LOW,0.0
2026-01-04T21:33:42.225535,PAYMENT,6082.69,MEDIUM,0.59
2026-01-04T21:33:44.473793,CASH_OUT,8861.08,HIGH,0.85
2026-01-04T21:33:46.722740,CASH_OUT,1221.43,LOW,0.09
2026-01-04T21:33:48.964220,CASH_OUT,5067.11,HIGH,0.86
2026-01-04T21:33:51.201107,CASH_IN,949.09,MEDIUM,0.69
2026-01-04T21:33:53.436403,TRANSFER,5466.6,LOW,0.01
2026-01-04T21:33:55.681846,PAYMENT,791.9,MEDIUM,0.66
2026-01-04T21:33:57.929383,PAYMENT,4841.6,MEDIUM,0.52
2026-01-04T21:34:00.176915,TRANSFER,9174.03,LOW,0.02
2026-01-04T21:34:02.426066,DEBIT,3019.34,MEDIUM,0.65
2026-01-04T21:34:04.694993,DEBIT,6359.64,HIGH,0.81
2026-01-04T21:34:06.977199,DEBIT,6941.15,MEDIUM,0.72
2026-01-04T21:34:09.221237,TRANSFER,6013.72,MEDIUM,0.74
2026-01-04T21:34:11.462496,CASH_IN,11.54,MEDIUM,0.65
2026-01-04T21:34:13.702865,PAYMENT,790.04,MEDIUM,0.64
2026-01-04T21:34:15.966568,CASH_IN,8433.7,MEDIUM,0.69
2026-01-04T21:34:18.232990,CASH_OUT,6014.64,LOW,0.0
2026-01-04T21:34:20.508251,TRANSFER,4271.28,LOW,0.0
2026-01-04T21:34:22.745253,CASH_IN,6963.22,MEDIUM,0.63
2026-01-04T21:34:24.994443,DEBIT,6700.59,HIGH,0.82
2026-01-04T21:34:27.263340,DEBIT,4359.53,MEDIUM,0.77
2026-01-04T21:34:29.503386,CASH_OUT,3118.65,LOW,0.01
2026-01-04T21:34:31.740080,CASH_OUT,8969.04,HIGH,0.87
2026-01-04T21:34:33.991264,TRANSFER,4256.12,MEDIUM,0.72
2026-01-04T21:34:36.305081,TRANSFER,4907.48,MEDIUM,0.75
2026-01-04T21:34:38.595130,DEBIT,128.69,MEDIUM,0.72
2026-01-04T21:34:40.842670,CASH_OUT,8784.92,MEDIUM,0.74
2026-01-04T21:34:43.114745,PAYMENT,426.51,LOW,0.0
2026-01-04T21:34:45.468758,CASH_IN,123.21,MEDIUM,0.63
2026-01-04T21:34:47.775092,CASH_OUT,2031.63,LOW,0.01
2026-01-04T21:34:50.046665,CASH_OUT,1020.23,LOW,0.07
2026-01-04T21:34:52.303280,DEBIT,4632.78,LOW,0.02
2026-01-04T21:34:54.572334,CASH_OUT,9641.57,LOW,0.02
2026-01-04T21:34:56.833385,CASH_IN,4420.49,MEDIUM,0.69
2026-01-04T21:34:59.128679,PAYMENT,3421.43,LOW,0.02
2026-01-04T21:35:01.429409,CASH_OUT,7985.2,HIGH,0.82
2026-01-04T21:35:03.751553,DEBIT,5572.37,MEDIUM,0.72
2026-01-04T21:35:06.007872,PAYMENT,5001.32,MEDIUM,0.67
2026-01-04T21:35:08.285948,PAYMENT,1740.84,MEDIUM,0.53
2026-01-04T21:35:10.545034,CASH_IN,2642.49,MEDIUM,0.7
2026-01-04T21:35:12.802641,DEBIT,2050.09,MEDIUM,0.73
2026-01-04T21:35:15.048991,CASH_OUT,8239.37,LOW,0.0
2026-01-04T21:35:17.324920,CASH_IN,7631.7,LOW,0.04
2026-01-04T21:35:19.581865,DEBIT,8465.26,LOW,0.0
2026-01-04T21:35:21.844083,TRANSFER,521.3,MEDIUM,0.77
2026-01-04T21:35:24.124147,CASH_IN,5841.27,MEDIUM,0.67
2026-01-04T21:35:26.385867,CASH_OUT,2649.77,LOW,0.0
2026-01-04T21:35:28.669526,DEBIT,9979.56,MEDIUM,0.7
2026-01-04T21:35:30.921526,CASH_IN,7430.81,MEDIUM,0.7
2026-01-04T21:35:33.181382,CASH_IN,711.52,LOW,0.06
2026-01-04T21:35:35.440223,CASH_IN,4662.83,MEDIUM,0.68
2026-01-04T21:35:37.871817,DEBIT,9546.22,MEDIUM,0.73
2026-01-04T21:35:40.147372,TRANSFER,8033.92,LOW,0.01
2026-01-04T21:35:42.433465,CASH_IN,5068.92,LOW,0.01
2026-01-04T21:35:44.724239,TRANSFER,7714.79,MEDIUM,0.67
2026-01-04T21:35:46.973882,TRANSFER,6223.37,LOW,0.0
2026-01-04T21:35:49.266838,CASH_OUT,212.04,LOW,0.02
2026-01-04T21:35:51.508851,CASH_IN,4999.13,MEDIUM,0.7
2026-01-04T21:35:53.745132,CASH_IN,3350.32,LOW,0.0
2026-01-04T21:35:55.983684,CASH_OUT,1555.7,LOW,0.1
2026-01-04T21:35:58.259356,TRANSFER,3443.61,MEDIUM,0.74
2026-01-04T21:36:00.521386,TRANSFER,456.13,LOW,0.01
2026-01-04T21:36:02.774032,PAYMENT,5248.03,MEDIUM,0.57
2026-01-04T21:36:05.025513,TRANSFER,5078.41,HIGH,0.84
2026-01-04T21:36:07.266686,DEBIT,4444.15,MEDIUM,0.73
2026-01-04T21:36:09.540753,CASH_OUT,8962.31,MEDIUM,0.77
2026-01-04T21:36:11.804270,TRANSFER,9009.82,MEDIUM,0.75
2026-01-04T21:36:14.088445,TRANSFER,5915.01,MEDIUM,0.69
2026-01-04T21:36:16.402688,CASH_IN,8480.76,MEDIUM,0.7
2026-01-04T21:36:18.652567,CASH_OUT,5538.44,HIGH,0.81
2026-01-04T21:36:20.893695,CASH_OUT,804.38,MEDIUM,0.78
2026-01-04T21:36:23.145940,CASH_IN,2111.41,LOW,0.0
2026-01-04T21:36:25.420551,CASH_IN,8775.04,MEDIUM,0.77
2026-01-04T21:36:27.697673,TRANSFER,9431.71,LOW,0.02
2026-01-04T21:36:29.967184,CASH_OUT,6733.81,MEDIUM,0.77
2026-01-04T21:36:32.220935,PAYMENT,400.92,MEDIUM,0.53
2026-01-04T21:36:34.472869,PAYMENT,1790.35,MEDIUM,0.59
2026-01-04T21:36:36.751606,DEBIT,7185.17,MEDIUM,0.72
2026-01-04T21:36:39.027176,CASH_OUT,9846.79,HIGH,0.86
2026-01-04T21:36:41.344239,PAYMENT,5672.75,LOW,0.0
2026-01-04T21:36:43.635058,PAYMENT,101.92,MEDIUM,0.64
2026-01-04T21:36:45.930089,CASH_OUT,3594.19,HIGH,0.87
2026-01-04T21:36:48.210172,DEBIT,2174.66,MEDIUM,0.69
2026-01-04T21:36:50.460904,TRANSFER,5198.16,MEDIUM,0.73
2026-01-04T21:36:52.742767,CASH_IN,6713.64,MEDIUM,0.65
2026-01-04T21:36:54.992432,CASH_OUT,4989.38,LOW,0.03
2026-01-04T21:36:57.280567,CASH_IN,2821.18,MEDIUM,0.69
2026-01-04T21:36:59.581978,TRANSFER,6180.21,MEDIUM,0.77
2026-01-04T21:37:01.836566,PAYMENT,8521.02,MEDIUM,0.58
2026-01-04T21:37:04.108320,DEBIT,8878.81,MEDIUM,0.75
2026-01-04T21:37:06.401129,DEBIT,1781.5,LOW,0.0
2026-01-04T21:37:08.682283,CASH_IN,1331.49,MEDIUM,0.7
2026-01-04T21:37:10.932671,DEBIT,6993.33,MEDIUM,0.7
2026-01-04T21:37:13.224283,PAYMENT,8465.88,MEDIUM,0.53
2026-01-04T21:37:15.483706,DEBIT,756.56,MEDIUM,0.72
2026-01-04T21:37:17.756173,PAYMENT,1748.44,MEDIUM,0.59
2026-01-04T21:37:20.003614,CASH_OUT,7176.17,LOW,0.07
2026-01-04T21:37:22.290095,DEBIT,3190.07,MEDIUM,0.68
2026-01-04T21:37:24.570589,CASH_OUT,9978.56,MEDIUM,0.75
2026-01-04T21:37:26.835946,TRANSFER,6743.63,LOW,0.0
2026-01-04T21:37:29.092550,CASH_IN,1378.68,MEDIUM,0.67
2026-01-04T21:37:31.360444,CASH_IN,3182.12,LOW,0.0
2026-01-04T21:37:33.627755,PAYMENT,5587.09,MEDIUM,0.59
2026-01-04T21:37:35.903617,DEBIT,7503.22,LOW,0.0
2026-01-04T21:37:38.183674,DEBIT,5563.44,MEDIUM,0.71
2026-01-04T21:37:40.422195,PAYMENT,4243.2,MEDIUM,0.66
2026-01-04T21:37:42.686808,CASH_OUT,3885.45,HIGH,0.82
2026-01-04T21:37:44.934575,CASH_IN,3317.84,MEDIUM,0.76
2026-01-04T21:37:47.208923,PAYMENT,2195.09,MEDIUM,0.56
2026-01-04T21:37:49.478114,DEBIT,2509.94,MEDIUM,0.72
2026-01-04T21:37:51.741666,DEBIT,5007.95,LOW,0.0
2026-01-04T21:37:53.988522,TRANSFER,7268.74,LOW,0.03
2026-01-04T21:37:56.238181,DEBIT,3703.81,LOW,0.02
2026-01-04T21:37:58.494273,TRANSFER,4556.74,MEDIUM,0.78
2026-01-04T21:38:00.824466,CASH_IN,8801.35,MEDIUM,0.6
2026-01-04T21:38:03.074252,CASH_IN,4503.44,MEDIUM,0.69
2026-01-04T21:38:05.330743,DEBIT,3425.3,MEDIUM,0.72
2026-01-04T21:38:07.580861,CASH_OUT,8982.15,MEDIUM,0.78
2026-01-04T21:38:09.847139,TRANSFER,5419.47,MEDIUM,0.8
2026-01-04T21:38:12.143261,DEBIT,1531.66,LOW,0.0
2026-01-04T21:38:14.456144,DEBIT,651.24,LOW,0.04
2026-01-04T21:38:16.740359,PAYMENT,5339.58,MEDIUM,0.62
2026-01-04T21:38:19.015574,TRANSFER,4895.99,MEDIUM,0.74
2026-01-04T21:38:21.300553,DEBIT,7683.76,MEDIUM,0.69
2026-01-04T21:38:23.578809,PAYMENT,9445.43,LOW,0.0
2026-01-04T21:38:25.936914,PAYMENT,8369.82,MEDIUM,0.59
2026-01-04T21:38:28.218417,TRANSFER,1282.1,MEDIUM,0.75
2026-01-04T21:38:30.483942,TRANSFER,145.39,MEDIUM,0.79
2026-01-04T21:38:32.745073,PAYMENT,7007.2,MEDIUM,0.6
2026-01-04T21:38:35.039724,CASH_OUT,7166.85,MEDIUM,0.69
2026-01-04T21:38:37.308844,DEBIT,8681.74,MEDIUM,0.73
2026-01-04T21:38:39.609134,CASH_IN,7360.35,LOW,0.0
2026-01-04T21:38:41.942760,CASH_IN,6638.74,MEDIUM,0.65
2026-01-04T21:38:44.217492,PAYMENT,2112.02,MEDIUM,0.56
2026-01-04T21:38:46.475912,TRANSFER,2731.34,MEDIUM,0.68
2026-01-04T21:38:48.740703,CASH_OUT,3665.0,MEDIUM,0.77
2026-01-04T21:38:51.015506,DEBIT,518.29,MEDIUM,0.68
2026-01-04T21:38:53.279162,PAYMENT,6533.19,MEDIUM,0.59
2026-01-04T21:38:55.530487,PAYMENT,7445.37,LOW,0.0
2026-01-04T21:38:57.809688,DEBIT,5401.51,MEDIUM,0.64
2026-01-04T21:39:00.118476,TRANSFER,3598.79,MEDIUM,0.71
2026-01-04T21:39:02.363723,CASH_OUT,5009.02,LOW,0.01
2026-01-04T21:39:04.630242,PAYMENT,4629.6,LOW,0.0
2026-01-04T21:39:06.891668,DEBIT,1092.81,MEDIUM,0.68
2026-01-04T21:39:09.172437,CASH_IN,2055.46,MEDIUM,0.67
2026-01-04T21:39:11.433860,TRANSFER,4759.29,MEDIUM,0.75
2026-01-04T21:39:13.718650,CASH_OUT,3737.14,HIGH,0.87
2026-01-04T21:39:15.986301,CASH_OUT,8571.48,LOW,0.01
2026-01-04T21:39:18.231826,TRANSFER,2778.49,LOW,0.02
2026-01-04T21:39:20.511037,CASH_IN,3642.71,MEDIUM,0.67
2026-01-04T21:39:22.789624,DEBIT,514.18,MEDIUM,0.71
2026-01-04T21:39:25.040713,TRANSFER,2228.17,MEDIUM,0.7
2026-01-04T21:39:27.301939,TRANSFER,2346.38,MEDIUM,0.76
2026-01-04T21:39:29.555285,TRANSFER,4623.5,MEDIUM,0.75
2026-01-04T21:39:31.825071,CASH_IN,8174.14,MEDIUM,0.72
2026-01-04T21:39:34.095879,DEBIT,7094.68,MEDIUM,0.77
2026-01-04T21:39:36.370646,TRANSFER,9447.64,MEDIUM,0.75
2026-01-04T21:39:38.701091,CASH_IN,7922.71,MEDIUM,0.76
2026-01-04T21:39:40.984975,TRANSFER,8758.55,MEDIUM,0.76
2026-01-04T21:39:43.464536,DEBIT,2257.38,LOW,0.02
2026-01-04T21:39:45.924643,DEBIT,2967.36,LOW,0.0
2026-01-04T21:39:48.268087,TRANSFER,3467.92,MEDIUM,0.75
2026-01-04T21:39:50.570655,TRANSFER,3528.15,LOW,0.0
2026-01-04T21:39:52.833904,CASH_IN,4363.03,LOW,0.01
2026-01-04T21:39:55.097071,DEBIT,3660.35,MEDIUM,0.7
2026-01-04T21:39:57.352015,TRANSFER,4279.27,LOW,0.02
2026-01-04T21:39:59.699941,DEBIT,4826.54,MEDIUM,0.68
2026-01-04T21:40:01.975675,CASH_IN,4737.31,MEDIUM,0.7
2026-01-04T21:40:04.286730,TRANSFER,4850.44,MEDIUM,0.8
2026-01-04T21:40:06.533026,CASH_IN,7459.68,MEDIUM,0.77
2026-01-04T21:40:08.805962,PAYMENT,6630.59,MEDIUM,0.67
2026-01-04T21:40:11.060181,TRANSFER,750.64,MEDIUM,0.77
2026-01-04T21:40:13.319143,TRANSFER,7263.2,LOW,0.0
2026-01-04T21:40:15.593756,TRANSFER,1676.56,MEDIUM,0.74
2026-01-04T21:40:17.856667,PAYMENT,6165.35,MEDIUM,0.59
2026-01-04T21:40:20.144907,DEBIT,2664.5,LOW,0.0
2026-01-04T21:40:22.515060,CASH_IN,8921.67,LOW,0.0
2026-01-04T21:40:24.798913,CASH_OUT,4391.28,MEDIUM,0.73
2026-01-04T21:40:27.094281,CASH_IN,2144.32,MEDIUM,0.69
2026-01-04T21:40:29.362454,PAYMENT,7087.72,MEDIUM,0.62
2026-01-04T21:40:31.692423,CASH_IN,7832.29,MEDIUM,0.72
2026-01-04T21:40:34.006695,TRANSFER,7649.12,MEDIUM,0.72
2026-01-04T21:40:36.283138,TRANSFER,4745.12,LOW,0.02
2026-01-04T21:40:38.553747,DEBIT,1662.51,MEDIUM,0.68
2026-01-04T21:40:40.803985,PAYMENT,7578.77,MEDIUM,0.53
2026-01-04T21:40:43.091858,CASH_OUT,229.17,MEDIUM,0.74
2026-01-04T21:40:45.365775,DEBIT,4208.19,HIGH,0.81
2026-01-04T21:40:47.734553,DEBIT,5438.11,MEDIUM,0.7
2026-01-04T21:40:50.014481,TRANSFER,885.22,MEDIUM,0.69
2026-01-04T21:40:52.268003,TRANSFER,344.25,MEDIUM,0.73
2026-01-04T21:40:54.511632,DEBIT,3314.34,MEDIUM,0.72
2026-01-04T21:40:56.805023,PAYMENT,8421.34,LOW,0.02
2026-01-04T21:40:59.084606,CASH_OUT,3979.51,MEDIUM,0.77
2026-01-04T21:41:01.371595,PAYMENT,857.49,MEDIUM,0.57
2026-01-04T21:41:03.646639,PAYMENT,1047.16,MEDIUM,0.67
2026-01-04T21:41:05.886807,TRANSFER,260.96,MEDIUM,0.73
2026-01-04T21:41:08.163812,DEBIT,3263.24,MEDIUM,0.77
2026-01-04T21:41:10.449023,TRANSFER,7416.89,LOW,0.0
2026-01-04T21:41:12.728616,TRANSFER,9547.6,LOW,0.01
2026-01-04T21:41:14.979978,TRANSFER,9566.68,LOW,0.0
2026-01-04T21:41:17.266819,PAYMENT,6719.97,MEDIUM,0.56
2026-01-04T21:41:19.522030,TRANSFER,4036.05,MEDIUM,0.78
2026-01-04T21:41:21.783645,CASH_OUT,7538.19,MEDIUM,0.77
2026-01-04T21:41:24.039675,CASH_IN,2753.26,LOW,0.0
2026-01-04T21:41:26.534518,CASH_OUT,7831.45,MEDIUM,0.74
2026-01-04T21:41:28.835995,DEBIT,5335.42,MEDIUM,0.6
2026-01-04T21:41:31.100198,DEBIT,9454.6,MEDIUM,0.72
2026-01-04T21:41:33.374608,PAYMENT,1769.66,MEDIUM,0.64
2026-01-04T21:41:35.665045,TRANSFER,4460.96,MEDIUM,0.75
2026-01-04T21:41:37.992269,CASH_IN,5502.14,LOW,0.0
2026-01-04T21:41:40.252179,PAYMENT,6121.63,MEDIUM,0.59
2026-01-04T21:41:42.485470,DEBIT,1152.25,MEDIUM,0.73
2026-01-04T21:41:44.722156,CASH_OUT,3266.12,HIGH,0.88
2026-01-04T21:41:46.987098,CASH_IN,1479.86,MEDIUM,0.69
2026-01-04T21:41:49.255869,PAYMENT,3397.93,MEDIUM,0.63
2026-01-04T21:41:51.517335,PAYMENT,9009.34,MEDIUM,0.6
2026-01-04T21:41:53.759045,DEBIT,9083.14,MEDIUM,0.7
2026-01-04T21:41:56.008510,CASH_OUT,6707.41,MEDIUM,0.76
2026-01-04T21:41:58.259129,TRANSFER,3598.29,MEDIUM,0.74
2026-01-04T21:42:00.529236,CASH_IN,8141.76,MEDIUM,0.77
2026-01-04T21:42:02.781869,PAYMENT,3372.54,MEDIUM,0.65
2026-01-04T21:42:05.069607,PAYMENT,1482.87,MEDIUM,0.59
2026-01-04T21:42:07.314623,DEBIT,9931.9,MEDIUM,0.71
2026-01-04T21:42:09.576961,CASH_IN,5001.42,MEDIUM,0.7
2026-01-04T21:42:11.860158,TRANSFER,5703.95,MEDIUM,0.68
2026-01-04T21:42:14.166201,PAYMENT,6460.82,MEDIUM,0.57
2026-01-04T21:42:16.437294,PAYMENT,2715.58,LOW,0.0
2026-01-04T21:42:18.727274,CASH_OUT,7405.25,LOW,0.01
2026-01-04T21:42:21.013200,CASH_IN,5844.42,MEDIUM,0.69
2026-01-04T21:42:23.298307,DEBIT,1521.07,MEDIUM,0.67
2026-01-04T21:42:25.567787,CASH_OUT,7289.36,MEDIUM,0.74
2026-01-04T21:42:27.818082,DEBIT,1384.91,MEDIUM,0.65
2026-01-04T21:42:30.085060,CASH_OUT,6820.63,LOW,0.23
2026-01-04T21:42:32.317280,CASH_OUT,1098.62,HIGH,0.84
2026-01-04T21:42:34.590340,PAYMENT,6626.37,MEDIUM,0.59
2026-01-04T21:42:36.896167,DEBIT,3834.47,MEDIUM,0.72
2026-01-04T21:42:39.175241,TRANSFER,7495.07,HIGH,0.83
2026-01-04T21:42:41.471755,TRANSFER,249.89,HIGH,0.85
2026-01-04T21:42:43.708186,PAYMENT,757.52,MEDIUM,0.6
2026-01-04T21:42:45.986990,PAYMENT,1503.31,MEDIUM,0.6
2026-01-04T21:42:48.254946,TRANSFER,5867.03,MEDIUM,0.76
2026-01-04T21:42:50.550507,CASH_OUT,8481.47,LOW,0.01
2026-01-04T21:42:52.807888,PAYMENT,6975.36,MEDIUM,0.57
2026-01-04T21:42:55.143221,CASH_OUT,8270.47,HIGH,0.85
2026-01-04T21:42:57.419445,DEBIT,4339.62,HIGH,0.83
2026-01-04T21:42:59.686603,DEBIT,2233.08,LOW,0.0
2026-01-04T21:43:01.942887,DEBIT,9956.05,MEDIUM,0.71
2026-01-04T21:43:04.204742,CASH_OUT,1616.66,LOW,0.0
2026-01-04T21:43:06.463094,TRANSFER,4218.72,MEDIUM,0.73
2026-01-04T21:43:08.717933,PAYMENT,1059.95,MEDIUM,0.59
2026-01-04T21:43:10.994631,CASH_OUT,7967.2,MEDIUM,0.73
2026-01-04T21:43:13.276350,CASH_IN,1026.98,MEDIUM,0.69
2026-01-04T21:43:15.567765,PAYMENT,1903.56,MEDIUM,0.58
2026-01-04T21:43:17.840361,CASH_OUT,6486.24,MEDIUM,0.73
2026-01-04T21:43:20.093780,CASH_OUT,2636.02,MEDIUM,0.69
2026-01-04T21:43:22.349157,TRANSFER,3862.81,MEDIUM,0.8
2026-01-04T21:43:24.636465,DEBIT,3999.66,MEDIUM,0.71
2026-01-04T21:43:26.941077,DEBIT,6007.18,LOW,0.02
2026-01-04T21:43:29.250377,TRANSFER,8842.88,MEDIUM,0.74
2026-01-04T21:43:31.530722,CASH_OUT,6540.5,MEDIUM,0.72
2026-01-04T21:43:33.771917,PAYMENT,6460.95,MEDIUM,0.56
2026-01-04T21:43:36.043452,CASH_OUT,878.55,LOW,0.03
2026-01-04T21:43:38.305134,CASH_OUT,1291.5,MEDIUM,0.8
2026-01-04T21:43:40.565511,CASH_OUT,2964.68,HIGH,0.83
2026-01-04T21:43:42.835690,CASH_IN,1519.41,LOW,0.0
2026-01-04T21:43:45.148733,TRANSFER,2244.64,MEDIUM,0.74
2026-01-04T21:43:47.412114,CASH_OUT,3220.09,HIGH,0.85
2026-01-04T21:43:49.652108,CASH_OUT,1226.42,LOW,0.09
2026-01-04T21:43:51.925798,CASH_IN,9997.61,LOW,0.0
2026-01-04T21:43:54.229356,PAYMENT,909.58,MEDIUM,0.62
2026-01-04T21:43:56.569039,TRANSFER,638.81,LOW,0.11
2026-01-04T21:43:58.824543,CASH_IN,591.38,LOW,0.0
2026-01-04T21:44:01.088605,CASH_IN,461.88,MEDIUM,0.7
2026-01-04T21:44:03.332779,CASH_IN,7717.57,MEDIUM,0.76
2026-01-04T21:44:05.577995,CASH_IN,34.57,MEDIUM,0.66
2026-01-04T21:44:07.851160,DEBIT,8520.7,LOW,0.0
2026-01-04T21:44:10.115589,PAYMENT,1246.58,MEDIUM,0.63
2026-01-04T21:44:12.401102,CASH_IN,1276.07,MEDIUM,0.73
2026-01-04T21:44:14.702165,TRANSFER,7117.19,HIGH,0.84
2026-01-04T21:44:16.968996,CASH_OUT,7202.32,MEDIUM,0.7
2026-01-04T21:44:19.232211,CASH_OUT,8177.81,LOW,0.01
2026-01-04T21:44:21.589811,CASH_OUT,5408.29,MEDIUM,0.79
2026-01-04T21:44:23.837718,TRANSFER,8676.0,MEDIUM,0.76
2026-01-04T21:44:26.090094,CASH_OUT,5139.52,LOW,0.0
2026-01-04T21:44:28.343763,CASH_OUT,4870.0,MEDIUM,0.76
2026-01-04T21:44:30.580344,CASH_IN,3837.86,MEDIUM,0.64
2026-01-04T21:44:32.860812,TRANSFER,3176.48,MEDIUM,0.76
2026-01-04T21:44:35.128660,CASH_OUT,786.76,LOW,0.02
2026-01-04T21:44:37.393821,DEBIT,8141.61,MEDIUM,0.72
2026-01-04T21:44:39.673354,PAYMENT,3061.71,MEDIUM,0.59
2026-01-04T21:44:41.918721,CASH_IN,7726.78,MEDIUM,0.68
2026-01-04T21:44:44.170403,CASH_OUT,3847.06,HIGH,0.83
2026-01-04T21:44:46.469961,CASH_OUT,7440.43,MEDIUM,0.78
2026-01-04T21:44:48.738966,CASH_OUT,6245.98,MEDIUM,0.73
2026-01-04T21:44:51.021124,DEBIT,4095.66,MEDIUM,0.73
2026-01-04T21:44:53.325798,DEBIT,6367.04,HIGH,0.82
2026-01-04T21:44:55.566327,DEBIT,4265.39,LOW,0.0
2026-01-04T21:44:57.845830,CASH_IN,4106.8,LOW,0.02
2026-01-04T21:45:00.133366,TRANSFER,7427.44,LOW,0.02
2026-01-04T21:45:02.453389,PAYMENT,2164.82,MEDIUM,0.59
2026-01-04T21:45:04.754831,CASH_IN,3577.13,LOW,0.0
2026-01-04T21:45:07.008891,DEBIT,8564.86,MEDIUM,0.73
2026-01-04T21:45:09.269295,CASH_IN,6896.3,MEDIUM,0.64
2026-01-04T21:45:11.516424,CASH_IN,802.92,MEDIUM,0.76
2026-01-04T21:45:13.819308,CASH_OUT,2318.74,MEDIUM,0.72
2026-01-04T21:45:16.069481,CASH_OUT,6446.99,MEDIUM,0.76
2026-01-04T21:45:18.314354,CASH_IN,4451.45,MEDIUM,0.7
2026-01-04T21:45:20.567219,CASH_OUT,2102.16,MEDIUM,0.76
2026-01-04T21:45:22.846673,PAYMENT,1064.74,MEDIUM,0.67
2026-01-04T21:45:25.111556,DEBIT,3465.43,MEDIUM,0.69
2026-01-04T21:45:27.380191,CASH_OUT,7039.53,MEDIUM,0.77
2026-01-04T21:45:29.669371,DEBIT,6537.39,MEDIUM,0.66
2026-01-04T21:45:32.015739,CASH_OUT,7239.68,MEDIUM,0.74
2026-01-04T21:45:34.393351,DEBIT,639.58,LOW,0.0
2026-01-04T21:45:36.702126,PAYMENT,1456.98,LOW,0.0
2026-01-04T21:45:38.985339,DEBIT,7111.5,MEDIUM,0.72
2026-01-04T21:45:41.405905,CASH_OUT,8795.85,LOW,0.03
2026-01-04T21:45:43.911134,TRANSFER,5524.02,MEDIUM,0.75
2026-01-04T21:45:46.200304,TRANSFER,3932.97,MEDIUM,0.75
2026-01-04T21:45:48.490928,CASH_IN,5525.28,MEDIUM,0.68
2026-01-04T21:45:50.793014,CASH_IN,420.17,MEDIUM,0.77
2026-01-04T21:45:53.110961,DEBIT,5308.22,HIGH,0.83
2026-01-04T21:45:55.399471,TRANSFER,1995.15,LOW,0.01
2026-01-04T21:45:57.697384,TRANSFER,7832.23,MEDIUM,0.72
2026-01-04T21:46:00.023551,CASH_IN,4507.07,LOW,0.06
2026-01-04T21:46:02.296143,CASH_OUT,4788.36,LOW,0.09
2026-01-04T21:46:04.617321,PAYMENT,5814.08,MEDIUM,0.52
2026-01-04T21:46:06.967955,DEBIT,1655.9,MEDIUM,0.73
2026-01-04T21:46:09.292903,CASH_OUT,2703.68,HIGH,0.9
2026-01-04T21:46:11.605935,DEBIT,3951.08,LOW,0.0
2026-01-04T21:46:13.939583,PAYMENT,8009.94,MEDIUM,0.58
2026-01-04T21:46:16.268170,CASH_IN,7163.49,MEDIUM,0.67
2026-01-05T13:23:34.647582,DEBIT,8546.82,HIGH,0.82
2026-01-05T13:23:37.365764,TRANSFER,7867.86,LOW,0.02
2026-01-05T13:23:39.567983,CASH_IN,343.75,MEDIUM,0.76
2026-01-05T13:23:42.609067,PAYMENT,4020.11,MEDIUM,0.67
2026-01-05T13:23:46.884946,CASH_OUT,6406.54,LOW,0.01
2026-01-05T13:23:50.500096,PAYMENT,9185.86,MEDIUM,0.58
2026-01-05T13:23:53.772330,PAYMENT,3374.99,MEDIUM,0.6
2026-01-05T13:23:57.255386,CASH_IN,2195.17,MEDIUM,0.69
2026-01-05T13:24:00.533057,PAYMENT,2432.27,LOW,0.02
2026-01-05T13:24:03.780701,CASH_OUT,959.77,MEDIUM,0.7
2026-01-05T13:24:06.412803,PAYMENT,1394.83,MEDIUM,0.57
2026-01-05T13:24:09.157792,TRANSFER,1929.16,MEDIUM,0.76
2026-01-05T13:24:12.696249,PAYMENT,7559.08,MEDIUM,0.67
2026-01-05T13:24:15.632671,CASH_OUT,445.76,HIGH,0.88
2026-01-05T13:24:17.881498,TRANSFER,1575.55,LOW,0.01
2026-01-05T13:24:20.789048,CASH_OUT,1123.61,MEDIUM,0.78
2026-01-05T13:24:23.985222,CASH_OUT,8269.88,MEDIUM,0.75
2026-01-05T13:24:27.514229,CASH_OUT,3417.97,MEDIUM,0.74
2026-01-05T13:24:30.360437,PAYMENT,3474.97,MEDIUM,0.53
2026-01-05T13:24:32.588480,PAYMENT,8848.29,MEDIUM,0.64
2026-01-05T13:24:34.834369,PAYMENT,8127.66,LOW,0.0
2026-01-05T13:24:37.816912,CASH_IN,2665.14,LOW,0.0
2026-01-05T13:24:41.423508,TRANSFER,918.3,MEDIUM,0.73
2026-01-05T13:24:41.780920,PAYMENT,100,LOW,0.0
2026-01-05T13:24:41.937115,TRANSFER,9593.85,LOW,0.0
2026-01-05T13:24:44.950124,PAYMENT,7101.7,LOW,0.0
2026-01-05T13:24:47.205999,CASH_IN,6626.21,MEDIUM,0.68
2026-01-05T13:24:52.704740,PAYMENT,100,LOW,0.0
2026-01-05T13:25:05.465340,PAYMENT,1000.0,LOW,0.0
2026-01-05T13:25:12.436351,CASH_IN,4719.28,LOW,0.0
2026-01-05T13:25:15.052997,DEBIT,2333.12,MEDIUM,0.74
2026-01-05T13:25:17.281920,DEBIT,7449.79,MEDIUM,0.7
2026-01-05T13:25:19.508709,TRANSFER,7176.6,LOW,0.0
2026-01-05T13:25:21.741037,TRANSFER,6111.96,MEDIUM,0.67
2026-01-05T13:25:24.124899,TRANSFER,6648.61,LOW,0.0
2026-01-05T13:25:26.532204,CASH_OUT,7940.34,HIGH,0.86
2026-01-05T13:25:28.884522,CASH_OUT,1966.29,LOW,0.0
2026-01-05T13:25:31.302563,DEBIT,8868.11,MEDIUM,0.7
2026-01-05T13:25:36.118309,CASH_IN,5517.99,MEDIUM,0.69
2026-01-05T13:25:38.693232,DEBIT,613.52,MEDIUM,0.77
2026-01-07T19:34:43.529677,PAYMENT,100,LOW,0.0
2026-01-07T19:34:49.660078,PAYMENT,1000.0,LOW,0.0
2026-01-07T19:35:00.630056,CASH_IN,9094.96,MEDIUM,0.68
2026-01-07T19:35:02.712503,TRANSFER,3402.29,MEDIUM,0.8
2026-01-07T19:35:04.394469,DEBIT,5761.15,LOW,0.0
2026-01-07T19:35:06.143375,PAYMENT,6751.39,MEDIUM,0.67
2026-01-07T19:35:07.861661,CASH_OUT,4568.29,LOW,0.01
2026-01-07T19:35:09.633975,TRANSFER,8771.07,LOW,0.0
2026-01-07T19:35:11.376024,CASH_IN,7846.35,MEDIUM,0.69
2026-01-07T19:35:13.201654,CASH_OUT,2601.71,HIGH,0.81
2026-01-07T19:35:14.986280,CASH_OUT,6558.53,MEDIUM,0.76
2026-01-07T19:35:16.781115,CASH_OUT,6606.02,MEDIUM,0.73
2026-01-07T19:35:18.588203,CASH_OUT,6591.79,HIGH,0.82
2026-01-07T19:35:20.416385,CASH_OUT,2085.03,MEDIUM,0.77
2026-01-07T19:35:22.164050,DEBIT,479.88,MEDIUM,0.67
2026-01-07T19:35:23.964371,PAYMENT,3145.93,MEDIUM,0.59
2026-01-07T19:35:25.762616,DEBIT,449.81,MEDIUM,0.69
2026-01-07T19:35:27.002938,CASH_IN,2705.44,LOW,0.0
2026-01-07T19:35:28.853964,TRANSFER,5965.31,MEDIUM,0.73
2026-01-07T19:35:30.223607,DEBIT,2591.51,LOW,0.0
2026-01-07T19:35:32.009822,PAYMENT,1806.33,MEDIUM,0.56
2026-01-07T19:35:33.813759,DEBIT,8007.1,LOW,0.02
2026-01-07T19:35:35.591692,CASH_OUT,6346.58,LOW,0.01
2026-01-07T19:35:37.350406,TRANSFER,1017.93,HIGH,0.85
2026-01-07T19:35:39.128073,TRANSFER,1103.85,LOW,0.03
2026-01-07T19:35:40.844175,PAYMENT,1341.57,LOW,0.0
2026-01-07T19:35:42.507850,CASH_IN,4039.53,LOW,0.0
2026-01-07T19:35:44.229420,CASH_IN,2305.87,MEDIUM,0.77
2026-01-07T19:37:02.556224,CASH_OUT,8451.83,MEDIUM,0.75
2026-01-07T19:37:04.257191,PAYMENT,134.15,MEDIUM,0.57
2026-01-07T19:37:05.955051,TRANSFER,6203.31,MEDIUM,0.76
2026-01-07T19:37:07.679375,TRANSFER,968.94,HIGH,0.84
2026-01-07T19:37:09.343273,DEBIT,3191.25,LOW,0.0
2026-01-07T19:37:11.055792,TRANSFER,8830.83,MEDIUM,0.68
2026-01-07T19:37:12.747885,TRANSFER,8177.84,HIGH,0.84
2026-01-07T19:37:14.475435,DEBIT,4941.99,MEDIUM,0.72
2026-01-07T19:37:16.144127,DEBIT,1019.13,MEDIUM,0.72
2026-01-07T19:37:17.827791,PAYMENT,8393.58,LOW,0.0
2026-01-07T19:37:19.539625,PAYMENT,247.32,MEDIUM,0.53
2026-01-07T19:37:21.230406,DEBIT,7065.69,MEDIUM,0.7
2026-01-07T19:37:22.909527,DEBIT,730.63,HIGH,0.83
2026-01-07T19:37:24.618333,PAYMENT,9141.77,LOW,0.03
2026-01-07T19:37:26.311478,CASH_OUT,2773.19,MEDIUM,0.78
2026-01-07T19:37:27.943666,CASH_IN,6703.4,MEDIUM,0.69
2026-01-07T19:37:29.641231,TRANSFER,6054.45,MEDIUM,0.8
2026-01-07T19:37:31.342539,PAYMENT,1726.74,LOW,0.0
2026-01-07T19:37:33.066492,DEBIT,9977.48,HIGH,0.82
2026-01-07T19:37:34.767037,CASH_OUT,3466.65,MEDIUM,0.78
2026-01-07T19:37:36.453193,CASH_IN,9320.58,MEDIUM,0.64
2026-01-07T19:37:38.188641,PAYMENT,382.86,LOW,0.0
2026-01-07T19:37:39.893581,DEBIT,5721.2,LOW,0.0
2026-01-07T19:37:41.585281,TRANSFER,1348.15,MEDIUM,0.76
2026-01-07T19:37:43.275048,CASH_OUT,1251.69,HIGH,0.86
2026-01-07T19:37:44.961524,DEBIT,6060.06,LOW,0.0
2026-01-07T19:37:46.623124,TRANSFER,2848.21,MEDIUM,0.73
2026-01-07T19:37:48.270272,TRANSFER,6179.08,HIGH,0.83
2026-01-07T19:37:49.990172,CASH_OUT,5766.96,HIGH,0.87
2026-01-07T19:37:51.640545,DEBIT,412.35,MEDIUM,0.7
2026-01-07T19:44:31.977450,PAYMENT,1000.0,LOW,0.0
2026-01-07T19:44:45.122861,TRANSFER,8201.32,MEDIUM,0.65
2026-01-07T19:44:46.812991,CASH_OUT,1705.23,HIGH,0.81
2026-01-07T19:44:48.458345,CASH_IN,1928.99,LOW,0.03
2026-01-07T19:44:50.134936,CASH_OUT,423.78,MEDIUM,0.78
2026-01-07T19:44:51.827744,TRANSFER,3196.0,HIGH,0.84
2026-01-07T19:44:53.507238,DEBIT,8829.72,LOW,0.0
2026-01-07T19:44:55.157388,CASH_OUT,8823.02,MEDIUM,0.76
2026-01-07T19:44:56.867725,CASH_IN,5629.55,LOW,0.0
2026-01-07T19:44:58.532614,DEBIT,572.69,MEDIUM,0.73
2026-01-07T19:45:00.229345,CASH_OUT,2826.19,MEDIUM,0.75
2026-01-07T19:45:01.920491,PAYMENT,1854.7,MEDIUM,0.57
2026-01-07T19:45:03.594490,PAYMENT,5668.4,LOW,0.0
2026-01-07T19:45:05.239454,DEBIT,9100.44,MEDIUM,0.71
2026-01-07T19:45:06.953739,CASH_OUT,1595.36,MEDIUM,0.73
2026-01-07T19:45:08.616685,CASH_OUT,3578.27,MEDIUM,0.73
2026-01-07T19:45:10.272851,CASH_OUT,6440.01,MEDIUM,0.75
2026-01-07T19:45:11.989252,CASH_IN,2563.18,MEDIUM,0.69
2026-01-07T19:45:13.656730,CASH_IN,8569.15,LOW,0.01
2026-01-07T19:45:15.337403,DEBIT,9107.54,MEDIUM,0.68
2026-01-07T19:45:17.017382,PAYMENT,2011.72,MEDIUM,0.59
2026-01-07T19:45:18.725238,TRANSFER,258.84,MEDIUM,0.76
2026-01-07T20:24:38.428619,PAYMENT,6917.5,MEDIUM,0.56
2026-01-07T20:24:40.501436,DEBIT,7595.29,MEDIUM,0.72
2026-01-07T20:24:42.140621,PAYMENT,6709.38,MEDIUM,0.59
2026-01-07T20:24:43.825143,TRANSFER,9549.1,MEDIUM,0.75
2026-01-07T20:24:45.508139,DEBIT,924.63,MEDIUM,0.7
2026-01-07T20:24:48.853121,CASH_OUT,4437.87,HIGH,0.87
2026-01-07T20:24:50.532651,TRANSFER,9758.39,MEDIUM,0.74
2026-01-07T20:24:52.201111,CASH_OUT,1248.71,LOW,0.13
2026-01-07T20:24:53.898713,TRANSFER,9960.66,LOW,0.01
2026-01-07T20:24:55.583047,CASH_IN,5925.82,MEDIUM,0.77
2026-01-07T20:24:57.298788,CASH_OUT,3125.4,MEDIUM,0.71
2026-01-07T20:24:58.971453,CASH_IN,1128.08,MEDIUM,0.61
2026-01-07T20:25:00.664876,TRANSFER,5844.14,MEDIUM,0.74
2026-01-07T20:25:00.809088,TRANSFER,688.2,MEDIUM,0.72
2026-01-07T20:25:02.485980,TRANSFER,7372.96,HIGH,0.84
2026-01-07T20:25:04.182317,CASH_OUT,9525.78,LOW,0.02
2026-01-07T20:25:11.792187,PAYMENT,100,LOW,0.0
2026-01-07T20:26:09.792123,CASH_OUT,8498.77,MEDIUM,0.77
2026-01-07T20:26:11.508885,PAYMENT,4065.94,MEDIUM,0.59
2026-01-07T20:26:13.230071,PAYMENT,3506.5,MEDIUM,0.52
2026-01-07T20:26:14.975418,CASH_IN,1212.44,LOW,0.02
2026-01-07T20:26:16.691947,CASH_OUT,8481.3,MEDIUM,0.77
2026-01-07T20:26:18.428644,TRANSFER,2597.19,MEDIUM,0.76
2026-01-07T20:26:20.072330,CASH_OUT,575.68,LOW,0.03
2026-01-07T20:26:21.737839,CASH_OUT,1145.99,MEDIUM,0.76
2026-01-07T20:26:23.404299,CASH_OUT,2016.38,MEDIUM,0.8
2026-01-07T20:26:25.083893,CASH_IN,3166.88,LOW,0.0
2026-01-07T20:26:26.752585,CASH_OUT,3836.02,LOW,0.0
2026-01-07T20:26:28.416283,CASH_OUT,8997.51,MEDIUM,0.76
2026-01-07T20:26:30.090900,TRANSFER,4048.26,LOW,0.0
2026-01-07T20:26:31.767636,CASH_IN,1805.79,MEDIUM,0.77
2026-01-07T20:26:33.417941,CASH_IN,5340.3,LOW,0.01
2026-01-07T20:26:35.075590,PAYMENT,7486.26,MEDIUM,0.57
2026-01-07T20:26:36.747947,CASH_IN,9964.3,MEDIUM,0.72
2026-01-07T20:26:38.417780,DEBIT,9611.38,MEDIUM,0.67
2026-01-07T20:26:40.110290,PAYMENT,4734.7,LOW,0.0
2026-01-07T20:26:41.812848,CASH_IN,6234.59,MEDIUM,0.69
2026-01-07T20:26:43.462613,TRANSFER,7831.28,HIGH,0.81
2026-01-07T20:26:45.119952,CASH_IN,8032.28,MEDIUM,0.69
2026-01-07T20:26:46.790445,DEBIT,9389.32,LOW,0.03
2026-01-07T20:26:48.490314,CASH_OUT,6356.52,LOW,0.01
2026-01-07T20:26:50.196694,CASH_IN,5692.54,LOW,0.04
2026-01-07T20:26:51.884865,CASH_OUT,6761.01,MEDIUM,0.77
2026-01-07T20:26:53.562963,TRANSFER,3618.01,MEDIUM,0.78
2026-01-07T20:26:55.219981,PAYMENT,5825.68,MEDIUM,0.62
2026-01-07T20:26:56.912380,TRANSFER,355.72,LOW,0.06
2026-01-07T20:26:58.643000,CASH_IN,7144.65,LOW,0.01
2026-01-07T20:27:41.534634,TRANSFER,2095.02,HIGH,0.83
2026-01-07T20:27:43.185511,PAYMENT,3356.77,MEDIUM,0.59
2026-01-07T20:27:44.865271,CASH_IN,2112.71,MEDIUM,0.76
2026-01-07T20:27:46.565646,CASH_IN,4182.73,MEDIUM,0.68
2026-01-07T20:27:48.261261,CASH_OUT,7850.51,HIGH,0.85
2026-01-07T20:27:48.464778,DEBIT,5094.49,MEDIUM,0.68
2026-01-07T20:27:50.147932,TRANSFER,2297.73,MEDIUM,0.72
2026-01-07T20:27:51.812824,CASH_IN,9307.46,MEDIUM,0.69
2026-01-07T20:27:53.501989,PAYMENT,1469.53,MEDIUM,0.57
2026-01-07T20:27:55.211800,CASH_IN,4666.25,MEDIUM,0.72
2026-01-07T20:35:40.039769,PAYMENT,100,LOW,0.0
2026-01-07T20:35:52.847028,CASH_OUT,6794.99,MEDIUM,0.78
2026-01-07T20:35:54.848264,PAYMENT,4618.49,MEDIUM,0.67
2026-01-07T20:35:56.508576,CASH_IN,6907.44,MEDIUM,0.72
2026-01-07T20:35:58.183802,CASH_OUT,5389.09,LOW,0.04
2026-01-07T20:35:59.820381,CASH_IN,6571.34,MEDIUM,0.77
2026-01-07T20:36:01.494375,TRANSFER,2982.82,MEDIUM,0.67
2026-01-07T20:36:03.149661,CASH_IN,4020.75,MEDIUM,0.69
2026-01-07T20:36:04.855113,PAYMENT,4869.13,LOW,0.0
2026-01-07T20:36:06.557642,PAYMENT,9371.03,LOW,0.0
2026-01-07T20:36:08.263407,CASH_OUT,400.48,MEDIUM,0.77
2026-01-07T20:36:09.930051,CASH_IN,566.17,MEDIUM,0.68
2026-01-07T20:36:11.653880,TRANSFER,9691.1,MEDIUM,0.77
2026-01-07T20:36:13.354437,DEBIT,1097.11,MEDIUM,0.71
2026-01-07T20:36:15.070727,CASH_OUT,7477.85,LOW,0.02
2026-01-07T20:36:16.742982,PAYMENT,8859.05,MEDIUM,0.57
2026-01-07T20:36:18.382916,PAYMENT,5032.89,MEDIUM,0.58
2026-01-07T20:36:20.095029,PAYMENT,6499.99,LOW,0.0
2026-01-07T20:36:21.762181,DEBIT,4379.5,MEDIUM,0.71
2026-01-07T20:36:23.415956,CASH_OUT,171.71,MEDIUM,0.69
2026-01-07T20:36:25.135720,PAYMENT,9279.26,LOW,0.0
2026-01-07T20:36:26.784483,TRANSFER,9873.85,MEDIUM,0.76
2026-01-07T20:36:28.530192,DEBIT,586.51,MEDIUM,0.68
2026-01-07T20:36:30.252212,CASH_OUT,3682.68,MEDIUM,0.72
2026-01-07T20:36:31.935200,DEBIT,5378.48,MEDIUM,0.67
2026-01-07T20:36:33.597063,CASH_OUT,3458.06,MEDIUM,0.76
2026-01-07T20:36:35.352505,CASH_OUT,171.4,LOW,0.02
2026-01-07T20:36:37.071925,DEBIT,5395.07,HIGH,0.82
2026-01-07T20:36:38.758109,CASH_IN,5218.96,LOW,0.05
2026-01-07T20:36:40.435144,CASH_OUT,3967.81,HIGH,0.84
2026-01-07T20:40:36.294945,PAYMENT,100,LOW,0.0
2026-01-07T20:40:46.080361,TRANSFER,2226.0,LOW,0.02
2026-01-07T20:40:48.166273,CASH_OUT,882.09,HIGH,0.86
2026-01-07T20:40:49.786487,PAYMENT,502.76,MEDIUM,0.64
2026-01-07T20:40:51.504938,CASH_IN,1693.06,MEDIUM,0.77
2026-01-07T20:40:53.214929,DEBIT,2903.24,MEDIUM,0.77
2026-01-07T20:40:54.928475,CASH_OUT,4006.05,MEDIUM,0.77
2026-01-07T20:40:56.608288,DEBIT,1351.23,HIGH,0.81
2026-01-07T20:40:58.274593,PAYMENT,7757.91,LOW,0.0
2026-01-07T20:40:59.953646,CASH_OUT,3198.09,MEDIUM,0.77
2026-01-07T20:41:01.639164,CASH_OUT,7263.96,HIGH,0.86
2026-01-07T20:41:03.353532,CASH_OUT,8556.06,HIGH,0.81
2026-01-07T20:41:05.061993,CASH_IN,55.34,MEDIUM,0.65
2026-01-07T20:42:38.157399,PAYMENT,1180.87,MEDIUM,0.65
2026-01-07T20:42:39.816979,TRANSFER,278.96,LOW,0.0
2026-01-07T20:42:41.546437,CASH_OUT,60.96,HIGH,0.86
2026-01-07T20:42:43.215215,CASH_IN,3926.89,LOW,0.0
2026-01-07T20:42:44.911673,PAYMENT,8293.94,LOW,0.0
2026-01-07T20:42:46.635960,TRANSFER,7730.99,MEDIUM,0.75
2026-01-07T20:42:48.327291,TRANSFER,5362.65,MEDIUM,0.76
2026-01-07T20:42:50.058646,CASH_OUT,2384.62,LOW,0.0
2026-01-07T20:42:51.717139,CASH_IN,5157.06,MEDIUM,0.69
2026-01-07T20:42:53.409144,CASH_IN,4538.04,MEDIUM,0.77
2026-01-07T20:42:55.085516,TRANSFER,3284.31,MEDIUM,0.76
2026-01-07T20:42:56.764088,DEBIT,6718.53,LOW,0.0
2026-01-07T20:42:58.472735,DEBIT,5848.79,MEDIUM,0.67
2026-01-07T20:43:00.205412,TRANSFER,5591.04,MEDIUM,0.76
2026-01-07T20:43:01.900809,TRANSFER,11.11,MEDIUM,0.8
2026-01-07T20:43:03.590829,PAYMENT,7076.7,MEDIUM,0.57
2026-01-07T20:43:05.267221,TRANSFER,7812.84,LOW,0.02
2026-01-07T20:43:06.964027,CASH_IN,4009.06,MEDIUM,0.77
2026-01-07T20:43:08.622647,CASH_IN,830.8,MEDIUM,0.68
2026-01-07T20:43:10.296663,CASH_IN,9471.79,MEDIUM,0.68
2026-01-07T20:43:11.943432,CASH_IN,2998.13,MEDIUM,0.64
2026-01-07T20:43:13.620614,DEBIT,9176.98,HIGH,0.82
2026-01-07T20:43:15.284126,TRANSFER,2713.83,MEDIUM,0.72
2026-01-07T20:43:16.855213,CASH_OUT,8119.64,MEDIUM,0.8
2026-01-07T20:43:18.575908,DEBIT,1875.86,LOW,0.0
2026-01-07T20:43:20.231816,CASH_IN,3488.85,LOW,0.0
2026-01-07T20:43:21.917206,TRANSFER,336.71,MEDIUM,0.73
2026-01-07T20:43:23.599327,CASH_OUT,761.97,HIGH,0.81
2026-01-07T20:43:25.294678,DEBIT,3007.79,HIGH,0.82
2026-01-07T20:48:37.232535,PAYMENT,100,LOW,0.0
2026-01-07T20:48:43.781506,PAYMENT,1000.0,LOW,0.0
2026-01-07T20:48:49.524348,DEBIT,3318.94,MEDIUM,0.73
2026-01-07T20:48:51.319938,TRANSFER,1621.02,MEDIUM,0.76
2026-01-07T20:48:53.104415,DEBIT,9317.46,MEDIUM,0.71
2026-01-07T20:48:54.966863,DEBIT,3981.79,LOW,0.02
2026-01-07T20:48:56.731528,TRANSFER,5241.34,LOW,0.01
2026-01-07T20:48:58.536080,TRANSFER,7653.22,LOW,0.03
2026-01-07T20:49:00.348792,CASH_OUT,8473.69,HIGH,0.84
2026-01-07T20:49:02.244918,DEBIT,7740.7,MEDIUM,0.7
2026-01-07T20:49:04.026733,CASH_IN,8666.26,MEDIUM,0.65
2026-01-07T20:49:05.773911,CASH_IN,7088.03,MEDIUM,0.7
2026-01-07T20:49:07.597037,CASH_IN,8184.66,MEDIUM,0.7
2026-01-07T20:49:09.460110,TRANSFER,7330.86,HIGH,0.84
2026-01-07T20:55:03.344926,TRANSFER,9499.93,HIGH,0.83
2026-01-07T20:55:05.659414,CASH_OUT,3334.86,MEDIUM,0.7
2026-01-07T20:55:07.482535,DEBIT,8736.99,LOW,0.01
2026-01-07T20:55:09.222354,PAYMENT,8653.67,LOW,0.0
2026-01-07T20:55:10.964980,TRANSFER,283.94,MEDIUM,0.73
2026-01-07T20:55:12.703645,PAYMENT,8829.53,MEDIUM,0.57
2026-01-07T20:55:14.473130,CASH_IN,2194.1,MEDIUM,0.69
2026-01-07T20:55:16.276572,CASH_IN,7705.15,MEDIUM,0.68
2026-01-07T20:55:18.009823,CASH_IN,3206.35,MEDIUM,0.66
2026-01-07T20:55:19.822063,DEBIT,5718.17,MEDIUM,0.76
2026-01-07T20:55:21.577893,PAYMENT,5173.95,LOW,0.0
2026-01-07T20:55:23.367939,DEBIT,2475.59,MEDIUM,0.77
2026-01-07T20:55:25.183646,DEBIT,6162.35,LOW,0.0
2026-01-07T20:55:26.922767,DEBIT,2378.01,MEDIUM,0.72
2026-01-07T20:58:01.487723,PAYMENT,1000.0,LOW,0.0
2026-01-07T20:58:04.656114,DEBIT,1893.68,MEDIUM,0.74
2026-01-07T20:58:06.487118,DEBIT,3028.95,LOW,0.01
2026-01-07T20:58:08.333989,TRANSFER,8279.12,MEDIUM,0.72
2026-01-07T20:58:10.177773,CASH_IN,7689.16,MEDIUM,0.77
2026-01-07T20:58:12.037404,DEBIT,7621.53,MEDIUM,0.77
2026-01-07T20:58:13.833250,CASH_IN,6518.37,LOW,0.0
2026-01-07T20:58:15.753259,PAYMENT,238.62,LOW,0.03
2026-01-07T20:58:17.557876,DEBIT,6438.79,LOW,0.0
2026-01-07T20:58:19.446359,PAYMENT,2710.68,MEDIUM,0.52
2026-01-07T20:58:21.308728,TRANSFER,8240.74,MEDIUM,0.75
2026-01-07T20:58:23.175455,CASH_IN,4638.66,LOW,0.0
2026-01-07T20:58:25.033546,CASH_OUT,1232.2,LOW,0.03
2026-01-07T20:58:26.861117,DEBIT,7254.24,MEDIUM,0.77
2026-01-07T21:02:29.330800,PAYMENT,100,LOW,0.0
2026-01-07T21:02:40.857208,TRANSFER,4166.23,LOW,0.0
2026-01-07T21:02:42.695193,CASH_IN,9391.74,MEDIUM,0.66
2026-01-07T21:02:44.517782,DEBIT,7347.76,MEDIUM,0.72
2026-01-07T21:02:46.371925,CASH_OUT,4419.41,MEDIUM,0.76
2026-01-07T21:02:48.097892,CASH_IN,3432.33,MEDIUM,0.66
2026-01-07T21:02:49.984730,CASH_OUT,3332.52,HIGH,0.84
2026-01-07T21:02:51.811513,CASH_IN,9949.85,MEDIUM,0.71
2026-01-07T21:02:53.621322,CASH_OUT,1201.75,LOW,0.11
2026-01-07T21:02:55.350129,CASH_IN,97.6,MEDIUM,0.72
2026-01-07T21:02:57.132963,CASH_IN,2801.54,LOW,0.02
2026-01-07T21:02:58.937726,TRANSFER,3398.77,LOW,0.01
2026-01-07T21:03:00.749885,CASH_OUT,197.62,MEDIUM,0.76
2026-01-07T21:15:23.205409,TRANSFER,4579.76,LOW,0.02
2026-01-07T21:15:24.948273,TRANSFER,2062.61,MEDIUM,0.76
2026-01-07T21:15:26.658787,CASH_IN,3175.73,LOW,0.0
2026-01-07T21:15:28.391416,PAYMENT,6619.1,MEDIUM,0.66
2026-01-07T21:15:30.065170,CASH_OUT,2108.16,MEDIUM,0.78
2026-01-07T21:15:31.811263,CASH_IN,1981.78,MEDIUM,0.69
2026-01-07T21:15:33.523250,PAYMENT,9781.09,LOW,0.0
2026-01-07T21:15:35.243699,TRANSFER,9903.73,LOW,0.02
2026-01-07T21:15:36.972014,TRANSFER,992.19,LOW,0.02
2026-01-07T21:15:38.634842,CASH_IN,8138.51,MEDIUM,0.65
2026-01-07T21:15:40.360039,CASH_OUT,2073.29,HIGH,0.86
2026-01-07T21:15:42.111033,CASH_IN,6099.74,MEDIUM,0.68
2026-01-07T21:15:43.825601,CASH_IN,9191.7,MEDIUM,0.69
2026-01-07T21:15:45.521348,CASH_OUT,5144.05,MEDIUM,0.76
2026-01-07T21:18:02.860739,CASH_OUT,2651.9,HIGH,0.88
2026-01-07T21:18:04.576043,PAYMENT,8507.73,MEDIUM,0.59
2026-01-07T21:18:06.266985,TRANSFER,434.68,MEDIUM,0.67
2026-01-07T21:18:07.989403,PAYMENT,2134.37,LOW,0.0
2026-01-07T21:18:09.700929,CASH_IN,6851.95,LOW,0.0
2026-01-07T21:18:11.452031,PAYMENT,7074.37,MEDIUM,0.59
2026-01-07T21:18:13.151338,CASH_OUT,601.01,MEDIUM,0.78
2026-01-07T21:18:14.869646,CASH_OUT,3355.08,MEDIUM,0.77
2026-01-07T21:18:16.560402,CASH_OUT,6930.66,MEDIUM,0.77
2026-01-07T21:18:18.303065,CASH_IN,3463.41,MEDIUM,0.69
2026-01-07T21:18:20.002389,CASH_OUT,8007.1,MEDIUM,0.76
2026-01-07T21:18:21.762676,CASH_IN,3411.12,MEDIUM,0.66
2026-01-07T21:18:23.478576,PAYMENT,9889.37,MEDIUM,0.59
2026-01-07T21:18:25.168426,TRANSFER,7906.25,HIGH,0.84
2026-01-07T21:19:52.905081,CASH_OUT,2155.04,HIGH,0.81
2026-01-07T21:19:54.644486,DEBIT,7253.57,MEDIUM,0.68
2026-01-07T21:19:56.379327,CASH_OUT,7158.33,MEDIUM,0.78
2026-01-07T21:19:58.085881,CASH_OUT,1252.23,HIGH,0.88
2026-01-07T21:19:59.817610,PAYMENT,2694.84,MEDIUM,0.66
2026-01-07T21:20:04.869970,PAYMENT,518.82,MEDIUM,0.58
2026-01-07T21:20:06.623491,DEBIT,5155.18,LOW,0.0
2026-01-07T21:20:08.368790,CASH_IN,7206.06,MEDIUM,0.7
2026-01-07T21:20:10.090226,TRANSFER,2829.21,MEDIUM,0.8
2026-01-07T21:20:11.786443,CASH_IN,3974.12,MEDIUM,0.67
2026-01-07T21:20:13.537550,TRANSFER,7126.09,MEDIUM,0.74
2026-01-07T21:20:15.275313,PAYMENT,7471.92,MEDIUM,0.57
2026-01-07T21:20:17.011255,TRANSFER,1582.81,MEDIUM,0.76
2026-01-07T21:20:18.755419,DEBIT,8954.84,MEDIUM,0.72
2026-01-07T21:20:20.465693,TRANSFER,3587.7,LOW,0.0
2026-01-07T21:20:24.355063,CASH_OUT,4158.55,HIGH,0.85
2026-01-07T21:20:26.032801,TRANSFER,3868.05,MEDIUM,0.8
2026-01-07T21:20:27.691932,TRANSFER,2281.56,MEDIUM,0.8
2026-01-07T21:20:29.420439,CASH_IN,8995.46,MEDIUM,0.77
2026-01-07T21:20:31.109592,TRANSFER,9631.33,LOW,0.0
2026-01-07T21:20:32.823836,CASH_OUT,7568.73,MEDIUM,0.74
2026-01-07T21:20:34.586227,TRANSFER,4904.39,LOW,0.04
2026-01-07T21:20:36.307410,PAYMENT,5112.74,MEDIUM,0.67
2026-01-07T21:20:38.051873,PAYMENT,3175.63,MEDIUM,0.64
2026-01-07T21:20:39.716844,TRANSFER,8794.15,MEDIUM,0.74
2026-01-07T21:20:41.418524,CASH_OUT,9534.04,LOW,0.02
2026-01-07T21:20:43.140144,PAYMENT,6822.18,LOW,0.0
2026-01-07T21:20:44.862741,DEBIT,8870.69,MEDIUM,0.73
2026-01-07T21:20:46.623773,CASH_IN,4110.53,LOW,0.0
2026-01-07T21:20:48.386587,DEBIT,118.78,MEDIUM,0.71
2026-01-07T21:20:50.156590,PAYMENT,7227.69,MEDIUM,0.59
2026-01-07T21:20:51.849990,CASH_IN,4180.08,MEDIUM,0.67
2026-01-07T21:20:53.578957,CASH_IN,1495.85,MEDIUM,0.69
2026-01-07T21:20:55.307356,DEBIT,4275.66,LOW,0.01
2026-01-07T21:20:57.028619,TRANSFER,5129.99,MEDIUM,0.73
2026-01-07T21:20:58.682385,CASH_OUT,3564.69,LOW,0.05
2026-01-07T21:21:00.372258,TRANSFER,1941.29,MEDIUM,0.75
2026-01-07T21:21:02.047196,CASH_IN,4298.63,MEDIUM,0.69
2026-01-07T21:21:03.711815,CASH_IN,4027.84,MEDIUM,0.76
2026-01-07T21:21:05.356747,PAYMENT,2360.15,LOW,0.0
2026-01-07T21:21:07.062523,CASH_OUT,6607.42,MEDIUM,0.78
2026-01-07T21:21:08.699375,CASH_IN,2041.77,MEDIUM,0.77
2026-01-07T21:21:10.356363,DEBIT,1467.82,LOW,0.03
2026-01-07T21:21:12.042342,CASH_IN,1618.76,MEDIUM,0.77
2026-01-07T21:21:13.764655,TRANSFER,1470.57,MEDIUM,0.75
2026-01-07T21:22:10.085582,CASH_IN,1878.07,LOW,0.0
2026-01-07T21:22:11.783280,PAYMENT,6707.06,MEDIUM,0.58
2026-01-07T21:22:13.486833,CASH_OUT,484.03,LOW,0.03
2026-01-07T21:22:15.234880,CASH_OUT,5103.82,MEDIUM,0.78
2026-01-07T21:22:16.944745,TRANSFER,5757.47,MEDIUM,0.73
2026-01-07T21:22:18.698612,PAYMENT,2626.51,MEDIUM,0.6
2026-01-07T21:22:20.423036,TRANSFER,4303.67,HIGH,0.83
2026-01-07T21:22:22.184277,TRANSFER,1846.53,LOW,0.0
2026-01-07T21:22:23.877979,DEBIT,7670.63,MEDIUM,0.73
2026-01-07T21:22:25.620822,PAYMENT,8353.73,MEDIUM,0.67
2026-01-07T21:22:27.301365,DEBIT,8761.85,MEDIUM,0.72
2026-01-07T21:22:29.024948,DEBIT,9324.78,MEDIUM,0.7
2026-01-07T21:22:30.734506,PAYMENT,505.3,LOW,0.02
2026-01-07T21:22:32.496053,PAYMENT,6378.71,LOW,0.01
2026-01-07T21:22:34.172840,CASH_OUT,9798.28,MEDIUM,0.75
2026-01-07T21:22:35.938590,CASH_IN,3061.84,MEDIUM,0.68
2026-01-07T21:22:37.687466,TRANSFER,2904.77,MEDIUM,0.74
2026-01-07T21:22:39.399429,CASH_OUT,4177.85,MEDIUM,0.77
2026-01-07T21:22:41.097744,CASH_IN,7619.86,LOW,0.0
2026-01-07T21:22:42.810313,CASH_OUT,9081.67,MEDIUM,0.76
2026-01-07T21:22:44.490236,PAYMENT,6755.04,MEDIUM,0.59
2026-01-07T21:22:46.148074,DEBIT,8600.58,LOW,0.0
2026-01-07T21:22:47.836564,PAYMENT,7423.26,MEDIUM,0.67
2026-01-07T21:22:49.514092,CASH_OUT,8255.71,LOW,0.01
2026-01-07T21:22:51.205582,TRANSFER,7486.45,MEDIUM,0.73
2026-01-07T21:22:52.941570,PAYMENT,6208.6,LOW,0.0
2026-01-07T21:22:54.630919,CASH_IN,122.73,MEDIUM,0.69
2026-01-07T21:22:56.322964,PAYMENT,4339.78,LOW,0.0
2026-01-07T21:22:58.058124,CASH_IN,2565.45,LOW,0.0
2026-01-07T21:22:59.716233,CASH_OUT,8832.87,HIGH,0.85
2026-01-07T21:44:35.412502,CASH_OUT,6510.1,MEDIUM,0.76
2026-01-07T21:48:41.617753,PAYMENT,7425.81,LOW,0.0
2026-01-07T23:40:22.507046,PAYMENT,100,LOW,0.0
2026-01-07T23:40:25.745722,PAYMENT,1000.0,LOW,0.0
2026-01-07T23:40:54.467596,CASH_IN,3025.86,MEDIUM,0.69
2026-01-07T23:40:57.147981,PAYMENT,9802.49,LOW,0.0
2026-01-07T23:40:59.010401,DEBIT,6365.72,MEDIUM,0.68
2026-01-07T23:41:01.043244,DEBIT,2449.19,MEDIUM,0.69
2026-01-07T23:41:03.050933,DEBIT,1357.34,MEDIUM,0.72
2026-01-07T23:41:04.985061,PAYMENT,9055.25,MEDIUM,0.6
2026-01-07T23:41:07.009090,DEBIT,9818.8,MEDIUM,0.76
2026-01-07T23:41:08.939770,PAYMENT,5898.62,MEDIUM,0.52
2026-01-07T23:41:10.834934,TRANSFER,6020.89,HIGH,0.82
2026-01-07T23:41:12.684059,PAYMENT,8666.36,LOW,0.0
2026-01-07T23:41:14.720436,PAYMENT,730.82,LOW,0.02
2026-01-07T23:41:16.650267,CASH_OUT,1671.91,MEDIUM,0.8
2026-01-07T23:41:18.646861,PAYMENT,3050.1,MEDIUM,0.67
2026-01-07T23:41:20.560959,PAYMENT,7014.86,MEDIUM,0.59
2026-01-07T23:41:22.655486,PAYMENT,8134.42,MEDIUM,0.59
2026-01-07T23:41:24.698165,CASH_IN,3538.82,MEDIUM,0.69
2026-01-07T23:41:26.690853,DEBIT,2937.52,LOW,0.02
2026-01-07T23:41:28.624210,CASH_IN,2765.38,LOW,0.0
2026-01-07T23:41:30.522229,CASH_IN,4963.73,MEDIUM,0.76
2026-01-07T23:41:32.496679,CASH_IN,3847.4,MEDIUM,0.68
2026-01-07T23:41:34.481771,CASH_OUT,3070.05,MEDIUM,0.74
2026-01-07T23:41:36.325633,DEBIT,8578.58,LOW,0.02
2026-01-07T23:41:38.387466,CASH_OUT,6944.85,MEDIUM,0.79
2026-01-07T23:41:40.434743,PAYMENT,4576.54,LOW,0.0
2026-01-07T23:41:42.409644,DEBIT,4550.75,MEDIUM,0.66
2026-01-07T23:41:44.442492,TRANSFER,6844.39,MEDIUM,0.75
2026-01-07T23:41:46.371293,TRANSFER,7452.34,LOW,0.0
2026-01-07T23:41:48.336145,PAYMENT,9252.04,LOW,0.0
2026-01-07T23:41:50.323386,PAYMENT,3921.97,MEDIUM,0.6
2026-01-07T23:41:52.269924,TRANSFER,7242.22,LOW,0.0
2026-01-07T23:44:44.939137,DEBIT,5932.83,MEDIUM,0.73
2026-01-07T23:44:46.922294,TRANSFER,2952.7,LOW,0.0
2026-01-07T23:44:48.849754,TRANSFER,3081.94,MEDIUM,0.8
2026-01-07T23:44:50.678637,CASH_OUT,5570.97,HIGH,0.82
2026-01-07T23:44:52.615548,CASH_OUT,3630.42,MEDIUM,0.7
2026-01-07T23:44:54.446394,CASH_OUT,4591.59,LOW,0.0
2026-01-07T23:44:56.256112,DEBIT,2260.03,HIGH,0.81
2026-01-07T23:44:58.143360,DEBIT,3628.8,MEDIUM,0.65
2026-01-07T23:45:00.005364,CASH_IN,8905.59,MEDIUM,0.62
2026-01-07T23:45:02.000338,CASH_OUT,5241.0,MEDIUM,0.77
2026-01-07T23:45:04.304425,CASH_IN,1341.22,MEDIUM,0.76
2026-01-07T23:45:06.312378,PAYMENT,8891.23,MEDIUM,0.64
2026-01-07T23:45:08.355227,DEBIT,2134.55,MEDIUM,0.7
2026-01-07T23:45:10.415581,PAYMENT,3196.1,MEDIUM,0.67
2026-01-07T23:45:12.319719,TRANSFER,2577.05,LOW,0.03
2026-01-07T23:45:14.267904,CASH_OUT,4863.78,MEDIUM,0.76
2026-01-07T23:45:16.145189,CASH_OUT,9818.04,MEDIUM,0.77
2026-01-07T23:45:18.051075,DEBIT,466.29,MEDIUM,0.66
2026-01-07T23:45:19.920018,PAYMENT,6541.67,LOW,0.0
2026-01-07T23:45:21.946919,PAYMENT,5957.38,MEDIUM,0.56
2026-01-07T23:45:23.893533,PAYMENT,9968.31,MEDIUM,0.59
2026-01-07T23:45:25.841349,CASH_OUT,7936.94,HIGH,0.85
2026-01-07T23:45:27.827026,DEBIT,4041.47,MEDIUM,0.72
2026-01-07T23:45:29.847265,DEBIT,3133.53,LOW,0.06
2026-01-07T23:45:31.769049,TRANSFER,1103.55,MEDIUM,0.75
2026-01-07T23:45:33.848526,PAYMENT,6631.42,MEDIUM,0.52
2026-01-07T23:45:35.917549,PAYMENT,7695.51,MEDIUM,0.58
2026-01-07T23:45:37.916251,DEBIT,1793.46,MEDIUM,0.72
2026-01-07T23:45:39.883325,CASH_IN,3687.26,LOW,0.0
2026-01-07T23:45:41.905946,CASH_OUT,2052.93,MEDIUM,0.74
2026-01-07T23:46:19.786027,TRANSFER,5000,LOW,0.09
2026-01-07T23:46:29.218419,CASH_OUT,6174.65,LOW,0.01
2026-01-07T23:46:31.158088,CASH_OUT,2779.28,MEDIUM,0.76
2026-01-07T23:46:33.201798,CASH_OUT,7973.53,HIGH,0.86
2026-01-07T23:46:35.274226,PAYMENT,6258.81,MEDIUM,0.57
2026-01-07T23:46:37.182675,CASH_OUT,9021.09,LOW,0.02
2026-01-07T23:46:39.047805,TRANSFER,2839.7,HIGH,0.81
2026-01-07T23:46:40.928395,CASH_OUT,9098.4,MEDIUM,0.78
2026-01-07T23:46:42.864898,DEBIT,2010.54,MEDIUM,0.71
2026-01-07T23:46:44.721394,TRANSFER,9070.19,LOW,0.0
2026-01-07T23:46:46.702902,CASH_OUT,142.06,MEDIUM,0.79
2026-01-07T23:46:48.537594,CASH_OUT,5875.62,LOW,0.0
2026-01-07T23:46:50.497771,DEBIT,4309.88,MEDIUM,0.7
2026-01-07T23:46:52.517445,TRANSFER,1965.74,LOW,0.0
2026-01-07T23:46:54.469538,CASH_OUT,854.65,LOW,0.06
2026-01-07T23:46:56.491572,PAYMENT,9481.84,MEDIUM,0.59
2026-01-07T23:46:58.554093,CASH_OUT,8988.94,MEDIUM,0.76
2026-01-07T23:47:00.618376,PAYMENT,3753.17,LOW,0.0
2026-01-07T23:47:02.638928,TRANSFER,2212.49,MEDIUM,0.76
2026-01-07T23:47:04.696719,PAYMENT,4080.77,LOW,0.0
2026-01-07T23:47:06.563772,CASH_OUT,4905.79,MEDIUM,0.75
2026-01-07T23:47:08.653426,CASH_OUT,7150.03,MEDIUM,0.77
2026-01-07T23:47:10.660247,CASH_IN,5223.31,MEDIUM,0.62
2026-01-07T23:47:12.639547,PAYMENT,4337.11,MEDIUM,0.53
2026-01-07T23:47:14.539926,CASH_OUT,5013.09,MEDIUM,0.76
2026-01-07T23:47:16.449043,PAYMENT,1626.79,MEDIUM,0.58
2026-01-07T23:47:18.377738,CASH_OUT,8692.47,MEDIUM,0.75
2026-01-07T23:47:20.332394,CASH_OUT,3258.54,MEDIUM,0.78
2026-01-07T23:47:22.289149,CASH_OUT,9520.55,LOW,0.01
2026-01-07T23:47:24.243131,CASH_IN,344.5,LOW,0.0
2026-01-07T23:47:26.307798,CASH_OUT,2133.01,MEDIUM,0.72
2026-01-08T00:04:57.592518,PAYMENT,100,LOW,0.0
2026-01-08T00:05:02.086218,PAYMENT,1000.0,LOW,0.0
2026-01-08T00:05:29.107492,CASH_IN,2660.06,MEDIUM,0.76
2026-01-08T00:05:31.473541,TRANSFER,128.29,LOW,0.04
2026-01-08T00:05:33.359788,TRANSFER,1386.46,MEDIUM,0.75
2026-01-08T00:05:35.221193,PAYMENT,2011.91,MEDIUM,0.56
2026-01-08T00:05:37.028124,PAYMENT,8728.45,MEDIUM,0.58
2026-01-08T00:05:38.860050,TRANSFER,2144.72,MEDIUM,0.74
2026-01-08T00:05:40.616683,TRANSFER,4438.96,MEDIUM,0.76
2026-01-08T00:05:42.423295,CASH_IN,5461.32,MEDIUM,0.77
2026-01-08T00:05:44.228800,DEBIT,7333.82,MEDIUM,0.72
2026-01-08T00:05:46.129432,DEBIT,4232.36,MEDIUM,0.72
2026-01-08T00:05:47.971955,CASH_OUT,2091.74,MEDIUM,0.76
2026-01-08T00:05:49.780558,CASH_OUT,1191.17,HIGH,0.84
2026-01-08T00:05:51.625209,CASH_OUT,9217.98,MEDIUM,0.76
2026-01-08T00:05:53.649677,CASH_OUT,5887.67,MEDIUM,0.77
2026-01-08T00:05:55.642573,CASH_OUT,3990.97,LOW,0.0
2026-01-08T00:05:57.610342,DEBIT,7529.48,LOW,0.0
2026-01-08T00:05:59.566049,DEBIT,4345.15,HIGH,0.81
2026-01-08T00:06:01.591786,TRANSFER,2284.9,MEDIUM,0.75
2026-01-08T00:06:03.524958,CASH_IN,7564.23,MEDIUM,0.63
2026-01-08T00:06:05.519099,DEBIT,174.03,MEDIUM,0.77
2026-01-08T00:06:07.815372,DEBIT,1381.38,HIGH,0.81
2026-01-08T00:06:09.806432,TRANSFER,5279.51,MEDIUM,0.73
2026-01-08T00:06:11.690032,DEBIT,8477.72,MEDIUM,0.73
2026-01-08T00:06:13.537898,DEBIT,2929.35,MEDIUM,0.73
2026-01-08T00:06:15.516180,PAYMENT,5132.38,MEDIUM,0.67
2026-01-08T00:06:17.452370,TRANSFER,1210.64,MEDIUM,0.75
2026-01-08T00:06:19.353374,DEBIT,8218.07,HIGH,0.82
2026-01-08T00:06:21.226906,DEBIT,7737.47,MEDIUM,0.72
2026-01-08T00:06:23.059150,CASH_OUT,1337.95,MEDIUM,0.8
2026-01-08T00:06:24.949682,DEBIT,9586.05,HIGH,0.82
2026-01-28T19:28:05.457385,CASH_IN,8318.22,MEDIUM,0.77
2026-01-28T19:28:09.217006,CASH_OUT,1915.47,MEDIUM,0.74
2026-01-28T19:28:11.647209,PAYMENT,970.63,MEDIUM,0.52
2026-01-28T19:28:14.107801,TRANSFER,9229.08,HIGH,0.84
2026-01-28T19:28:16.570596,CASH_OUT,1393.57,MEDIUM,0.71
2026-01-28T19:28:19.024443,DEBIT,2606.05,HIGH,0.83
2026-01-28T19:28:21.557428,CASH_OUT,7429.37,MEDIUM,0.77
2026-01-28T19:28:24.212155,CASH_OUT,2128.2,LOW,0.07
2026-01-28T19:28:26.785772,DEBIT,5657.41,MEDIUM,0.71
2026-01-28T19:28:29.291858,CASH_OUT,9940.0,MEDIUM,0.77
2026-01-28T19:28:31.735009,PAYMENT,8381.25,LOW,0.02
2026-01-28T19:28:34.246965,TRANSFER,2280.48,LOW,0.03
2026-01-28T19:28:36.745456,DEBIT,3639.61,MEDIUM,0.71
2026-01-28T19:28:39.293136,CASH_OUT,6985.76,MEDIUM,0.76
2026-01-28T19:28:41.916226,CASH_OUT,1180.87,HIGH,0.84
2026-01-28T19:28:44.287147,DEBIT,8094.72,MEDIUM,0.62
2026-01-28T19:28:46.645387,DEBIT,1390.86,MEDIUM,0.76
2026-01-28T19:28:49.165993,TRANSFER,3758.4,MEDIUM,0.76
2026-01-28T19:28:51.644540,CASH_OUT,2657.64,LOW,0.01
2026-01-28T19:28:54.188789,CASH_IN,1373.37,MEDIUM,0.7
2026-01-28T19:28:56.711547,CASH_OUT,8197.53,MEDIUM,0.75
2026-01-28T19:28:59.144069,CASH_OUT,9609.03,LOW,0.06
2026-01-28T19:29:01.653878,CASH_OUT,1855.17,HIGH,0.86
2026-01-28T19:29:04.144872,DEBIT,2493.77,MEDIUM,0.73
2026-01-28T19:29:06.674351,CASH_IN,8376.41,MEDIUM,0.69
2026-01-28T19:29:09.248228,CASH_IN,6367.62,LOW,0.01
2026-01-28T19:29:11.772668,DEBIT,4819.85,MEDIUM,0.72
2026-01-28T19:29:14.954625,DEBIT,7189.71,MEDIUM,0.77
2026-01-28T19:29:17.648893,TRANSFER,5108.99,HIGH,0.85
2026-01-28T19:29:20.377699,CASH_IN,8058.18,MEDIUM,0.62
2026-01-28T19:29:23.068168,CASH_IN,9138.47,MEDIUM,0.63
2026-01-28T19:29:25.551699,CASH_OUT,1190.65,MEDIUM,0.7
2026-01-28T19:29:28.150448,TRANSFER,7750.34,LOW,0.05
2026-01-28T19:29:30.770006,DEBIT,7864.07,LOW,0.0
2026-01-28T19:29:33.281613,PAYMENT,2380.5,MEDIUM,0.66
2026-01-28T19:29:35.830884,PAYMENT,227.65,MEDIUM,0.6
2026-01-28T19:29:38.414623,DEBIT,8300.72,LOW,0.0
2026-01-28T19:29:41.155945,TRANSFER,2111.27,LOW,0.0
2026-01-28T19:29:43.712514,CASH_OUT,4068.6,LOW,0.02
2026-01-28T19:29:46.309957,TRANSFER,5445.47,LOW,0.0
2026-01-28T19:29:49.035101,TRANSFER,7687.85,LOW,0.0
2026-01-28T19:29:51.762390,DEBIT,4119.24,MEDIUM,0.72
2026-01-28T19:29:54.477831,CASH_IN,8704.96,MEDIUM,0.72
2026-01-28T19:29:57.008688,TRANSFER,3744.86,LOW,0.0
2026-01-28T19:29:59.660294,PAYMENT,7930.53,MEDIUM,0.64
2026-01-28T19:30:02.145703,TRANSFER,5317.14,MEDIUM,0.75
2026-01-28T19:30:04.748186,CASH_IN,9761.55,MEDIUM,0.69
2026-01-28T19:30:07.396650,CASH_IN,7513.67,MEDIUM,0.76
2026-01-28T19:30:09.982692,DEBIT,2534.64,MEDIUM,0.71
2026-01-28T19:30:12.556647,CASH_OUT,2580.34,LOW,0.01
2026-01-28T19:30:15.247980,DEBIT,2275.04,MEDIUM,0.69
2026-01-28T19:30:17.924414,DEBIT,8658.4,LOW,0.0
2026-01-28T19:30:20.539347,CASH_OUT,7431.63,LOW,0.01
2026-01-28T19:30:23.067017,CASH_IN,1054.0,MEDIUM,0.69
2026-01-28T19:30:25.785780,CASH_IN,9487.15,MEDIUM,0.65
2026-01-28T19:30:28.357493,TRANSFER,8337.69,MEDIUM,0.73
2026-01-28T19:30:30.733261,PAYMENT,3960.72,MEDIUM,0.57
2026-01-28T19:30:33.021634,CASH_IN,6778.1,LOW,0.05
2026-01-28T19:30:35.335765,CASH_OUT,7304.07,MEDIUM,0.76
2026-01-28T19:30:37.560783,CASH_IN,1157.36,MEDIUM,0.69
2026-01-28T19:30:39.895993,DEBIT,1668.01,LOW,0.02
2026-01-28T19:30:42.167776,PAYMENT,5206.24,MEDIUM,0.56
2026-01-28T19:30:44.442790,CASH_OUT,3718.19,HIGH,0.81
2026-01-28T19:30:46.696863,DEBIT,8554.51,MEDIUM,0.77
2026-01-28T19:30:48.975062,TRANSFER,1072.76,LOW,0.02
2026-01-28T19:30:51.227938,TRANSFER,3474.17,HIGH,0.84
2026-01-28T19:30:53.662562,TRANSFER,3431.66,HIGH,0.83
2026-01-28T19:30:56.455766,CASH_OUT,8156.6,MEDIUM,0.77
2026-01-28T19:30:59.055243,PAYMENT,7369.5,LOW,0.0
2026-01-28T19:31:01.478259,DEBIT,3513.35,MEDIUM,0.74
2026-01-28T19:31:04.117617,CASH_IN,835.02,LOW,0.04
2026-01-28T19:31:06.851904,CASH_IN,6226.61,LOW,0.0
2026-01-28T19:31:09.506651,TRANSFER,8828.07,MEDIUM,0.75
2026-01-28T19:31:11.939638,PAYMENT,5950.66,MEDIUM,0.59
2026-01-28T19:31:14.526559,CASH_IN,807.37,MEDIUM,0.66
2026-01-28T19:31:17.151275,CASH_OUT,1910.91,HIGH,0.88
2026-01-28T19:31:19.690552,PAYMENT,1268.61,MEDIUM,0.65
2026-01-28T19:31:22.481344,CASH_IN,2972.24,MEDIUM,0.72
2026-01-28T19:31:25.100979,CASH_OUT,4357.16,HIGH,0.87
2026-01-28T19:31:27.846675,CASH_OUT,9263.1,LOW,0.11
2026-01-28T19:31:30.387232,CASH_OUT,8236.43,LOW,0.08
2026-01-28T19:31:32.953065,TRANSFER,127.88,HIGH,0.83
2026-01-28T19:31:35.547756,PAYMENT,4188.55,MEDIUM,0.59
2026-01-28T19:31:38.224832,PAYMENT,5388.28,MEDIUM,0.57
2026-01-28T19:31:40.931160,CASH_IN,7833.99,MEDIUM,0.69
2026-01-28T19:31:43.731424,CASH_IN,6531.93,MEDIUM,0.62
2026-01-28T19:31:46.270353,CASH_IN,7860.01,MEDIUM,0.76
2026-01-28T19:31:48.813919,TRANSFER,6396.07,LOW,0.04
2026-01-28T19:31:51.521288,CASH_IN,5966.5,LOW,0.0
2026-01-28T19:31:54.084687,DEBIT,7102.52,MEDIUM,0.64
2026-01-28T19:31:56.748763,CASH_OUT,1021.1,HIGH,0.87
2026-01-28T19:31:59.335844,CASH_OUT,8475.89,MEDIUM,0.75
2026-01-28T19:32:01.946038,CASH_IN,4690.88,MEDIUM,0.67
2026-01-28T19:32:04.646513,CASH_IN,3205.94,LOW,0.0
2026-01-28T19:32:07.204735,CASH_IN,6104.47,MEDIUM,0.69
2026-01-28T19:32:09.885408,DEBIT,1751.65,LOW,0.0
2026-01-28T19:32:12.527440,PAYMENT,1986.55,MEDIUM,0.56
2026-01-28T19:32:15.227189,TRANSFER,9439.16,HIGH,0.83
2026-01-28T19:32:17.830871,DEBIT,1191.86,MEDIUM,0.73
2026-01-28T19:32:20.429632,PAYMENT,5450.61,LOW,0.0
2026-01-28T19:32:22.935046,CASH_OUT,2068.8,MEDIUM,0.76
2026-01-28T19:32:25.475919,CASH_IN,8201.49,MEDIUM,0.65
2026-01-28T19:32:28.143658,TRANSFER,5376.15,HIGH,0.84
2026-01-28T19:32:30.729973,CASH_OUT,5825.5,LOW,0.03
2026-01-28T19:32:33.342981,DEBIT,9439.62,MEDIUM,0.72
2026-01-28T19:32:36.049680,CASH_OUT,4781.64,LOW,0.01
2026-01-28T19:32:38.666718,CASH_OUT,4783.18,MEDIUM,0.74
2026-01-28T19:32:41.472045,DEBIT,2791.23,MEDIUM,0.72
2026-01-28T19:32:44.143102,TRANSFER,6367.47,MEDIUM,0.75
2026-01-28T19:32:46.606859,TRANSFER,8345.57,MEDIUM,0.74
2026-01-28T19:32:49.242177,CASH_OUT,3430.81,MEDIUM,0.76
2026-01-28T19:32:51.976897,CASH_OUT,3660.15,LOW,0.01
2026-01-28T19:32:54.571408,TRANSFER,8415.51,MEDIUM,0.75
2026-01-28T19:32:57.282623,CASH_OUT,7439.8,LOW,0.02
2026-01-28T19:33:00.103194,PAYMENT,4145.93,MEDIUM,0.6
2026-01-28T19:33:02.888526,PAYMENT,8945.17,MEDIUM,0.66
2026-01-28T19:33:05.348105,TRANSFER,66.36,MEDIUM,0.8
2026-01-28T19:33:07.947462,TRANSFER,4593.44,MEDIUM,0.72
2026-01-28T19:33:10.472620,TRANSFER,2281.44,MEDIUM,0.72
2026-01-28T19:33:12.983575,PAYMENT,1392.64,MEDIUM,0.67
2026-01-28T19:33:15.623360,CASH_OUT,4892.3,MEDIUM,0.78
2026-01-28T19:33:18.158682,CASH_IN,7601.7,LOW,0.0
2026-01-28T19:33:20.915292,PAYMENT,8343.0,MEDIUM,0.58
2026-01-28T19:33:23.545076,CASH_IN,1674.36,MEDIUM,0.74
2026-01-28T19:33:26.058752,PAYMENT,43.38,MEDIUM,0.59
2026-01-28T19:33:28.775829,PAYMENT,7021.04,LOW,0.02
2026-01-28T19:33:31.304488,PAYMENT,5036.91,MEDIUM,0.67
2026-01-28T19:33:33.919578,PAYMENT,2683.89,MEDIUM,0.58
2026-01-28T19:33:36.710648,PAYMENT,8929.88,MEDIUM,0.59
2026-01-28T19:33:39.581640,CASH_IN,3035.74,LOW,0.0
2026-01-28T19:33:42.119295,DEBIT,4633.55,MEDIUM,0.72
2026-01-28T19:33:44.779794,CASH_OUT,1720.41,LOW,0.01
2026-01-28T19:33:47.490163,DEBIT,3441.81,LOW,0.0
2026-01-28T19:33:50.182896,TRANSFER,8134.44,MEDIUM,0.75
2026-01-28T19:33:52.803366,CASH_OUT,4172.23,MEDIUM,0.75
2026-01-28T19:33:55.332811,TRANSFER,8476.31,MEDIUM,0.71
2026-01-28T19:33:58.069328,DEBIT,609.72,MEDIUM,0.77
2026-01-28T19:34:00.708982,CASH_IN,1293.19,MEDIUM,0.66
2026-01-28T19:34:03.132603,PAYMENT,356.89,MEDIUM,0.59
2026-01-28T19:34:05.768250,TRANSFER,7935.01,LOW,0.0
2026-01-28T19:34:08.369048,TRANSFER,7367.32,MEDIUM,0.75
2026-01-28T19:34:10.960478,PAYMENT,1036.59,LOW,0.0
2026-01-28T19:34:13.747444,CASH_OUT,4505.53,MEDIUM,0.75
2026-01-28T19:34:16.432103,CASH_IN,6818.39,LOW,0.0
2026-01-28T19:34:19.004086,TRANSFER,2577.89,MEDIUM,0.74
2026-01-28T19:34:21.676173,CASH_OUT,1626.63,MEDIUM,0.78
2026-01-28T19:34:24.259305,TRANSFER,3667.42,MEDIUM,0.73
2026-01-28T19:34:27.027850,CASH_OUT,2799.8,MEDIUM,0.76
2026-01-28T19:34:29.794718,PAYMENT,8249.96,MEDIUM,0.59
2026-01-28T19:34:32.334671,TRANSFER,6028.93,MEDIUM,0.71
2026-01-28T19:34:34.893257,DEBIT,9086.71,MEDIUM,0.66
2026-01-28T19:34:37.699633,PAYMENT,8902.12,MEDIUM,0.6
2026-01-28T19:34:40.395235,TRANSFER,9381.62,LOW,0.01
2026-01-28T19:34:43.004041,TRANSFER,9896.65,HIGH,0.84
2026-01-28T19:34:45.455575,PAYMENT,4107.01,MEDIUM,0.58
2026-01-28T19:34:48.199984,CASH_IN,2420.23,MEDIUM,0.7
2026-01-28T19:34:50.843365,CASH_OUT,1023.57,MEDIUM,0.75
2026-01-28T19:34:53.443739,PAYMENT,5485.24,MEDIUM,0.67
2026-01-28T19:34:56.090057,DEBIT,8589.3,MEDIUM,0.68
2026-01-28T19:34:58.651340,CASH_IN,6121.07,MEDIUM,0.7
2026-01-28T19:35:01.352122,CASH_OUT,3553.68,MEDIUM,0.77
2026-01-28T19:35:04.112187,PAYMENT,70.43,MEDIUM,0.56
2026-01-28T19:35:06.759224,CASH_IN,6724.99,MEDIUM,0.7
2026-01-28T19:35:09.296232,TRANSFER,3644.35,MEDIUM,0.73
2026-01-28T19:35:11.869453,PAYMENT,868.17,MEDIUM,0.67
2026-01-28T19:35:14.572770,CASH_OUT,5925.26,MEDIUM,0.76
2026-01-28T19:35:17.150706,CASH_OUT,702.33,HIGH,0.81
2026-01-28T19:35:19.882343,CASH_IN,8020.21,MEDIUM,0.69
2026-01-28T19:35:22.619344,DEBIT,8504.72,HIGH,0.81
2026-01-28T19:35:25.153672,DEBIT,3999.84,LOW,0.0
2026-01-28T19:35:27.785507,PAYMENT,5314.47,LOW,0.0
2026-01-28T19:35:30.396212,PAYMENT,1546.31,MEDIUM,0.52
2026-01-28T19:35:32.850623,CASH_OUT,6644.48,MEDIUM,0.71
2026-01-28T19:35:35.435307,TRANSFER,4171.39,HIGH,0.83
2026-01-28T19:35:38.192111,CASH_IN,2032.27,MEDIUM,0.69
2026-01-28T19:35:40.963993,DEBIT,3969.52,MEDIUM,0.77
2026-01-28T19:35:43.627991,CASH_IN,6228.8,MEDIUM,0.68
2026-01-28T19:35:46.179987,TRANSFER,9243.2,HIGH,0.84
2026-01-28T19:35:48.882528,CASH_IN,6681.77,MEDIUM,0.63
2026-01-28T19:35:51.609254,CASH_OUT,6835.41,LOW,0.01
2026-01-28T19:35:54.251270,PAYMENT,6444.57,LOW,0.0
2026-01-28T19:35:56.709059,PAYMENT,2201.1,LOW,0.01
2026-01-28T19:35:59.246920,CASH_IN,1151.61,LOW,0.0
2026-01-28T19:36:02.011950,DEBIT,6730.27,MEDIUM,0.72
2026-01-28T19:36:04.683554,CASH_OUT,8927.93,LOW,0.09
2026-01-28T19:36:07.118079,DEBIT,5067.79,MEDIUM,0.72
2026-01-28T19:36:09.640538,CASH_IN,6410.77,MEDIUM,0.66
2026-01-28T19:36:12.282537,CASH_IN,2674.71,MEDIUM,0.66
2026-01-28T19:36:14.934766,DEBIT,6667.91,MEDIUM,0.71
2026-01-28T19:36:17.550056,PAYMENT,641.6,LOW,0.02
2026-01-28T19:36:20.122711,TRANSFER,8164.1,MEDIUM,0.8
2026-01-28T19:36:22.797317,DEBIT,8022.85,MEDIUM,0.77
2026-01-28T19:36:25.516409,CASH_IN,4945.56,MEDIUM,0.68
2026-01-28T19:36:28.080718,PAYMENT,4134.09,LOW,0.0
2026-01-28T19:36:30.575553,PAYMENT,4810.97,MEDIUM,0.57
2026-01-28T19:36:33.317384,DEBIT,6002.64,MEDIUM,0.64
2026-01-28T19:36:36.116601,TRANSFER,6061.63,MEDIUM,0.75
2026-01-28T19:36:38.571909,PAYMENT,5574.82,LOW,0.0
2026-01-28T19:36:41.204952,TRANSFER,8877.12,MEDIUM,0.73
2026-01-28T19:36:44.115710,DEBIT,6002.86,MEDIUM,0.72
2026-01-28T19:36:46.687220,CASH_OUT,5391.97,LOW,0.16
2026-01-28T19:36:49.300916,TRANSFER,3271.88,MEDIUM,0.67
2026-01-28T19:36:51.842577,DEBIT,6304.29,MEDIUM,0.73
2026-01-28T19:36:54.549687,TRANSFER,9015.15,LOW,0.0
2026-01-28T19:36:57.309167,TRANSFER,7353.31,MEDIUM,0.73
2026-01-28T19:36:59.828194,TRANSFER,9805.94,MEDIUM,0.73
2026-01-28T19:37:02.495672,PAYMENT,2875.69,MEDIUM,0.63
2026-01-28T19:37:05.146127,TRANSFER,8450.89,MEDIUM,0.75
2026-01-28T19:37:07.810385,DEBIT,8941.35,MEDIUM,0.72
2026-01-28T19:37:10.517442,CASH_OUT,250.39,LOW,0.02
2026-01-28T19:37:13.115672,DEBIT,1208.16,MEDIUM,0.67
2026-01-28T19:37:15.600983,DEBIT,2492.02,MEDIUM,0.71
2026-01-28T19:37:18.378509,CASH_IN,9365.54,MEDIUM,0.62
2026-01-28T19:37:21.074988,DEBIT,7161.42,MEDIUM,0.65
2026-01-28T19:37:23.604670,CASH_IN,8492.18,MEDIUM,0.77
2026-01-28T19:37:26.168905,TRANSFER,7078.87,MEDIUM,0.75
2026-01-28T19:37:28.826254,CASH_OUT,1377.9,HIGH,0.87
2026-01-28T19:37:31.569016,CASH_IN,881.06,MEDIUM,0.7
2026-01-28T19:37:34.097869,CASH_OUT,6148.2,MEDIUM,0.74
2026-01-28T19:37:36.746453,PAYMENT,3382.76,LOW,0.0
2026-01-28T19:37:39.515976,PAYMENT,7868.31,MEDIUM,0.52
2026-01-28T19:37:42.181004,PAYMENT,3716.86,MEDIUM,0.67
2026-01-28T19:37:44.658211,TRANSFER,5194.48,LOW,0.0
2026-01-28T19:37:47.274470,TRANSFER,5753.37,MEDIUM,0.75
2026-01-28T19:37:49.806659,CASH_IN,1005.12,MEDIUM,0.76
2026-01-28T19:37:52.317693,TRANSFER,8331.15,MEDIUM,0.77
2026-01-28T19:37:54.968930,TRANSFER,2985.18,HIGH,0.85
2026-01-28T19:37:57.645741,DEBIT,4753.05,MEDIUM,0.7
2026-01-28T19:38:00.399103,CASH_OUT,3262.4,MEDIUM,0.77
2026-01-28T19:38:03.008197,TRANSFER,4613.42,MEDIUM,0.79
2026-01-28T19:38:05.614411,DEBIT,1829.38,MEDIUM,0.69
2026-01-28T19:38:08.381076,DEBIT,5306.04,LOW,0.0
2026-01-28T19:38:10.850835,TRANSFER,1199.67,LOW,0.0
2026-01-28T19:38:13.417199,TRANSFER,9312.7,MEDIUM,0.79
2026-01-28T19:38:15.927957,CASH_IN,2695.81,LOW,0.0
2026-01-28T19:38:18.554321,PAYMENT,9371.33,LOW,0.0
2026-01-28T19:38:21.048171,DEBIT,5286.34,MEDIUM,0.72
2026-01-28T19:38:23.658127,TRANSFER,1270.1,MEDIUM,0.77
2026-01-28T19:38:26.250401,CASH_OUT,5468.61,MEDIUM,0.74
2026-01-28T19:38:29.124818,CASH_OUT,701.68,LOW,0.11
2026-01-28T19:38:31.773809,DEBIT,6203.16,MEDIUM,0.72
2026-01-28T19:38:34.330527,TRANSFER,5665.42,HIGH,0.84
2026-01-28T19:38:37.118456,PAYMENT,1817.34,MEDIUM,0.59
2026-01-28T19:38:39.712595,TRANSFER,8168.39,MEDIUM,0.67
2026-01-28T19:38:42.255019,DEBIT,9741.53,MEDIUM,0.73
2026-01-28T19:38:44.926846,CASH_IN,8666.02,LOW,0.0
2026-01-28T19:38:47.672454,CASH_IN,7303.0,MEDIUM,0.62
2026-01-28T19:38:50.315923,PAYMENT,7356.97,MEDIUM,0.52
2026-01-28T19:38:53.150098,CASH_OUT,8034.81,MEDIUM,0.77
2026-01-28T19:38:55.976885,TRANSFER,7747.79,MEDIUM,0.8
2026-01-28T19:38:58.572049,TRANSFER,392.87,HIGH,0.85
2026-01-28T19:39:01.225190,CASH_IN,8808.72,MEDIUM,0.7
2026-01-28T19:39:03.744321,TRANSFER,931.43,LOW,0.01
2026-01-28T19:39:06.257167,CASH_OUT,3619.65,MEDIUM,0.74
2026-01-28T19:39:08.943377,PAYMENT,7850.39,MEDIUM,0.53
2026-01-28T19:39:11.509570,CASH_IN,9888.04,MEDIUM,0.69
2026-01-28T19:39:14.238128,DEBIT,5701.58,LOW,0.0
2026-01-28T19:39:17.099759,CASH_OUT,6844.76,MEDIUM,0.73
2026-01-28T19:39:19.657591,PAYMENT,8753.11,MEDIUM,0.67
2026-01-28T19:39:22.267337,PAYMENT,4936.58,MEDIUM,0.57
2026-01-28T19:39:25.000416,CASH_OUT,2576.13,LOW,0.01
2026-01-28T19:39:27.814093,DEBIT,5052.8,MEDIUM,0.72
2026-01-28T19:39:30.396627,CASH_IN,4033.2,MEDIUM,0.71
2026-01-28T19:39:33.003801,CASH_IN,5135.66,MEDIUM,0.65
2026-01-28T19:39:35.751012,CASH_OUT,4055.95,LOW,0.01
2026-01-28T19:39:38.639736,DEBIT,2155.66,MEDIUM,0.72
2026-01-28T19:39:41.460135,TRANSFER,6766.67,MEDIUM,0.74
2026-01-28T19:39:44.056963,PAYMENT,627.92,LOW,0.0
2026-01-28T19:39:46.634986,CASH_IN,5632.68,MEDIUM,0.69
2026-01-28T19:39:49.149977,TRANSFER,9613.68,MEDIUM,0.76
2026-01-28T19:39:51.611123,DEBIT,3542.96,LOW,0.01
2026-01-28T19:39:54.121164,PAYMENT,1190.58,MEDIUM,0.67
2026-01-28T19:39:56.800605,TRANSFER,6348.75,MEDIUM,0.72
2026-01-28T19:39:59.437723,CASH_IN,6625.11,MEDIUM,0.77
2026-01-28T19:40:02.167407,DEBIT,2507.48,MEDIUM,0.72
2026-01-28T19:40:04.903817,DEBIT,5509.22,HIGH,0.83
2026-01-28T19:40:07.519396,TRANSFER,9973.4,LOW,0.01
2026-01-28T19:40:10.282403,TRANSFER,1983.4,MEDIUM,0.74
2026-01-28T19:40:13.030263,TRANSFER,3921.63,LOW,0.1
2026-01-28T19:40:15.559447,TRANSFER,3620.28,MEDIUM,0.76
2026-01-28T19:40:18.049123,CASH_OUT,6159.22,MEDIUM,0.78
2026-01-28T19:40:20.740738,PAYMENT,1664.51,MEDIUM,0.59
2026-01-28T19:40:23.518386,PAYMENT,7496.7,MEDIUM,0.51
2026-01-28T19:40:26.168176,TRANSFER,97.63,MEDIUM,0.76
2026-01-28T19:40:28.751292,PAYMENT,5670.07,MEDIUM,0.59
2026-01-28T19:40:31.289788,PAYMENT,8838.93,LOW,0.0
2026-01-28T19:40:33.750960,DEBIT,1963.93,MEDIUM,0.72
2026-01-28T19:40:36.466554,PAYMENT,5695.72,MEDIUM,0.56
2026-01-28T19:40:39.161302,CASH_IN,7559.42,MEDIUM,0.62
2026-01-28T19:40:41.906007,CASH_IN,1776.42,LOW,0.02
2026-01-28T19:40:44.615758,CASH_IN,7857.98,MEDIUM,0.68
2026-01-28T19:40:47.230664,DEBIT,6420.83,MEDIUM,0.77
2026-01-28T19:40:49.926106,TRANSFER,7898.92,MEDIUM,0.76
2026-01-28T19:40:52.588365,PAYMENT,73.98,LOW,0.0
2026-01-28T19:40:55.204033,PAYMENT,5893.26,LOW,0.0
2026-01-28T19:40:57.688228,CASH_OUT,9630.77,LOW,0.01
2026-01-28T19:41:00.299055,CASH_IN,2178.07,MEDIUM,0.77
2026-01-28T19:41:03.017136,PAYMENT,9220.77,LOW,0.0
2026-01-28T19:41:05.716680,TRANSFER,8783.09,LOW,0.01
2026-01-28T19:41:08.252959,DEBIT,6826.4,MEDIUM,0.73
2026-01-28T19:41:10.896893,DEBIT,5113.95,MEDIUM,0.72
2026-01-28T19:41:13.637660,DEBIT,4759.29,HIGH,0.82
2026-01-28T19:41:16.132015,CASH_IN,831.91,MEDIUM,0.69
2026-01-28T19:41:18.767215,CASH_OUT,493.83,HIGH,0.88
2026-01-28T19:41:21.406789,CASH_OUT,4057.44,MEDIUM,0.76
2026-01-28T19:41:24.165931,TRANSFER,6925.36,MEDIUM,0.72
2026-01-28T19:41:26.885290,TRANSFER,319.34,MEDIUM,0.71
2026-01-28T19:41:29.409176,TRANSFER,8940.05,MEDIUM,0.71
2026-01-28T19:41:32.109475,CASH_OUT,1597.79,HIGH,0.86
2026-01-28T19:41:34.797628,CASH_IN,1437.54,MEDIUM,0.68
2026-01-28T19:41:37.447962,TRANSFER,9926.72,MEDIUM,0.72
2026-01-28T19:41:40.032657,PAYMENT,6056.06,MEDIUM,0.6
2026-01-28T19:41:42.542466,DEBIT,4271.34,MEDIUM,0.75
2026-01-28T19:41:45.301329,CASH_IN,9570.92,LOW,0.0
2026-01-28T19:41:48.130755,CASH_IN,9249.01,MEDIUM,0.74
2026-01-28T19:41:50.692321,PAYMENT,4978.36,MEDIUM,0.56
2026-01-28T19:41:53.458568,PAYMENT,4645.61,MEDIUM,0.67
2026-01-28T19:41:56.199723,DEBIT,5025.62,HIGH,0.81
2026-01-28T19:41:58.798383,DEBIT,3626.26,MEDIUM,0.65
2026-01-28T19:42:01.419271,TRANSFER,2914.81,MEDIUM,0.73
2026-01-28T19:42:04.128465,CASH_OUT,7305.09,LOW,0.03
2026-01-28T19:42:06.788130,DEBIT,9072.2,MEDIUM,0.77
2026-01-28T19:42:09.554959,CASH_IN,4329.74,MEDIUM,0.72
2026-01-28T19:42:12.311716,PAYMENT,911.13,MEDIUM,0.52
2026-01-28T19:42:14.949807,TRANSFER,7993.78,HIGH,0.84
2026-01-28T19:42:17.627134,PAYMENT,8212.0,MEDIUM,0.57
2026-01-28T19:42:20.341522,DEBIT,2217.88,LOW,0.0
2026-01-28T19:42:23.088715,CASH_OUT,8521.8,LOW,0.0
2026-01-28T19:42:25.626694,TRANSFER,481.84,HIGH,0.84
2026-01-28T19:42:28.267663,CASH_OUT,6835.61,LOW,0.01
2026-01-28T19:42:31.046814,PAYMENT,2945.0,MEDIUM,0.67
2026-01-28T19:42:33.803467,CASH_IN,5423.17,LOW,0.01
2026-01-28T19:42:36.579665,CASH_IN,2466.16,MEDIUM,0.69
2026-01-28T19:42:39.243679,CASH_OUT,1826.63,LOW,0.04
2026-01-28T19:42:41.983294,TRANSFER,7976.53,LOW,0.01
2026-01-28T19:42:44.667397,DEBIT,5329.77,MEDIUM,0.7
2026-01-28T19:42:47.483369,DEBIT,8549.65,HIGH,0.82
2026-01-28T19:42:50.183837,PAYMENT,2407.82,LOW,0.0
2026-01-28T19:42:52.691534,DEBIT,6799.63,MEDIUM,0.67
2026-01-28T19:42:55.173625,PAYMENT,8888.32,MEDIUM,0.64
2026-01-28T19:42:57.739025,TRANSFER,2955.35,MEDIUM,0.75
2026-01-28T19:43:00.511564,PAYMENT,7216.32,MEDIUM,0.57
2026-01-28T19:43:03.129098,DEBIT,6334.59,MEDIUM,0.72
2026-01-28T19:43:05.894306,CASH_OUT,3716.7,LOW,0.08
2026-01-28T19:43:08.330728,TRANSFER,9900.58,HIGH,0.83
2026-01-28T19:43:10.773237,TRANSFER,2199.77,MEDIUM,0.74
2026-01-28T19:43:13.363254,DEBIT,6720.15,MEDIUM,0.72
2026-01-28T19:43:15.849894,PAYMENT,4135.82,MEDIUM,0.59
2026-01-28T19:43:18.514086,DEBIT,6772.3,MEDIUM,0.73
2026-01-28T19:43:21.296397,CASH_IN,1234.98,MEDIUM,0.62
2026-01-28T19:43:23.867832,CASH_OUT,2997.86,HIGH,0.85
2026-01-28T19:43:26.668134,CASH_IN,4894.7,MEDIUM,0.65
2026-01-28T19:43:29.426077,TRANSFER,7536.51,LOW,0.0
2026-01-28T19:43:32.086960,PAYMENT,4102.25,MEDIUM,0.52
2026-01-28T19:43:34.643403,CASH_OUT,4703.51,HIGH,0.85
2026-01-28T19:43:37.287049,CASH_IN,8735.41,MEDIUM,0.69
2026-01-28T19:43:39.713773,DEBIT,5741.72,MEDIUM,0.73
2026-01-28T19:43:42.364300,PAYMENT,9265.1,MEDIUM,0.56
2026-01-28T19:43:45.017998,CASH_OUT,9939.86,HIGH,0.88
2026-01-28T19:43:47.892605,CASH_IN,9597.5,LOW,0.0
2026-01-28T19:43:50.461309,PAYMENT,7464.63,MEDIUM,0.59
2026-01-28T19:43:53.276448,PAYMENT,2749.75,MEDIUM,0.57
2026-01-28T19:43:55.990935,PAYMENT,8840.91,MEDIUM,0.62
2026-01-28T19:43:58.556499,CASH_IN,5449.22,MEDIUM,0.7
2026-01-28T19:44:01.036682,TRANSFER,6427.58,MEDIUM,0.71
2026-01-28T19:44:03.720073,CASH_IN,540.57,MEDIUM,0.69
2026-01-28T19:44:06.431946,CASH_OUT,2931.2,MEDIUM,0.74
2026-01-28T19:44:09.066443,CASH_OUT,8786.55,MEDIUM,0.7
2026-01-28T19:44:11.558495,PAYMENT,1782.85,MEDIUM,0.53
2026-01-28T19:44:14.260864,TRANSFER,7808.29,MEDIUM,0.75
2026-01-28T19:44:17.076032,DEBIT,7483.65,MEDIUM,0.71
2026-01-28T19:44:19.721647,PAYMENT,3323.62,MEDIUM,0.57
2026-01-28T19:44:22.343284,CASH_IN,8863.13,MEDIUM,0.69
2026-01-28T19:44:24.914694,DEBIT,330.81,MEDIUM,0.68
2026-01-28T19:44:27.466338,CASH_IN,7670.67,MEDIUM,0.7
2026-01-28T19:44:30.184970,TRANSFER,830.15,MEDIUM,0.7
2026-01-28T19:44:32.911881,CASH_OUT,6370.19,HIGH,0.81
2026-01-28T19:44:35.631137,DEBIT,1769.96,MEDIUM,0.71
2026-01-28T19:44:38.347725,CASH_OUT,228.43,MEDIUM,0.74
2026-01-28T19:44:41.022121,TRANSFER,2976.04,LOW,0.02
2026-01-28T19:44:43.623067,CASH_IN,4369.36,MEDIUM,0.62
2026-01-28T19:44:46.177215,TRANSFER,7311.15,HIGH,0.85
2026-01-28T19:44:48.866367,CASH_OUT,7897.69,HIGH,0.86
2026-01-28T19:44:51.530702,DEBIT,1948.5,MEDIUM,0.72
2026-01-28T19:44:54.116599,CASH_IN,9679.65,MEDIUM,0.67
2026-01-28T19:44:56.785812,DEBIT,2891.11,MEDIUM,0.71
2026-01-28T19:44:59.481026,CASH_IN,7462.9,MEDIUM,0.67
2026-01-28T19:45:02.051540,TRANSFER,4743.74,MEDIUM,0.75
2026-01-28T19:45:04.643306,CASH_IN,2638.23,MEDIUM,0.68
2026-01-28T19:45:07.307314,TRANSFER,732.74,HIGH,0.83
2026-01-28T19:45:10.113768,DEBIT,9640.19,HIGH,0.81
2026-01-28T19:45:12.710937,DEBIT,9354.34,HIGH,0.83
2026-01-28T19:45:15.285987,PAYMENT,1068.38,LOW,0.02
2026-01-28T19:45:18.042508,DEBIT,3316.66,MEDIUM,0.72
2026-01-28T19:45:20.828971,DEBIT,6323.84,MEDIUM,0.72
2026-01-28T19:45:23.334975,CASH_OUT,2811.77,HIGH,0.87
2026-01-28T19:45:25.831166,DEBIT,9185.19,LOW,0.02
2026-01-28T19:45:28.588981,TRANSFER,4815.59,HIGH,0.83
2026-01-28T19:45:31.388912,CASH_IN,8999.39,LOW,0.01
2026-01-28T19:45:34.154716,DEBIT,4374.48,MEDIUM,0.72
2026-01-28T19:45:36.702768,PAYMENT,7350.24,MEDIUM,0.59
2026-01-28T19:45:39.265517,DEBIT,9671.49,HIGH,0.82
2026-01-28T19:45:41.949023,CASH_OUT,6810.74,HIGH,0.87
2026-01-28T19:45:44.681599,PAYMENT,1805.64,MEDIUM,0.56
2026-01-28T19:45:47.446884,CASH_OUT,5381.1,LOW,0.0
2026-01-28T19:45:50.149160,PAYMENT,9980.43,MEDIUM,0.58
2026-01-28T19:45:52.735421,CASH_OUT,3638.39,LOW,0.0
2026-01-28T19:45:55.431256,TRANSFER,2651.82,MEDIUM,0.75
2026-01-28T19:45:58.155972,CASH_IN,2890.01,LOW,0.0
2026-01-28T19:46:00.741611,TRANSFER,5106.0,LOW,0.0
2026-01-28T19:46:03.408273,TRANSFER,2244.31,MEDIUM,0.71
2026-01-28T19:46:06.092250,TRANSFER,6858.01,LOW,0.0
2026-01-28T19:46:08.699282,CASH_IN,8333.8,MEDIUM,0.62
2026-01-28T19:46:11.399933,TRANSFER,6825.56,HIGH,0.84
2026-01-28T19:46:14.006354,PAYMENT,5541.17,MEDIUM,0.57
2026-01-28T19:46:16.789936,CASH_OUT,7123.31,HIGH,0.87
2026-01-28T19:46:19.489745,PAYMENT,3646.24,LOW,0.0
2026-01-28T19:46:22.129439,CASH_IN,9765.7,MEDIUM,0.62
2026-01-28T19:46:24.696745,CASH_OUT,3216.95,LOW,0.02
2026-01-28T19:46:27.452382,TRANSFER,3612.57,MEDIUM,0.73
2026-01-28T19:46:30.128285,TRANSFER,8586.81,LOW,0.0
2026-01-28T19:46:32.819757,DEBIT,9691.32,MEDIUM,0.68
2026-01-28T19:46:35.336579,CASH_IN,816.03,MEDIUM,0.74
2026-01-28T19:46:37.993295,CASH_OUT,4455.53,HIGH,0.88
2026-01-28T19:46:40.649597,CASH_IN,4652.35,MEDIUM,0.63
2026-01-28T19:46:43.347213,CASH_IN,8213.74,LOW,0.0
2026-01-28T19:46:46.099048,CASH_IN,749.7,MEDIUM,0.7
2026-01-28T19:46:48.860975,TRANSFER,426.84,LOW,0.02
2026-01-28T19:46:51.341867,DEBIT,7811.86,MEDIUM,0.72
2026-01-28T19:46:54.094026,CASH_OUT,4451.33,HIGH,0.88
2026-01-28T19:46:56.834056,PAYMENT,9363.89,MEDIUM,0.59
2026-01-28T19:46:59.309612,CASH_OUT,3152.64,HIGH,0.87
2026-01-28T19:47:01.892861,DEBIT,4829.42,MEDIUM,0.7
2026-01-28T19:47:04.657255,DEBIT,2563.07,MEDIUM,0.65
2026-01-28T19:47:07.216784,DEBIT,6153.93,LOW,0.0
2026-01-28T19:47:09.751539,CASH_OUT,4293.22,HIGH,0.87
2026-01-28T19:47:12.444147,PAYMENT,6768.56,MEDIUM,0.59
2026-01-28T19:47:14.983643,TRANSFER,7768.55,LOW,0.11
2026-01-28T19:47:17.755662,CASH_IN,8889.09,MEDIUM,0.77
2026-01-28T19:47:20.389592,TRANSFER,3840.64,HIGH,0.84
2026-01-28T19:47:23.105865,PAYMENT,9012.04,MEDIUM,0.58
2026-01-28T19:47:25.786013,PAYMENT,6744.08,MEDIUM,0.67
2026-01-28T19:47:28.380599,TRANSFER,744.03,HIGH,0.84
2026-01-28T19:47:30.796724,CASH_OUT,494.32,LOW,0.09
2026-01-28T19:47:33.382732,CASH_IN,9679.2,LOW,0.03
2026-01-28T19:47:35.909074,CASH_IN,1580.38,MEDIUM,0.66
2026-01-28T19:47:38.702025,CASH_OUT,2870.32,LOW,0.0
2026-01-28T19:47:41.511097,CASH_IN,2212.96,MEDIUM,0.69
2026-01-28T19:47:44.262365,PAYMENT,308.34,LOW,0.03
2026-01-28T19:47:46.956629,DEBIT,7187.23,MEDIUM,0.7
2026-01-28T19:47:49.585494,CASH_OUT,3853.8,LOW,0.01
2026-01-28T19:47:52.163009,PAYMENT,1028.15,MEDIUM,0.6
2026-01-28T19:47:54.800364,CASH_IN,5420.84,LOW,0.0
2026-01-28T19:47:57.550001,DEBIT,3718.14,LOW,0.0
2026-01-28T19:48:00.164867,CASH_OUT,409.15,MEDIUM,0.76
2026-01-28T19:48:02.690699,DEBIT,406.69,MEDIUM,0.71
2026-01-28T19:48:05.449715,DEBIT,7653.91,MEDIUM,0.73
2026-01-28T19:48:08.117526,CASH_IN,4692.44,MEDIUM,0.67
2026-01-28T19:48:10.671596,TRANSFER,3830.49,MEDIUM,0.8
2026-01-28T19:48:13.227301,DEBIT,1005.65,LOW,0.02
2026-01-28T19:48:16.056324,TRANSFER,8324.54,LOW,0.0
2026-01-28T19:48:18.769349,CASH_OUT,4807.87,LOW,0.11
2026-01-28T19:48:21.332917,CASH_IN,5830.63,MEDIUM,0.68
2026-01-28T19:48:24.135811,CASH_IN,4258.08,MEDIUM,0.67
2026-01-28T19:48:26.908875,TRANSFER,1692.79,LOW,0.0
2026-01-28T19:48:29.367320,PAYMENT,6313.34,MEDIUM,0.5
2026-01-28T19:48:31.814111,CASH_OUT,1892.39,MEDIUM,0.77
2026-01-28T19:48:34.518721,DEBIT,6258.23,LOW,0.0
2026-01-28T19:48:37.129499,PAYMENT,2470.48,MEDIUM,0.53
2026-01-28T19:48:39.720550,CASH_IN,2769.25,MEDIUM,0.76
2026-01-28T19:48:42.233590,DEBIT,4519.79,MEDIUM,0.72
2026-01-28T19:48:44.853336,DEBIT,9008.55,LOW,0.0
2026-01-28T19:48:47.558497,DEBIT,2269.28,MEDIUM,0.66
2026-01-28T19:48:50.322276,CASH_OUT,8014.38,HIGH,0.85
2026-01-28T19:48:52.926080,PAYMENT,3927.09,MEDIUM,0.64
2026-01-28T19:48:55.732576,DEBIT,1486.4,LOW,0.02
2026-01-28T19:48:58.446397,TRANSFER,7652.91,HIGH,0.83
2026-01-28T19:49:00.886512,CASH_IN,1233.2,MEDIUM,0.76
2026-01-28T19:49:03.665328,TRANSFER,5195.44,MEDIUM,0.76
2026-01-28T19:49:06.383226,TRANSFER,665.12,MEDIUM,0.79
2026-01-28T19:49:09.103216,TRANSFER,7574.77,LOW,0.0
2026-01-28T19:49:11.782283,CASH_IN,2732.82,LOW,0.01
2026-01-28T19:49:14.372558,DEBIT,2481.58,MEDIUM,0.65
2026-01-28T19:49:17.221517,PAYMENT,1469.32,LOW,0.0
2026-01-28T19:49:19.846916,CASH_IN,1730.79,MEDIUM,0.68
2026-01-28T19:49:22.324914,CASH_OUT,3792.05,MEDIUM,0.75
2026-01-28T19:49:25.018225,TRANSFER,4693.77,MEDIUM,0.75
2026-01-28T19:49:27.750939,TRANSFER,1552.23,MEDIUM,0.66
2026-01-28T19:49:30.321707,CASH_IN,2675.8,LOW,0.0
2026-01-28T19:49:32.792677,DEBIT,3119.66,MEDIUM,0.71
2026-01-28T19:49:35.594022,CASH_IN,7605.51,MEDIUM,0.68
2026-01-28T19:49:38.346639,CASH_OUT,3721.54,MEDIUM,0.75
2026-01-28T19:49:41.188444,DEBIT,1404.14,MEDIUM,0.74
2026-01-28T19:49:43.636722,TRANSFER,4841.65,HIGH,0.83
2026-01-28T19:49:46.319551,DEBIT,1081.05,LOW,0.0
2026-01-28T19:49:49.245251,DEBIT,614.03,HIGH,0.82
2026-01-28T19:49:51.979664,CASH_OUT,1872.08,MEDIUM,0.78
2026-01-28T19:49:54.435320,DEBIT,1871.4,MEDIUM,0.72
2026-01-28T19:49:57.045739,CASH_IN,5073.26,MEDIUM,0.72
2026-01-28T19:49:59.672350,CASH_IN,2192.06,MEDIUM,0.68
2026-01-28T19:50:02.312209,CASH_OUT,818.42,LOW,0.18
2026-01-28T19:50:04.819311,DEBIT,8039.49,MEDIUM,0.72
2026-01-28T19:50:07.374574,PAYMENT,3241.02,MEDIUM,0.58
2026-01-28T19:50:10.016216,CASH_IN,6020.18,LOW,0.0
2026-01-28T19:50:12.615262,CASH_OUT,7705.64,HIGH,0.84
2026-01-28T19:50:15.133182,CASH_OUT,9042.95,LOW,0.01
2026-01-28T19:50:17.758716,CASH_IN,7615.33,MEDIUM,0.63
2026-01-28T19:50:20.397735,DEBIT,3882.61,LOW,0.0
2026-01-28T19:50:23.029485,DEBIT,7728.84,MEDIUM,0.69
2026-01-28T19:50:25.755851,PAYMENT,3669.78,LOW,0.0
2026-01-28T19:50:28.455462,CASH_OUT,5833.64,MEDIUM,0.7
2026-01-28T19:50:30.909085,PAYMENT,2211.79,MEDIUM,0.58
2026-01-28T19:50:33.333390,TRANSFER,8467.23,HIGH,0.84
2026-01-28T19:50:35.847337,DEBIT,3960.34,MEDIUM,0.73
2026-01-28T19:50:38.291526,CASH_IN,2546.0,MEDIUM,0.68
2026-01-28T19:50:40.733559,TRANSFER,8097.63,MEDIUM,0.68
2026-01-28T19:50:43.306695,PAYMENT,528.42,LOW,0.0
2026-01-28T19:50:45.959654,PAYMENT,8799.54,MEDIUM,0.59
2026-01-28T19:50:48.553211,DEBIT,4703.87,MEDIUM,0.62
2026-01-28T19:50:51.364069,PAYMENT,3061.82,LOW,0.0
2026-01-28T19:50:53.937505,DEBIT,9871.75,MEDIUM,0.67
2026-01-28T19:50:56.514330,CASH_OUT,4819.3,HIGH,0.84
2026-01-28T19:50:58.939744,TRANSFER,4463.25,MEDIUM,0.72
2026-01-28T19:51:01.540231,CASH_IN,2105.57,LOW,0.03
2026-01-28T19:51:04.136458,CASH_OUT,6472.32,LOW,0.0
2026-01-28T19:51:06.579157,TRANSFER,3684.36,LOW,0.11
2026-01-28T19:51:09.305608,DEBIT,8318.73,LOW,0.0
2026-01-28T19:51:12.039903,PAYMENT,9842.02,MEDIUM,0.57
2026-01-28T19:51:14.834588,PAYMENT,7689.09,MEDIUM,0.67
2026-01-28T19:51:17.295557,CASH_OUT,7623.35,HIGH,0.81
2026-01-28T19:51:19.960734,CASH_IN,3235.99,MEDIUM,0.77
2026-01-28T19:51:22.552233,PAYMENT,9156.76,MEDIUM,0.53
2026-01-28T19:51:25.057520,CASH_IN,7358.0,MEDIUM,0.69
2026-01-28T19:51:27.576935,CASH_OUT,6739.31,MEDIUM,0.73
2026-01-28T19:51:30.200885,PAYMENT,5185.89,MEDIUM,0.6
2026-01-28T19:51:32.866332,CASH_OUT,3132.41,MEDIUM,0.74
2026-01-28T19:51:35.425037,PAYMENT,5616.67,LOW,0.0
2026-01-28T19:51:38.011049,DEBIT,8036.12,HIGH,0.82
2026-01-28T19:51:40.660913,CASH_OUT,6569.43,LOW,0.02
2026-01-28T19:51:43.305390,PAYMENT,3747.14,MEDIUM,0.59
2026-01-28T19:51:46.018442,CASH_OUT,8399.82,MEDIUM,0.76
2026-01-28T19:51:48.798234,CASH_IN,9353.72,MEDIUM,0.62
2026-01-28T19:51:51.521478,CASH_IN,8531.82,LOW,0.0
2026-01-28T19:51:54.323676,TRANSFER,128.8,LOW,0.06
2026-01-28T19:51:57.067151,CASH_IN,9264.31,LOW,0.0
2026-01-28T19:51:59.805128,CASH_OUT,5345.68,MEDIUM,0.77
2026-01-28T19:52:02.611246,TRANSFER,7365.9,MEDIUM,0.74
2026-01-28T19:52:05.284042,CASH_IN,265.52,LOW,0.02
2026-01-28T19:52:07.767425,PAYMENT,4250.89,LOW,0.01
2026-01-28T19:52:10.426790,CASH_IN,5228.98,MEDIUM,0.68
2026-01-28T19:52:13.047717,CASH_OUT,6508.14,MEDIUM,0.74
2026-01-28T19:52:15.850839,TRANSFER,2122.68,HIGH,0.81
2026-01-28T19:52:18.597723,PAYMENT,2025.79,MEDIUM,0.53
2026-01-28T19:52:21.339393,TRANSFER,5601.04,LOW,0.0
2026-01-28T19:52:24.177498,DEBIT,7224.55,LOW,0.0
2026-01-28T19:52:26.809489,CASH_OUT,5375.9,MEDIUM,0.73
2026-01-28T19:52:29.283141,DEBIT,3071.01,LOW,0.0
2026-01-28T19:52:31.984976,CASH_OUT,555.23,HIGH,0.81
2026-01-28T19:52:34.760693,CASH_OUT,9552.86,LOW,0.02
2026-01-28T19:52:37.167394,PAYMENT,2603.95,MEDIUM,0.58
2026-01-28T19:52:39.777840,PAYMENT,9236.93,MEDIUM,0.59
2026-01-28T19:52:42.574741,PAYMENT,3992.68,LOW,0.0
2026-01-28T19:52:45.347605,PAYMENT,3068.27,MEDIUM,0.6
2026-01-28T19:52:47.915776,TRANSFER,995.65,LOW,0.02
2026-01-28T19:52:50.681171,CASH_OUT,7519.34,HIGH,0.81
2026-01-28T19:52:53.522719,DEBIT,1170.46,LOW,0.02
2026-01-28T19:52:56.099190,CASH_IN,245.7,MEDIUM,0.7
2026-01-28T19:52:58.761755,CASH_OUT,6380.76,LOW,0.18
2026-01-28T19:53:01.533144,PAYMENT,3964.45,MEDIUM,0.52
2026-01-28T19:53:04.314955,PAYMENT,1940.14,MEDIUM,0.6
2026-01-28T19:53:06.844129,PAYMENT,5227.33,MEDIUM,0.53
2026-01-28T19:53:09.471259,DEBIT,6842.45,MEDIUM,0.73
2026-01-28T19:53:12.212673,CASH_IN,8014.95,MEDIUM,0.68
2026-01-28T19:53:14.961469,TRANSFER,6342.46,MEDIUM,0.74
2026-01-28T19:53:17.485217,DEBIT,2424.15,LOW,0.0
2026-01-28T19:53:20.268127,DEBIT,8816.43,MEDIUM,0.68
2026-01-28T19:53:23.042457,CASH_IN,6365.6,MEDIUM,0.69
2026-01-28T19:53:25.899699,CASH_IN,608.72,LOW,0.0
2026-01-28T19:53:28.359219,DEBIT,5963.9,MEDIUM,0.73
2026-01-28T19:53:31.146054,CASH_OUT,627.91,LOW,0.01
2026-01-28T19:53:33.969251,CASH_IN,4479.87,MEDIUM,0.66
2026-01-28T19:53:36.744271,PAYMENT,5813.87,LOW,0.0
2026-01-28T19:53:39.330001,CASH_OUT,697.67,MEDIUM,0.78
2026-01-28T19:53:41.905722,PAYMENT,9435.43,LOW,0.0
2026-01-28T19:53:44.653310,DEBIT,6333.82,MEDIUM,0.74
2026-01-28T19:53:47.253982,CASH_IN,3231.84,LOW,0.04
2026-01-28T19:53:49.738667,CASH_OUT,4179.48,LOW,0.02
2026-01-28T19:53:52.309797,CASH_IN,7676.52,LOW,0.07
2026-01-28T19:53:54.906371,TRANSFER,2789.17,MEDIUM,0.68
2026-01-28T19:53:57.523778,PAYMENT,8827.48,MEDIUM,0.59
2026-01-28T19:54:00.313635,PAYMENT,1284.05,MEDIUM,0.59
2026-01-28T19:54:03.092663,CASH_OUT,3230.73,MEDIUM,0.73
2026-01-28T19:54:05.789387,PAYMENT,3159.24,LOW,0.03
2026-01-28T19:54:08.549513,PAYMENT,7115.38,MEDIUM,0.59
2026-01-28T19:54:11.198510,CASH_IN,8255.5,MEDIUM,0.68
2026-01-28T19:54:13.861202,DEBIT,4389.68,MEDIUM,0.72
2026-01-28T19:54:16.382517,CASH_OUT,3602.37,LOW,0.09
2026-01-28T19:54:18.929839,DEBIT,8979.88,MEDIUM,0.72
2026-01-28T19:54:21.504872,PAYMENT,1057.13,MEDIUM,0.57
2026-01-28T19:54:24.215914,DEBIT,5560.83,MEDIUM,0.71
2026-01-28T19:54:26.948001,TRANSFER,3494.87,HIGH,0.84
2026-01-28T19:54:29.646815,CASH_OUT,5683.51,LOW,0.04
2026-01-28T19:54:32.333657,PAYMENT,6937.91,MEDIUM,0.53
2026-01-28T19:54:34.933604,PAYMENT,8642.12,MEDIUM,0.67
2026-01-28T19:54:37.603067,PAYMENT,3516.04,MEDIUM,0.59
2026-01-28T19:54:40.214985,CASH_OUT,1527.21,MEDIUM,0.73
2026-01-28T19:54:42.831081,CASH_IN,2104.11,MEDIUM,0.72
2026-01-28T19:54:45.550925,PAYMENT,8935.85,MEDIUM,0.64
2026-01-28T19:54:48.370461,TRANSFER,3788.09,LOW,0.01
2026-01-28T19:54:50.965029,CASH_IN,6885.59,MEDIUM,0.68
2026-01-28T19:54:53.476138,CASH_IN,6448.35,LOW,0.01
2026-01-28T19:54:56.196161,CASH_OUT,117.22,MEDIUM,0.77
2026-01-28T19:54:58.867417,CASH_IN,5239.57,MEDIUM,0.67
2026-01-28T19:55:01.632123,CASH_OUT,640.42,HIGH,0.82
2026-01-28T19:55:04.146542,CASH_IN,4265.89,MEDIUM,0.74
2026-01-28T19:55:06.681621,CASH_IN,8628.97,LOW,0.0
2026-01-28T19:55:09.196745,CASH_OUT,1841.71,HIGH,0.86
2026-01-28T19:55:11.957140,CASH_IN,7298.93,MEDIUM,0.77
2026-01-28T19:55:14.756685,CASH_IN,6461.62,MEDIUM,0.77
2026-01-28T19:55:17.360708,CASH_OUT,6331.63,LOW,0.08
2026-01-28T19:55:19.773215,DEBIT,3645.25,MEDIUM,0.73
2026-01-28T19:55:22.164784,CASH_OUT,3316.29,HIGH,0.83
2026-01-28T19:55:24.556010,TRANSFER,2179.48,LOW,0.03
2026-01-28T19:55:26.836783,CASH_OUT,7955.8,HIGH,0.81
2026-01-28T19:55:29.130995,DEBIT,9296.74,MEDIUM,0.71
2026-01-28T19:55:31.414188,CASH_IN,3475.73,LOW,0.0
2026-01-28T19:55:33.716076,CASH_OUT,4181.42,MEDIUM,0.74
2026-01-28T19:55:36.061828,TRANSFER,278.27,LOW,0.02
2026-01-28T19:55:38.338232,CASH_IN,4454.46,MEDIUM,0.6
2026-01-28T19:55:40.631006,DEBIT,5827.98,LOW,0.02
2026-01-28T19:55:42.925281,DEBIT,7728.74,MEDIUM,0.64
2026-01-28T19:55:45.245064,CASH_OUT,1238.94,HIGH,0.88
2026-01-28T19:55:47.508853,TRANSFER,5855.59,MEDIUM,0.75
2026-01-28T19:55:49.790250,DEBIT,2847.03,MEDIUM,0.72
2026-01-28T19:55:52.086373,CASH_OUT,615.02,MEDIUM,0.76
2026-01-28T19:55:54.376269,TRANSFER,2755.13,LOW,0.13
2026-01-28T19:55:56.658428,TRANSFER,676.88,MEDIUM,0.75
2026-01-28T19:55:58.943271,TRANSFER,6202.24,LOW,0.04
2026-01-28T19:56:01.252964,DEBIT,1486.98,HIGH,0.81
2026-01-28T19:56:03.555764,PAYMENT,4550.16,MEDIUM,0.67
2026-01-28T19:56:05.855577,TRANSFER,748.19,MEDIUM,0.73
2026-01-28T19:56:08.185074,CASH_OUT,3929.14,HIGH,0.86
2026-01-28T19:56:10.495726,CASH_OUT,86.06,MEDIUM,0.78
2026-01-28T19:56:12.765967,PAYMENT,4496.7,MEDIUM,0.57
2026-01-28T19:56:15.060189,TRANSFER,2020.43,LOW,0.03
2026-01-28T19:56:17.339669,CASH_OUT,8520.13,HIGH,0.82
2026-01-28T19:56:19.636188,DEBIT,8415.6,HIGH,0.83
2026-01-28T19:56:21.940389,PAYMENT,6088.4,MEDIUM,0.67
2026-01-28T19:56:24.244639,CASH_OUT,7347.17,HIGH,0.81
2026-01-28T19:56:26.538200,CASH_OUT,3757.51,LOW,0.0
2026-01-28T19:56:28.830028,TRANSFER,8482.52,LOW,0.0
2026-01-28T19:56:31.139996,DEBIT,3389.89,MEDIUM,0.65
2026-01-28T19:56:33.484894,CASH_OUT,1396.63,MEDIUM,0.73
2026-01-28T19:56:35.835362,DEBIT,4425.0,MEDIUM,0.72
2026-01-28T19:56:38.169482,TRANSFER,3713.42,LOW,0.03
2026-01-28T19:56:40.433973,PAYMENT,5760.29,LOW,0.0
2026-01-28T19:56:42.733689,PAYMENT,2632.57,MEDIUM,0.59
2026-01-28T19:56:45.038157,DEBIT,7270.92,LOW,0.0
2026-01-28T19:56:47.343685,DEBIT,225.37,LOW,0.01
2026-01-28T19:56:49.939819,CASH_OUT,5930.29,MEDIUM,0.77
2026-01-28T19:56:52.585369,CASH_IN,7610.32,MEDIUM,0.76
2026-01-28T19:56:55.134271,PAYMENT,4644.7,MEDIUM,0.67
2026-01-28T19:56:57.606965,DEBIT,6516.86,MEDIUM,0.71
2026-01-28T19:57:00.201217,PAYMENT,2293.79,MEDIUM,0.59
2026-01-28T19:57:02.772325,PAYMENT,8983.73,MEDIUM,0.59
2026-01-28T19:57:05.353885,CASH_IN,7887.87,MEDIUM,0.68
2026-01-28T19:57:07.766865,CASH_OUT,8608.04,LOW,0.02
2026-01-28T19:57:10.114017,CASH_OUT,7095.83,MEDIUM,0.67
2026-01-28T19:59:49.849302,PAYMENT,7954.0,LOW,0.0
2026-01-28T19:59:53.498197,CASH_OUT,7202.96,MEDIUM,0.77
2026-01-28T19:59:56.027988,DEBIT,692.69,MEDIUM,0.71
2026-01-28T19:59:58.377508,TRANSFER,6210.08,MEDIUM,0.75
2026-01-28T20:00:00.704836,CASH_IN,4300.46,MEDIUM,0.67
2026-01-28T20:00:03.297362,CASH_IN,9729.68,LOW,0.0
2026-01-28T20:00:05.847605,CASH_OUT,1868.97,LOW,0.06
2026-01-28T20:00:08.317528,DEBIT,5582.03,MEDIUM,0.7
2026-01-28T20:00:10.702410,PAYMENT,1976.92,MEDIUM,0.66
2026-01-28T20:00:13.174350,PAYMENT,5875.34,LOW,0.0
2026-01-28T20:00:15.805357,DEBIT,3025.84,MEDIUM,0.78
2026-01-28T20:00:18.366304,PAYMENT,4961.56,MEDIUM,0.59
2026-01-28T20:00:20.947479,PAYMENT,2798.12,MEDIUM,0.64
2026-01-28T20:00:23.526736,PAYMENT,4275.47,MEDIUM,0.67
2026-01-28T20:00:26.141614,CASH_OUT,9773.86,HIGH,0.86
2026-01-28T20:00:28.627757,CASH_OUT,7994.34,LOW,0.01
2026-01-28T20:00:31.164888,CASH_IN,9039.62,MEDIUM,0.77
2026-01-28T20:00:33.524985,CASH_OUT,5830.29,LOW,0.01
2026-01-28T20:00:36.025437,PAYMENT,5650.58,MEDIUM,0.56
2026-01-28T20:00:38.408032,CASH_IN,3873.06,MEDIUM,0.68
2026-01-28T20:00:40.619808,DEBIT,9680.77,HIGH,0.82
2026-01-28T20:00:42.851675,DEBIT,2200.74,LOW,0.01
2026-01-28T20:00:45.090993,TRANSFER,6272.42,LOW,0.0
2026-01-28T20:00:47.290686,PAYMENT,253.38,MEDIUM,0.59
2026-01-29T13:11:24.843714,PAYMENT,7427.66,LOW,0.0
2026-01-29T13:11:27.845862,DEBIT,9921.15,MEDIUM,0.7
2026-01-29T13:11:30.260276,CASH_OUT,8425.94,LOW,0.02
2026-01-29T13:11:32.686061,PAYMENT,8748.93,MEDIUM,0.71
2026-01-29T13:11:34.980059,DEBIT,1666.47,HIGH,0.84
2026-01-29T13:11:37.360414,TRANSFER,7747.49,MEDIUM,0.75
2026-01-29T13:11:39.729734,PAYMENT,1589.69,LOW,0.0
2026-01-29T13:11:42.070872,DEBIT,5514.82,MEDIUM,0.76
2026-01-29T13:11:44.347692,CASH_IN,4952.98,LOW,0.0
2026-01-29T13:11:46.603705,CASH_OUT,8610.86,HIGH,0.83
2026-01-29T13:11:48.264664,PAYMENT,9498.76,MEDIUM,0.58
2026-01-29T13:11:50.643658,PAYMENT,7321.99,LOW,0.0
2026-01-29T13:11:53.152034,DEBIT,3243.67,MEDIUM,0.73
2026-01-29T13:11:55.746649,CASH_IN,7499.9,LOW,0.0
2026-01-29T13:11:58.349132,TRANSFER,5051.03,LOW,0.01
2026-01-29T13:12:00.900734,TRANSFER,1818.75,LOW,0.11
2026-01-29T13:12:03.438849,CASH_OUT,7900.04,LOW,0.02
2026-01-29T13:12:06.051782,CASH_OUT,2474.31,MEDIUM,0.75
2026-01-29T13:12:08.711483,PAYMENT,2602.1,MEDIUM,0.7
2026-01-29T13:12:11.198079,CASH_OUT,3975.89,MEDIUM,0.7
2026-01-29T13:12:13.758631,CASH_OUT,4005.61,MEDIUM,0.76
2026-01-29T13:12:16.229662,CASH_IN,2327.71,MEDIUM,0.77
2026-01-29T13:12:18.602555,CASH_IN,6483.84,MEDIUM,0.67
2026-01-29T13:12:20.994728,DEBIT,2000.65,LOW,0.0
2026-01-29T13:12:23.470078,DEBIT,2221.13,MEDIUM,0.8
2026-01-29T13:12:25.967152,CASH_IN,1541.21,LOW,0.0
2026-01-29T13:12:28.421747,CASH_OUT,3026.98,LOW,0.0
2026-01-29T13:12:31.002079,CASH_OUT,5279.4,MEDIUM,0.72
2026-01-29T13:12:33.543487,TRANSFER,2589.05,MEDIUM,0.72
2026-01-29T13:12:35.915094,PAYMENT,9467.17,MEDIUM,0.61
2026-01-29T13:12:38.466213,CASH_OUT,9331.69,MEDIUM,0.72
2026-01-29T13:12:40.938334,CASH_OUT,7909.75,MEDIUM,0.72
2026-01-29T13:12:43.530492,PAYMENT,5912.55,MEDIUM,0.62
2026-01-29T13:12:45.927584,CASH_OUT,229.86,LOW,0.01
2026-01-29T13:12:48.312875,TRANSFER,2058.5,HIGH,0.81
2026-01-29T13:12:50.692940,DEBIT,1733.83,LOW,0.0
2026-01-29T13:12:53.250754,DEBIT,3014.93,MEDIUM,0.73
2026-01-29T13:12:55.826885,TRANSFER,6963.13,HIGH,0.9
2026-01-29T13:12:58.333400,PAYMENT,3650.87,MEDIUM,0.67
2026-01-29T13:13:00.896593,TRANSFER,4261.33,MEDIUM,0.79
2026-01-29T13:13:03.427565,CASH_IN,6405.67,MEDIUM,0.76
2026-01-29T13:13:05.820791,CASH_IN,7169.79,LOW,0.0
2026-01-29T13:13:08.270654,CASH_IN,8350.13,LOW,0.04
2026-01-29T13:13:10.842052,CASH_IN,1209.46,MEDIUM,0.8
2026-01-29T13:13:13.375740,CASH_OUT,1928.66,MEDIUM,0.76
2026-01-29T13:13:15.799865,CASH_OUT,7058.18,MEDIUM,0.71
2026-01-29T13:13:18.201183,DEBIT,6225.6,MEDIUM,0.73
2026-01-29T13:13:20.625676,PAYMENT,8694.34,LOW,0.0
2026-01-29T13:13:23.140322,DEBIT,8385.87,LOW,0.0
2026-01-29T13:13:25.550815,CASH_OUT,4135.91,MEDIUM,0.69
2026-01-29T13:13:28.013357,PAYMENT,8260.12,MEDIUM,0.61
2026-01-29T13:13:30.570460,PAYMENT,2306.58,MEDIUM,0.54
2026-01-29T13:13:33.276921,DEBIT,4537.85,MEDIUM,0.71
2026-01-29T13:13:35.744962,DEBIT,5187.18,MEDIUM,0.8
2026-01-29T13:13:38.226948,CASH_OUT,7952.5,LOW,0.03
2026-01-29T13:13:40.802466,CASH_IN,5012.97,MEDIUM,0.75
2026-01-29T13:13:43.424536,CASH_OUT,6447.33,MEDIUM,0.74
2026-01-29T13:13:45.866112,PAYMENT,9638.17,LOW,0.0
2026-01-29T13:13:48.246762,PAYMENT,3188.48,LOW,0.0
2026-01-29T13:13:50.603349,TRANSFER,6928.96,MEDIUM,0.74
2026-01-29T13:13:52.961391,CASH_IN,4481.21,MEDIUM,0.65
2026-01-29T13:13:55.331001,CASH_IN,8093.19,MEDIUM,0.69
2026-01-29T13:13:57.738319,TRANSFER,4555.53,MEDIUM,0.78
2026-01-29T13:14:00.154563,CASH_IN,9133.59,HIGH,0.81
2026-01-29T13:14:02.540581,CASH_IN,9779.84,MEDIUM,0.69
2026-01-29T13:14:04.921346,TRANSFER,2505.75,HIGH,0.84
2026-01-29T13:14:07.257503,DEBIT,8830.76,MEDIUM,0.73
2026-01-29T13:14:09.577583,PAYMENT,6592.22,MEDIUM,0.66
2026-01-29T13:14:11.941242,PAYMENT,8525.12,LOW,0.0
2026-01-29T13:14:14.357770,DEBIT,5894.52,MEDIUM,0.73
2026-01-29T13:14:16.691104,DEBIT,1963.73,MEDIUM,0.67
2026-01-29T13:14:19.083305,TRANSFER,7584.09,LOW,0.01
2026-01-29T13:14:21.458502,PAYMENT,5224.9,LOW,0.0
2026-01-29T13:14:23.957804,DEBIT,7832.03,MEDIUM,0.73
2026-01-29T13:14:26.349779,PAYMENT,9652.55,MEDIUM,0.62
2026-01-29T13:14:28.719727,CASH_OUT,2396.06,MEDIUM,0.79
2026-01-29T13:14:31.159002,CASH_OUT,6948.39,MEDIUM,0.74
2026-01-29T13:14:33.589954,PAYMENT,3646.92,MEDIUM,0.7
2026-01-29T13:14:35.923822,DEBIT,4158.62,MEDIUM,0.73
2026-01-29T13:14:38.383113,DEBIT,7271.56,LOW,0.0
2026-01-29T13:14:40.833308,TRANSFER,9409.97,MEDIUM,0.76
2026-01-29T13:14:43.234463,PAYMENT,5005.52,MEDIUM,0.66
2026-01-29T13:14:45.617216,DEBIT,5560.05,LOW,0.0
2026-01-29T13:14:47.962560,TRANSFER,2063.03,LOW,0.04
2026-01-29T13:14:50.299043,DEBIT,1000.83,HIGH,0.84
2026-01-29T13:14:52.657160,TRANSFER,4839.19,LOW,0.01
2026-01-29T13:14:55.084660,PAYMENT,3044.69,LOW,0.0
2026-01-29T13:14:57.859959,CASH_OUT,1939.97,MEDIUM,0.75
2026-01-29T13:15:00.327149,CASH_IN,4878.94,LOW,0.0
2026-01-29T13:15:02.792001,DEBIT,5756.32,LOW,0.0
2026-01-29T13:15:05.222327,DEBIT,4157.02,HIGH,0.84
2026-01-29T13:15:07.742354,DEBIT,4246.55,LOW,0.0
2026-01-29T13:15:10.148936,TRANSFER,9324.55,MEDIUM,0.74
2026-01-29T13:15:12.578048,CASH_IN,175.45,MEDIUM,0.75
2026-01-29T13:15:14.963193,DEBIT,9852.68,MEDIUM,0.73
2026-01-29T13:15:17.389700,DEBIT,7994.72,MEDIUM,0.71
2026-01-29T13:15:19.717595,CASH_OUT,9600.55,MEDIUM,0.72
2026-01-29T13:15:22.193399,CASH_IN,8249.59,MEDIUM,0.67
2026-01-29T13:15:24.634421,CASH_OUT,7105.0,MEDIUM,0.75
2026-01-29T13:15:27.015227,CASH_IN,1370.51,MEDIUM,0.69
2026-01-29T13:15:29.456392,DEBIT,3933.86,MEDIUM,0.79
2026-01-29T13:15:31.909761,CASH_OUT,447.47,MEDIUM,0.7
2026-01-29T13:15:34.312578,CASH_IN,2596.77,LOW,0.0
2026-01-29T13:15:36.801468,CASH_IN,6344.64,LOW,0.0
2026-01-29T13:15:39.291693,CASH_IN,5471.84,HIGH,0.81
2026-01-29T13:15:41.695739,DEBIT,8539.74,MEDIUM,0.73
2026-01-29T13:15:44.056881,PAYMENT,3012.26,LOW,0.0
2026-01-29T13:15:46.390743,CASH_OUT,8066.75,MEDIUM,0.74
2026-01-29T13:15:48.734875,CASH_IN,4153.18,MEDIUM,0.76
2026-01-29T13:15:51.093265,CASH_OUT,8059.12,LOW,0.02
2026-01-29T13:15:53.548026,CASH_IN,4641.98,MEDIUM,0.78
2026-01-29T13:15:55.964963,DEBIT,573.77,HIGH,0.81
2026-01-29T13:15:58.410715,PAYMENT,5617.1,LOW,0.0
2026-01-29T13:16:00.768363,DEBIT,8007.49,LOW,0.04
2026-01-29T13:16:03.233132,PAYMENT,8992.84,LOW,0.0
2026-01-29T13:16:05.778564,CASH_IN,7539.82,LOW,0.0
2026-01-29T13:16:08.174236,CASH_OUT,9778.39,LOW,0.02
2026-01-29T13:16:10.561207,DEBIT,2105.87,HIGH,0.84
2026-01-29T13:16:12.991576,CASH_IN,1594.2,MEDIUM,0.69
2026-01-29T13:16:15.360663,PAYMENT,7661.19,LOW,0.0
2026-01-29T13:16:17.741404,PAYMENT,9343.42,LOW,0.0
2026-01-29T13:16:20.080583,CASH_IN,22.28,MEDIUM,0.67
2026-01-29T13:16:22.540528,CASH_OUT,6627.78,HIGH,0.84
2026-01-29T13:16:24.950892,CASH_IN,5789.81,MEDIUM,0.67
2026-01-29T13:16:27.357343,CASH_IN,6864.23,HIGH,0.81
2026-01-29T13:16:29.748933,CASH_OUT,6143.4,LOW,0.02
2026-01-29T13:16:32.267717,PAYMENT,4693.17,MEDIUM,0.54
2026-01-29T13:16:34.663986,CASH_IN,5445.29,MEDIUM,0.62
2026-01-29T13:16:37.080331,PAYMENT,3505.43,MEDIUM,0.62
2026-01-29T13:16:39.641294,CASH_IN,2337.17,MEDIUM,0.69
2026-01-29T13:16:41.989498,CASH_IN,8079.8,MEDIUM,0.79
2026-01-29T13:16:44.348765,CASH_IN,3182.64,LOW,0.04
2026-01-29T13:16:46.688759,CASH_IN,4633.55,MEDIUM,0.68
2026-01-29T13:16:49.146979,TRANSFER,5281.55,MEDIUM,0.78
2026-01-29T13:16:51.502144,DEBIT,6182.83,HIGH,0.85
2026-01-29T13:16:53.893040,DEBIT,6777.15,MEDIUM,0.77
2026-01-29T13:16:56.267527,DEBIT,6962.49,LOW,0.03
2026-01-29T13:16:58.674987,PAYMENT,9333.57,MEDIUM,0.6
2026-01-29T13:17:01.089589,CASH_IN,3214.88,MEDIUM,0.77
2026-01-29T13:17:03.586653,CASH_OUT,9100.54,MEDIUM,0.75
2026-01-29T13:17:05.951485,TRANSFER,2433.94,MEDIUM,0.78
2026-01-29T13:17:08.429713,CASH_OUT,9224.12,MEDIUM,0.75
2026-01-29T13:17:10.901325,CASH_OUT,391.96,MEDIUM,0.72
2026-01-29T13:17:13.417595,CASH_IN,2255.57,LOW,0.01
2026-01-29T13:17:15.782100,TRANSFER,9691.35,MEDIUM,0.79
2026-01-29T13:17:18.180266,CASH_OUT,7183.37,HIGH,0.81
2026-01-29T13:17:20.503409,CASH_IN,9754.92,MEDIUM,0.8
2026-01-29T13:17:23.045160,DEBIT,7374.96,HIGH,0.84
2026-01-29T13:17:25.440532,DEBIT,4785.74,MEDIUM,0.75
2026-01-29T13:17:27.916626,PAYMENT,4747.52,MEDIUM,0.71
2026-01-29T13:17:30.272860,TRANSFER,5736.48,LOW,0.02
2026-01-29T13:17:32.695329,DEBIT,1119.18,LOW,0.03
2026-01-29T13:17:35.138701,PAYMENT,9796.18,MEDIUM,0.71
2026-01-29T13:17:37.560544,DEBIT,6910.99,LOW,0.0
2026-01-29T13:17:39.996799,CASH_IN,79.92,LOW,0.04
2026-01-29T13:17:42.405796,DEBIT,8834.61,LOW,0.0
2026-01-29T13:17:44.774219,CASH_OUT,6501.08,HIGH,0.86
2026-01-29T13:17:47.152969,CASH_OUT,984.69,LOW,0.07
2026-01-29T13:17:49.604534,CASH_OUT,723.43,LOW,0.04
2026-01-29T13:17:52.080490,DEBIT,5695.55,MEDIUM,0.67
2026-01-29T13:17:54.517172,PAYMENT,1130.79,LOW,0.02
2026-01-29T13:17:56.920315,DEBIT,1105.86,MEDIUM,0.8
2026-01-29T13:17:59.306759,PAYMENT,6855.32,MEDIUM,0.71
2026-01-29T13:18:01.720091,TRANSFER,6046.1,HIGH,0.9
2026-01-29T13:18:04.114993,PAYMENT,9390.95,MEDIUM,0.61
2026-01-29T13:18:06.563070,TRANSFER,9896.85,LOW,0.01
2026-01-29T13:18:09.067529,TRANSFER,8327.88,LOW,0.1
2026-01-29T13:18:11.536982,PAYMENT,8854.31,LOW,0.0
2026-01-29T13:18:13.952332,CASH_IN,5049.63,LOW,0.0
2026-01-29T13:18:16.353720,CASH_OUT,5712.34,LOW,0.01
2026-01-29T13:18:18.744095,CASH_OUT,2648.02,LOW,0.22
2026-01-29T13:18:21.128897,CASH_IN,5175.44,MEDIUM,0.69
2026-01-29T13:18:23.675002,CASH_OUT,1755.6,LOW,0.04
2026-01-29T13:18:26.076347,CASH_OUT,3584.98,LOW,0.19
2026-01-29T13:18:28.488893,CASH_OUT,1906.07,HIGH,0.85
2026-01-29T13:18:30.865249,CASH_OUT,559.65,MEDIUM,0.74
2026-01-29T13:18:33.247566,TRANSFER,9368.24,LOW,0.01
2026-01-29T13:18:35.607879,DEBIT,6028.33,MEDIUM,0.72
2026-01-29T13:18:38.058198,PAYMENT,4946.58,MEDIUM,0.62
2026-01-29T13:18:40.472875,DEBIT,8476.92,LOW,0.0
2026-01-29T13:18:42.956903,CASH_OUT,8444.34,LOW,0.02
2026-01-29T13:18:45.350424,DEBIT,3055.92,HIGH,0.85
2026-01-29T13:18:47.723237,TRANSFER,8418.5,MEDIUM,0.73
2026-01-29T13:18:50.077459,DEBIT,4483.66,MEDIUM,0.7
2026-01-29T13:18:52.502161,TRANSFER,7396.36,MEDIUM,0.75
2026-01-29T13:18:54.882481,PAYMENT,1603.24,MEDIUM,0.61
2026-01-29T13:18:57.320281,PAYMENT,1955.53,LOW,0.02
2026-01-29T13:18:59.743697,DEBIT,6920.47,HIGH,0.85
2026-01-29T13:19:02.155218,PAYMENT,7527.41,MEDIUM,0.62
2026-01-29T13:19:04.581719,CASH_OUT,7575.39,MEDIUM,0.74
2026-01-29T13:19:07.038433,DEBIT,7687.91,HIGH,0.84
2026-01-29T13:19:09.475522,TRANSFER,355.98,HIGH,0.82
2026-01-29T13:19:11.914246,PAYMENT,7879.54,LOW,0.0
2026-01-29T13:19:14.340572,CASH_OUT,3680.69,LOW,0.09
2026-01-29T13:19:16.710171,TRANSFER,2668.92,LOW,0.01
2026-01-29T13:19:19.110785,CASH_OUT,3876.23,MEDIUM,0.75
2026-01-29T13:19:21.454997,TRANSFER,9593.37,MEDIUM,0.76
2026-01-29T13:19:23.895875,DEBIT,8298.79,MEDIUM,0.74
2026-01-29T13:19:26.235925,DEBIT,8760.07,MEDIUM,0.73
2026-01-29T13:19:28.733014,CASH_OUT,2808.09,HIGH,0.84
2026-01-29T13:19:31.256948,CASH_IN,5148.17,MEDIUM,0.69
2026-01-29T13:19:33.668383,PAYMENT,3852.18,MEDIUM,0.61
2026-01-29T13:19:36.022521,PAYMENT,3632.32,MEDIUM,0.6
2026-01-29T13:19:38.417706,CASH_OUT,4365.17,LOW,0.01
2026-01-29T13:19:40.785584,TRANSFER,2925.6,HIGH,0.9
2026-01-29T13:19:43.216866,CASH_IN,7161.32,LOW,0.0
2026-01-29T13:19:45.641657,PAYMENT,7154.44,MEDIUM,0.61
2026-01-29T13:19:48.022289,DEBIT,7788.29,LOW,0.0
2026-01-29T13:19:50.392037,CASH_OUT,3882.84,HIGH,0.82
2026-01-29T13:19:52.817964,CASH_IN,367.13,MEDIUM,0.62
2026-01-29T13:19:55.307651,PAYMENT,8570.05,MEDIUM,0.67
2026-01-29T13:19:57.720937,PAYMENT,3304.19,MEDIUM,0.61
2026-01-29T13:20:00.191956,CASH_OUT,1228.39,MEDIUM,0.72
2026-01-29T13:20:02.543001,TRANSFER,8596.5,MEDIUM,0.79
2026-01-29T13:20:04.953095,CASH_OUT,8395.79,LOW,0.02
2026-01-29T13:20:07.320064,DEBIT,4397.76,MEDIUM,0.73
2026-01-29T13:20:09.761500,CASH_OUT,8179.24,HIGH,0.81
2026-01-29T13:20:12.181966,TRANSFER,5790.94,MEDIUM,0.73
2026-01-29T13:20:14.632942,CASH_OUT,5267.59,MEDIUM,0.68
2026-01-29T13:20:17.046222,DEBIT,2542.02,MEDIUM,0.7
2026-01-29T13:20:19.437281,CASH_OUT,7174.24,HIGH,0.84
2026-01-29T13:20:21.787494,TRANSFER,6257.39,LOW,0.08
2026-01-29T13:20:24.163791,PAYMENT,8332.77,MEDIUM,0.58
2026-01-29T13:20:26.667774,TRANSFER,7572.79,MEDIUM,0.74
2026-01-29T13:20:29.024231,CASH_IN,6630.85,MEDIUM,0.69
2026-01-29T13:20:31.538884,CASH_IN,7899.61,HIGH,0.81
2026-01-29T13:20:33.920854,PAYMENT,2090.53,MEDIUM,0.71
2026-01-29T13:20:36.346832,CASH_IN,5040.2,HIGH,0.81
2026-01-29T13:20:38.790899,CASH_OUT,1666.33,LOW,0.07
2026-01-29T13:20:41.148655,CASH_OUT,2108.75,MEDIUM,0.78
2026-01-29T13:20:43.565339,CASH_IN,9850.9,MEDIUM,0.69
2026-01-29T13:20:45.939117,CASH_IN,5806.65,MEDIUM,0.66
2026-01-29T13:20:48.314250,DEBIT,3311.75,MEDIUM,0.8
2026-01-29T13:20:50.663126,PAYMENT,4896.58,MEDIUM,0.61
2026-01-29T13:20:53.064151,DEBIT,1073.84,MEDIUM,0.74
2026-01-29T13:20:55.440495,CASH_OUT,3747.76,HIGH,0.81
2026-01-29T13:20:57.924878,PAYMENT,3092.67,MEDIUM,0.61
2026-01-29T13:21:00.381781,CASH_OUT,5001.79,LOW,0.06
2026-01-29T13:21:02.835718,TRANSFER,415.57,HIGH,0.9
2026-01-29T13:21:05.209832,DEBIT,644.87,MEDIUM,0.66
2026-01-29T13:21:07.647157,CASH_OUT,7426.24,MEDIUM,0.78
2026-01-29T13:21:10.030356,TRANSFER,7942.86,HIGH,0.88
2026-01-29T13:21:12.530991,CASH_IN,4264.29,HIGH,0.81
2026-01-29T13:21:14.872352,TRANSFER,2793.27,MEDIUM,0.69
2026-01-29T13:21:17.301696,PAYMENT,3748.27,MEDIUM,0.67
2026-01-29T13:21:19.674452,CASH_IN,6397.84,MEDIUM,0.75
2026-01-29T13:21:22.050619,DEBIT,8141.63,MEDIUM,0.72
2026-01-29T13:21:24.421100,PAYMENT,8027.02,MEDIUM,0.6
2026-01-29T13:21:26.845546,CASH_IN,3628.6,HIGH,0.81
2026-01-29T13:21:29.237877,TRANSFER,526.56,MEDIUM,0.78
2026-01-29T13:21:31.653861,PAYMENT,3380.85,MEDIUM,0.61
2026-01-29T13:21:34.069199,PAYMENT,5920.83,MEDIUM,0.61
2026-01-29T13:21:36.478921,CASH_IN,4540.57,LOW,0.01
2026-01-29T13:21:38.852761,CASH_OUT,3629.83,HIGH,0.82
2026-01-29T13:21:41.269954,CASH_IN,4184.5,MEDIUM,0.69
2026-01-29T13:21:43.623085,CASH_IN,1273.47,MEDIUM,0.69
2026-01-29T13:21:45.980071,CASH_IN,3912.31,MEDIUM,0.67
2026-01-29T13:21:48.349156,DEBIT,5037.32,MEDIUM,0.67
2026-01-29T13:21:50.743267,TRANSFER,2330.66,LOW,0.04
2026-01-29T13:21:53.204373,CASH_IN,1522.42,MEDIUM,0.69
2026-01-29T13:21:55.538517,TRANSFER,9288.49,MEDIUM,0.74
2026-01-29T13:21:57.982611,CASH_IN,2194.31,LOW,0.0
2026-01-29T13:22:00.369019,TRANSFER,1087.61,LOW,0.07
2026-01-29T13:22:02.824672,PAYMENT,9095.84,LOW,0.0
2026-01-29T13:22:05.221811,TRANSFER,943.85,LOW,0.01
2026-01-29T13:22:07.645391,CASH_IN,7262.14,MEDIUM,0.69
2026-01-29T13:22:10.031567,DEBIT,6534.8,LOW,0.03
2026-01-29T13:22:12.364053,DEBIT,9330.66,HIGH,0.83
2026-01-29T13:22:14.751829,CASH_OUT,403.14,MEDIUM,0.68
2026-01-29T13:22:17.085800,CASH_OUT,2462.76,LOW,0.01
2026-01-29T13:22:19.465027,PAYMENT,1444.23,MEDIUM,0.6
2026-01-29T13:22:21.838310,CASH_IN,1085.12,MEDIUM,0.69
2026-01-29T13:22:24.293200,CASH_IN,5452.95,MEDIUM,0.68
2026-01-29T13:22:26.633184,PAYMENT,9847.37,MEDIUM,0.62
2026-01-29T13:22:29.102214,PAYMENT,6834.88,MEDIUM,0.71
2026-01-29T13:22:31.495045,CASH_IN,5240.08,LOW,0.0
2026-01-29T13:22:33.903163,CASH_IN,3098.3,MEDIUM,0.69
2026-01-29T13:22:36.288680,PAYMENT,941.74,MEDIUM,0.62
2026-01-29T13:22:38.743044,PAYMENT,4176.66,MEDIUM,0.71
2026-01-29T13:22:41.258823,CASH_OUT,1519.62,LOW,0.08
2026-01-29T13:22:43.672063,DEBIT,7985.82,MEDIUM,0.73
2026-01-29T13:22:46.066161,PAYMENT,9930.38,MEDIUM,0.61
2026-01-29T13:22:48.455890,CASH_OUT,4465.33,HIGH,0.87
2026-01-29T13:22:50.837528,DEBIT,7210.23,MEDIUM,0.74
2026-01-29T13:22:53.206504,DEBIT,5159.56,MEDIUM,0.8
2026-01-29T13:22:55.681904,CASH_IN,2293.22,MEDIUM,0.65
2026-01-29T13:22:58.133534,TRANSFER,7972.13,MEDIUM,0.8
2026-01-29T13:23:00.494960,DEBIT,8396.51,HIGH,0.83
2026-01-29T13:23:02.884227,CASH_IN,3093.95,LOW,0.04
2026-01-29T13:23:05.252792,PAYMENT,6572.97,LOW,0.0
2026-01-29T13:23:07.756458,PAYMENT,8487.72,LOW,0.0
2026-01-29T13:23:10.192463,DEBIT,5308.73,MEDIUM,0.72
2026-01-29T13:23:12.599645,CASH_IN,678.93,MEDIUM,0.69
2026-01-29T13:23:14.994714,TRANSFER,4175.94,LOW,0.0
2026-01-29T13:23:17.354242,PAYMENT,7304.65,MEDIUM,0.58
2026-01-29T13:23:19.766651,CASH_IN,6009.08,LOW,0.0
2026-01-29T13:23:22.152898,DEBIT,3577.0,LOW,0.0
2026-01-29T13:23:24.661889,CASH_OUT,3988.7,HIGH,0.87
2026-01-29T13:23:27.079822,TRANSFER,2974.34,MEDIUM,0.68
2026-01-29T13:23:29.510657,TRANSFER,6867.69,HIGH,0.87
2026-01-29T13:23:32.000606,PAYMENT,7776.56,LOW,0.0
2026-01-29T13:23:34.366595,DEBIT,5063.62,MEDIUM,0.66
2026-01-29T13:23:36.797936,CASH_OUT,7838.85,HIGH,0.87
2026-01-29T13:23:39.324760,DEBIT,2525.75,LOW,0.0
2026-01-29T13:23:41.778383,TRANSFER,3401.99,HIGH,0.9
2026-01-29T13:23:44.244971,CASH_IN,7798.84,LOW,0.0
2026-01-29T13:23:46.615787,CASH_OUT,4997.02,LOW,0.01
2026-01-29T13:23:48.988375,TRANSFER,4908.71,MEDIUM,0.8
2026-01-29T13:23:51.368529,TRANSFER,3928.92,MEDIUM,0.79
2026-01-29T13:23:53.752821,DEBIT,3538.43,HIGH,0.83
2026-01-29T13:23:56.210420,PAYMENT,1128.11,LOW,0.0
2026-01-29T13:23:58.672840,PAYMENT,4185.39,MEDIUM,0.59
2026-01-29T13:24:01.051685,DEBIT,8720.7,LOW,0.0
2026-01-29T13:24:03.535639,CASH_IN,3500.77,HIGH,0.81
2026-01-29T13:24:05.969232,DEBIT,2115.92,LOW,0.0
2026-01-29T13:24:08.474141,PAYMENT,4437.5,MEDIUM,0.6
2026-01-29T13:24:10.894379,PAYMENT,7235.42,MEDIUM,0.59
2026-01-29T13:24:13.298115,TRANSFER,8575.37,MEDIUM,0.79
2026-01-29T13:24:15.668848,TRANSFER,7721.13,MEDIUM,0.73
2026-01-29T13:24:18.060578,PAYMENT,5921.48,LOW,0.0
2026-01-29T13:24:20.741482,CASH_OUT,8644.5,HIGH,0.87
2026-01-29T13:24:23.100599,TRANSFER,4380.02,MEDIUM,0.79
2026-01-29T13:24:25.447973,DEBIT,5245.54,MEDIUM,0.72
2026-01-29T13:24:27.951144,TRANSFER,9797.33,MEDIUM,0.79
2026-01-29T13:24:30.345700,TRANSFER,5372.91,LOW,0.01
2026-01-29T13:24:32.721256,CASH_IN,2692.59,LOW,0.0
2026-01-29T13:24:35.105748,TRANSFER,4097.93,MEDIUM,0.79
2026-01-29T13:24:37.513737,DEBIT,7862.26,MEDIUM,0.7
2026-01-29T13:24:40.059521,TRANSFER,6774.49,LOW,0.01
2026-01-29T13:24:42.506252,TRANSFER,3644.3,MEDIUM,0.78
2026-01-29T13:24:44.839134,CASH_IN,9916.32,LOW,0.0
2026-01-29T13:24:47.215260,TRANSFER,4708.48,MEDIUM,0.77
2026-01-29T13:24:49.618779,CASH_OUT,1404.62,HIGH,0.84
2026-01-29T13:24:51.978330,CASH_OUT,4214.11,HIGH,0.87
2026-01-29T13:24:54.430666,CASH_IN,7949.8,MEDIUM,0.67
2026-01-29T13:24:56.832558,PAYMENT,1806.19,MEDIUM,0.62
2026-01-29T13:24:59.344901,TRANSFER,3888.6,MEDIUM,0.8
2026-01-29T13:25:01.760640,CASH_OUT,6774.12,MEDIUM,0.75
2026-01-29T13:25:04.180186,DEBIT,8962.35,HIGH,0.83
2026-01-29T13:25:06.591904,CASH_OUT,8275.55,MEDIUM,0.79
2026-01-29T13:25:09.036788,CASH_OUT,617.28,MEDIUM,0.74
2026-01-29T13:25:11.458465,TRANSFER,7079.0,MEDIUM,0.79
2026-01-29T13:25:13.864867,TRANSFER,3272.35,MEDIUM,0.79
2026-01-29T13:25:16.334203,CASH_OUT,349.52,MEDIUM,0.77
2026-01-29T13:25:18.767857,CASH_OUT,642.66,LOW,0.0
2026-01-29T13:25:21.236763,CASH_OUT,6677.93,LOW,0.02
2026-01-29T13:25:23.628408,CASH_IN,8663.15,LOW,0.01
2026-01-29T13:25:26.047710,PAYMENT,3304.24,MEDIUM,0.54
2026-01-29T13:25:28.522600,CASH_IN,4801.12,HIGH,0.81
2026-01-29T13:25:30.944721,PAYMENT,9963.92,LOW,0.01
2026-01-29T13:25:33.460112,CASH_OUT,8993.15,MEDIUM,0.72
2026-01-29T13:25:35.865649,CASH_OUT,8120.32,LOW,0.02
2026-01-29T13:25:38.296930,PAYMENT,3291.35,MEDIUM,0.6
2026-01-29T13:25:40.767213,TRANSFER,4004.12,MEDIUM,0.74
2026-01-29T13:25:43.291891,DEBIT,2234.03,HIGH,0.83
2026-01-29T13:25:45.665361,DEBIT,5334.89,LOW,0.03
2026-01-29T13:25:48.002297,PAYMENT,9563.77,LOW,0.0
2026-01-29T13:25:50.403111,TRANSFER,4190.31,LOW,0.01
2026-01-29T13:25:52.793679,CASH_IN,1014.34,LOW,0.04
2026-01-29T13:25:55.220127,TRANSFER,2692.66,HIGH,0.9
2026-01-29T13:25:57.560692,TRANSFER,4103.97,MEDIUM,0.78
2026-01-29T13:25:59.919112,PAYMENT,4375.53,MEDIUM,0.6
2026-01-29T13:26:02.254468,TRANSFER,3731.29,MEDIUM,0.78
2026-01-29T13:26:04.681377,TRANSFER,1093.06,MEDIUM,0.78
2026-01-29T13:26:07.102875,TRANSFER,4174.72,MEDIUM,0.75
2026-01-29T13:26:09.435328,PAYMENT,9612.03,MEDIUM,0.54
2026-01-29T13:26:11.860652,DEBIT,8086.59,LOW,0.0
2026-01-29T13:26:14.242145,CASH_IN,2065.31,MEDIUM,0.78
2026-01-29T13:26:16.625639,CASH_OUT,2518.68,LOW,0.02
2026-01-29T13:26:19.026721,CASH_OUT,7148.09,HIGH,0.87
2026-01-29T13:26:21.391096,PAYMENT,6513.64,LOW,0.0
2026-01-29T13:26:23.756814,PAYMENT,6520.88,MEDIUM,0.71
2026-01-29T13:26:26.182933,TRANSFER,8473.23,MEDIUM,0.77
2026-01-29T13:26:28.690619,CASH_IN,8642.54,LOW,0.0
2026-01-29T13:26:31.055736,DEBIT,4591.73,LOW,0.0
2026-01-29T13:26:33.468334,CASH_IN,1335.55,MEDIUM,0.67
2026-01-29T13:26:35.852616,DEBIT,6477.65,MEDIUM,0.7
2026-01-29T13:26:38.235302,DEBIT,7060.57,MEDIUM,0.72
2026-01-29T13:26:40.637036,DEBIT,8388.47,LOW,0.0
2026-01-29T13:26:43.139407,TRANSFER,5407.39,MEDIUM,0.79
2026-01-29T13:26:45.493398,CASH_OUT,7441.48,MEDIUM,0.74
2026-01-29T13:26:47.859617,DEBIT,7550.89,LOW,0.0
2026-01-29T13:26:50.229130,TRANSFER,7943.48,LOW,0.01
2026-01-29T13:26:52.674996,DEBIT,9300.42,MEDIUM,0.72
2026-01-29T13:26:55.181138,PAYMENT,3350.91,LOW,0.0
2026-01-29T13:26:57.592158,PAYMENT,3192.95,MEDIUM,0.61
2026-01-29T13:27:00.042325,PAYMENT,571.17,LOW,0.03
2026-01-29T13:27:02.431790,CASH_OUT,1350.7,MEDIUM,0.71
2026-01-29T13:27:04.778760,PAYMENT,685.18,MEDIUM,0.71
2026-01-29T13:27:07.255977,DEBIT,6786.49,LOW,0.0
2026-01-29T13:27:09.903617,DEBIT,4508.08,MEDIUM,0.65
2026-01-29T13:27:12.390666,CASH_IN,6776.28,MEDIUM,0.67
2026-01-29T13:27:14.765442,CASH_IN,8524.39,LOW,0.0
2026-01-29T13:27:17.154040,CASH_IN,4908.74,MEDIUM,0.8
2026-01-29T13:27:19.574455,CASH_OUT,1039.06,MEDIUM,0.75
2026-01-29T13:27:21.982720,CASH_OUT,8834.21,LOW,0.02
2026-01-29T13:27:24.487656,CASH_IN,3091.05,MEDIUM,0.64
2026-01-29T13:27:26.953424,PAYMENT,1778.8,LOW,0.02
2026-01-29T13:27:29.460897,CASH_IN,6995.38,MEDIUM,0.73
2026-01-29T13:27:32.010764,PAYMENT,2122.62,MEDIUM,0.62
2026-01-29T13:27:34.576572,CASH_IN,4233.7,MEDIUM,0.69
2026-01-29T13:27:37.033063,PAYMENT,2221.78,MEDIUM,0.6
2026-01-29T13:27:39.601775,TRANSFER,8069.6,LOW,0.01
2026-01-29T13:27:42.251846,CASH_OUT,5622.44,MEDIUM,0.74
2026-01-29T13:27:44.806240,CASH_IN,3899.08,MEDIUM,0.68
2026-01-29T13:27:47.237979,CASH_OUT,651.94,MEDIUM,0.69
2026-01-29T13:27:49.584670,CASH_IN,5584.2,MEDIUM,0.79
2026-01-29T13:27:52.067831,TRANSFER,7012.38,LOW,0.02
2026-01-29T13:27:54.515703,CASH_IN,409.48,MEDIUM,0.67
2026-01-29T13:27:57.004951,CASH_OUT,2592.3,MEDIUM,0.76
2026-01-29T13:27:59.470980,DEBIT,7937.3,MEDIUM,0.73
2026-01-29T13:28:01.953866,CASH_OUT,7287.61,HIGH,0.86
2026-01-29T13:28:04.522088,PAYMENT,1376.83,MEDIUM,0.62
2026-01-29T13:28:07.346349,DEBIT,2207.91,MEDIUM,0.74
2026-01-29T13:28:09.837062,CASH_IN,9807.01,MEDIUM,0.69
2026-01-29T13:28:12.370893,PAYMENT,3385.51,MEDIUM,0.6
2026-01-29T13:28:14.869803,PAYMENT,5619.63,MEDIUM,0.67
2026-01-29T13:28:17.313676,DEBIT,999.71,HIGH,0.85
2026-01-29T13:28:19.732759,CASH_OUT,3111.5,MEDIUM,0.76
2026-01-29T13:28:22.305348,PAYMENT,6086.21,MEDIUM,0.6
2026-01-29T13:28:24.745308,CASH_OUT,5903.04,MEDIUM,0.72
2026-01-29T13:28:27.308567,PAYMENT,8271.43,MEDIUM,0.6
2026-01-29T13:28:29.857965,TRANSFER,4572.95,MEDIUM,0.71
2026-01-29T13:28:32.330721,PAYMENT,524.63,LOW,0.0
2026-01-29T13:28:34.705576,DEBIT,658.46,MEDIUM,0.74
2026-01-29T13:28:37.121845,CASH_IN,1256.11,LOW,0.0
2026-01-29T13:28:39.579485,CASH_OUT,255.78,MEDIUM,0.79
2026-01-29T13:28:42.067992,PAYMENT,6944.13,LOW,0.0
2026-01-29T13:28:44.447220,TRANSFER,412.08,MEDIUM,0.79
2026-01-29T13:28:46.848749,PAYMENT,5402.97,MEDIUM,0.61
2026-01-29T13:28:49.354362,CASH_OUT,3198.9,HIGH,0.85
2026-01-29T13:28:51.784355,PAYMENT,3726.82,LOW,0.02
2026-01-29T13:28:54.099435,PAYMENT,8260.32,MEDIUM,0.61
2026-01-29T13:28:56.555397,CASH_IN,4686.58,LOW,0.07
2026-01-29T13:28:58.976415,CASH_OUT,5089.98,MEDIUM,0.75
2026-01-29T13:29:01.521739,CASH_OUT,6327.95,MEDIUM,0.76
2026-01-29T13:29:03.965382,PAYMENT,2476.01,MEDIUM,0.54
2026-01-29T13:29:06.447502,PAYMENT,6360.49,MEDIUM,0.62
2026-01-29T13:29:08.956115,TRANSFER,2200.17,LOW,0.02
2026-01-29T13:29:11.374539,PAYMENT,921.78,LOW,0.02
2026-01-29T13:29:13.830563,CASH_OUT,2807.6,HIGH,0.87
2026-01-29T13:29:16.236702,PAYMENT,4219.53,MEDIUM,0.61
2026-01-29T13:29:18.620674,CASH_OUT,8990.25,LOW,0.01
2026-01-29T13:29:21.018706,CASH_IN,7949.91,LOW,0.0
2026-01-29T13:29:23.473698,PAYMENT,4128.59,LOW,0.0
2026-01-29T13:29:25.885793,CASH_OUT,1780.56,LOW,0.09
2026-01-29T13:29:28.248069,CASH_IN,7244.57,MEDIUM,0.67
2026-01-29T13:29:30.577993,TRANSFER,5214.85,MEDIUM,0.75
2026-01-29T13:29:32.920273,TRANSFER,5916.51,LOW,0.01
2026-01-29T13:29:35.305666,DEBIT,429.02,HIGH,0.85
2026-01-29T13:29:37.778577,DEBIT,5699.65,MEDIUM,0.71
2026-01-29T13:29:40.199274,CASH_OUT,4815.6,HIGH,0.86
2026-01-29T13:29:42.706802,CASH_OUT,2282.4,MEDIUM,0.69
2026-01-29T13:29:45.079263,CASH_OUT,7266.71,HIGH,0.87
2026-01-29T13:29:47.526859,PAYMENT,466.72,LOW,0.02
2026-01-29T13:29:49.924778,TRANSFER,4131.45,MEDIUM,0.71
2026-01-29T13:29:52.338361,DEBIT,4920.27,MEDIUM,0.66
2026-01-29T13:29:54.678778,CASH_OUT,4901.14,MEDIUM,0.75
2026-01-29T13:29:57.041966,TRANSFER,5569.64,MEDIUM,0.71
2026-01-29T13:29:59.450956,PAYMENT,3316.92,MEDIUM,0.62
2026-01-29T13:30:01.951175,CASH_IN,9948.12,LOW,0.0
2026-01-29T13:30:04.454614,DEBIT,2617.92,MEDIUM,0.75
2026-01-29T13:30:06.933159,CASH_IN,2102.54,MEDIUM,0.62
2026-01-29T13:30:09.353064,DEBIT,3543.94,LOW,0.0
2026-01-29T13:30:11.771190,PAYMENT,5931.76,LOW,0.0
2026-01-29T13:30:14.146652,CASH_IN,5053.92,HIGH,0.81
2026-01-29T13:30:16.550884,PAYMENT,5844.08,MEDIUM,0.59
2026-01-29T13:30:18.959352,CASH_OUT,1121.04,MEDIUM,0.76
2026-01-29T13:30:21.320403,PAYMENT,5908.88,MEDIUM,0.54
2026-01-29T13:30:23.719862,DEBIT,3564.11,LOW,0.0
2026-01-29T13:30:26.168405,DEBIT,5666.26,MEDIUM,0.72
2026-01-29T13:30:28.546992,DEBIT,1318.1,MEDIUM,0.76
2026-01-29T13:30:30.969617,DEBIT,3348.73,MEDIUM,0.76
2026-01-29T13:30:33.469427,CASH_IN,3591.11,LOW,0.02
2026-01-29T13:30:35.865158,CASH_OUT,8539.83,LOW,0.0
2026-01-29T13:30:38.266829,PAYMENT,3922.57,LOW,0.0
2026-01-29T13:30:40.700824,PAYMENT,7674.66,LOW,0.0
2026-01-29T13:30:43.159386,PAYMENT,1430.45,LOW,0.02
2026-01-29T13:30:45.548422,CASH_OUT,4230.44,HIGH,0.85
2026-01-29T13:30:47.889739,TRANSFER,9287.92,HIGH,0.83
2026-01-29T13:30:50.266596,TRANSFER,3858.46,LOW,0.01
2026-01-29T13:30:52.685191,TRANSFER,5923.12,LOW,0.01
2026-01-29T13:30:55.053141,CASH_IN,8744.28,HIGH,0.81
2026-01-29T13:30:57.507857,CASH_IN,6082.27,LOW,0.0
2026-01-29T13:30:59.883603,CASH_IN,9689.83,HIGH,0.81
2026-01-29T13:31:02.338275,CASH_IN,3065.93,LOW,0.0
2026-01-29T13:31:04.727781,TRANSFER,8065.98,LOW,0.01
2026-01-29T13:31:07.206685,TRANSFER,5757.65,LOW,0.01
2026-01-29T13:31:09.636735,CASH_IN,2346.53,MEDIUM,0.72
2026-01-29T13:31:12.044811,CASH_OUT,4472.12,LOW,0.08
2026-01-29T13:31:14.452483,TRANSFER,7150.77,MEDIUM,0.73
2026-01-29T13:31:16.811140,DEBIT,3997.37,HIGH,0.83
2026-01-29T13:31:19.188540,DEBIT,2947.17,MEDIUM,0.66
2026-01-29T13:31:21.579637,DEBIT,603.94,HIGH,0.81
2026-01-29T13:31:24.027979,PAYMENT,5702.66,MEDIUM,0.59
2026-01-29T13:31:26.506548,TRANSFER,6909.75,LOW,0.01
2026-01-29T13:31:28.974787,PAYMENT,8745.8,LOW,0.0
2026-01-29T13:31:31.413931,DEBIT,9782.57,LOW,0.0
2026-01-29T13:31:33.841959,CASH_OUT,2942.92,MEDIUM,0.68
2026-01-29T13:31:36.244379,TRANSFER,5137.27,LOW,0.0
2026-01-29T13:31:38.743372,CASH_OUT,4280.36,MEDIUM,0.68
2026-01-29T13:31:41.187684,PAYMENT,3685.06,MEDIUM,0.71
2026-01-29T13:31:43.646833,CASH_OUT,7789.79,LOW,0.02
2026-01-29T13:31:46.063077,CASH_OUT,4329.43,MEDIUM,0.75
2026-01-29T13:31:48.415023,DEBIT,153.71,LOW,0.02
2026-01-29T13:31:50.772131,PAYMENT,1711.81,MEDIUM,0.61
2026-01-29T13:31:53.149056,TRANSFER,2207.11,MEDIUM,0.79
2026-01-29T13:31:55.702637,CASH_OUT,130.13,MEDIUM,0.72
2026-01-29T13:31:58.139176,PAYMENT,2547.1,LOW,0.0
2026-01-29T13:32:00.507788,DEBIT,4556.9,HIGH,0.84
2026-01-29T13:32:02.982746,TRANSFER,828.04,MEDIUM,0.73
2026-01-29T13:32:05.359487,DEBIT,4243.05,MEDIUM,0.72
2026-01-29T13:32:07.782757,DEBIT,369.55,MEDIUM,0.73
2026-01-29T13:32:10.231623,TRANSFER,7776.0,LOW,0.01
2026-01-29T13:32:12.640929,PAYMENT,4972.02,MEDIUM,0.61
2026-01-29T13:32:14.973216,DEBIT,9323.66,LOW,0.0
2026-01-29T13:32:17.384648,DEBIT,44.73,LOW,0.01
2026-01-29T13:32:19.724091,PAYMENT,9057.85,LOW,0.0
2026-01-29T13:32:22.150167,CASH_IN,4479.41,MEDIUM,0.62
2026-01-29T13:32:24.516269,CASH_OUT,4903.35,LOW,0.0
2026-01-29T13:32:26.902619,CASH_IN,2779.16,LOW,0.0
2026-01-29T13:32:29.314855,PAYMENT,6926.7,MEDIUM,0.61
2026-01-29T13:32:31.724179,CASH_IN,2798.03,LOW,0.0
2026-01-29T13:32:34.255627,DEBIT,986.31,LOW,0.0
2026-01-29T13:32:36.716566,CASH_IN,9937.9,LOW,0.01
2026-01-29T13:32:39.091945,PAYMENT,2915.75,LOW,0.02
2026-01-29T13:32:41.548675,TRANSFER,6895.67,HIGH,0.87
2026-01-29T13:32:44.128883,TRANSFER,9100.68,MEDIUM,0.74
2026-01-29T13:32:46.481700,PAYMENT,696.82,MEDIUM,0.66
2026-01-29T13:32:48.829959,CASH_OUT,154.43,HIGH,0.83
2026-01-29T13:32:51.206776,DEBIT,5878.95,HIGH,0.84
2026-01-29T13:32:53.629570,CASH_OUT,9966.96,HIGH,0.84
2026-01-29T13:32:56.084415,CASH_IN,5685.66,MEDIUM,0.8
2026-01-29T13:32:58.485937,DEBIT,6751.39,MEDIUM,0.66
2026-01-29T13:33:00.906775,CASH_OUT,2880.52,LOW,0.03
2026-01-29T13:33:03.367786,PAYMENT,9548.95,MEDIUM,0.62
2026-01-29T13:33:05.737146,CASH_IN,2649.62,LOW,0.03
2026-01-29T13:33:08.216641,CASH_IN,4082.84,MEDIUM,0.69
2026-01-29T13:33:10.682720,DEBIT,7497.36,LOW,0.0
2026-01-29T13:33:13.104179,DEBIT,9815.81,LOW,0.0
2026-01-29T13:33:15.512211,PAYMENT,8763.25,MEDIUM,0.62
2026-01-29T13:33:17.883360,PAYMENT,7723.4,LOW,0.0
2026-01-29T13:33:20.223614,CASH_IN,4529.05,MEDIUM,0.73
2026-01-29T13:33:22.739177,PAYMENT,499.06,MEDIUM,0.72
2026-01-29T13:33:25.205192,CASH_IN,2157.79,LOW,0.0
2026-01-29T13:33:27.736972,TRANSFER,4495.03,HIGH,0.9
2026-01-29T13:33:30.439965,CASH_IN,1796.79,MEDIUM,0.73
2026-01-29T13:33:33.037119,CASH_OUT,8662.93,HIGH,0.87
2026-01-29T13:33:35.487517,CASH_IN,503.22,LOW,0.0
2026-01-29T13:33:38.078240,CASH_IN,4190.77,MEDIUM,0.65
2026-01-29T14:02:05.148179,CASH_IN,9367.55,HIGH,0.81
2026-01-29T14:02:07.500362,CASH_OUT,6406.1,MEDIUM,0.68
2026-01-29T14:02:09.924584,PAYMENT,1599.27,MEDIUM,0.55
2026-01-29T14:02:12.290567,PAYMENT,6442.82,MEDIUM,0.62
2026-01-29T14:02:14.558527,TRANSFER,7583.23,HIGH,0.9
2026-01-29T14:02:16.816118,TRANSFER,2543.29,LOW,0.12
2026-01-29T14:02:18.577546,PAYMENT,7923.68,MEDIUM,0.6
2026-01-29T14:02:19.122419,PAYMENT,2933.45,MEDIUM,0.71
2026-01-29T14:02:20.928204,CASH_IN,8940.13,MEDIUM,0.65
2026-01-29T14:02:21.375530,TRANSFER,400.77,LOW,0.0
2026-01-29T14:02:23.192059,TRANSFER,9810.22,HIGH,0.87
2026-01-29T14:02:23.771203,TRANSFER,9719.54,MEDIUM,0.72
2026-01-29T14:02:25.565058,DEBIT,2551.57,MEDIUM,0.8
2026-01-29T14:02:26.086255,CASH_OUT,8520.73,LOW,0.0
2026-01-29T14:02:27.962134,CASH_IN,2605.64,MEDIUM,0.75
2026-01-29T14:02:28.378510,CASH_OUT,1148.46,MEDIUM,0.68
2026-01-29T14:02:30.338353,CASH_OUT,2405.51,HIGH,0.81
2026-01-29T14:02:30.685001,DEBIT,659.34,MEDIUM,0.77
2026-01-29T14:02:32.669903,DEBIT,7345.33,MEDIUM,0.74
2026-01-29T14:02:32.952592,DEBIT,679.44,LOW,0.0
2026-01-29T14:02:34.922368,CASH_OUT,5680.37,HIGH,0.84
2026-01-29T14:02:35.248642,CASH_OUT,2559.54,HIGH,0.82
2026-01-29T14:02:37.254608,DEBIT,745.65,LOW,0.0
2026-01-29T14:02:37.528581,PAYMENT,1619.45,MEDIUM,0.54
2026-01-29T14:02:39.602471,CASH_IN,195.22,MEDIUM,0.74
2026-01-29T14:02:39.840826,TRANSFER,8055.84,LOW,0.01
2026-01-29T14:02:41.962468,CASH_OUT,7537.0,MEDIUM,0.76
2026-01-29T14:02:42.202368,DEBIT,5995.97,MEDIUM,0.8
2026-01-29T14:02:44.313233,PAYMENT,7976.35,LOW,0.0
2026-01-29T14:02:44.568092,DEBIT,4630.42,HIGH,0.82
2026-01-29T14:02:46.659557,DEBIT,5699.05,MEDIUM,0.8
2026-01-29T14:02:46.900881,PAYMENT,7965.94,MEDIUM,0.61
2026-01-29T14:02:49.039227,TRANSFER,5605.21,HIGH,0.81
2026-01-29T14:02:49.258377,CASH_IN,3486.76,MEDIUM,0.62
2026-01-29T14:02:51.476372,CASH_OUT,6939.93,MEDIUM,0.73
2026-01-29T14:02:51.673187,CASH_IN,1938.55,HIGH,0.81
2026-01-29T14:02:53.918688,DEBIT,9286.0,HIGH,0.84
2026-01-29T14:02:54.104592,TRANSFER,5203.64,HIGH,0.9
2026-01-29T14:02:56.332814,TRANSFER,7493.09,LOW,0.01
2026-01-29T14:02:56.476619,PAYMENT,2596.7,LOW,0.02
2026-01-29T14:02:58.771587,DEBIT,4785.1,MEDIUM,0.66
2026-01-29T14:02:58.910444,PAYMENT,365.92,MEDIUM,0.61
2026-01-29T14:03:01.356353,CASH_IN,3222.3,MEDIUM,0.67
2026-01-29T14:03:01.489616,CASH_IN,9254.42,MEDIUM,0.67
2026-01-29T14:03:03.750161,CASH_OUT,5932.78,MEDIUM,0.75
2026-01-29T14:03:03.858993,PAYMENT,6309.61,MEDIUM,0.58
2026-01-29T14:03:06.162218,TRANSFER,7832.36,MEDIUM,0.78
2026-01-29T14:03:06.255770,CASH_OUT,3307.32,HIGH,0.86
2026-01-29T14:03:08.632454,TRANSFER,6396.09,MEDIUM,0.77
2026-01-29T14:03:08.697864,PAYMENT,5789.26,MEDIUM,0.59
2026-01-29T14:03:11.162860,PAYMENT,7044.97,LOW,0.01
2026-01-29T14:03:11.213133,CASH_IN,2045.68,MEDIUM,0.67
2026-01-29T14:03:13.725430,DEBIT,7971.62,HIGH,0.84
2026-01-29T14:03:13.840585,DEBIT,7796.51,MEDIUM,0.74
2026-01-29T14:03:16.164780,CASH_OUT,6022.09,MEDIUM,0.72
2026-01-29T14:03:16.225019,TRANSFER,2015.01,MEDIUM,0.72
2026-01-29T14:03:18.643106,PAYMENT,5810.11,MEDIUM,0.61
2026-01-29T14:03:18.697407,PAYMENT,6839.29,MEDIUM,0.57
2026-01-29T14:03:21.067748,PAYMENT,2517.1,MEDIUM,0.6
2026-01-29T14:03:21.208219,TRANSFER,7464.87,HIGH,0.9
2026-01-29T14:03:23.626780,CASH_IN,5908.86,LOW,0.0
2026-01-29T14:03:23.711962,CASH_IN,2230.61,HIGH,0.81
2026-01-29T14:03:26.096270,DEBIT,1891.29,MEDIUM,0.76
2026-01-29T14:03:26.147441,TRANSFER,7677.57,LOW,0.01
2026-01-29T14:03:28.517350,DEBIT,6749.41,LOW,0.0
2026-01-29T14:03:28.577669,TRANSFER,520.07,MEDIUM,0.68
2026-01-29T14:03:31.158410,CASH_IN,6368.3,MEDIUM,0.69
2026-01-29T14:03:31.205798,CASH_OUT,159.29,HIGH,0.83
2026-01-29T14:03:33.603285,DEBIT,7855.75,MEDIUM,0.72
2026-01-29T14:03:33.700768,CASH_IN,6947.57,LOW,0.0
2026-01-29T14:03:35.876632,CASH_OUT,1283.09,LOW,0.01
2026-01-29T14:03:36.058976,DEBIT,7717.09,HIGH,0.84
2026-01-29T14:03:38.231568,TRANSFER,871.29,MEDIUM,0.78
2026-01-29T14:03:38.377274,DEBIT,8859.77,LOW,0.0
2026-01-29T14:03:40.529063,CASH_OUT,9013.86,MEDIUM,0.76
2026-01-29T14:03:40.705198,CASH_OUT,1066.68,MEDIUM,0.64
2026-01-29T14:03:42.782392,CASH_IN,215.5,LOW,0.01
2026-01-29T14:03:43.087667,DEBIT,3943.78,LOW,0.03
2026-01-29T14:03:45.186325,CASH_IN,9835.88,LOW,0.0
2026-01-29T14:03:45.467329,CASH_OUT,7397.19,LOW,0.02
2026-01-29T14:03:47.567760,CASH_IN,8011.58,LOW,0.0
2026-01-29T14:03:47.860061,CASH_OUT,6429.43,MEDIUM,0.72
2026-01-29T14:03:49.940916,TRANSFER,5704.88,LOW,0.09
2026-01-29T14:03:50.223161,CASH_IN,3947.25,MEDIUM,0.75
2026-01-29T14:03:52.299557,CASH_OUT,7819.02,MEDIUM,0.72
2026-01-29T14:03:52.572400,CASH_OUT,6873.35,MEDIUM,0.76
2026-01-29T14:03:54.949887,PAYMENT,9684.74,MEDIUM,0.62
2026-01-29T14:03:55.109107,PAYMENT,7540.61,MEDIUM,0.6
2026-01-29T14:03:57.356318,TRANSFER,1933.95,MEDIUM,0.79
2026-01-29T14:03:57.546531,PAYMENT,296.23,MEDIUM,0.58
2026-01-29T14:03:59.686974,DEBIT,4171.64,MEDIUM,0.62
2026-01-29T14:04:00.047611,PAYMENT,3157.04,LOW,0.0
2026-01-29T14:04:02.108858,TRANSFER,7311.39,LOW,0.0
2026-01-29T14:04:02.445014,CASH_OUT,3223.86,HIGH,0.84
2026-01-29T14:04:02.599741,DEBIT,7708.18,MEDIUM,0.74
2026-01-29T14:04:04.503657,DEBIT,2975.58,LOW,0.0
2026-01-29T14:04:04.813370,DEBIT,9478.61,MEDIUM,0.8
2026-01-29T14:04:04.975451,DEBIT,3712.02,MEDIUM,0.8
2026-01-29T14:04:06.901439,CASH_OUT,8472.96,MEDIUM,0.73
2026-01-29T14:04:07.321156,DEBIT,2982.48,MEDIUM,0.67
2026-01-29T14:04:07.444579,CASH_OUT,643.56,MEDIUM,0.74
2026-01-29T14:04:09.414956,TRANSFER,6172.27,MEDIUM,0.72
2026-01-29T14:04:09.899077,CASH_OUT,6513.21,MEDIUM,0.63
2026-01-29T14:04:09.960740,CASH_OUT,5731.07,LOW,0.01
2026-01-29T14:04:11.950196,DEBIT,15.92,MEDIUM,0.76
2026-01-29T14:04:12.305780,CASH_IN,4921.33,MEDIUM,0.8
2026-01-29T14:04:12.358690,TRANSFER,8067.42,LOW,0.01
2026-01-29T14:04:14.296794,TRANSFER,5307.88,LOW,0.01
2026-01-29T14:04:14.771936,CASH_IN,1300.11,MEDIUM,0.75
2026-01-29T14:04:14.821395,TRANSFER,5013.42,HIGH,0.83
2026-01-29T14:04:16.601648,PAYMENT,8137.6,MEDIUM,0.67
2026-01-29T14:04:17.297255,TRANSFER,1536.08,HIGH,0.81
2026-01-29T14:04:17.500283,DEBIT,2351.31,LOW,0.0
2026-01-29T14:04:18.958436,CASH_OUT,9830.04,HIGH,0.85
2026-01-29T14:04:19.615252,DEBIT,3157.22,LOW,0.0
2026-01-29T14:04:19.842907,CASH_IN,1911.3,LOW,0.0
2026-01-29T14:04:21.227926,CASH_IN,8260.59,LOW,0.0
2026-01-29T14:04:21.952076,PAYMENT,4496.18,MEDIUM,0.71
2026-01-29T14:04:22.191082,CASH_IN,9425.54,MEDIUM,0.69
2026-01-29T14:04:23.560709,TRANSFER,2937.35,MEDIUM,0.79
2026-01-29T14:04:24.356006,PAYMENT,2548.9,LOW,0.02
2026-01-29T14:04:24.565005,PAYMENT,7124.43,LOW,0.0
2026-01-29T14:04:25.918289,TRANSFER,1927.64,LOW,0.0
2026-01-29T14:04:26.634898,TRANSFER,2302.35,MEDIUM,0.7
2026-01-29T14:04:26.848288,CASH_OUT,7790.45,HIGH,0.86
2026-01-29T14:04:28.197520,TRANSFER,1711.05,LOW,0.1
2026-01-29T14:04:28.925988,CASH_IN,7993.77,MEDIUM,0.73
2026-01-29T14:04:29.050611,PAYMENT,9982.44,LOW,0.03
2026-01-29T14:04:30.526170,CASH_IN,6628.27,MEDIUM,0.69
2026-01-29T14:04:31.198715,PAYMENT,5704.72,MEDIUM,0.71
2026-01-29T14:04:31.339144,TRANSFER,6415.54,LOW,0.03
2026-01-29T14:04:32.790305,CASH_OUT,4361.69,LOW,0.08
2026-01-29T14:04:33.524102,CASH_IN,2978.62,LOW,0.0
2026-01-29T14:04:33.718613,CASH_OUT,5054.18,MEDIUM,0.8
2026-01-29T14:04:34.999941,PAYMENT,2348.16,MEDIUM,0.57
2026-01-29T14:04:35.794899,PAYMENT,7014.8,LOW,0.01
2026-01-29T14:04:36.006294,CASH_IN,5516.59,MEDIUM,0.69
2026-01-29T14:04:37.309717,PAYMENT,9608.81,MEDIUM,0.5
2026-01-29T14:04:38.193363,PAYMENT,1204.11,MEDIUM,0.59
2026-01-29T14:04:38.388815,CASH_OUT,9399.63,MEDIUM,0.78
2026-01-29T14:04:39.622118,DEBIT,7507.97,LOW,0.0
2026-01-29T14:04:40.606512,CASH_IN,5855.42,MEDIUM,0.68
2026-01-29T14:04:40.785815,CASH_OUT,4916.87,MEDIUM,0.75
2026-01-29T14:04:41.860781,DEBIT,9342.68,HIGH,0.83
2026-01-29T14:04:42.848467,TRANSFER,6650.73,MEDIUM,0.75
2026-01-29T14:04:43.095300,DEBIT,3102.7,LOW,0.0
2026-01-29T14:04:44.152592,DEBIT,8779.36,HIGH,0.84
2026-01-29T14:04:45.167789,PAYMENT,1598.21,MEDIUM,0.54
2026-01-29T14:04:45.350888,TRANSFER,1245.42,LOW,0.01
2026-01-29T14:04:46.407843,DEBIT,124.87,HIGH,0.85
2026-01-29T14:04:47.513229,DEBIT,3625.87,LOW,0.0
2026-01-29T14:04:47.633404,CASH_IN,8224.21,MEDIUM,0.73
2026-01-29T14:04:48.621601,TRANSFER,1080.43,HIGH,0.87
2026-01-29T14:04:49.775591,DEBIT,2413.14,MEDIUM,0.76
2026-01-29T14:04:49.853961,DEBIT,9934.2,MEDIUM,0.72
2026-01-29T14:04:50.912728,DEBIT,7356.87,HIGH,0.83
2026-01-29T14:04:52.085715,PAYMENT,997.28,MEDIUM,0.6
2026-01-29T14:04:52.131771,TRANSFER,4177.68,MEDIUM,0.79
2026-01-29T14:04:53.178537,DEBIT,9479.2,MEDIUM,0.71
2026-01-29T14:04:54.417827,CASH_OUT,1482.13,MEDIUM,0.69
2026-01-29T14:04:54.448953,PAYMENT,4019.07,MEDIUM,0.59
2026-01-29T14:04:55.495228,CASH_OUT,5358.27,LOW,0.02
2026-01-29T14:04:56.768148,PAYMENT,5218.01,MEDIUM,0.61
2026-01-29T14:04:56.802568,CASH_OUT,6199.03,MEDIUM,0.68
2026-01-29T14:04:57.771539,CASH_OUT,529.16,MEDIUM,0.76
2026-01-29T14:04:59.105526,CASH_OUT,8721.89,MEDIUM,0.72
2026-01-29T14:04:59.146376,CASH_IN,1933.73,LOW,0.03
2026-01-29T14:05:00.031254,TRANSFER,6887.92,LOW,0.12
2026-01-29T14:05:01.446323,TRANSFER,6552.71,LOW,0.05
2026-01-29T14:05:01.531166,CASH_OUT,6504.34,MEDIUM,0.75
2026-01-29T14:05:02.259275,PAYMENT,7279.03,MEDIUM,0.62
2026-01-29T14:05:03.725344,PAYMENT,8359.89,LOW,0.02
2026-01-29T14:05:03.900908,CASH_IN,6433.96,MEDIUM,0.8
2026-01-29T14:05:04.516492,PAYMENT,3118.11,MEDIUM,0.62
2026-01-29T14:05:06.021385,CASH_IN,8431.89,HIGH,0.81
2026-01-29T14:05:06.175956,CASH_IN,5946.04,MEDIUM,0.68
2026-01-29T14:05:06.823578,CASH_IN,6598.02,MEDIUM,0.79
2026-01-29T14:05:08.248328,DEBIT,7348.8,LOW,0.0
2026-01-29T14:05:08.374495,DEBIT,8179.03,MEDIUM,0.73
2026-01-29T14:05:09.127913,CASH_IN,4902.83,LOW,0.0
2026-01-29T14:05:10.549835,CASH_OUT,9552.72,LOW,0.03
2026-01-29T14:05:10.659737,PAYMENT,1060.81,MEDIUM,0.62
2026-01-29T14:05:11.406900,DEBIT,3578.72,LOW,0.0
2026-01-29T14:05:12.793780,CASH_IN,9429.63,LOW,0.02
2026-01-29T14:05:13.128463,PAYMENT,1543.23,MEDIUM,0.61
2026-01-29T14:05:13.700246,PAYMENT,3150.9,MEDIUM,0.62
2026-01-29T14:05:15.073116,CASH_IN,8279.66,LOW,0.01
2026-01-29T14:05:15.381679,DEBIT,8502.82,LOW,0.0
2026-01-29T14:05:15.954687,CASH_IN,1470.89,LOW,0.03
2026-01-29T14:05:17.317082,DEBIT,9446.28,MEDIUM,0.68
2026-01-29T14:05:17.616095,TRANSFER,9468.18,LOW,0.06
2026-01-29T14:05:18.218327,CASH_IN,2451.25,MEDIUM,0.67
2026-01-29T14:05:19.586800,PAYMENT,9852.72,MEDIUM,0.62
2026-01-29T14:05:19.877517,DEBIT,3713.91,MEDIUM,0.7
2026-01-29T14:05:20.510725,CASH_IN,8284.91,MEDIUM,0.69
2026-01-29T14:05:21.839445,CASH_OUT,5251.14,MEDIUM,0.76
2026-01-29T14:05:22.119490,DEBIT,7912.28,MEDIUM,0.72
2026-01-29T14:05:22.737676,TRANSFER,6671.83,HIGH,0.85
2026-01-29T14:05:24.102065,DEBIT,4578.01,HIGH,0.85
2026-01-29T14:05:24.371697,PAYMENT,1479.16,MEDIUM,0.67
2026-01-29T14:05:25.009836,TRANSFER,2362.43,HIGH,0.85
2026-01-29T14:05:26.356049,CASH_OUT,5023.7,MEDIUM,0.76
2026-01-29T14:05:26.637575,PAYMENT,2902.87,MEDIUM,0.6
2026-01-29T14:05:27.228357,CASH_IN,4714.96,HIGH,0.81
2026-01-29T14:05:28.658538,TRANSFER,6198.44,MEDIUM,0.72
2026-01-29T14:05:28.932289,TRANSFER,7965.67,LOW,0.01
2026-01-29T14:05:29.530047,TRANSFER,1140.02,LOW,0.06
2026-01-29T14:05:31.015870,CASH_IN,5941.98,MEDIUM,0.79
2026-01-29T14:05:31.203840,CASH_OUT,2765.81,LOW,0.02
2026-01-29T14:05:31.822568,PAYMENT,6045.16,MEDIUM,0.61
2026-01-29T14:05:33.190663,TRANSFER,5186.47,MEDIUM,0.78
2026-01-29T14:05:33.493319,PAYMENT,5017.41,MEDIUM,0.61
2026-01-29T14:05:34.072387,TRANSFER,8920.5,MEDIUM,0.73
2026-01-29T14:05:35.500566,TRANSFER,1983.25,LOW,0.0
2026-01-29T14:05:35.775840,CASH_OUT,1051.2,LOW,0.08
2026-01-29T14:05:36.365625,CASH_OUT,943.57,MEDIUM,0.69
2026-01-29T14:05:37.842871,PAYMENT,181.75,MEDIUM,0.55
2026-01-29T14:05:38.088680,TRANSFER,8232.07,MEDIUM,0.72
2026-01-29T14:05:38.647449,DEBIT,2230.86,LOW,0.0
2026-01-29T14:05:40.216653,TRANSFER,5800.56,LOW,0.0
2026-01-29T14:05:40.443131,CASH_OUT,6496.16,MEDIUM,0.76
2026-01-29T14:05:40.901673,TRANSFER,9806.35,MEDIUM,0.73
2026-01-29T14:05:42.432179,DEBIT,8801.12,HIGH,0.84
2026-01-29T14:05:42.677842,CASH_OUT,4211.52,LOW,0.03
2026-01-29T14:05:43.121441,CASH_IN,7175.51,MEDIUM,0.66
2026-01-29T14:05:44.754876,PAYMENT,8875.62,MEDIUM,0.62
2026-01-29T14:05:45.005146,PAYMENT,8084.13,LOW,0.02
2026-01-29T14:05:45.352430,CASH_IN,4028.99,MEDIUM,0.68
2026-01-29T14:05:47.102815,CASH_IN,7894.75,MEDIUM,0.69
2026-01-29T14:05:47.256917,TRANSFER,4375.55,MEDIUM,0.77
2026-01-29T14:05:47.627777,DEBIT,5607.3,LOW,0.0
2026-01-29T14:05:49.452943,CASH_IN,3316.77,HIGH,0.81
2026-01-29T14:05:49.567531,CASH_IN,2460.26,MEDIUM,0.8
2026-01-29T14:05:49.883489,TRANSFER,9239.12,HIGH,0.9
2026-01-29T14:05:51.770389,DEBIT,1764.74,MEDIUM,0.8
2026-01-29T14:05:51.903543,DEBIT,5425.88,LOW,0.0
2026-01-29T14:05:52.188624,TRANSFER,275.19,HIGH,0.85
2026-01-29T14:05:54.039866,CASH_OUT,8828.18,MEDIUM,0.75
2026-01-29T14:05:54.230346,CASH_IN,9075.12,HIGH,0.81
2026-01-29T14:05:54.456101,DEBIT,793.11,LOW,0.01
2026-01-29T14:05:56.316320,DEBIT,8796.61,MEDIUM,0.66
2026-01-29T14:05:56.504818,CASH_IN,4334.89,LOW,0.0
2026-01-29T14:05:56.695478,TRANSFER,7912.24,MEDIUM,0.78
2026-01-29T14:05:58.625566,TRANSFER,8837.27,LOW,0.01
2026-01-29T14:05:58.832969,DEBIT,9262.97,LOW,0.0
2026-01-29T14:05:58.969803,CASH_OUT,2182.51,HIGH,0.82
2026-01-29T14:06:00.904185,TRANSFER,1338.01,LOW,0.02
2026-01-29T14:06:01.091535,DEBIT,9730.08,MEDIUM,0.73
2026-01-29T14:06:01.276757,CASH_OUT,3496.35,LOW,0.03
2026-01-29T14:06:03.187726,DEBIT,9061.57,LOW,0.0
2026-01-29T14:06:03.341263,PAYMENT,5522.58,MEDIUM,0.71
2026-01-29T14:06:03.544719,CASH_IN,956.97,MEDIUM,0.75
2026-01-29T14:06:05.446654,CASH_IN,1890.42,MEDIUM,0.79
2026-01-29T14:06:05.631798,TRANSFER,8977.83,MEDIUM,0.79
2026-01-29T14:06:05.801992,CASH_OUT,1065.56,HIGH,0.82
2026-01-29T14:06:07.778986,TRANSFER,4451.4,MEDIUM,0.71
2026-01-29T14:06:08.009224,TRANSFER,5379.17,HIGH,0.85
2026-01-29T14:06:08.111819,CASH_IN,3816.09,MEDIUM,0.77
2026-01-29T14:06:10.060563,CASH_IN,209.93,MEDIUM,0.69
2026-01-29T14:06:10.300715,DEBIT,5277.56,LOW,0.03
2026-01-29T14:06:10.336721,PAYMENT,5761.31,LOW,0.02
2026-01-29T14:06:12.406784,DEBIT,5031.74,LOW,0.0
2026-01-29T14:06:12.646877,TRANSFER,4633.36,MEDIUM,0.75
2026-01-29T14:06:12.682602,DEBIT,9306.87,MEDIUM,0.71
2026-01-29T14:06:14.776595,CASH_OUT,2349.88,HIGH,0.82
2026-01-29T14:06:15.018885,TRANSFER,915.69,HIGH,0.9
2026-01-29T14:06:15.084624,TRANSFER,2373.74,LOW,0.0
2026-01-29T14:06:17.098413,DEBIT,3045.47,MEDIUM,0.71
2026-01-29T14:06:17.374202,CASH_IN,4212.69,MEDIUM,0.65
2026-01-29T14:06:17.470234,PAYMENT,7075.53,MEDIUM,0.58
2026-01-29T14:06:19.473447,PAYMENT,3730.9,LOW,0.0
2026-01-29T14:06:19.652984,DEBIT,7945.19,MEDIUM,0.71
2026-01-29T14:06:19.753787,CASH_IN,6199.6,MEDIUM,0.65
2026-01-29T14:06:21.755886,PAYMENT,2855.39,LOW,0.0
2026-01-29T14:06:21.948905,DEBIT,9370.66,LOW,0.0
2026-01-29T14:06:22.037167,CASH_IN,8014.79,MEDIUM,0.62
2026-01-29T14:06:24.089010,TRANSFER,695.99,MEDIUM,0.78
2026-01-29T14:06:24.231009,DEBIT,3449.65,LOW,0.03
2026-01-29T14:06:24.317642,CASH_OUT,9487.21,MEDIUM,0.75
2026-01-29T14:06:26.461949,PAYMENT,5186.36,MEDIUM,0.62
2026-01-29T14:06:26.625358,PAYMENT,5285.14,MEDIUM,0.54
2026-01-29T14:06:26.729409,TRANSFER,8885.62,MEDIUM,0.79
2026-01-29T14:06:28.798961,CASH_OUT,4053.15,LOW,0.02
2026-01-29T14:06:29.004735,CASH_IN,9524.25,LOW,0.0
2026-01-29T14:06:29.052640,PAYMENT,6324.99,LOW,0.0
2026-01-29T14:06:31.172731,CASH_IN,6902.06,HIGH,0.81
2026-01-29T14:06:31.390995,PAYMENT,8922.4,MEDIUM,0.54
2026-01-29T14:06:31.468309,CASH_OUT,4332.61,MEDIUM,0.7
2026-01-29T14:06:33.519852,TRANSFER,3848.34,MEDIUM,0.67
2026-01-29T14:06:33.747316,DEBIT,8168.43,MEDIUM,0.75
2026-01-29T14:06:33.863248,TRANSFER,3977.83,LOW,0.01
2026-01-29T14:06:35.869139,DEBIT,8993.3,MEDIUM,0.73
2026-01-29T14:06:36.114825,TRANSFER,341.66,MEDIUM,0.71
2026-01-29T14:06:36.208020,CASH_IN,9091.61,LOW,0.0
2026-01-29T14:06:38.248906,CASH_IN,3341.2,MEDIUM,0.78
2026-01-29T14:06:38.474784,TRANSFER,6003.17,HIGH,0.9
2026-01-29T14:06:38.544903,CASH_IN,5414.85,MEDIUM,0.69
2026-01-29T14:06:40.590841,PAYMENT,1505.33,MEDIUM,0.54
2026-01-29T14:06:40.829414,DEBIT,419.36,MEDIUM,0.73
2026-01-29T14:06:40.905414,PAYMENT,2894.58,LOW,0.0
2026-01-29T14:06:42.928159,DEBIT,7551.31,LOW,0.0
2026-01-29T14:06:43.138114,PAYMENT,2599.4,MEDIUM,0.61
2026-01-29T14:06:43.238567,CASH_OUT,2857.61,LOW,0.13
2026-01-29T14:06:45.281469,DEBIT,3977.04,MEDIUM,0.77
2026-01-29T14:06:45.517639,CASH_OUT,6414.45,MEDIUM,0.79
2026-01-29T14:06:45.591537,DEBIT,594.2,MEDIUM,0.73
2026-01-29T14:06:47.647781,CASH_IN,6875.11,LOW,0.0
2026-01-29T14:06:47.868124,CASH_IN,7800.86,MEDIUM,0.75
2026-01-29T14:06:48.019204,DEBIT,4178.59,MEDIUM,0.72
2026-01-29T14:06:49.997504,DEBIT,6547.6,MEDIUM,0.74
2026-01-29T14:06:50.288826,CASH_OUT,2822.93,LOW,0.01
2026-01-29T14:06:50.324422,TRANSFER,8232.38,MEDIUM,0.78
2026-01-29T14:06:52.252273,PAYMENT,4536.09,MEDIUM,0.58
2026-01-29T14:06:52.555141,DEBIT,6935.08,MEDIUM,0.66
2026-01-29T14:06:52.646175,TRANSFER,9389.01,MEDIUM,0.79
2026-01-29T14:06:54.491217,TRANSFER,4180.67,LOW,0.01
2026-01-29T14:06:54.939804,TRANSFER,4840.12,MEDIUM,0.74
2026-01-29T14:06:54.981667,DEBIT,577.85,MEDIUM,0.73
2026-01-29T14:06:56.758450,PAYMENT,5495.31,MEDIUM,0.57
2026-01-29T14:06:57.232044,CASH_IN,4794.05,MEDIUM,0.66
2026-01-29T14:06:57.287661,CASH_IN,143.91,LOW,0.02
2026-01-29T14:06:59.021206,CASH_IN,8735.02,MEDIUM,0.67
2026-01-29T14:06:59.557648,CASH_OUT,1591.39,HIGH,0.84
2026-01-29T14:06:59.605906,CASH_OUT,414.6,HIGH,0.82
2026-01-29T14:07:01.355238,PAYMENT,6370.6,MEDIUM,0.67
2026-01-29T14:07:01.886906,CASH_IN,7716.8,MEDIUM,0.66
2026-01-29T14:07:01.989569,CASH_IN,9116.26,MEDIUM,0.69
2026-01-29T14:07:03.646112,DEBIT,1257.4,MEDIUM,0.74
2026-01-29T14:07:04.210867,TRANSFER,1475.32,LOW,0.1
2026-01-29T14:07:04.294828,TRANSFER,1690.97,HIGH,0.87
2026-01-29T14:07:05.928308,DEBIT,1752.59,MEDIUM,0.75
2026-01-29T14:07:06.558417,TRANSFER,2504.46,LOW,0.09
2026-01-29T14:07:06.677440,TRANSFER,6975.53,LOW,0.0
2026-01-29T14:07:08.229894,CASH_IN,9959.75,MEDIUM,0.69
2026-01-29T14:07:08.906395,DEBIT,3616.52,MEDIUM,0.8
2026-01-29T14:07:09.024715,CASH_IN,2327.31,MEDIUM,0.69
2026-01-29T14:07:10.534833,TRANSFER,9159.91,HIGH,0.9
2026-01-29T14:07:11.224995,PAYMENT,5365.78,MEDIUM,0.62
2026-01-29T14:07:11.337999,TRANSFER,2870.34,MEDIUM,0.78
2026-01-29T14:07:12.792498,TRANSFER,2946.44,MEDIUM,0.74
2026-01-29T14:07:13.522981,CASH_IN,4266.14,LOW,0.0
2026-01-29T14:07:13.617588,PAYMENT,2247.94,MEDIUM,0.59
2026-01-29T14:07:15.066610,CASH_IN,1764.12,HIGH,0.81
2026-01-29T14:07:15.820388,DEBIT,7714.08,MEDIUM,0.8
2026-01-29T14:07:15.917449,CASH_OUT,1450.22,LOW,0.04
2026-01-29T14:07:17.321687,DEBIT,4743.64,MEDIUM,0.7
2026-01-29T14:07:18.199625,PAYMENT,1764.21,MEDIUM,0.54
2026-01-29T14:07:18.247125,CASH_IN,8787.59,HIGH,0.81
2026-01-29T14:07:19.622822,CASH_IN,8615.04,LOW,0.0
2026-01-29T14:07:20.510146,DEBIT,2635.42,MEDIUM,0.73
2026-01-29T14:07:20.556388,TRANSFER,7711.78,HIGH,0.87
2026-01-29T14:07:21.937962,PAYMENT,4036.91,MEDIUM,0.71
2026-01-29T14:07:22.908930,CASH_IN,6961.46,LOW,0.0
2026-01-29T14:07:22.941247,PAYMENT,3970.35,MEDIUM,0.59
2026-01-29T14:07:24.273071,DEBIT,8696.23,MEDIUM,0.71
2026-01-29T14:07:25.223859,DEBIT,2166.95,MEDIUM,0.74
2026-01-29T14:07:25.303517,CASH_IN,7229.97,MEDIUM,0.68
2026-01-29T14:07:26.567657,DEBIT,3600.2,HIGH,0.83
2026-01-29T14:07:27.546008,TRANSFER,2084.1,HIGH,0.9
2026-01-29T14:07:27.620995,CASH_OUT,981.97,MEDIUM,0.72
2026-01-29T14:07:28.876891,CASH_OUT,6678.29,LOW,0.01
2026-01-29T14:07:29.860556,PAYMENT,9499.41,MEDIUM,0.7
2026-01-29T14:07:29.890642,PAYMENT,4304.79,LOW,0.0
2026-01-29T14:07:31.187772,TRANSFER,210.52,LOW,0.02
2026-01-29T14:07:32.177489,CASH_OUT,3967.89,LOW,0.01
2026-01-29T14:07:32.294043,CASH_IN,1596.98,MEDIUM,0.64
2026-01-29T14:07:33.431859,CASH_IN,1887.3,LOW,0.03
2026-01-29T14:07:34.543029,PAYMENT,6415.05,MEDIUM,0.67
2026-01-29T14:07:34.691171,DEBIT,2177.34,MEDIUM,0.8
2026-01-29T14:07:35.670031,TRANSFER,6172.33,MEDIUM,0.73
2026-01-29T14:07:36.927787,CASH_OUT,4239.07,MEDIUM,0.78
2026-01-29T14:07:37.117950,PAYMENT,7745.82,MEDIUM,0.62
2026-01-29T14:07:37.991754,CASH_IN,707.09,LOW,0.06
2026-01-29T14:07:39.237394,CASH_OUT,9698.47,MEDIUM,0.74
2026-01-29T14:07:39.435802,CASH_OUT,6343.33,MEDIUM,0.74
2026-01-29T14:07:40.365373,CASH_IN,9997.66,MEDIUM,0.8
2026-01-29T14:07:41.531876,CASH_IN,5524.14,MEDIUM,0.68
2026-01-29T14:07:41.736268,CASH_OUT,9859.39,LOW,0.0
2026-01-29T14:07:42.638427,CASH_IN,1689.67,LOW,0.0
2026-01-29T14:07:43.921565,TRANSFER,2289.26,HIGH,0.9
2026-01-29T14:07:44.114446,TRANSFER,354.3,LOW,0.12
2026-01-29T14:07:44.854270,CASH_IN,2524.2,LOW,0.0
2026-01-29T14:07:46.321068,CASH_OUT,8514.56,HIGH,0.86
2026-01-29T14:07:46.510397,TRANSFER,1799.78,HIGH,0.85
2026-01-29T14:07:47.125394,TRANSFER,2893.04,HIGH,0.85
2026-01-29T14:07:48.591279,CASH_OUT,400.55,MEDIUM,0.71
2026-01-29T14:07:48.804549,CASH_IN,6479.39,HIGH,0.81
2026-01-29T14:07:49.432013,DEBIT,9395.93,MEDIUM,0.73
2026-01-29T14:07:50.895070,CASH_OUT,2270.11,LOW,0.07
2026-01-29T14:07:51.099530,CASH_IN,5021.02,MEDIUM,0.69
2026-01-29T14:07:51.742587,TRANSFER,4588.63,LOW,0.01
2026-01-29T14:07:53.203260,PAYMENT,2865.18,MEDIUM,0.62
2026-01-29T14:07:53.393336,DEBIT,858.89,MEDIUM,0.73
2026-01-29T14:07:54.042558,PAYMENT,4025.53,MEDIUM,0.67
2026-01-29T14:07:55.514225,TRANSFER,209.56,LOW,0.01
2026-01-29T14:07:55.664779,DEBIT,403.93,MEDIUM,0.68
2026-01-29T14:07:56.315135,CASH_IN,4468.62,MEDIUM,0.79
2026-01-29T14:07:57.850550,DEBIT,1624.17,HIGH,0.85
2026-01-29T14:07:57.965542,CASH_IN,1669.7,MEDIUM,0.69
2026-01-29T14:07:58.595203,DEBIT,4326.87,LOW,0.0
2026-01-29T14:08:00.129281,DEBIT,3253.84,HIGH,0.84
2026-01-29T14:08:00.252648,CASH_IN,6220.52,MEDIUM,0.73
2026-01-29T14:08:00.921256,PAYMENT,4668.46,MEDIUM,0.59
2026-01-29T14:08:02.393398,DEBIT,6117.16,MEDIUM,0.76
2026-01-29T14:08:02.466172,CASH_IN,9892.29,MEDIUM,0.67
2026-01-29T14:08:03.240773,CASH_IN,9395.19,MEDIUM,0.69
2026-01-29T14:08:04.638535,TRANSFER,4877.22,LOW,0.0
2026-01-29T14:08:04.717545,CASH_IN,2621.39,MEDIUM,0.75
2026-01-29T14:08:05.533832,CASH_IN,3762.0,LOW,0.05
2026-01-29T14:08:06.912675,CASH_OUT,7911.21,HIGH,0.86
2026-01-29T14:08:07.033385,TRANSFER,1231.2,LOW,0.0
2026-01-29T14:08:07.818396,TRANSFER,3622.03,HIGH,0.85
2026-01-29T14:08:09.143362,DEBIT,2173.1,MEDIUM,0.75
2026-01-29T14:08:09.237775,PAYMENT,5039.68,LOW,0.02
2026-01-29T14:08:10.114510,CASH_IN,2756.7,MEDIUM,0.66
2026-01-29T14:08:11.431667,CASH_IN,1270.13,MEDIUM,0.69
2026-01-29T14:08:11.536453,DEBIT,7830.02,HIGH,0.83
2026-01-29T14:08:12.397839,TRANSFER,8893.03,MEDIUM,0.73
2026-01-29T14:08:13.615354,PAYMENT,2595.71,MEDIUM,0.71
2026-01-29T14:08:13.780894,DEBIT,1487.27,MEDIUM,0.66
2026-01-29T14:08:14.699957,PAYMENT,606.06,MEDIUM,0.61
2026-01-29T14:08:15.857996,CASH_IN,2945.79,LOW,0.0
2026-01-29T14:08:16.088894,TRANSFER,4482.18,HIGH,0.9
2026-01-29T14:08:16.983702,PAYMENT,2968.94,MEDIUM,0.67
2026-01-29T14:08:18.154229,DEBIT,434.51,HIGH,0.82
2026-01-29T14:08:18.400764,CASH_IN,5328.37,MEDIUM,0.8
2026-01-29T14:08:19.283135,CASH_IN,3734.16,HIGH,0.81
2026-01-29T14:08:20.505148,CASH_OUT,273.46,MEDIUM,0.68
2026-01-29T14:08:20.738841,PAYMENT,3853.69,MEDIUM,0.6
2026-01-29T14:08:21.551228,DEBIT,4115.92,LOW,0.03
2026-01-29T14:08:22.851094,CASH_OUT,7627.38,HIGH,0.85
2026-01-29T14:08:23.041293,CASH_IN,887.33,MEDIUM,0.65
2026-01-29T14:08:23.821069,DEBIT,5949.18,MEDIUM,0.73
2026-01-29T14:08:25.135833,CASH_IN,3539.88,MEDIUM,0.8
2026-01-29T14:08:25.299535,DEBIT,118.23,LOW,0.02
2026-01-29T14:08:26.052171,CASH_IN,8868.28,MEDIUM,0.76
2026-01-29T14:08:27.456337,CASH_IN,3308.15,LOW,0.03
2026-01-29T14:08:27.620181,PAYMENT,3944.8,LOW,0.0
2026-01-29T14:08:28.317874,CASH_IN,8655.68,MEDIUM,0.69
2026-01-29T14:08:29.718159,TRANSFER,1461.12,MEDIUM,0.71
2026-01-29T14:08:29.889080,CASH_IN,3854.02,MEDIUM,0.69
2026-01-29T14:08:30.610546,PAYMENT,1134.55,LOW,0.0
2026-01-29T14:08:31.967963,TRANSFER,1324.88,MEDIUM,0.78
2026-01-29T14:08:32.138476,PAYMENT,9452.89,LOW,0.0
2026-01-29T14:08:32.955624,DEBIT,8330.38,HIGH,0.84
2026-01-29T14:08:34.277621,CASH_IN,7251.39,MEDIUM,0.8
2026-01-29T14:08:34.467902,CASH_IN,981.24,LOW,0.02
2026-01-29T14:08:35.242218,CASH_OUT,1608.73,MEDIUM,0.69
2026-01-29T14:08:36.558674,PAYMENT,6352.62,MEDIUM,0.71
2026-01-29T14:08:36.854416,CASH_OUT,4085.01,MEDIUM,0.7
2026-01-29T14:08:37.535890,CASH_OUT,3755.62,MEDIUM,0.75
2026-01-29T14:08:38.910416,CASH_OUT,193.2,HIGH,0.84
2026-01-29T14:08:39.124334,DEBIT,9110.23,MEDIUM,0.71
2026-01-29T14:08:39.816643,CASH_OUT,1631.12,MEDIUM,0.77
2026-01-29T14:08:41.185375,PAYMENT,8708.69,MEDIUM,0.62
2026-01-29T14:08:41.422303,CASH_OUT,7801.4,LOW,0.03
2026-01-29T14:08:42.077786,PAYMENT,5313.01,MEDIUM,0.61
2026-01-29T14:08:43.502226,CASH_IN,8672.22,HIGH,0.81
2026-01-29T14:08:43.677646,PAYMENT,4908.44,MEDIUM,0.61
2026-01-29T14:08:44.366611,CASH_OUT,8757.36,LOW,0.02
2026-01-29T14:08:45.813964,CASH_OUT,5520.83,LOW,0.03
2026-01-29T14:08:45.953854,CASH_IN,3977.6,HIGH,0.81
2026-01-29T14:08:46.647417,CASH_IN,7159.63,MEDIUM,0.73
2026-01-29T14:08:48.073723,CASH_OUT,8569.02,MEDIUM,0.74
2026-01-29T14:08:48.233750,PAYMENT,8428.36,LOW,0.0
2026-01-29T14:08:49.021734,PAYMENT,6117.76,LOW,0.0
2026-01-29T14:08:50.458616,TRANSFER,2726.12,LOW,0.02
2026-01-29T14:08:50.627348,DEBIT,7196.18,MEDIUM,0.72
2026-01-29T14:08:51.313152,DEBIT,2603.97,MEDIUM,0.71
2026-01-29T14:08:52.860386,CASH_OUT,4211.99,HIGH,0.87
2026-01-29T14:08:52.949598,CASH_IN,1615.49,HIGH,0.81
2026-01-29T14:08:53.600513,DEBIT,9111.09,MEDIUM,0.66
2026-01-29T14:08:55.161370,TRANSFER,7070.62,MEDIUM,0.68
2026-01-29T14:08:55.312002,CASH_IN,7232.05,MEDIUM,0.73
2026-01-29T14:08:55.877566,CASH_IN,2782.86,HIGH,0.81
2026-01-29T14:08:57.435119,PAYMENT,9688.71,MEDIUM,0.62
2026-01-29T14:08:57.543428,TRANSFER,9082.83,MEDIUM,0.68
2026-01-29T14:08:58.145161,TRANSFER,1230.34,MEDIUM,0.65
2026-01-29T14:08:59.663750,TRANSFER,5831.4,MEDIUM,0.79
2026-01-29T14:08:59.745754,PAYMENT,6593.22,MEDIUM,0.54
2026-01-29T14:09:00.413569,TRANSFER,6698.81,LOW,0.0
2026-01-29T14:09:01.904125,CASH_OUT,9192.82,LOW,0.02
2026-01-29T14:09:01.979989,CASH_OUT,9206.5,MEDIUM,0.74
2026-01-29T14:09:02.682891,DEBIT,3448.29,HIGH,0.84
2026-01-29T14:09:04.253909,CASH_IN,4832.53,MEDIUM,0.73
2026-01-29T14:09:04.307581,DEBIT,9162.96,LOW,0.0
2026-01-29T14:09:04.928341,DEBIT,2446.66,LOW,0.0
2026-01-29T14:09:06.510140,PAYMENT,6770.25,LOW,0.0
2026-01-29T14:09:06.539427,PAYMENT,2305.06,MEDIUM,0.6
2026-01-29T14:09:07.161331,CASH_IN,2769.68,LOW,0.01
2026-01-29T14:09:08.780108,DEBIT,3635.48,HIGH,0.84
2026-01-29T14:09:08.806905,TRANSFER,3648.78,MEDIUM,0.79
2026-01-29T14:09:09.441884,PAYMENT,5560.21,LOW,0.0
2026-01-29T14:09:11.043415,DEBIT,2375.46,HIGH,0.83
2026-01-29T14:09:11.087105,CASH_IN,8610.92,LOW,0.0
2026-01-29T14:09:11.703652,CASH_IN,3501.85,MEDIUM,0.7
2026-01-29T14:09:13.370860,DEBIT,3394.64,MEDIUM,0.73
2026-01-29T14:09:13.421883,CASH_OUT,2528.22,LOW,0.05
2026-01-29T14:09:13.984167,TRANSFER,3623.84,HIGH,0.82
2026-01-29T14:09:15.664357,PAYMENT,1048.75,MEDIUM,0.59
2026-01-29T14:09:15.704715,DEBIT,6901.03,MEDIUM,0.8
2026-01-29T14:09:16.309123,TRANSFER,9720.12,LOW,0.01
2026-01-29T14:09:17.978511,TRANSFER,5795.57,MEDIUM,0.72
2026-01-29T14:09:18.082215,CASH_IN,783.16,MEDIUM,0.73
2026-01-29T14:09:18.664415,TRANSFER,2865.66,MEDIUM,0.78
2026-01-29T14:09:20.305311,CASH_IN,3381.87,LOW,0.0
2026-01-29T14:09:20.355956,TRANSFER,6179.83,LOW,0.01
2026-01-29T14:09:21.031168,DEBIT,9371.3,MEDIUM,0.71
2026-01-29T14:09:22.662371,CASH_IN,2546.78,MEDIUM,0.6
2026-01-29T14:09:22.717112,CASH_OUT,6806.47,LOW,0.0
2026-01-29T14:09:23.431770,CASH_OUT,4863.47,MEDIUM,0.79
2026-01-29T14:09:24.952808,CASH_IN,7394.57,MEDIUM,0.66
2026-01-29T14:09:24.979168,TRANSFER,517.13,MEDIUM,0.77
2026-01-29T14:09:25.702274,CASH_IN,8915.18,HIGH,0.81
2026-01-29T14:09:27.273927,TRANSFER,9630.82,MEDIUM,0.78
2026-01-29T14:09:27.303379,CASH_IN,9098.06,MEDIUM,0.69
2026-01-29T14:09:27.995360,DEBIT,4750.7,LOW,0.0
2026-01-29T14:09:29.532674,TRANSFER,1329.1,LOW,0.05
2026-01-29T14:09:29.616326,DEBIT,9030.12,HIGH,0.84
2026-01-29T14:09:30.286598,TRANSFER,9497.55,HIGH,0.9
2026-01-29T14:09:31.827810,PAYMENT,147.07,LOW,0.0
2026-01-29T14:09:31.855131,DEBIT,9239.84,LOW,0.0
2026-01-29T14:09:32.580603,PAYMENT,3166.04,MEDIUM,0.67
2026-01-29T14:09:34.060414,PAYMENT,318.74,MEDIUM,0.59
2026-01-29T14:09:34.141876,CASH_OUT,1465.7,LOW,0.08
2026-01-29T14:09:34.875111,PAYMENT,6195.66,MEDIUM,0.59
2026-01-29T14:09:36.407793,CASH_OUT,8291.84,LOW,0.01
2026-01-29T14:09:36.507503,CASH_OUT,4723.84,MEDIUM,0.68
2026-01-29T14:09:37.178766,PAYMENT,8385.14,MEDIUM,0.67
2026-01-29T14:09:38.690649,DEBIT,5113.48,LOW,0.0
2026-01-29T14:09:38.787867,TRANSFER,7490.69,LOW,0.08
2026-01-29T14:09:39.470857,CASH_IN,7294.71,MEDIUM,0.76
2026-01-29T14:09:40.959223,CASH_OUT,994.39,MEDIUM,0.78
2026-01-29T14:09:41.107530,CASH_IN,3845.08,LOW,0.0
2026-01-29T14:09:41.770053,PAYMENT,9869.36,MEDIUM,0.7
2026-01-29T14:09:43.261580,PAYMENT,3168.84,LOW,0.0
2026-01-29T14:09:43.397922,PAYMENT,4997.55,MEDIUM,0.58
2026-01-29T14:09:44.067834,DEBIT,6901.11,LOW,0.0
2026-01-29T14:09:45.542811,DEBIT,764.56,LOW,0.0
2026-01-29T14:09:45.664494,TRANSFER,2834.38,HIGH,0.83
2026-01-29T14:09:46.342618,TRANSFER,4777.72,HIGH,0.84
2026-01-29T14:09:47.780600,CASH_OUT,6626.59,MEDIUM,0.72
2026-01-29T14:09:48.027044,TRANSFER,8693.8,LOW,0.02
2026-01-29T14:09:48.608935,PAYMENT,8363.35,MEDIUM,0.59
2026-01-29T14:09:50.102536,CASH_IN,4174.73,MEDIUM,0.79
2026-01-29T14:09:50.343255,DEBIT,5454.96,HIGH,0.84
2026-01-29T14:09:50.845439,CASH_IN,7782.59,MEDIUM,0.69
2026-01-29T14:09:52.450976,TRANSFER,7589.48,MEDIUM,0.73
2026-01-29T14:09:52.660287,TRANSFER,5259.44,LOW,0.09
2026-01-29T14:09:53.108513,DEBIT,4658.43,MEDIUM,0.73
2026-01-29T14:09:54.775886,CASH_OUT,2031.39,MEDIUM,0.72
2026-01-29T14:09:54.893952,CASH_IN,205.2,MEDIUM,0.8
2026-01-29T14:09:55.426545,CASH_OUT,6732.45,MEDIUM,0.77
2026-01-29T14:09:57.052884,DEBIT,1858.08,MEDIUM,0.7
2026-01-29T14:09:57.183102,TRANSFER,7673.63,HIGH,0.9
2026-01-29T14:09:57.695420,TRANSFER,8607.98,LOW,0.0
2026-01-29T14:09:59.347449,CASH_OUT,4678.57,HIGH,0.82
2026-01-29T14:09:59.493255,CASH_OUT,4209.7,LOW,0.01
2026-01-29T14:09:59.945848,DEBIT,9724.92,LOW,0.0
2026-01-29T14:10:01.524473,PAYMENT,2956.05,MEDIUM,0.6
2026-01-29T14:10:01.752736,CASH_OUT,8081.98,MEDIUM,0.67
2026-01-29T14:10:02.168073,CASH_IN,3304.68,MEDIUM,0.8
2026-01-29T14:10:03.898529,DEBIT,1273.57,LOW,0.0
2026-01-29T14:10:04.057587,TRANSFER,2801.34,MEDIUM,0.79
2026-01-29T14:10:04.419300,PAYMENT,4299.13,MEDIUM,0.61
2026-01-29T14:10:06.257201,CASH_OUT,367.65,MEDIUM,0.76
2026-01-29T14:10:06.299111,PAYMENT,8276.76,MEDIUM,0.61
2026-01-29T14:10:06.704510,PAYMENT,9990.46,MEDIUM,0.67
2026-01-29T14:10:08.546270,PAYMENT,6271.53,MEDIUM,0.62
2026-01-29T14:10:08.573601,CASH_OUT,7454.36,MEDIUM,0.69
2026-01-29T14:10:09.002786,DEBIT,5982.45,LOW,0.0
2026-01-29T14:10:10.863335,CASH_IN,7471.52,MEDIUM,0.67
2026-01-29T14:10:10.984584,PAYMENT,8034.66,MEDIUM,0.67
2026-01-29T14:10:11.347727,TRANSFER,2502.12,HIGH,0.87
2026-01-29T14:10:13.197754,CASH_OUT,3388.69,MEDIUM,0.68
2026-01-29T14:10:13.391032,DEBIT,1215.51,MEDIUM,0.8
2026-01-29T14:10:13.638212,DEBIT,7045.24,MEDIUM,0.71
2026-01-29T14:10:15.536297,PAYMENT,5703.46,MEDIUM,0.54
2026-01-29T14:10:15.772536,TRANSFER,9993.38,MEDIUM,0.73
2026-01-29T14:10:15.964968,DEBIT,3012.38,MEDIUM,0.7
2026-01-29T14:10:17.841192,DEBIT,5978.34,MEDIUM,0.74
2026-01-29T14:10:18.074543,PAYMENT,4925.96,MEDIUM,0.68
2026-01-29T14:10:18.297785,PAYMENT,1569.69,MEDIUM,0.71
2026-01-29T14:10:20.195934,PAYMENT,4607.57,MEDIUM,0.62
2026-01-29T14:10:20.508045,DEBIT,8764.37,MEDIUM,0.73
2026-01-29T14:10:20.702150,TRANSFER,4214.68,LOW,0.05
2026-01-29T14:10:22.575618,PAYMENT,3853.3,MEDIUM,0.61
2026-01-29T14:10:22.814896,CASH_OUT,1657.97,MEDIUM,0.78
2026-01-29T14:10:23.056821,PAYMENT,6725.48,MEDIUM,0.7
2026-01-29T14:10:24.922570,CASH_IN,4508.9,LOW,0.0
2026-01-29T14:10:25.177675,TRANSFER,3600.59,MEDIUM,0.74
2026-01-29T14:10:25.394999,TRANSFER,3928.29,HIGH,0.83
2026-01-29T14:10:27.279371,PAYMENT,2285.1,MEDIUM,0.7
2026-01-29T14:10:27.525972,TRANSFER,3217.59,HIGH,0.82
2026-01-29T14:10:27.735218,CASH_IN,8141.73,MEDIUM,0.62
2026-01-29T14:10:29.678836,CASH_IN,9964.25,LOW,0.0
2026-01-29T14:10:29.963836,PAYMENT,6535.68,MEDIUM,0.54
2026-01-29T14:10:30.114135,CASH_IN,3722.67,LOW,0.04
2026-01-29T14:10:32.032941,DEBIT,9591.81,LOW,0.0
2026-01-29T14:10:32.375829,TRANSFER,180.02,MEDIUM,0.78
2026-01-29T14:10:32.532183,DEBIT,3783.67,LOW,0.04
2026-01-29T14:10:34.381646,PAYMENT,7233.83,MEDIUM,0.58
2026-01-29T14:10:34.629791,PAYMENT,1523.97,MEDIUM,0.68
2026-01-29T14:10:34.872366,TRANSFER,7666.9,MEDIUM,0.74
2026-01-29T14:10:36.652780,CASH_OUT,1106.06,MEDIUM,0.76
2026-01-29T14:10:36.972545,CASH_OUT,8644.38,LOW,0.04
2026-01-29T14:10:37.197513,DEBIT,7251.74,HIGH,0.83
2026-01-29T14:10:38.964473,PAYMENT,4641.38,MEDIUM,0.61
2026-01-29T14:10:39.322598,PAYMENT,4905.02,MEDIUM,0.7
2026-01-29T14:10:39.553551,DEBIT,5279.58,MEDIUM,0.73
2026-01-29T14:10:41.343509,PAYMENT,9016.02,LOW,0.0
2026-01-29T14:10:41.601434,CASH_IN,2755.03,LOW,0.0
2026-01-29T14:10:41.858112,CASH_OUT,4182.38,MEDIUM,0.76
2026-01-29T14:10:43.666504,CASH_IN,5927.02,MEDIUM,0.69
2026-01-29T14:10:43.937691,CASH_OUT,4013.01,LOW,0.02
2026-01-29T14:10:44.183193,CASH_OUT,1990.64,LOW,0.06
2026-01-29T14:10:46.021415,CASH_OUT,2138.61,HIGH,0.86
2026-01-29T14:10:46.260655,PAYMENT,8360.78,MEDIUM,0.7
2026-01-29T14:10:46.504852,TRANSFER,5515.14,LOW,0.01
2026-01-29T14:10:48.378629,DEBIT,8349.11,LOW,0.0
2026-01-29T14:10:48.629160,PAYMENT,9464.62,MEDIUM,0.58
2026-01-29T14:10:48.872345,DEBIT,9250.15,LOW,0.0
2026-01-29T14:10:50.688767,CASH_IN,1394.84,LOW,0.01
2026-01-29T14:10:50.924413,CASH_OUT,7111.9,LOW,0.02
2026-01-29T14:10:51.177593,CASH_OUT,629.44,MEDIUM,0.76
2026-01-29T14:10:52.986434,TRANSFER,6954.97,LOW,0.02
2026-01-29T14:10:53.256242,DEBIT,791.82,LOW,0.02
2026-01-29T14:10:53.486566,TRANSFER,5543.77,MEDIUM,0.74
2026-01-29T14:10:55.322556,PAYMENT,9451.77,MEDIUM,0.62
2026-01-29T14:10:55.564247,TRANSFER,2649.3,MEDIUM,0.79
2026-01-29T14:10:55.853297,CASH_OUT,3990.14,MEDIUM,0.72
2026-01-29T14:10:57.692621,DEBIT,5751.1,LOW,0.02
2026-01-29T14:10:57.975431,DEBIT,8732.23,HIGH,0.84
2026-01-29T14:10:58.194921,PAYMENT,2258.02,MEDIUM,0.62
2026-01-29T14:11:00.079495,DEBIT,2730.42,LOW,0.0
2026-01-29T14:11:00.412380,PAYMENT,739.01,MEDIUM,0.6
2026-01-29T14:11:00.589369,TRANSFER,6670.79,LOW,0.05
2026-01-29T14:11:02.469253,CASH_IN,61.81,HIGH,0.81
2026-01-29T14:11:02.716362,DEBIT,4971.74,LOW,0.03
2026-01-29T14:11:02.908468,DEBIT,555.14,MEDIUM,0.72
2026-01-29T14:11:04.809153,PAYMENT,76.39,MEDIUM,0.67
2026-01-29T14:11:05.042655,PAYMENT,3538.48,LOW,0.0
2026-01-29T14:11:05.240340,PAYMENT,8261.6,MEDIUM,0.67
2026-01-29T14:11:07.142309,PAYMENT,5540.54,MEDIUM,0.71
2026-01-29T14:11:07.450063,PAYMENT,7733.38,MEDIUM,0.58
2026-01-29T14:11:07.603025,TRANSFER,2783.04,MEDIUM,0.68
2026-01-29T14:11:09.516640,CASH_IN,2354.26,LOW,0.0
2026-01-29T14:11:09.881922,CASH_IN,1405.01,LOW,0.0
2026-01-29T14:11:09.967435,PAYMENT,9485.86,LOW,0.0
2026-01-29T14:11:11.922638,DEBIT,9322.77,MEDIUM,0.7
2026-01-29T14:11:12.295946,CASH_IN,9036.65,LOW,0.0
2026-01-29T14:11:12.402486,DEBIT,790.11,MEDIUM,0.68
2026-01-29T14:11:14.292988,CASH_IN,4744.25,LOW,0.01
2026-01-29T14:11:14.635422,PAYMENT,722.84,LOW,0.0
2026-01-29T14:11:14.789287,CASH_IN,2876.19,MEDIUM,0.67
2026-01-29T14:11:16.592889,CASH_IN,2829.25,MEDIUM,0.65
2026-01-29T14:11:17.048671,PAYMENT,9555.06,LOW,0.0
2026-01-29T14:11:17.159796,CASH_IN,3324.28,LOW,0.0
2026-01-29T14:11:18.850234,TRANSFER,2834.78,MEDIUM,0.79
2026-01-29T14:11:19.422938,CASH_IN,5549.22,HIGH,0.81
2026-01-29T14:11:19.473388,PAYMENT,3929.16,MEDIUM,0.62
2026-01-29T14:11:21.126660,PAYMENT,3250.72,MEDIUM,0.61
2026-01-29T14:11:21.873866,CASH_IN,6374.16,LOW,0.0
2026-01-29T14:11:21.931169,CASH_OUT,1331.92,MEDIUM,0.65
2026-01-29T14:11:23.411889,CASH_IN,8918.15,LOW,0.0
2026-01-29T14:11:24.293384,DEBIT,7328.39,MEDIUM,0.7
2026-01-29T14:11:24.426176,CASH_OUT,4677.36,LOW,0.01
2026-01-29T14:11:25.668336,TRANSFER,8930.52,MEDIUM,0.73
2026-01-29T14:11:26.712889,CASH_OUT,453.96,LOW,0.02
2026-01-29T14:11:26.767121,DEBIT,6023.64,MEDIUM,0.72
2026-01-29T14:11:27.911242,DEBIT,9514.61,MEDIUM,0.71
2026-01-29T14:11:29.095710,CASH_IN,3688.1,LOW,0.0
2026-01-29T14:11:29.151393,TRANSFER,217.08,MEDIUM,0.7
2026-01-29T14:11:30.246709,CASH_OUT,2890.53,HIGH,0.86
2026-01-29T14:11:31.500090,TRANSFER,6208.53,MEDIUM,0.79
2026-01-29T14:11:31.556200,CASH_OUT,9870.2,MEDIUM,0.72
2026-01-29T14:11:32.491017,CASH_IN,9955.24,MEDIUM,0.67
2026-01-29T14:11:33.879360,DEBIT,4696.0,LOW,0.0
2026-01-29T14:11:34.012657,CASH_IN,7744.92,LOW,0.0
2026-01-29T14:11:34.736899,TRANSFER,6678.64,MEDIUM,0.79
2026-01-29T14:11:36.204883,TRANSFER,4826.32,LOW,0.01
2026-01-29T14:11:36.390283,CASH_OUT,6964.06,HIGH,0.81
2026-01-29T14:11:37.031538,DEBIT,751.0,MEDIUM,0.77
2026-01-29T14:11:38.450925,DEBIT,2938.84,MEDIUM,0.66
2026-01-29T14:11:38.704843,CASH_IN,5753.82,MEDIUM,0.69
2026-01-29T14:11:39.296374,CASH_IN,8038.01,HIGH,0.81
2026-01-29T14:11:40.897724,CASH_IN,2601.69,LOW,0.0
2026-01-29T14:11:41.099914,DEBIT,1619.48,MEDIUM,0.8
2026-01-29T14:11:41.635609,DEBIT,4016.45,LOW,0.04
2026-01-29T14:11:43.379239,PAYMENT,654.94,MEDIUM,0.54
2026-01-29T14:11:43.507626,CASH_IN,4072.52,MEDIUM,0.75
2026-01-29T14:11:43.908213,CASH_IN,4301.49,HIGH,0.81
2026-01-29T14:11:45.904817,DEBIT,2588.02,LOW,0.0
2026-01-29T14:11:46.033321,CASH_OUT,2897.71,MEDIUM,0.78
2026-01-29T14:11:46.247482,CASH_OUT,7412.06,HIGH,0.83
2026-01-29T14:11:48.458881,CASH_OUT,1945.9,HIGH,0.88
2026-01-29T14:11:48.626212,PAYMENT,4510.48,MEDIUM,0.58
2026-01-29T14:11:48.689987,TRANSFER,6799.94,HIGH,0.84
2026-01-29T14:11:50.996181,TRANSFER,501.56,MEDIUM,0.73
2026-01-29T14:11:51.162476,CASH_OUT,193.24,MEDIUM,0.69
2026-01-29T14:11:51.268290,PAYMENT,9566.57,LOW,0.0
2026-01-29T14:11:53.533043,DEBIT,4678.42,MEDIUM,0.73
2026-01-29T14:11:53.689150,CASH_IN,8531.7,MEDIUM,0.72
2026-01-29T14:11:53.744924,DEBIT,8312.61,MEDIUM,0.72
2026-01-29T14:11:56.178695,DEBIT,2608.01,LOW,0.0
2026-01-29T14:11:56.237204,DEBIT,4493.15,MEDIUM,0.77
2026-01-29T14:11:56.361341,PAYMENT,8458.99,MEDIUM,0.62
2026-01-29T14:11:58.738293,CASH_IN,5128.12,MEDIUM,0.69
2026-01-29T14:11:58.792734,TRANSFER,4829.91,LOW,0.07
2026-01-29T14:11:58.942842,CASH_IN,1496.31,MEDIUM,0.8
2026-01-29T14:12:01.238604,CASH_OUT,4397.54,HIGH,0.87
2026-01-29T14:12:01.296138,PAYMENT,6324.18,MEDIUM,0.61
2026-01-29T14:12:01.430500,CASH_OUT,9373.35,LOW,0.01
2026-01-29T14:12:03.840575,CASH_OUT,9192.78,LOW,0.01
2026-01-29T14:12:03.906316,CASH_OUT,5849.61,LOW,0.01
2026-01-29T14:12:03.979118,CASH_OUT,2955.59,MEDIUM,0.76
2026-01-29T14:12:06.509985,CASH_OUT,1140.05,LOW,0.2
2026-01-29T14:12:06.574908,CASH_IN,2010.09,MEDIUM,0.77
2026-01-29T14:12:06.626719,DEBIT,9511.67,HIGH,0.84
2026-01-29T14:12:09.199184,TRANSFER,9375.32,LOW,0.0
2026-01-29T14:12:09.253837,CASH_OUT,2391.01,LOW,0.0
2026-01-29T14:12:09.312547,CASH_IN,8214.72,MEDIUM,0.73
2026-01-29T14:12:11.760405,CASH_IN,7209.25,MEDIUM,0.69
2026-01-29T14:12:11.816723,DEBIT,9839.73,HIGH,0.84
2026-01-29T14:12:11.873018,PAYMENT,4798.78,LOW,0.0
2026-01-29T14:12:14.324413,CASH_IN,1968.32,LOW,0.0
2026-01-29T14:12:14.379295,TRANSFER,4022.33,LOW,0.02
2026-01-29T14:12:14.502419,TRANSFER,2229.41,MEDIUM,0.67
2026-01-29T14:12:16.848973,PAYMENT,2128.7,MEDIUM,0.54
2026-01-29T14:12:16.913010,TRANSFER,8096.45,MEDIUM,0.78
2026-01-29T14:12:16.967867,DEBIT,708.38,MEDIUM,0.76
2026-01-29T14:12:19.340774,TRANSFER,3246.27,LOW,0.0
2026-01-29T14:12:19.407085,CASH_OUT,8864.76,HIGH,0.87
2026-01-29T14:12:19.479853,CASH_IN,889.75,MEDIUM,0.62
2026-01-29T14:12:21.876096,CASH_OUT,8296.92,MEDIUM,0.72
2026-01-29T14:12:21.931813,TRANSFER,5584.31,MEDIUM,0.78
2026-01-29T14:12:22.069188,TRANSFER,180.16,LOW,0.04
2026-01-29T14:12:24.532050,CASH_OUT,6190.64,MEDIUM,0.8
2026-01-29T14:12:24.587562,CASH_OUT,8747.62,LOW,0.01
2026-01-29T14:12:24.674593,PAYMENT,290.96,MEDIUM,0.67
2026-01-29T14:12:27.250867,DEBIT,3895.88,MEDIUM,0.73
2026-01-29T14:12:27.313816,CASH_IN,2553.36,HIGH,0.81
2026-01-29T14:12:27.367447,CASH_IN,2779.82,MEDIUM,0.68
2026-01-29T14:12:29.775941,DEBIT,9821.14,MEDIUM,0.7
2026-01-29T14:12:29.830344,TRANSFER,2034.87,MEDIUM,0.78
2026-01-29T14:12:29.887365,CASH_IN,9669.33,MEDIUM,0.66
2026-01-29T14:12:32.322965,CASH_IN,6288.41,MEDIUM,0.77
2026-01-29T14:12:32.382133,CASH_IN,3797.68,MEDIUM,0.69
2026-01-29T14:12:32.434085,TRANSFER,4710.42,LOW,0.01
2026-01-29T14:12:34.825178,CASH_OUT,1804.4,LOW,0.21
2026-01-29T14:12:34.891349,DEBIT,5436.1,LOW,0.03
2026-01-29T14:12:34.974783,DEBIT,2588.74,LOW,0.03
2026-01-29T14:12:37.412141,CASH_IN,9296.44,LOW,0.0
2026-01-29T14:12:37.507086,DEBIT,8172.11,MEDIUM,0.7
2026-01-29T14:12:37.563429,CASH_IN,2256.67,LOW,0.0
2026-01-29T14:12:39.988024,CASH_OUT,7580.48,MEDIUM,0.73
2026-01-29T14:12:40.125204,PAYMENT,4890.41,LOW,0.0
2026-01-29T14:12:40.182807,CASH_OUT,1429.26,MEDIUM,0.72
2026-01-29T14:12:42.689931,TRANSFER,5942.59,MEDIUM,0.78
2026-01-29T14:12:42.749003,PAYMENT,4757.31,LOW,0.01
2026-01-29T14:12:42.841434,PAYMENT,5442.2,MEDIUM,0.58
2026-01-29T14:12:45.287353,PAYMENT,8125.87,LOW,0.0
2026-01-29T14:12:45.392464,CASH_IN,6150.55,MEDIUM,0.75
2026-01-29T14:12:45.439922,CASH_IN,4990.12,MEDIUM,0.67
2026-01-29T14:12:47.602041,CASH_IN,1241.24,MEDIUM,0.75
2026-01-29T14:12:47.910472,DEBIT,8184.92,LOW,0.0
2026-01-29T14:12:48.006498,CASH_OUT,5344.96,HIGH,0.86
2026-01-29T14:12:49.971654,CASH_OUT,5033.92,HIGH,0.87
2026-01-29T14:12:50.273247,CASH_OUT,6036.1,LOW,0.15
2026-01-29T14:12:50.480974,PAYMENT,743.12,MEDIUM,0.66
2026-01-29T14:12:52.342736,PAYMENT,517.8,MEDIUM,0.54
2026-01-29T14:12:52.720257,DEBIT,8381.03,MEDIUM,0.72
2026-01-29T14:12:52.884572,TRANSFER,6024.07,MEDIUM,0.74
2026-01-29T14:12:54.689631,TRANSFER,8208.61,MEDIUM,0.75
2026-01-29T14:12:55.157708,CASH_OUT,6459.96,HIGH,0.86
2026-01-29T14:12:55.299589,TRANSFER,5319.95,HIGH,0.82
2026-01-29T14:12:57.310849,CASH_OUT,1353.48,HIGH,0.82
2026-01-29T14:12:57.718517,DEBIT,5202.14,MEDIUM,0.74
2026-01-29T14:12:57.770933,DEBIT,6750.2,HIGH,0.84
2026-01-29T14:12:59.858247,CASH_IN,9466.99,MEDIUM,0.79
2026-01-29T14:13:00.194982,PAYMENT,291.23,MEDIUM,0.63
2026-01-29T14:13:00.251626,CASH_OUT,3525.41,HIGH,0.85
2026-01-29T14:13:02.304085,CASH_IN,5096.29,MEDIUM,0.68
2026-01-29T14:13:02.750008,TRANSFER,2095.93,HIGH,0.9
2026-01-29T14:13:02.802752,CASH_IN,1009.73,MEDIUM,0.67
2026-01-29T14:13:04.932832,CASH_OUT,3522.9,HIGH,0.83
2026-01-29T14:13:05.246255,TRANSFER,2405.28,LOW,0.1
2026-01-29T14:13:05.301060,CASH_IN,4102.36,MEDIUM,0.66
2026-01-29T14:13:07.448593,DEBIT,3873.46,LOW,0.0
2026-01-29T14:13:07.753671,CASH_OUT,5050.38,MEDIUM,0.68
2026-01-29T14:13:07.905718,PAYMENT,4670.59,MEDIUM,0.62
2026-01-29T14:13:09.939883,DEBIT,9287.41,LOW,0.0
2026-01-29T14:13:10.409394,CASH_OUT,857.53,HIGH,0.82
2026-01-29T14:13:10.468503,DEBIT,1038.52,MEDIUM,0.73
2026-01-29T14:13:12.764480,CASH_IN,556.82,LOW,0.04
2026-01-29T14:13:12.959221,DEBIT,6487.23,MEDIUM,0.74
2026-01-29T14:13:13.013053,CASH_OUT,493.21,MEDIUM,0.76
2026-01-29T14:13:15.089926,CASH_OUT,3909.08,MEDIUM,0.74
2026-01-29T14:13:15.544883,DEBIT,374.62,MEDIUM,0.7
2026-01-29T14:13:15.608321,DEBIT,497.96,LOW,0.03
2026-01-29T14:13:17.648321,CASH_IN,3160.88,MEDIUM,0.7
2026-01-29T14:13:17.963345,CASH_IN,4853.38,MEDIUM,0.79
2026-01-29T14:13:18.026018,PAYMENT,9972.29,LOW,0.0
2026-01-29T14:13:20.070727,PAYMENT,1311.67,LOW,0.0
2026-01-29T14:13:20.380140,PAYMENT,9244.35,LOW,0.0
2026-01-29T14:13:20.432204,PAYMENT,4851.97,MEDIUM,0.54
2026-01-29T14:13:22.434418,PAYMENT,2303.22,MEDIUM,0.61
2026-01-29T14:13:22.797818,DEBIT,141.87,LOW,0.02
2026-01-29T14:13:22.852006,TRANSFER,4214.63,LOW,0.0
2026-01-29T14:13:24.689275,CASH_OUT,1641.1,MEDIUM,0.75
2026-01-29T14:13:25.313956,CASH_OUT,1988.43,MEDIUM,0.72
2026-01-29T14:13:25.386595,CASH_IN,3525.3,LOW,0.0
2026-01-29T14:13:26.965642,PAYMENT,6076.52,LOW,0.0
2026-01-29T14:13:27.814254,DEBIT,2116.23,MEDIUM,0.66
2026-01-29T14:13:27.877506,TRANSFER,3715.16,MEDIUM,0.68
2026-01-29T14:13:29.265183,TRANSFER,5965.88,MEDIUM,0.79
2026-01-29T14:13:30.327195,CASH_IN,9007.71,MEDIUM,0.79
2026-01-29T14:13:30.380244,TRANSFER,2475.82,MEDIUM,0.74
2026-01-29T14:13:31.563012,CASH_IN,9493.13,MEDIUM,0.68
2026-01-29T14:13:32.709992,DEBIT,4886.68,LOW,0.04
2026-01-29T14:13:32.782745,TRANSFER,765.69,MEDIUM,0.71
2026-01-29T14:13:33.812503,CASH_IN,8918.3,LOW,0.01
2026-01-29T14:13:35.094978,CASH_IN,6518.16,LOW,0.05
2026-01-29T14:13:35.151931,DEBIT,1962.68,LOW,0.03
2026-01-29T14:13:36.067328,PAYMENT,6214.88,MEDIUM,0.59
2026-01-29T14:13:37.632660,CASH_OUT,1527.17,HIGH,0.81
2026-01-29T14:13:37.695279,PAYMENT,3200.07,MEDIUM,0.62
2026-01-29T14:13:38.312412,PAYMENT,7265.45,MEDIUM,0.71
2026-01-29T14:13:40.049625,CASH_OUT,4027.49,MEDIUM,0.72
2026-01-29T14:13:40.107031,CASH_IN,5175.38,MEDIUM,0.67
2026-01-29T14:13:40.577303,PAYMENT,9564.98,MEDIUM,0.71
2026-01-29T14:13:42.551054,TRANSFER,4806.59,HIGH,0.86
2026-01-29T14:13:42.658877,PAYMENT,9967.4,MEDIUM,0.6
2026-01-29T14:13:42.882482,CASH_OUT,8990.33,MEDIUM,0.7
2026-01-29T14:13:45.093862,DEBIT,770.36,MEDIUM,0.72
2026-01-29T14:13:45.188643,DEBIT,3477.47,MEDIUM,0.66
2026-01-29T14:13:45.290168,CASH_OUT,6950.05,MEDIUM,0.72
2026-01-29T14:13:47.595082,CASH_OUT,8064.58,MEDIUM,0.75
2026-01-29T14:13:47.650831,CASH_OUT,8722.6,MEDIUM,0.75
2026-01-29T14:13:47.710621,TRANSFER,3053.61,LOW,0.07
2026-01-29T14:13:50.178666,PAYMENT,5800.76,MEDIUM,0.59
2026-01-29T14:13:50.247062,CASH_OUT,2407.27,MEDIUM,0.69
2026-01-29T14:13:50.321601,DEBIT,2085.58,MEDIUM,0.74
2026-01-29T14:13:52.691375,DEBIT,1672.12,LOW,0.0
2026-01-29T14:13:52.753778,PAYMENT,9214.12,MEDIUM,0.61
2026-01-29T14:13:52.808255,CASH_IN,1976.48,MEDIUM,0.75
2026-01-29T14:13:55.411519,CASH_OUT,5909.86,HIGH,0.86
2026-01-29T14:13:55.468550,TRANSFER,5607.36,MEDIUM,0.74
2026-01-29T14:13:55.540477,CASH_OUT,1711.28,HIGH,0.86
2026-01-29T14:13:57.982808,CASH_IN,2449.68,LOW,0.0
2026-01-29T14:13:58.040433,TRANSFER,428.95,MEDIUM,0.79
2026-01-29T14:13:58.098556,PAYMENT,9517.44,MEDIUM,0.71
2026-01-29T14:14:00.571290,DEBIT,7501.67,LOW,0.0
2026-01-29T14:14:00.646788,TRANSFER,7223.35,LOW,0.01
2026-01-29T14:14:00.703556,CASH_OUT,4869.22,HIGH,0.85
2026-01-29T14:14:03.178628,CASH_OUT,1344.46,HIGH,0.83
2026-01-29T14:14:03.234925,CASH_IN,8949.63,MEDIUM,0.69
2026-01-29T14:14:03.286271,DEBIT,9093.63,MEDIUM,0.73
2026-01-29T14:14:05.631103,DEBIT,3501.87,MEDIUM,0.76
2026-01-29T14:14:05.693659,DEBIT,5995.31,MEDIUM,0.73
2026-01-29T14:14:05.744858,CASH_OUT,2971.18,MEDIUM,0.7
2026-01-29T14:14:08.125040,CASH_IN,9156.56,MEDIUM,0.66
2026-01-29T14:14:08.277976,TRANSFER,2260.19,LOW,0.01
2026-01-29T14:14:08.336369,TRANSFER,2152.11,MEDIUM,0.73
2026-01-29T14:14:10.827592,CASH_OUT,6658.66,HIGH,0.86
2026-01-29T14:14:10.889278,PAYMENT,2465.15,MEDIUM,0.61
2026-01-29T14:14:10.947151,CASH_OUT,8696.88,MEDIUM,0.7
2026-01-29T14:14:13.472349,DEBIT,4453.88,MEDIUM,0.66
2026-01-29T14:14:13.533999,CASH_IN,3303.81,MEDIUM,0.66
2026-01-29T14:14:13.585267,CASH_OUT,6654.42,HIGH,0.81
2026-01-29T14:14:15.974909,CASH_OUT,2844.79,HIGH,0.82
2026-01-29T14:14:16.062629,DEBIT,5639.23,LOW,0.03
2026-01-29T14:14:16.123529,CASH_IN,2125.93,LOW,0.0
2026-01-29T14:14:18.572384,CASH_IN,9872.31,MEDIUM,0.73
2026-01-29T14:14:18.632196,TRANSFER,9846.04,HIGH,0.82
2026-01-29T14:14:18.709953,DEBIT,5703.91,MEDIUM,0.72
2026-01-29T14:14:21.057900,CASH_OUT,1907.04,MEDIUM,0.71
2026-01-29T14:14:21.116688,DEBIT,4487.98,MEDIUM,0.74
2026-01-29T14:14:21.238719,CASH_IN,9670.53,MEDIUM,0.69
2026-01-29T14:14:23.560073,PAYMENT,3799.89,MEDIUM,0.6
2026-01-29T14:14:23.623172,PAYMENT,9659.97,LOW,0.0
2026-01-29T14:14:23.699331,CASH_OUT,7144.29,MEDIUM,0.74
2026-01-29T14:14:26.207665,CASH_IN,5565.55,LOW,0.0
2026-01-29T14:14:26.262315,CASH_OUT,8539.14,MEDIUM,0.72
2026-01-29T14:14:26.314771,PAYMENT,5922.85,MEDIUM,0.66
2026-01-29T14:14:29.002054,TRANSFER,8893.75,MEDIUM,0.79
2026-01-29T14:14:29.057080,TRANSFER,8638.88,HIGH,0.9
2026-01-29T14:14:29.112662,DEBIT,9167.28,MEDIUM,0.73
2026-01-29T14:14:31.507627,CASH_OUT,8448.95,LOW,0.02
2026-01-29T14:14:31.574734,TRANSFER,1614.59,LOW,0.02
2026-01-29T14:14:31.737351,DEBIT,5751.32,HIGH,0.84
2026-01-29T14:14:33.984151,TRANSFER,7450.7,MEDIUM,0.79
2026-01-29T14:14:34.097374,TRANSFER,1364.6,LOW,0.12
2026-01-29T14:14:34.206945,PAYMENT,4712.0,LOW,0.0
2026-01-29T14:14:36.306861,CASH_IN,7792.2,LOW,0.05
2026-01-29T14:14:36.611402,TRANSFER,6340.38,LOW,0.09
2026-01-29T14:14:36.682886,PAYMENT,1660.74,LOW,0.02
2026-01-29T14:14:38.715286,CASH_OUT,3296.06,MEDIUM,0.75
2026-01-29T14:14:39.026059,TRANSFER,4179.71,HIGH,0.81
2026-01-29T14:14:39.128849,TRANSFER,4199.5,LOW,0.09
2026-01-29T14:14:41.131625,DEBIT,2570.94,LOW,0.0
2026-01-29T14:14:41.429113,PAYMENT,8656.1,MEDIUM,0.61
2026-01-29T14:14:41.531021,DEBIT,8676.38,LOW,0.03
2026-01-29T14:14:43.518510,TRANSFER,1412.35,HIGH,0.89
2026-01-29T14:14:43.827380,TRANSFER,5978.32,MEDIUM,0.69
2026-01-29T14:14:43.880331,CASH_OUT,5013.36,LOW,0.07
2026-01-29T14:14:46.026717,PAYMENT,6374.16,MEDIUM,0.54
2026-01-29T14:14:46.299728,TRANSFER,7827.47,MEDIUM,0.79
2026-01-29T14:14:46.360495,TRANSFER,244.2,HIGH,0.9
2026-01-29T14:14:48.441754,DEBIT,542.9,MEDIUM,0.71
2026-01-29T14:14:48.764234,CASH_OUT,7531.26,HIGH,0.83
2026-01-29T14:14:48.829163,DEBIT,4515.56,MEDIUM,0.7
2026-01-29T14:14:50.863697,CASH_OUT,1481.2,MEDIUM,0.76
2026-01-29T14:14:51.167262,CASH_OUT,6773.1,LOW,0.01
2026-01-29T14:14:51.231156,DEBIT,215.42,LOW,0.01
2026-01-29T14:14:53.245345,CASH_IN,8310.47,LOW,0.0
2026-01-29T14:14:53.561563,DEBIT,8841.86,LOW,0.0
2026-01-29T14:14:53.614617,CASH_OUT,6374.29,HIGH,0.82
2026-01-29T14:14:55.553173,DEBIT,7848.83,HIGH,0.82
2026-01-29T14:14:55.948159,TRANSFER,7740.99,HIGH,0.85
2026-01-29T14:14:56.011114,CASH_IN,645.98,LOW,0.0
2026-01-29T14:14:57.840204,TRANSFER,5222.09,MEDIUM,0.78
2026-01-29T14:14:58.269738,DEBIT,1423.72,MEDIUM,0.8
2026-01-29T14:14:58.394616,CASH_IN,7180.74,HIGH,0.81
2026-01-29T14:15:00.174968,TRANSFER,397.37,MEDIUM,0.78
2026-01-29T14:15:00.640193,CASH_IN,741.05,MEDIUM,0.73
2026-01-29T14:15:00.695439,PAYMENT,7266.92,MEDIUM,0.71
2026-01-29T14:15:02.544386,CASH_OUT,7427.77,MEDIUM,0.75
2026-01-29T14:15:03.061145,PAYMENT,963.2,LOW,0.0
2026-01-29T14:15:03.123902,PAYMENT,2561.08,MEDIUM,0.58
2026-01-29T14:15:04.869995,TRANSFER,8083.52,HIGH,0.83
2026-01-29T14:15:05.408042,PAYMENT,1903.18,MEDIUM,0.6
2026-01-29T14:15:05.510349,CASH_IN,1329.86,MEDIUM,0.78
2026-01-29T14:15:07.110608,DEBIT,2086.11,LOW,0.02
2026-01-29T14:15:07.817173,PAYMENT,1630.73,MEDIUM,0.54
2026-01-29T14:15:07.920447,TRANSFER,3936.5,LOW,0.0
2026-01-29T14:15:09.375545,CASH_IN,2666.29,LOW,0.02
2026-01-29T14:15:10.207985,CASH_OUT,9723.51,MEDIUM,0.7
2026-01-29T14:15:10.303863,CASH_IN,5295.4,MEDIUM,0.69
2026-01-29T14:15:11.625143,CASH_OUT,6100.07,HIGH,0.81
2026-01-29T14:15:12.583460,DEBIT,8274.76,LOW,0.0
2026-01-29T14:15:12.643016,PAYMENT,2580.6,MEDIUM,0.57
2026-01-29T14:15:13.872635,DEBIT,4927.03,MEDIUM,0.71
2026-01-29T14:15:14.979527,TRANSFER,7125.77,LOW,0.11
2026-01-29T14:15:15.117242,TRANSFER,8606.36,MEDIUM,0.76
2026-01-29T14:15:16.173069,DEBIT,2190.11,HIGH,0.84
2026-01-29T14:15:17.289367,DEBIT,6582.81,MEDIUM,0.71
2026-01-29T14:15:17.491869,TRANSFER,4916.19,LOW,0.01
2026-01-29T14:15:18.415202,TRANSFER,2148.74,HIGH,0.81
2026-01-29T14:15:19.621513,CASH_OUT,4792.91,MEDIUM,0.75
2026-01-29T14:15:19.839570,TRANSFER,266.54,MEDIUM,0.73
2026-01-29T14:15:20.665449,TRANSFER,1122.79,MEDIUM,0.74
2026-01-29T14:15:21.915747,CASH_OUT,4511.72,LOW,0.06
2026-01-29T14:15:22.157792,CASH_OUT,8559.06,MEDIUM,0.75
2026-01-29T14:15:22.936649,PAYMENT,399.65,MEDIUM,0.59
2026-01-29T14:15:24.283382,CASH_IN,8217.92,MEDIUM,0.68
2026-01-29T14:15:24.507363,CASH_OUT,9319.89,HIGH,0.84
2026-01-29T14:15:25.220521,CASH_OUT,9030.38,LOW,0.03
2026-01-29T14:15:26.640740,PAYMENT,8235.74,LOW,0.0
2026-01-29T14:15:26.878939,PAYMENT,6288.61,MEDIUM,0.55
2026-01-29T14:15:27.451337,PAYMENT,6110.61,LOW,0.0
2026-01-29T14:15:28.942055,CASH_OUT,1424.87,HIGH,0.82
2026-01-29T14:15:29.225808,CASH_IN,8293.85,HIGH,0.81
2026-01-29T14:15:29.713255,CASH_IN,6288.42,LOW,0.0
2026-01-29T14:15:31.313543,CASH_IN,3529.87,MEDIUM,0.6
2026-01-29T14:15:31.581432,DEBIT,4741.97,LOW,0.0
2026-01-29T14:15:31.966396,CASH_IN,2267.53,LOW,0.0
2026-01-29T14:15:33.840604,CASH_OUT,1483.04,LOW,0.01
2026-01-29T14:15:34.003023,DEBIT,798.48,MEDIUM,0.77
2026-01-29T14:15:34.263529,DEBIT,977.7,LOW,0.0
2026-01-29T14:15:36.126269,DEBIT,3149.8,HIGH,0.82
2026-01-29T14:15:36.374467,DEBIT,3300.12,MEDIUM,0.68
2026-01-29T14:15:36.603097,CASH_OUT,2458.95,LOW,0.01
2026-01-29T14:15:38.499951,TRANSFER,3468.59,MEDIUM,0.78
2026-01-29T14:15:38.820160,TRANSFER,3237.09,MEDIUM,0.68
2026-01-29T14:15:38.983675,CASH_IN,3389.22,MEDIUM,0.69
2026-01-29T14:15:40.923205,DEBIT,1157.97,MEDIUM,0.72
2026-01-29T14:15:41.273285,TRANSFER,5859.23,HIGH,0.82
2026-01-29T14:15:41.375727,DEBIT,5663.67,MEDIUM,0.72
2026-01-29T14:15:43.375300,CASH_IN,1291.11,MEDIUM,0.75
2026-01-29T14:15:43.773824,CASH_OUT,7330.27,MEDIUM,0.74
2026-01-29T14:15:43.828052,DEBIT,9429.32,LOW,0.0
2026-01-29T14:15:45.961469,TRANSFER,8912.77,LOW,0.0
2026-01-29T14:15:46.247769,CASH_IN,1812.39,MEDIUM,0.65
2026-01-29T14:15:46.298133,TRANSFER,3856.13,MEDIUM,0.74
2026-01-29T14:15:48.345052,CASH_IN,657.79,MEDIUM,0.72
2026-01-29T14:15:48.717124,CASH_IN,5452.97,MEDIUM,0.69
2026-01-29T14:15:48.824949,TRANSFER,9218.19,MEDIUM,0.76
2026-01-29T14:15:50.581081,TRANSFER,1548.93,MEDIUM,0.78
2026-01-29T14:15:51.084402,DEBIT,6403.77,MEDIUM,0.73
2026-01-29T14:15:51.154835,CASH_IN,4235.46,MEDIUM,0.61
2026-01-29T14:15:52.836425,CASH_IN,9236.44,MEDIUM,0.68
2026-01-29T14:15:53.497553,CASH_IN,7694.29,MEDIUM,0.68
2026-01-29T14:15:53.553651,PAYMENT,895.4,MEDIUM,0.66
2026-01-29T14:15:55.076550,PAYMENT,4529.07,MEDIUM,0.71
2026-01-29T14:15:56.007941,DEBIT,1909.47,MEDIUM,0.77
2026-01-29T14:15:56.107118,TRANSFER,6234.07,LOW,0.01
2026-01-29T14:15:57.322174,TRANSFER,689.42,MEDIUM,0.79
2026-01-29T14:15:58.394302,CASH_IN,144.78,MEDIUM,0.69
2026-01-29T14:15:58.453266,CASH_OUT,9869.2,LOW,0.03
2026-01-29T14:15:59.580575,TRANSFER,352.87,LOW,0.01
2026-01-29T14:16:00.790464,CASH_IN,9049.9,LOW,0.0
2026-01-29T14:16:00.899017,TRANSFER,1918.06,MEDIUM,0.77
2026-01-29T14:16:01.886484,CASH_IN,9012.85,LOW,0.0
2026-01-29T14:16:03.192202,TRANSFER,1091.94,LOW,0.12
2026-01-29T14:16:03.267677,CASH_IN,7706.17,MEDIUM,0.69
2026-01-29T14:16:04.118027,PAYMENT,1063.27,MEDIUM,0.59
2026-01-29T14:16:05.622523,CASH_IN,2273.82,HIGH,0.81
2026-01-29T14:16:05.722438,DEBIT,6511.69,LOW,0.0
2026-01-29T14:16:06.359233,CASH_OUT,1716.41,LOW,0.03
2026-01-29T14:16:08.030651,CASH_IN,9139.71,MEDIUM,0.69
2026-01-29T14:16:08.088975,TRANSFER,9206.17,MEDIUM,0.73
2026-01-29T14:16:08.597860,TRANSFER,2076.45,LOW,0.04
2026-01-29T14:16:10.391323,TRANSFER,2068.27,LOW,0.03
2026-01-29T14:16:10.457442,DEBIT,2031.73,MEDIUM,0.76
2026-01-29T14:16:10.840113,TRANSFER,6031.33,MEDIUM,0.72
2026-01-29T14:16:12.820582,PAYMENT,694.59,MEDIUM,0.65
2026-01-29T14:16:12.920953,CASH_IN,8506.01,LOW,0.0
2026-01-29T14:16:13.152314,CASH_IN,445.23,MEDIUM,0.62
2026-01-29T14:16:15.198440,CASH_IN,1002.76,HIGH,0.81
2026-01-29T14:16:15.421825,CASH_OUT,2328.0,MEDIUM,0.74
2026-01-29T14:16:15.558141,DEBIT,999.31,MEDIUM,0.66
2026-01-29T14:16:17.572239,CASH_OUT,6672.67,LOW,0.01
2026-01-29T14:16:17.877484,TRANSFER,9511.67,HIGH,0.83
2026-01-29T14:16:17.979621,DEBIT,7697.77,MEDIUM,0.73
2026-01-29T14:16:19.975552,CASH_IN,110.8,MEDIUM,0.77
2026-01-29T14:16:20.286163,CASH_IN,9986.83,LOW,0.0
2026-01-29T14:16:20.350872,PAYMENT,3609.74,MEDIUM,0.61
2026-01-29T14:16:22.348775,CASH_OUT,2268.58,MEDIUM,0.71
2026-01-29T14:16:22.671445,DEBIT,4148.04,LOW,0.03
2026-01-29T14:16:22.779501,PAYMENT,9621.94,LOW,0.0
2026-01-29T14:16:24.599105,CASH_OUT,3519.8,MEDIUM,0.76
2026-01-29T14:16:25.011806,TRANSFER,9716.31,HIGH,0.85
2026-01-29T14:16:25.158963,DEBIT,915.27,MEDIUM,0.8
2026-01-29T14:16:26.936437,PAYMENT,3241.28,MEDIUM,0.59
2026-01-29T14:16:27.392751,CASH_OUT,2263.68,HIGH,0.87
2026-01-29T14:16:27.537719,CASH_OUT,8753.92,HIGH,0.85
2026-01-29T14:16:29.201533,DEBIT,7725.26,MEDIUM,0.71
2026-01-29T14:16:29.830947,PAYMENT,9363.4,MEDIUM,0.55
2026-01-29T14:16:29.882653,DEBIT,230.82,MEDIUM,0.72
2026-01-29T14:16:31.468638,TRANSFER,7423.41,HIGH,0.9
2026-01-29T14:16:32.195093,DEBIT,1721.3,MEDIUM,0.7
2026-01-29T14:16:32.339551,PAYMENT,7759.34,LOW,0.0
2026-01-29T14:16:33.778806,DEBIT,98.6,LOW,0.01
2026-01-29T14:16:34.561713,TRANSFER,4671.8,LOW,0.07
2026-01-29T14:16:34.704585,CASH_OUT,2703.52,MEDIUM,0.75
2026-01-29T14:16:36.075888,PAYMENT,1179.28,MEDIUM,0.61
2026-01-29T14:16:36.967642,CASH_OUT,5599.6,MEDIUM,0.75
2026-01-29T14:16:37.071967,CASH_IN,5245.43,HIGH,0.81
2026-01-29T14:16:38.339500,CASH_IN,6985.76,LOW,0.0
2026-01-29T14:16:39.289256,TRANSFER,7895.23,HIGH,0.82
2026-01-29T14:16:39.474318,PAYMENT,770.86,MEDIUM,0.6
2026-01-29T14:16:40.580949,CASH_IN,1446.41,HIGH,0.81
2026-01-29T14:16:41.592890,CASH_IN,7696.83,MEDIUM,0.79
2026-01-29T14:16:41.784391,CASH_IN,5104.33,MEDIUM,0.75
2026-01-29T14:16:42.870441,DEBIT,9060.85,LOW,0.0
2026-01-29T14:16:44.070123,CASH_IN,8256.35,LOW,0.0
2026-01-29T14:16:44.213403,TRANSFER,9659.26,LOW,0.01
2026-01-29T14:16:45.120223,DEBIT,3964.33,MEDIUM,0.8
2026-01-29T14:16:46.441030,TRANSFER,2107.68,MEDIUM,0.74
2026-01-29T14:16:46.590407,DEBIT,1527.12,LOW,0.0
2026-01-29T14:16:47.356729,CASH_OUT,7134.73,LOW,0.01
2026-01-29T14:16:48.820376,CASH_IN,9844.43,LOW,0.0
2026-01-29T14:16:48.969648,CASH_OUT,7676.37,HIGH,0.86
2026-01-29T14:16:49.623798,CASH_IN,2043.15,MEDIUM,0.79
2026-01-29T14:16:51.083731,CASH_IN,6111.25,LOW,0.0
2026-01-29T14:16:51.325772,CASH_OUT,2475.6,MEDIUM,0.76
2026-01-29T14:16:51.891903,CASH_OUT,9608.1,MEDIUM,0.75
2026-01-29T14:16:53.414292,CASH_IN,9521.51,MEDIUM,0.68
2026-01-29T14:16:53.647949,CASH_IN,7201.72,MEDIUM,0.77
2026-01-29T14:16:54.207220,CASH_OUT,2740.9,LOW,0.05
2026-01-29T14:16:55.724138,PAYMENT,6665.0,MEDIUM,0.61
2026-01-29T14:16:55.970834,CASH_IN,3897.72,LOW,0.0
2026-01-29T14:16:56.453400,PAYMENT,2093.03,MEDIUM,0.6
2026-01-29T14:16:58.230708,DEBIT,2600.45,MEDIUM,0.71
2026-01-29T14:16:58.391451,CASH_IN,4919.36,MEDIUM,0.62
2026-01-29T14:16:58.691024,PAYMENT,7377.43,MEDIUM,0.67
2026-01-29T14:17:00.477350,TRANSFER,6804.72,HIGH,0.86
2026-01-29T14:17:00.709963,CASH_IN,5047.29,LOW,0.0
2026-01-29T14:17:00.966227,DEBIT,1034.78,MEDIUM,0.74
2026-01-29T14:17:02.978742,CASH_IN,5327.02,LOW,0.0
2026-01-29T14:17:03.255395,DEBIT,5622.0,LOW,0.0
2026-01-29T14:17:03.400228,CASH_IN,7967.98,LOW,0.0
2026-01-29T14:17:05.416076,DEBIT,3716.38,LOW,0.0
2026-01-29T14:17:05.713238,DEBIT,4448.89,MEDIUM,0.71
2026-01-29T14:17:05.772442,TRANSFER,4222.05,MEDIUM,0.78
2026-01-29T14:17:08.007299,CASH_IN,6249.24,MEDIUM,0.67
2026-01-29T14:17:08.220256,CASH_OUT,2131.61,MEDIUM,0.79
2026-01-29T14:17:08.276716,TRANSFER,699.78,MEDIUM,0.71
2026-01-29T14:17:10.568894,TRANSFER,1134.59,HIGH,0.9
2026-01-29T14:17:10.746828,CASH_IN,9690.5,LOW,0.0
2026-01-29T14:17:10.853059,CASH_OUT,2617.97,MEDIUM,0.75
2026-01-29T14:17:13.117377,CASH_IN,1905.22,MEDIUM,0.66
2026-01-29T14:17:13.175597,DEBIT,3006.46,MEDIUM,0.77
2026-01-29T14:17:13.229954,PAYMENT,4322.8,LOW,0.0
2026-01-29T14:17:15.661705,CASH_IN,7172.39,LOW,0.0
2026-01-29T14:17:15.734654,CASH_IN,4364.45,MEDIUM,0.66
2026-01-29T14:17:15.797840,PAYMENT,1697.79,MEDIUM,0.63
2026-01-29T14:17:18.204390,CASH_OUT,9138.81,MEDIUM,0.73
2026-01-29T14:17:18.267477,DEBIT,7290.42,HIGH,0.83
2026-01-29T14:17:18.321400,TRANSFER,2968.6,MEDIUM,0.67
2026-01-29T14:17:20.513325,CASH_IN,7144.46,MEDIUM,0.69
2026-01-29T14:17:20.765961,CASH_OUT,1448.5,MEDIUM,0.79
2026-01-29T14:17:20.875123,DEBIT,7822.9,LOW,0.0
2026-01-29T14:17:22.852881,PAYMENT,5479.07,LOW,0.0
2026-01-29T14:17:23.163323,CASH_IN,7145.69,MEDIUM,0.65
2026-01-29T14:17:23.217791,DEBIT,7509.37,MEDIUM,0.75
2026-01-29T14:17:25.215456,CASH_OUT,5097.4,MEDIUM,0.63
2026-01-29T14:17:25.613323,CASH_IN,9730.15,MEDIUM,0.69
2026-01-29T14:17:25.732181,PAYMENT,3102.67,MEDIUM,0.6
2026-01-29T14:17:27.484153,DEBIT,9634.18,LOW,0.01
2026-01-29T14:17:27.990884,TRANSFER,2897.09,MEDIUM,0.76
2026-01-29T14:17:28.094254,CASH_OUT,1400.18,MEDIUM,0.69
2026-01-29T14:17:29.865579,PAYMENT,7406.76,LOW,0.0
2026-01-29T14:17:30.366483,DEBIT,966.77,MEDIUM,0.76
2026-01-29T14:17:30.417468,PAYMENT,8736.69,MEDIUM,0.54
2026-01-29T14:17:32.222333,DEBIT,886.45,MEDIUM,0.74
2026-01-29T14:17:32.752931,CASH_IN,6165.01,MEDIUM,0.72
2026-01-29T14:17:32.804573,PAYMENT,3760.84,LOW,0.0
2026-01-29T14:17:34.460765,CASH_OUT,7283.89,HIGH,0.87
2026-01-29T14:17:35.119720,TRANSFER,6521.07,HIGH,0.81
2026-01-29T14:17:35.173695,TRANSFER,1343.67,MEDIUM,0.68
2026-01-29T14:17:36.716371,PAYMENT,7113.3,MEDIUM,0.71
2026-01-29T14:17:37.593605,CASH_IN,6743.25,MEDIUM,0.66
2026-01-29T14:17:37.649667,PAYMENT,1424.2,MEDIUM,0.71
2026-01-29T14:17:38.954954,CASH_OUT,1725.35,LOW,0.03
2026-01-29T14:17:39.952817,CASH_OUT,2749.79,HIGH,0.86
2026-01-29T14:17:40.113104,CASH_OUT,2810.18,LOW,0.06
2026-01-29T14:17:41.203740,DEBIT,1327.42,MEDIUM,0.7
2026-01-29T14:17:42.425824,PAYMENT,2475.96,LOW,0.0
2026-01-29T14:17:42.551206,TRANSFER,5940.65,MEDIUM,0.74
2026-01-29T14:17:43.494054,TRANSFER,8295.63,MEDIUM,0.77
2026-01-29T14:17:44.791524,DEBIT,1448.19,MEDIUM,0.73
2026-01-29T14:17:44.895924,PAYMENT,1566.68,MEDIUM,0.54
2026-01-29T14:17:45.756905,CASH_IN,4967.77,MEDIUM,0.75
2026-01-29T14:17:47.172804,PAYMENT,7574.84,MEDIUM,0.63
2026-01-29T14:17:47.239869,CASH_OUT,5433.71,HIGH,0.82
2026-01-29T14:17:48.009661,CASH_OUT,2843.41,LOW,0.01
2026-01-29T14:17:49.565500,TRANSFER,1426.03,LOW,0.01
2026-01-29T14:17:49.668187,CASH_OUT,7324.96,LOW,0.05
2026-01-29T14:17:50.276881,TRANSFER,6109.47,LOW,0.01
2026-01-29T14:17:51.897782,CASH_OUT,5794.67,HIGH,0.86
2026-01-29T14:17:52.040207,CASH_OUT,1780.57,HIGH,0.85
2026-01-29T14:17:52.538930,TRANSFER,9512.01,MEDIUM,0.74
2026-01-29T14:17:54.280470,TRANSFER,6827.92,MEDIUM,0.79
2026-01-29T14:17:54.346927,CASH_IN,548.89,MEDIUM,0.73
2026-01-29T14:17:54.799457,CASH_IN,9750.49,MEDIUM,0.73
2026-01-29T14:17:56.769137,CASH_OUT,3873.5,MEDIUM,0.76
2026-01-29T14:17:56.822794,PAYMENT,961.81,MEDIUM,0.71
2026-01-29T14:17:57.091982,CASH_IN,4509.65,MEDIUM,0.68
2026-01-29T14:17:59.313612,CASH_IN,7900.21,MEDIUM,0.7
2026-01-29T14:17:59.432877,PAYMENT,8935.99,LOW,0.0
2026-01-29T14:17:59.533786,TRANSFER,8797.43,MEDIUM,0.79
2026-01-29T14:18:01.800843,CASH_OUT,1090.7,MEDIUM,0.79
2026-01-29T14:18:01.873753,PAYMENT,2851.37,MEDIUM,0.62
2026-01-29T14:18:01.928851,CASH_IN,478.86,MEDIUM,0.67
2026-01-29T14:18:04.359391,TRANSFER,3402.01,HIGH,0.84
2026-01-29T14:18:04.423152,PAYMENT,2579.4,MEDIUM,0.54
2026-01-29T14:18:04.472836,PAYMENT,6170.88,LOW,0.0
2026-01-29T14:18:06.890564,CASH_IN,6968.2,LOW,0.0
2026-01-29T14:18:06.947630,CASH_IN,8971.4,MEDIUM,0.68
2026-01-29T14:18:07.073934,CASH_IN,3512.38,LOW,0.03
2026-01-29T14:18:09.408590,PAYMENT,7247.5,MEDIUM,0.62
2026-01-29T14:18:09.547087,PAYMENT,271.66,LOW,0.0
2026-01-29T14:18:09.598287,CASH_IN,1536.1,MEDIUM,0.66
2026-01-29T14:18:12.003324,CASH_OUT,5293.94,HIGH,0.86
2026-01-29T14:18:12.083241,TRANSFER,7994.25,MEDIUM,0.79
2026-01-29T14:18:12.139004,DEBIT,7172.11,HIGH,0.83
2026-01-29T14:18:14.612277,CASH_OUT,6744.74,HIGH,0.86
2026-01-29T14:18:14.674457,CASH_IN,3491.61,LOW,0.05
2026-01-29T14:18:14.770075,TRANSFER,7906.76,MEDIUM,0.79
2026-01-29T14:18:17.031432,CASH_IN,8936.48,LOW,0.0
2026-01-29T14:18:17.227237,CASH_OUT,2610.41,LOW,0.04
2026-01-29T14:18:17.290540,CASH_IN,1955.64,MEDIUM,0.8
2026-01-29T14:18:19.331797,CASH_IN,3788.57,LOW,0.0
2026-01-29T14:18:19.653331,DEBIT,2750.52,MEDIUM,0.74
2026-01-29T14:18:19.708718,PAYMENT,1272.84,MEDIUM,0.59
2026-01-29T14:18:21.726452,TRANSFER,7262.67,LOW,0.01
2026-01-29T14:18:22.128441,CASH_OUT,1324.59,HIGH,0.87
2026-01-29T14:18:22.214516,DEBIT,9557.31,LOW,0.0
2026-01-29T14:18:23.970319,PAYMENT,5441.28,MEDIUM,0.71
2026-01-29T14:18:24.531360,CASH_IN,177.79,LOW,0.03
2026-01-29T14:18:24.594166,CASH_OUT,7299.32,HIGH,0.86
2026-01-29T14:18:26.209074,TRANSFER,1892.49,LOW,0.01
2026-01-29T14:18:26.943183,PAYMENT,5098.8,MEDIUM,0.58
2026-01-29T14:18:27.001747,TRANSFER,4196.43,LOW,0.26
2026-01-29T14:18:28.474903,CASH_IN,4849.31,MEDIUM,0.72
2026-01-29T14:18:29.379109,TRANSFER,6825.34,HIGH,0.9
2026-01-29T14:18:29.429740,TRANSFER,1611.63,MEDIUM,0.79
2026-01-29T14:18:30.755010,CASH_OUT,1924.3,MEDIUM,0.75
2026-01-29T14:18:31.836978,CASH_IN,8838.29,HIGH,0.81
2026-01-29T14:18:31.887852,CASH_OUT,3242.25,MEDIUM,0.78
2026-01-29T14:18:33.099966,DEBIT,4375.86,MEDIUM,0.74
2026-01-29T14:18:34.225436,TRANSFER,1290.81,MEDIUM,0.77
2026-01-29T14:18:34.336897,CASH_OUT,6397.93,HIGH,0.81
2026-01-29T14:18:35.345197,DEBIT,2216.55,HIGH,0.81
2026-01-29T14:18:36.629127,CASH_OUT,6142.01,LOW,0.02
2026-01-29T14:18:36.734784,CASH_OUT,7041.63,HIGH,0.84
2026-01-29T14:18:37.632734,CASH_OUT,1025.39,HIGH,0.87
2026-01-29T14:18:39.005082,PAYMENT,9096.44,MEDIUM,0.58
2026-01-29T14:18:39.061162,DEBIT,8779.48,MEDIUM,0.73
2026-01-29T14:18:39.876972,TRANSFER,5436.31,LOW,0.01
2026-01-29T14:18:41.401686,CASH_IN,851.06,MEDIUM,0.65
2026-01-29T14:18:41.500010,TRANSFER,2181.3,LOW,0.02
2026-01-29T14:18:42.136840,PAYMENT,2739.35,LOW,0.0
2026-01-29T14:18:43.812706,DEBIT,9036.53,MEDIUM,0.73
2026-01-29T14:18:43.961130,PAYMENT,107.15,MEDIUM,0.54
2026-01-29T14:18:44.419877,PAYMENT,5936.19,MEDIUM,0.59
2026-01-29T14:18:46.271259,DEBIT,5495.75,MEDIUM,0.75
2026-01-29T14:18:46.330519,CASH_IN,6501.39,LOW,0.0
2026-01-29T14:18:46.682469,CASH_OUT,8017.64,HIGH,0.87
2026-01-29T14:18:48.663882,DEBIT,2112.45,LOW,0.03
2026-01-29T14:18:48.820396,CASH_OUT,9626.5,MEDIUM,0.75
2026-01-29T14:18:49.042564,PAYMENT,3236.09,MEDIUM,0.62
2026-01-29T14:18:50.912961,DEBIT,4874.28,LOW,0.0
2026-01-29T14:18:51.175654,CASH_OUT,8837.08,MEDIUM,0.75
2026-01-29T14:18:51.366374,TRANSFER,5004.39,LOW,0.06
2026-01-29T14:18:53.245753,CASH_IN,8751.05,LOW,0.0
2026-01-29T14:18:53.477793,TRANSFER,2400.69,LOW,0.02
2026-01-29T14:18:53.677804,CASH_IN,3241.49,MEDIUM,0.75
2026-01-29T14:18:55.561729,TRANSFER,4023.83,MEDIUM,0.79
2026-01-29T14:18:55.805495,CASH_IN,419.11,LOW,0.0
2026-01-29T14:18:55.995855,CASH_OUT,6641.32,MEDIUM,0.74
2026-01-29T14:18:57.954408,TRANSFER,3385.34,MEDIUM,0.79
2026-01-29T14:18:58.239801,DEBIT,9535.13,MEDIUM,0.7
2026-01-29T14:18:58.348316,CASH_OUT,7991.77,LOW,0.03
2026-01-29T14:19:00.355914,DEBIT,283.64,LOW,0.0
2026-01-29T14:19:00.767722,DEBIT,8306.88,LOW,0.0
2026-01-29T14:19:00.891042,PAYMENT,9724.06,MEDIUM,0.59
2026-01-29T14:19:02.903388,PAYMENT,2630.21,MEDIUM,0.6
2026-01-29T14:19:03.269496,PAYMENT,1085.66,LOW,0.02
2026-01-29T14:19:03.326629,TRANSFER,2246.32,MEDIUM,0.79
2026-01-29T14:19:05.331738,PAYMENT,6199.04,LOW,0.0
2026-01-29T14:19:05.942632,DEBIT,6064.7,MEDIUM,0.72
2026-01-29T14:19:06.002426,PAYMENT,7766.85,LOW,0.0
2026-01-29T14:19:07.580584,PAYMENT,3243.04,LOW,0.03
2026-01-29T14:19:08.291822,DEBIT,1350.74,LOW,0.0
2026-01-29T14:19:08.349340,DEBIT,1619.51,MEDIUM,0.73
2026-01-29T14:19:09.837072,TRANSFER,4638.91,MEDIUM,0.73
2026-01-29T14:19:10.663370,TRANSFER,5531.54,MEDIUM,0.68
2026-01-29T14:19:10.764502,CASH_OUT,3439.74,LOW,0.01
2026-01-29T14:19:12.232575,PAYMENT,9998.76,MEDIUM,0.62
2026-01-29T14:19:12.988903,TRANSFER,259.6,LOW,0.01
2026-01-29T14:19:13.134553,PAYMENT,9304.39,MEDIUM,0.62
2026-01-29T14:19:14.527123,CASH_IN,3422.21,LOW,0.07
2026-01-29T14:19:15.414327,TRANSFER,6604.83,LOW,0.01
2026-01-29T14:19:15.470828,CASH_IN,391.26,MEDIUM,0.8
2026-01-29T14:19:16.799541,PAYMENT,3845.37,MEDIUM,0.71
2026-01-29T14:19:17.816516,TRANSFER,4881.93,LOW,0.04
2026-01-29T14:19:17.875500,CASH_IN,6392.76,MEDIUM,0.65
2026-01-29T14:19:19.053204,CASH_IN,3734.97,MEDIUM,0.68
2026-01-29T14:19:20.218611,DEBIT,1188.41,LOW,0.0
2026-01-29T14:19:20.280911,DEBIT,8310.2,LOW,0.0
2026-01-29T14:19:21.319890,PAYMENT,5915.26,LOW,0.0
2026-01-29T14:19:22.618819,CASH_OUT,5723.52,LOW,0.02
2026-01-29T14:19:22.729415,TRANSFER,6969.57,MEDIUM,0.69
2026-01-29T14:19:23.559407,CASH_OUT,9454.46,HIGH,0.81
2026-01-29T14:19:24.969258,PAYMENT,9262.47,MEDIUM,0.61
2026-01-29T14:19:25.089503,CASH_OUT,9082.04,MEDIUM,0.78
2026-01-29T14:19:25.794784,DEBIT,2282.35,MEDIUM,0.74
2026-01-29T14:19:27.306296,CASH_IN,7006.41,MEDIUM,0.64
2026-01-29T14:19:27.469207,CASH_OUT,9643.15,HIGH,0.81
2026-01-29T14:19:28.054825,TRANSFER,9806.94,LOW,0.01
2026-01-29T14:19:29.713762,DEBIT,1254.9,MEDIUM,0.79
2026-01-29T14:19:29.820920,DEBIT,5782.82,MEDIUM,0.8
2026-01-29T14:19:30.320547,CASH_IN,6433.05,MEDIUM,0.72
2026-01-29T14:19:32.074407,PAYMENT,8344.5,MEDIUM,0.6
2026-01-29T14:19:32.126804,PAYMENT,7407.42,LOW,0.0
2026-01-29T14:19:32.597850,DEBIT,5605.26,MEDIUM,0.71
2026-01-29T14:19:34.460973,TRANSFER,3508.86,LOW,0.01
2026-01-29T14:19:34.516468,CASH_IN,8505.18,HIGH,0.81
2026-01-29T14:19:34.869378,DEBIT,4421.27,MEDIUM,0.7
2026-01-29T14:19:36.849917,PAYMENT,4340.63,MEDIUM,0.62
2026-01-29T14:19:36.906713,CASH_IN,9669.08,MEDIUM,0.69
2026-01-29T14:19:37.163408,CASH_IN,870.43,LOW,0.0
2026-01-29T14:19:39.295196,DEBIT,2230.1,LOW,0.0
2026-01-29T14:19:39.350865,CASH_OUT,9686.99,MEDIUM,0.71
2026-01-29T14:19:39.547066,TRANSFER,3446.28,HIGH,0.83
2026-01-29T14:19:41.790049,DEBIT,5356.84,MEDIUM,0.72
2026-01-29T14:19:41.840850,DEBIT,4203.41,MEDIUM,0.73
2026-01-29T14:19:42.022576,TRANSFER,3059.03,LOW,0.05
2026-01-29T14:19:44.339891,DEBIT,9812.24,MEDIUM,0.71
2026-01-29T14:19:44.398573,CASH_IN,8140.3,MEDIUM,0.69
2026-01-29T14:19:44.471969,TRANSFER,9386.89,HIGH,0.86
2026-01-29T14:19:46.875624,CASH_IN,610.64,MEDIUM,0.69
2026-01-29T14:19:46.930804,PAYMENT,6046.53,LOW,0.0
2026-01-29T14:19:46.987649,TRANSFER,2710.06,MEDIUM,0.68
2026-01-29T14:19:49.425562,CASH_IN,5948.69,HIGH,0.81
2026-01-29T14:19:49.488757,CASH_IN,4278.81,MEDIUM,0.64
2026-01-29T14:19:49.541489,DEBIT,5680.05,MEDIUM,0.74
2026-01-29T14:19:51.949656,CASH_IN,4797.47,LOW,0.0
2026-01-29T14:19:52.011237,CASH_IN,8725.6,MEDIUM,0.69
2026-01-29T14:19:52.062803,CASH_IN,8519.98,MEDIUM,0.68
2026-01-29T14:19:54.276629,CASH_OUT,1687.54,LOW,0.04
2026-01-29T14:19:54.524322,CASH_IN,4706.34,MEDIUM,0.66
2026-01-29T14:19:54.584478,PAYMENT,6837.09,MEDIUM,0.67
2026-01-29T14:19:56.636073,CASH_OUT,8817.59,MEDIUM,0.72
2026-01-29T14:19:56.927625,CASH_OUT,8179.63,LOW,0.02
2026-01-29T14:19:56.992025,CASH_IN,9381.57,MEDIUM,0.68
2026-01-29T14:19:58.973051,CASH_IN,9933.66,MEDIUM,0.69
2026-01-29T14:19:59.316591,CASH_OUT,6043.53,HIGH,0.86
2026-01-29T14:19:59.372590,PAYMENT,5330.75,MEDIUM,0.49
2026-01-29T14:20:01.255629,DEBIT,5615.57,MEDIUM,0.73
2026-01-29T14:20:01.707406,TRANSFER,3872.75,MEDIUM,0.78
2026-01-29T14:20:01.766173,DEBIT,5210.5,MEDIUM,0.73
2026-01-29T14:20:03.537176,CASH_OUT,5174.52,HIGH,0.85
2026-01-29T14:20:04.099020,PAYMENT,8746.46,MEDIUM,0.71
2026-01-29T14:20:04.148338,CASH_OUT,5679.59,LOW,0.01
2026-01-29T14:20:05.791004,CASH_IN,1614.04,LOW,0.07
2026-01-29T14:20:06.551634,PAYMENT,8843.42,MEDIUM,0.62
2026-01-29T14:20:06.607628,CASH_OUT,2726.07,LOW,0.02
2026-01-29T14:20:08.092780,CASH_IN,8084.45,MEDIUM,0.69
2026-01-29T14:20:08.914850,PAYMENT,4816.12,MEDIUM,0.58
2026-01-29T14:20:09.019033,TRANSFER,6174.21,MEDIUM,0.73
2026-01-29T14:20:10.334849,TRANSFER,9100.45,MEDIUM,0.78
2026-01-29T14:20:11.302581,CASH_IN,435.34,MEDIUM,0.69
2026-01-29T14:20:11.366483,DEBIT,4457.59,HIGH,0.82
2026-01-29T14:20:12.573167,PAYMENT,538.0,MEDIUM,0.67
2026-01-29T14:20:13.698747,PAYMENT,9837.93,MEDIUM,0.58
2026-01-29T14:20:13.754923,CASH_OUT,1790.91,MEDIUM,0.66
2026-01-29T14:20:14.812761,TRANSFER,7493.86,HIGH,0.9
2026-01-29T14:20:16.089582,DEBIT,6266.8,LOW,0.0
2026-01-29T14:20:16.143558,DEBIT,8347.27,MEDIUM,0.8
2026-01-29T14:20:17.063971,CASH_OUT,9353.45,HIGH,0.87
2026-01-29T14:20:18.472371,TRANSFER,7403.49,LOW,0.03
2026-01-29T14:20:18.534694,PAYMENT,6705.27,LOW,0.0
2026-01-29T14:20:19.315735,TRANSFER,7363.5,MEDIUM,0.75
2026-01-29T14:20:20.872942,DEBIT,3258.88,LOW,0.0
2026-01-29T14:20:20.978896,CASH_OUT,4099.39,HIGH,0.82
2026-01-29T14:20:21.551081,PAYMENT,7129.96,MEDIUM,0.58
2026-01-29T14:20:23.206559,CASH_IN,5605.57,HIGH,0.81
2026-01-29T14:20:23.357668,TRANSFER,6788.35,LOW,0.0
2026-01-29T14:20:23.804388,PAYMENT,9020.0,LOW,0.0
2026-01-29T14:20:25.639962,PAYMENT,7218.68,MEDIUM,0.58
2026-01-29T14:20:25.694280,CASH_OUT,8838.3,MEDIUM,0.72
2026-01-29T14:20:26.061575,TRANSFER,6046.71,MEDIUM,0.8
2026-01-29T14:20:28.015444,TRANSFER,3337.19,HIGH,0.88
2026-01-29T14:20:28.143217,CASH_OUT,2339.84,MEDIUM,0.76
2026-01-29T14:20:28.386018,CASH_OUT,7448.63,MEDIUM,0.75
2026-01-29T14:20:30.424149,DEBIT,1160.99,MEDIUM,0.7
2026-01-29T14:20:30.654830,DEBIT,5575.08,HIGH,0.83
2026-01-29T14:20:30.785716,CASH_OUT,3380.57,LOW,0.04
2026-01-29T14:20:32.743652,DEBIT,9512.09,HIGH,0.84
2026-01-29T14:20:33.041580,CASH_OUT,2070.15,MEDIUM,0.75
2026-01-29T14:20:33.156126,CASH_IN,1982.44,MEDIUM,0.75
2026-01-29T14:20:34.980628,PAYMENT,8890.22,MEDIUM,0.71
2026-01-29T14:20:35.394218,PAYMENT,5423.77,MEDIUM,0.6
2026-01-29T14:20:35.538173,TRANSFER,56.8,LOW,0.05
2026-01-29T14:20:37.232379,DEBIT,1528.19,MEDIUM,0.74
2026-01-29T14:20:37.790228,CASH_OUT,9796.78,LOW,0.03
2026-01-29T14:20:37.892170,CASH_IN,4594.81,MEDIUM,0.75
2026-01-29T14:20:39.476482,DEBIT,7886.29,HIGH,0.84
2026-01-29T14:20:40.164286,CASH_OUT,2119.48,MEDIUM,0.72
2026-01-29T14:20:40.217925,DEBIT,159.34,LOW,0.02
2026-01-29T14:20:41.726942,DEBIT,2154.61,MEDIUM,0.7
2026-01-29T14:20:42.534843,TRANSFER,9215.05,MEDIUM,0.72
2026-01-29T14:20:42.615410,CASH_OUT,9095.84,HIGH,0.87
2026-01-29T14:20:43.970683,CASH_IN,6635.51,HIGH,0.81
2026-01-29T14:20:44.921252,CASH_OUT,1954.38,LOW,0.03
2026-01-29T14:20:45.021414,TRANSFER,479.57,LOW,0.1
2026-01-29T14:20:46.232491,PAYMENT,8724.68,MEDIUM,0.58
2026-01-29T14:20:47.263049,DEBIT,4738.93,MEDIUM,0.71
2026-01-29T14:20:47.347911,CASH_IN,2039.31,MEDIUM,0.64
2026-01-29T14:20:48.480739,PAYMENT,4942.85,MEDIUM,0.71
2026-01-29T14:20:49.653027,DEBIT,7890.51,LOW,0.0
2026-01-29T14:20:49.714386,CASH_IN,4794.29,MEDIUM,0.65
2026-01-29T14:20:50.728862,DEBIT,7278.29,LOW,0.02
2026-01-29T14:20:52.053430,PAYMENT,6137.21,MEDIUM,0.61
2026-01-29T14:20:52.106704,CASH_IN,2678.82,MEDIUM,0.69
2026-01-29T14:20:52.994226,CASH_IN,9142.64,MEDIUM,0.67
2026-01-29T14:20:54.429516,CASH_OUT,6261.97,MEDIUM,0.75
2026-01-29T14:20:54.531751,DEBIT,9399.99,LOW,0.0
2026-01-29T14:20:55.224941,DEBIT,5429.42,MEDIUM,0.66
2026-01-29T14:20:56.758205,DEBIT,9936.74,MEDIUM,0.72
2026-01-29T14:20:56.916812,PAYMENT,1943.64,MEDIUM,0.67
2026-01-29T14:20:57.488607,CASH_OUT,4025.89,MEDIUM,0.76
2026-01-29T14:20:59.023564,TRANSFER,2641.98,LOW,0.03
2026-01-29T14:20:59.234716,CASH_OUT,8703.21,MEDIUM,0.77
2026-01-29T14:20:59.743344,CASH_IN,9156.64,MEDIUM,0.72
2026-01-29T14:21:01.307689,DEBIT,5728.81,MEDIUM,0.72
2026-01-29T14:21:01.517592,PAYMENT,7492.08,MEDIUM,0.71
2026-01-29T14:21:01.988945,PAYMENT,5281.0,MEDIUM,0.62
2026-01-29T14:21:03.587491,DEBIT,1048.08,HIGH,0.85
2026-01-29T14:21:03.800658,PAYMENT,7565.07,LOW,0.02
2026-01-29T14:21:04.222326,CASH_OUT,9606.59,HIGH,0.86
2026-01-29T14:21:05.855156,DEBIT,6852.73,HIGH,0.85
2026-01-29T14:21:06.084717,CASH_IN,2512.32,MEDIUM,0.66
2026-01-29T14:21:06.456368,PAYMENT,5476.62,MEDIUM,0.71
2026-01-29T14:21:08.172235,DEBIT,3581.36,MEDIUM,0.73
2026-01-29T14:21:08.413754,CASH_OUT,2886.53,MEDIUM,0.75
2026-01-29T14:21:08.716200,CASH_IN,3209.63,MEDIUM,0.73
2026-01-29T14:21:10.480765,TRANSFER,4694.46,LOW,0.0
2026-01-29T14:21:10.721494,PAYMENT,8449.89,MEDIUM,0.61
2026-01-29T14:21:10.985594,TRANSFER,8980.13,LOW,0.0
2026-01-29T14:21:12.817405,CASH_IN,4667.97,MEDIUM,0.69
2026-01-29T14:21:13.031440,CASH_OUT,4143.23,LOW,0.07
2026-01-29T14:21:13.263765,CASH_OUT,8253.49,HIGH,0.86
2026-01-29T14:21:15.088818,PAYMENT,3208.18,LOW,0.0
2026-01-29T14:21:15.344274,CASH_OUT,9819.69,MEDIUM,0.72
2026-01-29T14:21:15.571906,CASH_IN,8667.64,MEDIUM,0.73
2026-01-29T14:21:17.314053,CASH_OUT,7006.1,HIGH,0.85
2026-01-29T14:21:17.683659,TRANSFER,424.02,MEDIUM,0.78
2026-01-29T14:21:17.878509,CASH_IN,8896.07,LOW,0.0
2026-01-29T14:21:19.585842,PAYMENT,4344.64,MEDIUM,0.6
2026-01-29T14:21:19.951356,PAYMENT,805.97,MEDIUM,0.61
2026-01-29T14:21:20.201904,PAYMENT,4234.12,MEDIUM,0.61
2026-01-29T14:21:21.815722,CASH_OUT,3549.35,LOW,0.03
2026-01-29T14:21:22.255301,CASH_IN,9457.15,MEDIUM,0.8
2026-01-29T14:21:22.488391,DEBIT,6262.8,MEDIUM,0.7
2026-01-29T14:21:24.058582,DEBIT,6502.79,LOW,0.0
2026-01-29T14:21:24.560206,DEBIT,2241.14,LOW,0.0
2026-01-29T14:21:24.801393,CASH_OUT,8208.43,HIGH,0.83
2026-01-29T14:21:26.362704,DEBIT,2899.77,LOW,0.04
2026-01-29T14:21:26.877832,DEBIT,7985.15,LOW,0.0
2026-01-29T14:21:27.189123,CASH_IN,6712.24,MEDIUM,0.69
2026-01-29T14:21:28.818652,TRANSFER,5054.49,LOW,0.01
2026-01-29T14:21:29.388880,CASH_IN,7936.6,LOW,0.0
2026-01-29T14:21:29.713263,CASH_IN,3971.56,MEDIUM,0.65
2026-01-29T14:21:31.132534,CASH_OUT,9086.43,MEDIUM,0.7
2026-01-29T14:21:31.802494,DEBIT,7498.28,HIGH,0.84
2026-01-29T14:21:32.038960,CASH_OUT,8047.67,HIGH,0.82
2026-01-29T14:21:33.590552,PAYMENT,4390.06,MEDIUM,0.62
2026-01-29T14:21:34.312816,DEBIT,4245.04,MEDIUM,0.73
2026-01-29T14:21:34.493372,PAYMENT,2627.66,MEDIUM,0.62
2026-01-29T14:21:35.948710,DEBIT,3109.61,MEDIUM,0.73
2026-01-29T14:21:36.644221,CASH_IN,2295.1,MEDIUM,0.67
2026-01-29T14:21:36.954833,DEBIT,8402.56,LOW,0.0
2026-01-29T14:21:38.295334,CASH_IN,8924.95,LOW,0.01
2026-01-29T14:21:39.115156,PAYMENT,9350.7,MEDIUM,0.62
2026-01-29T14:21:39.418939,CASH_OUT,5655.72,MEDIUM,0.76
2026-01-29T14:21:40.703408,PAYMENT,6999.56,MEDIUM,0.7
2026-01-29T14:21:41.765769,CASH_OUT,2851.85,MEDIUM,0.75
2026-01-29T14:21:44.204023,CASH_OUT,3368.33,MEDIUM,0.77
2026-01-29T14:21:46.565950,CASH_IN,7680.03,MEDIUM,0.64
2026-01-29T14:21:48.824782,DEBIT,389.59,MEDIUM,0.7
2026-01-29T14:21:51.111584,CASH_OUT,5735.55,LOW,0.04
2026-01-29T14:21:53.398301,CASH_IN,7842.54,MEDIUM,0.69
2026-01-29T14:21:55.706320,CASH_IN,9315.79,MEDIUM,0.79
2026-01-29T14:21:58.015924,DEBIT,3471.07,MEDIUM,0.76
2026-01-29T14:22:00.437623,PAYMENT,2508.54,MEDIUM,0.58
2026-01-29T14:22:02.851478,TRANSFER,2622.27,MEDIUM,0.73
2026-01-29T14:22:05.325516,TRANSFER,8796.54,HIGH,0.9
2026-01-29T14:22:07.836207,CASH_OUT,3742.91,HIGH,0.81
2026-01-29T14:22:10.312828,DEBIT,9409.77,MEDIUM,0.75
2026-01-29T14:22:12.730636,PAYMENT,3269.85,MEDIUM,0.61
2026-01-29T14:22:15.062672,TRANSFER,6557.41,MEDIUM,0.68
2026-01-29T14:22:17.381872,CASH_IN,7289.39,LOW,0.05
2026-01-29T14:22:19.652629,CASH_OUT,2121.14,HIGH,0.82
2026-01-29T14:22:21.940592,TRANSFER,9444.2,MEDIUM,0.77
2026-01-29T14:22:24.305932,CASH_IN,7102.77,LOW,0.0
2026-01-29T14:22:26.745233,CASH_IN,8738.38,LOW,0.0
2026-01-29T14:22:29.253369,CASH_IN,1960.34,LOW,0.07
2026-01-29T14:22:31.610029,CASH_OUT,3570.18,MEDIUM,0.8
2026-01-29T14:22:34.036767,DEBIT,1574.34,MEDIUM,0.8
2026-01-29T14:22:36.428924,PAYMENT,7540.82,MEDIUM,0.59
2026-01-29T14:22:38.762306,CASH_OUT,897.15,MEDIUM,0.7
2026-01-29T14:22:41.094491,DEBIT,3842.47,HIGH,0.83
2026-01-29T14:22:43.452426,DEBIT,7316.02,MEDIUM,0.74
2026-01-29T14:22:45.771610,DEBIT,1256.29,HIGH,0.81
2026-01-29T14:22:48.111965,CASH_IN,5330.4,LOW,0.0
2026-01-29T14:22:50.459558,DEBIT,381.01,HIGH,0.85
2026-01-29T14:22:52.746781,CASH_OUT,3762.13,HIGH,0.82
2026-01-29T14:22:54.992278,DEBIT,2988.61,HIGH,0.85
2026-01-29T14:22:57.212379,DEBIT,8089.41,MEDIUM,0.73
2026-01-29T14:22:59.507718,CASH_OUT,6092.02,MEDIUM,0.75
2026-01-29T14:23:01.728857,DEBIT,1257.04,MEDIUM,0.73
2026-01-29T14:23:04.040133,CASH_OUT,2552.41,LOW,0.01
2026-01-29T14:23:06.342057,DEBIT,783.48,MEDIUM,0.72
2026-01-29T14:23:08.707100,TRANSFER,1931.19,HIGH,0.85
2026-01-29T14:23:10.983929,CASH_OUT,5060.89,MEDIUM,0.72
2026-01-29T14:23:13.225846,CASH_IN,8980.23,MEDIUM,0.67
2026-01-29T14:23:15.537933,TRANSFER,3279.52,HIGH,0.82
2026-01-29T14:23:17.887069,TRANSFER,5212.96,HIGH,0.9
2026-01-29T14:23:20.176681,DEBIT,9433.71,LOW,0.0
2026-01-29T14:23:22.413671,DEBIT,1097.89,MEDIUM,0.76
2026-01-29T14:23:24.690600,CASH_OUT,3724.22,MEDIUM,0.79
2026-01-29T14:23:26.941540,PAYMENT,9318.73,MEDIUM,0.71
2026-01-29T14:23:29.202293,CASH_OUT,2032.54,HIGH,0.82
2026-01-29T14:23:31.575190,PAYMENT,7018.71,MEDIUM,0.54
2026-01-29T14:23:34.028001,TRANSFER,9909.68,MEDIUM,0.74
2026-01-29T14:23:36.355608,CASH_IN,4680.2,MEDIUM,0.77
2026-01-29T14:23:38.710839,DEBIT,4216.55,MEDIUM,0.74
2026-01-29T14:23:41.043750,TRANSFER,529.28,HIGH,0.84
2026-01-29T14:23:43.450222,DEBIT,7668.18,MEDIUM,0.66
2026-01-29T14:23:45.877476,CASH_IN,4890.26,HIGH,0.81
2026-01-29T14:23:48.270208,TRANSFER,6290.75,MEDIUM,0.78
2026-01-29T14:23:50.575351,CASH_OUT,1752.0,LOW,0.02
2026-01-29T14:23:52.851088,DEBIT,3033.75,HIGH,0.85
2026-01-29T14:23:55.099216,TRANSFER,1115.65,MEDIUM,0.79
2026-01-29T14:23:57.439088,DEBIT,1181.68,MEDIUM,0.65
2026-01-29T14:23:59.785371,DEBIT,3797.97,MEDIUM,0.73
2026-01-29T14:24:02.192770,CASH_IN,1099.19,HIGH,0.81
2026-01-29T14:24:04.456726,PAYMENT,1055.23,MEDIUM,0.71
2026-01-29T14:24:06.809448,DEBIT,2683.34,MEDIUM,0.77
2026-01-29T14:24:09.203315,CASH_OUT,8322.07,MEDIUM,0.74
2026-01-29T14:24:11.538787,PAYMENT,9917.02,LOW,0.0
2026-01-29T14:24:13.925888,TRANSFER,3477.37,LOW,0.07
2026-01-29T14:24:16.287283,CASH_IN,9368.62,LOW,0.0
2026-01-29T14:24:18.626821,CASH_IN,5245.2,MEDIUM,0.6
2026-01-29T14:24:20.926336,PAYMENT,734.98,MEDIUM,0.67
2026-01-29T14:24:23.216729,CASH_IN,3599.22,MEDIUM,0.75
2026-01-29T14:24:25.627554,DEBIT,7470.88,MEDIUM,0.74
2026-01-29T14:24:28.023704,CASH_IN,335.89,LOW,0.03
2026-01-29T14:24:30.454002,PAYMENT,8111.19,LOW,0.0
2026-01-29T14:24:32.755269,CASH_IN,4740.2,MEDIUM,0.67
2026-01-29T14:24:34.975631,DEBIT,3611.76,LOW,0.0
2026-01-29T14:24:37.275581,DEBIT,101.98,LOW,0.05
2026-01-29T14:24:39.576300,PAYMENT,9909.64,MEDIUM,0.7
2026-01-29T14:24:41.905355,PAYMENT,3950.61,LOW,0.0
2026-01-29T14:24:44.181290,PAYMENT,4234.03,MEDIUM,0.6
2026-01-29T14:24:46.581511,DEBIT,6772.92,MEDIUM,0.8
2026-01-29T14:24:48.927407,CASH_IN,9339.03,LOW,0.0
2026-01-29T14:24:51.242562,TRANSFER,4475.83,LOW,0.01
2026-01-29T14:24:53.526018,PAYMENT,7202.15,LOW,0.0
2026-01-29T14:24:55.829529,TRANSFER,2229.1,MEDIUM,0.7
2026-01-29T14:24:58.128904,TRANSFER,1456.84,HIGH,0.9
2026-01-29T14:24:58.448845,CASH_OUT,1000.0,MEDIUM,0.7
2026-01-29T14:24:58.549080,PAYMENT,7014.62,MEDIUM,0.6
2026-01-29T14:25:00.870843,CASH_IN,4058.87,HIGH,0.81
2026-01-29T14:25:03.204837,DEBIT,8266.62,HIGH,0.84
2026-01-29T14:25:05.583559,CASH_OUT,8008.37,LOW,0.01
2026-01-29T14:25:08.090198,DEBIT,6343.54,MEDIUM,0.71
2026-01-29T14:25:10.447261,CASH_IN,9602.99,MEDIUM,0.75
2026-01-29T14:25:12.751124,DEBIT,6108.4,MEDIUM,0.74
2026-01-29T14:25:15.158335,CASH_OUT,5008.19,LOW,0.17
2026-01-29T14:25:17.678757,CASH_IN,6213.21,MEDIUM,0.7
2026-01-29T14:25:19.983369,CASH_IN,3547.95,MEDIUM,0.69
2026-01-29T14:25:22.236626,CASH_IN,1478.77,LOW,0.03
2026-01-29T14:25:24.548227,CASH_OUT,4224.31,MEDIUM,0.75
2026-01-29T14:25:26.840553,PAYMENT,1426.98,MEDIUM,0.55
2026-01-29T14:25:29.332349,CASH_IN,661.91,MEDIUM,0.8
2026-01-29T14:25:31.687770,DEBIT,9756.52,LOW,0.0
2026-01-29T14:25:35.075081,CASH_IN,7415.4,MEDIUM,0.77
2026-01-29T14:25:37.588128,TRANSFER,7073.8,HIGH,0.9
2026-01-29T14:25:40.077533,CASH_IN,5576.59,MEDIUM,0.7
2026-01-29T14:25:42.469728,TRANSFER,8846.47,LOW,0.01
2026-01-29T14:25:44.933844,CASH_IN,4475.36,MEDIUM,0.79
2026-01-29T14:25:47.456023,PAYMENT,4403.3,MEDIUM,0.6
2026-01-29T14:25:49.871996,PAYMENT,888.71,MEDIUM,0.61
2026-01-29T14:25:52.224344,CASH_IN,6771.53,HIGH,0.81
2026-01-29T14:25:54.627378,PAYMENT,9049.74,LOW,0.0
2026-01-29T14:25:57.135382,TRANSFER,5872.71,MEDIUM,0.79
2026-01-29T14:25:59.688223,TRANSFER,9774.78,MEDIUM,0.79
2026-01-29T14:26:02.198211,TRANSFER,2415.04,LOW,0.08
2026-01-29T14:26:04.671850,DEBIT,9187.34,MEDIUM,0.73
2026-01-29T14:26:07.150634,PAYMENT,1063.66,MEDIUM,0.7
2026-01-29T14:26:09.676344,CASH_OUT,696.79,MEDIUM,0.79
2026-01-29T14:26:12.097167,DEBIT,4154.95,MEDIUM,0.73
2026-01-29T14:26:14.607013,CASH_OUT,519.53,MEDIUM,0.76
2026-01-29T14:26:17.239770,CASH_IN,6922.72,LOW,0.0
2026-01-29T14:26:19.717066,CASH_OUT,288.05,HIGH,0.81
2026-01-29T14:26:22.094693,PAYMENT,5435.64,MEDIUM,0.62
2026-01-29T14:26:24.418375,PAYMENT,5549.81,MEDIUM,0.67
2026-01-29T14:26:26.979482,PAYMENT,3972.54,MEDIUM,0.62
2026-01-29T14:26:29.476865,CASH_OUT,9312.39,LOW,0.01
2026-01-29T14:26:31.812013,CASH_OUT,8119.95,HIGH,0.86
2026-01-29T14:26:34.302184,CASH_OUT,8215.98,MEDIUM,0.75
2026-01-29T14:26:36.672130,TRANSFER,5171.47,MEDIUM,0.74
2026-01-29T14:26:39.214661,CASH_IN,6896.38,HIGH,0.81
2026-01-29T14:26:41.747954,PAYMENT,4763.46,MEDIUM,0.54
2026-01-29T14:26:44.300578,TRANSFER,7070.97,MEDIUM,0.74
2026-01-29T14:26:46.832262,CASH_OUT,5709.25,HIGH,0.85
2026-01-29T14:26:49.247520,CASH_IN,9087.6,MEDIUM,0.66
2026-01-29T14:26:51.622744,DEBIT,5111.75,MEDIUM,0.73
2026-01-29T14:26:53.969461,CASH_IN,4517.96,LOW,0.0
2026-01-29T14:26:56.428088,CASH_OUT,6171.75,MEDIUM,0.73
2026-01-29T14:26:58.898072,DEBIT,1670.36,MEDIUM,0.74
2026-01-29T14:27:01.392660,TRANSFER,6095.88,MEDIUM,0.78
2026-01-29T14:27:03.727238,CASH_OUT,1018.86,MEDIUM,0.75
2026-01-29T14:27:06.131886,TRANSFER,785.22,MEDIUM,0.74
2026-01-29T14:27:08.592666,TRANSFER,8052.66,MEDIUM,0.79
2026-01-29T14:27:11.120516,TRANSFER,4344.01,MEDIUM,0.75
2026-01-29T14:27:13.677842,CASH_IN,5503.87,MEDIUM,0.69
2026-01-29T14:27:16.195307,DEBIT,4585.97,MEDIUM,0.73
2026-01-29T14:27:18.643401,CASH_IN,2746.82,MEDIUM,0.66
2026-01-29T14:27:21.048159,DEBIT,3900.23,LOW,0.0
2026-01-29T14:27:23.367890,DEBIT,8556.02,HIGH,0.83
2026-01-29T14:27:25.805224,PAYMENT,9254.54,MEDIUM,0.59
2026-01-29T14:27:28.224984,DEBIT,6201.0,MEDIUM,0.7
2026-01-29T14:27:30.730643,CASH_IN,2861.75,MEDIUM,0.8
2026-01-29T14:27:33.122994,PAYMENT,6446.78,MEDIUM,0.61
2026-01-29T14:27:35.462809,TRANSFER,4984.53,HIGH,0.82
2026-01-29T14:27:37.985689,CASH_OUT,7360.88,MEDIUM,0.73
2026-01-29T14:27:40.417090,DEBIT,4694.48,LOW,0.0
2026-01-29T14:27:42.846883,CASH_OUT,3069.25,HIGH,0.85
2026-01-29T14:27:45.254298,CASH_IN,8799.38,LOW,0.03
2026-01-29T14:27:47.724221,PAYMENT,6082.27,MEDIUM,0.62
2026-01-29T14:27:50.074588,DEBIT,6503.23,LOW,0.0
2026-01-29T14:27:52.404972,CASH_IN,3661.74,HIGH,0.81
2026-01-29T14:27:54.705934,CASH_OUT,2039.1,LOW,0.05
2026-01-29T14:27:57.203203,PAYMENT,8582.11,MEDIUM,0.66
2026-01-29T14:27:59.752012,CASH_IN,7566.79,MEDIUM,0.68
2026-01-29T14:28:02.213290,TRANSFER,183.66,HIGH,0.85
2026-01-29T14:28:04.729333,DEBIT,7391.9,MEDIUM,0.73
2026-01-29T14:28:07.310294,CASH_OUT,7665.37,LOW,0.02
2026-01-29T14:28:09.964953,CASH_IN,6568.47,LOW,0.0
2026-01-29T14:28:12.330619,PAYMENT,4525.98,LOW,0.0
2026-01-29T14:28:14.700752,PAYMENT,5231.45,MEDIUM,0.67
2026-01-29T14:28:17.299265,PAYMENT,6388.88,MEDIUM,0.54
2026-01-29T14:28:19.773775,PAYMENT,7028.23,MEDIUM,0.61
2026-01-29T14:28:22.269062,DEBIT,9776.36,LOW,0.0
2026-01-29T14:28:24.689502,TRANSFER,7884.34,MEDIUM,0.78
2026-01-29T14:28:27.041180,CASH_IN,771.79,LOW,0.0
2026-01-29T14:28:29.497846,DEBIT,3143.56,LOW,0.03
2026-01-29T14:28:32.264024,PAYMENT,9467.57,MEDIUM,0.59
2026-01-29T14:28:34.635193,PAYMENT,1915.16,MEDIUM,0.63
2026-01-29T14:28:37.112306,DEBIT,2105.01,MEDIUM,0.66
2026-01-29T14:28:39.663622,PAYMENT,8565.88,MEDIUM,0.67
2026-01-29T14:28:41.964662,PAYMENT,551.91,LOW,0.02
2026-01-29T14:28:44.457017,CASH_IN,9624.49,MEDIUM,0.62
2026-01-29T14:28:46.959056,PAYMENT,4246.9,MEDIUM,0.7
2026-01-29T14:28:49.310375,CASH_IN,8456.27,MEDIUM,0.67
2026-01-29T14:28:51.645737,TRANSFER,4041.19,LOW,0.07
2026-01-29T14:28:54.050535,PAYMENT,9949.84,MEDIUM,0.62
2026-01-29T14:28:56.484078,PAYMENT,1050.91,MEDIUM,0.63
2026-01-29T14:28:59.060293,TRANSFER,3918.19,HIGH,0.83
2026-01-29T14:29:01.621172,TRANSFER,1608.64,MEDIUM,0.74
2026-01-29T14:29:04.039006,PAYMENT,7380.59,MEDIUM,0.67
2026-01-29T14:29:06.399802,PAYMENT,8517.66,MEDIUM,0.62
2026-01-29T14:29:08.631547,CASH_IN,8823.42,MEDIUM,0.75
2026-01-29T14:29:10.880964,CASH_IN,2167.9,MEDIUM,0.73
2026-01-29T14:29:13.168671,CASH_OUT,8028.91,MEDIUM,0.75
2026-01-29T14:29:15.447476,CASH_IN,220.03,MEDIUM,0.77
2026-01-29T14:29:17.707697,DEBIT,9282.29,HIGH,0.85
2026-01-29T14:29:20.023404,PAYMENT,6647.88,LOW,0.0
2026-01-29T14:29:22.316054,PAYMENT,2233.95,LOW,0.0
2026-01-29T14:29:24.676375,PAYMENT,6335.0,LOW,0.0
2026-01-29T14:29:27.164907,CASH_OUT,6557.86,MEDIUM,0.75
2026-01-29T14:29:29.677088,TRANSFER,1585.29,MEDIUM,0.79
2026-01-29T14:29:32.172520,PAYMENT,5037.91,MEDIUM,0.62
2026-01-29T14:29:34.597259,DEBIT,7295.5,MEDIUM,0.66
2026-01-29T14:29:37.014421,DEBIT,659.76,MEDIUM,0.71
2026-01-29T14:29:40.826736,PAYMENT,0.0,LOW,0.28
2026-01-29T14:29:40.888578,PAYMENT,0.0,LOW,0.28
2026-01-29T14:29:40.943136,PAYMENT,0.0,LOW,0.28
2026-01-29T14:29:40.987419,PAYMENT,0.0,LOW,0.28
2026-01-29T14:29:41.059627,PAYMENT,0.0,LOW,0.28
2026-01-29T14:29:41.122542,PAYMENT,0.0,LOW,0.28
2026-01-29T14:29:41.205629,PAYMENT,0.0,LOW,0.28
2026-01-29T14:29:41.261466,PAYMENT,0.0,LOW,0.28
2026-01-29T14:29:41.317495,PAYMENT,0.0,LOW,0.28
2026-01-29T14:29:41.374618,PAYMENT,0.0,LOW,0.28
2026-01-29T14:29:41.431855,PAYMENT,0.0,LOW,0.28
2026-01-29T14:29:41.497084,PAYMENT,0.0,LOW,0.28
2026-01-29T14:29:41.563853,PAYMENT,0.0,LOW,0.28
2026-01-29T14:29:41.626251,PAYMENT,0.0,LOW,0.28
2026-01-29T14:29:41.686048,PAYMENT,0.0,LOW,0.28
2026-01-29T14:29:41.753008,PAYMENT,0.0,LOW,0.28
2026-01-29T14:29:41.812918,PAYMENT,0.0,LOW,0.28
2026-01-29T14:29:41.867433,PAYMENT,0.0,LOW,0.28
2026-01-29T14:29:41.929833,PAYMENT,0.0,LOW,0.28
2026-01-29T14:29:41.997234,PAYMENT,0.0,LOW,0.28
2026-01-29T14:29:42.054504,PAYMENT,0.0,LOW,0.28
2026-01-29T14:29:42.138221,PAYMENT,0.0,LOW,0.28
2026-01-29T14:29:42.195615,PAYMENT,0.0,LOW,0.28
2026-01-29T14:29:42.256350,PAYMENT,0.0,LOW,0.28
2026-01-29T14:29:42.320342,PAYMENT,0.0,LOW,0.28
2026-01-29T14:29:42.379837,PAYMENT,0.0,LOW,0.28
2026-01-29T14:29:42.437146,PAYMENT,0.0,LOW,0.28
2026-01-29T14:29:42.497682,PAYMENT,0.0,LOW,0.28
2026-01-29T14:29:42.563028,PAYMENT,0.0,LOW,0.28
2026-01-29T14:29:42.627819,PAYMENT,0.0,LOW,0.28
2026-01-29T14:29:42.709221,PAYMENT,0.0,LOW,0.28
2026-01-29T14:29:42.770981,PAYMENT,0.0,LOW,0.28
2026-01-29T14:29:42.830673,PAYMENT,0.0,LOW,0.28
2026-01-29T14:29:42.886937,PAYMENT,0.0,LOW,0.28
2026-01-29T14:29:42.946193,PAYMENT,0.0,LOW,0.28
2026-01-29T14:29:43.010355,PAYMENT,0.0,LOW,0.28
2026-01-29T14:29:43.072268,PAYMENT,0.0,LOW,0.28
2026-01-29T14:29:43.132530,PAYMENT,0.0,LOW,0.28
2026-01-29T14:29:43.193969,PAYMENT,0.0,LOW,0.28
2026-01-29T14:29:43.254229,PAYMENT,0.0,LOW,0.28
2026-01-29T14:29:43.320645,PAYMENT,0.0,LOW,0.28
2026-01-29T14:29:43.378796,PAYMENT,0.0,LOW,0.28
2026-01-29T14:29:43.440888,PAYMENT,0.0,LOW,0.28
2026-01-29T14:29:43.521457,PAYMENT,0.0,LOW,0.28
2026-01-29T14:29:43.606715,PAYMENT,0.0,LOW,0.28
2026-01-29T14:29:43.685764,PAYMENT,0.0,LOW,0.28
2026-01-29T14:29:43.795861,PAYMENT,0.0,LOW,0.28
2026-01-29T14:29:43.895385,PAYMENT,0.0,LOW,0.28
2026-01-29T14:29:43.956354,PAYMENT,0.0,LOW,0.28
2026-01-29T14:29:44.013191,PAYMENT,0.0,LOW,0.28
2026-01-29T14:29:44.068533,PAYMENT,0.0,LOW,0.28
2026-01-29T14:29:44.124500,PAYMENT,0.0,LOW,0.28
2026-01-29T14:29:44.178912,PAYMENT,0.0,LOW,0.28
2026-01-29T14:29:44.233741,PAYMENT,0.0,LOW,0.28
2026-01-29T14:29:44.288738,PAYMENT,0.0,LOW,0.28
2026-01-29T14:29:44.345848,PAYMENT,0.0,LOW,0.28
2026-01-29T14:29:44.401633,PAYMENT,0.0,LOW,0.28
2026-01-29T14:29:44.456087,PAYMENT,0.0,LOW,0.28
2026-01-29T14:29:44.511479,PAYMENT,0.0,LOW,0.28
2026-01-29T14:29:44.567677,PAYMENT,0.0,LOW,0.28
2026-01-29T14:29:44.625764,PAYMENT,0.0,LOW,0.28
2026-01-29T14:29:44.683604,PAYMENT,0.0,LOW,0.28
2026-01-29T14:29:44.771587,PAYMENT,0.0,LOW,0.28
2026-01-29T14:29:44.904305,PAYMENT,0.0,LOW,0.28
2026-01-29T14:29:44.964215,PAYMENT,0.0,LOW,0.28
2026-01-29T14:29:45.026930,PAYMENT,0.0,LOW,0.28
2026-01-29T14:29:45.126446,PAYMENT,0.0,LOW,0.28
2026-01-29T14:29:45.180573,PAYMENT,0.0,LOW,0.28
2026-01-29T14:29:45.240037,PAYMENT,0.0,LOW,0.28
2026-01-29T14:29:45.399430,PAYMENT,0.0,LOW,0.28
2026-01-29T14:29:45.455593,PAYMENT,0.0,LOW,0.28
2026-01-29T14:29:45.584683,PAYMENT,0.0,LOW,0.28
2026-01-29T14:29:45.643342,PAYMENT,0.0,LOW,0.28
2026-01-29T14:29:45.699884,PAYMENT,0.0,LOW,0.28
2026-01-29T14:29:45.757636,PAYMENT,0.0,LOW,0.28
2026-01-29T14:29:45.820613,PAYMENT,0.0,LOW,0.28
2026-01-29T14:29:45.927511,PAYMENT,0.0,LOW,0.28
2026-01-29T14:29:45.989701,PAYMENT,0.0,LOW,0.28
2026-01-29T14:29:46.050859,PAYMENT,0.0,LOW,0.28
2026-01-29T14:29:46.112675,PAYMENT,0.0,LOW,0.28
2026-01-29T14:29:46.223797,PAYMENT,0.0,LOW,0.28
2026-01-29T14:29:46.317313,PAYMENT,0.0,LOW,0.28
2026-01-29T14:29:46.426654,PAYMENT,0.0,LOW,0.28
2026-01-29T14:29:46.492261,PAYMENT,0.0,LOW,0.28
2026-01-29T14:29:46.562912,PAYMENT,0.0,LOW,0.28
2026-01-29T14:29:46.657677,PAYMENT,0.0,LOW,0.28
2026-01-29T14:29:46.771633,PAYMENT,0.0,LOW,0.28
2026-01-29T14:29:46.842060,PAYMENT,0.0,LOW,0.28
2026-01-29T14:29:46.904580,PAYMENT,0.0,LOW,0.28
2026-01-29T14:29:47.004189,PAYMENT,0.0,LOW,0.28
2026-01-29T14:29:47.082561,PAYMENT,0.0,LOW,0.28
2026-01-29T14:29:47.161066,PAYMENT,0.0,LOW,0.28
2026-01-29T14:29:47.271457,PAYMENT,0.0,LOW,0.28
2026-01-29T14:29:47.384597,PAYMENT,0.0,LOW,0.28
2026-01-29T14:29:47.471066,PAYMENT,0.0,LOW,0.28
2026-01-29T14:29:47.564934,PAYMENT,0.0,LOW,0.28
2026-01-29T14:29:47.626505,PAYMENT,0.0,LOW,0.28
2026-01-29T14:29:47.731148,PAYMENT,0.0,LOW,0.28
2026-01-29T14:29:47.822893,PAYMENT,0.0,LOW,0.28
2026-01-29T14:29:47.882927,PAYMENT,0.0,LOW,0.28
2026-01-29T14:29:47.942024,PAYMENT,0.0,LOW,0.28
2026-01-29T14:29:48.004076,PAYMENT,0.0,LOW,0.28
2026-01-29T14:29:48.069640,PAYMENT,0.0,LOW,0.28
2026-01-29T14:29:48.132983,PAYMENT,0.0,LOW,0.28
2026-01-29T14:29:48.199814,PAYMENT,0.0,LOW,0.28
2026-01-29T14:29:48.255347,PAYMENT,0.0,LOW,0.28
2026-01-29T14:29:48.325317,PAYMENT,0.0,LOW,0.28
2026-01-29T14:29:48.399682,PAYMENT,0.0,LOW,0.28
2026-01-29T14:29:48.459308,PAYMENT,0.0,LOW,0.28
2026-01-29T14:29:48.515732,PAYMENT,0.0,LOW,0.28
2026-01-29T14:29:48.561070,PAYMENT,0.0,LOW,0.28
2026-01-29T14:29:48.625034,PAYMENT,0.0,LOW,0.28
2026-01-29T14:29:48.686171,PAYMENT,0.0,LOW,0.28
2026-01-29T14:29:48.744376,PAYMENT,0.0,LOW,0.28
2026-01-29T14:29:48.804378,PAYMENT,0.0,LOW,0.28
2026-01-29T14:29:48.866795,PAYMENT,0.0,LOW,0.28
2026-01-29T14:29:48.929193,PAYMENT,0.0,LOW,0.28
2026-01-29T14:29:48.985284,PAYMENT,0.0,LOW,0.28
2026-01-29T14:29:49.045999,PAYMENT,0.0,LOW,0.28
2026-01-29T14:29:49.111808,PAYMENT,0.0,LOW,0.28
2026-01-29T14:29:49.174224,PAYMENT,0.0,LOW,0.28
2026-01-29T14:29:49.217568,PAYMENT,0.0,LOW,0.28
2026-01-29T14:29:49.278101,PAYMENT,0.0,LOW,0.28
2026-01-29T14:29:49.332696,PAYMENT,0.0,LOW,0.28
2026-01-29T14:29:49.388853,PAYMENT,0.0,LOW,0.28
2026-01-29T14:29:49.443241,PAYMENT,0.0,LOW,0.28
2026-01-29T14:29:49.500400,PAYMENT,0.0,LOW,0.28
2026-01-29T14:29:49.559372,PAYMENT,0.0,LOW,0.28
2026-01-29T14:29:49.614708,PAYMENT,0.0,LOW,0.28
2026-01-29T14:29:49.671364,PAYMENT,0.0,LOW,0.28
2026-01-29T14:29:49.727045,PAYMENT,0.0,LOW,0.28
2026-01-29T14:29:49.791593,PAYMENT,0.0,LOW,0.28
2026-01-29T14:29:49.851087,PAYMENT,0.0,LOW,0.28
2026-01-29T14:29:49.903645,PAYMENT,0.0,LOW,0.28
2026-01-29T14:29:49.960498,PAYMENT,0.0,LOW,0.28
2026-01-29T14:29:50.014628,PAYMENT,0.0,LOW,0.28
2026-01-29T14:29:50.073119,PAYMENT,0.0,LOW,0.28
2026-01-29T14:29:50.127491,PAYMENT,0.0,LOW,0.28
2026-01-29T14:29:50.184706,PAYMENT,0.0,LOW,0.28
2026-01-29T14:29:50.240773,PAYMENT,0.0,LOW,0.28
2026-01-29T14:29:50.304738,PAYMENT,0.0,LOW,0.28
2026-01-29T14:29:50.359703,PAYMENT,0.0,LOW,0.28
2026-01-29T14:29:50.418104,PAYMENT,0.0,LOW,0.28
2026-01-29T14:29:50.480296,PAYMENT,0.0,LOW,0.28
2026-01-29T14:29:50.560438,PAYMENT,0.0,LOW,0.28
2026-01-29T14:29:50.620112,PAYMENT,0.0,LOW,0.28
2026-01-29T14:29:50.680704,PAYMENT,0.0,LOW,0.28
2026-01-29T14:29:50.765569,PAYMENT,0.0,LOW,0.28
2026-01-29T14:29:50.833473,PAYMENT,0.0,LOW,0.28
2026-01-29T14:29:50.893375,PAYMENT,0.0,LOW,0.28
2026-01-29T14:29:50.953755,PAYMENT,0.0,LOW,0.28
2026-01-29T14:29:51.019782,PAYMENT,0.0,LOW,0.28
2026-01-29T14:29:51.089165,PAYMENT,0.0,LOW,0.28
2026-01-29T14:29:51.158239,PAYMENT,0.0,LOW,0.28
2026-01-29T14:29:51.225982,PAYMENT,0.0,LOW,0.28
2026-01-29T14:29:51.310184,PAYMENT,0.0,LOW,0.28
2026-01-29T14:29:51.365475,PAYMENT,0.0,LOW,0.28
2026-01-29T14:29:51.427968,PAYMENT,0.0,LOW,0.28
2026-01-29T14:29:51.480019,PAYMENT,0.0,LOW,0.28
2026-01-29T14:29:51.544111,PAYMENT,0.0,LOW,0.28
2026-01-29T14:29:51.619831,PAYMENT,0.0,LOW,0.28
2026-01-29T14:29:51.674682,PAYMENT,0.0,LOW,0.28
2026-01-29T14:29:51.734881,PAYMENT,0.0,LOW,0.28
2026-01-29T14:29:51.792291,PAYMENT,0.0,LOW,0.28
2026-01-29T14:29:51.851177,PAYMENT,0.0,LOW,0.28
2026-01-29T14:29:51.907152,PAYMENT,0.0,LOW,0.28
2026-01-29T14:29:51.960650,PAYMENT,0.0,LOW,0.28
2026-01-29T14:29:52.039888,PAYMENT,0.0,LOW,0.28
2026-01-29T14:29:52.125359,PAYMENT,0.0,LOW,0.28
2026-01-29T14:29:52.188795,PAYMENT,0.0,LOW,0.28
2026-01-29T14:29:52.232916,PAYMENT,0.0,LOW,0.28
2026-01-29T14:29:52.308746,PAYMENT,0.0,LOW,0.28
2026-01-29T14:29:52.383822,PAYMENT,0.0,LOW,0.28
2026-01-29T14:29:52.457424,PAYMENT,0.0,LOW,0.28
2026-01-29T14:29:52.517708,PAYMENT,0.0,LOW,0.28
2026-01-29T14:29:52.582145,PAYMENT,0.0,LOW,0.28
2026-01-29T14:29:52.679111,PAYMENT,0.0,LOW,0.28
2026-01-29T14:29:52.739817,PAYMENT,0.0,LOW,0.28
2026-01-29T14:29:52.815973,PAYMENT,0.0,LOW,0.28
2026-01-29T14:29:52.870442,PAYMENT,0.0,LOW,0.28
2026-01-29T14:29:52.929209,PAYMENT,0.0,LOW,0.28
2026-01-29T14:29:52.986323,PAYMENT,0.0,LOW,0.28
2026-01-29T14:29:53.047626,PAYMENT,0.0,LOW,0.28
2026-01-29T14:29:53.104604,PAYMENT,0.0,LOW,0.28
2026-01-29T14:29:53.165669,PAYMENT,0.0,LOW,0.28
2026-01-29T14:29:53.225057,PAYMENT,0.0,LOW,0.28
2026-01-29T14:29:53.280837,PAYMENT,0.0,LOW,0.28
2026-01-29T14:29:53.348095,PAYMENT,0.0,LOW,0.28
2026-01-29T14:29:53.407279,PAYMENT,0.0,LOW,0.28
2026-01-29T14:29:53.484126,PAYMENT,0.0,LOW,0.28
2026-01-29T14:29:53.541624,PAYMENT,0.0,LOW,0.28
2026-01-29T14:29:53.600747,PAYMENT,0.0,LOW,0.28
2026-01-29T14:29:53.768002,PAYMENT,0.0,LOW,0.28
2026-01-29T14:29:53.828817,PAYMENT,0.0,LOW,0.28
2026-01-29T14:29:53.897416,PAYMENT,0.0,LOW,0.28
2026-01-29T14:29:53.957281,PAYMENT,0.0,LOW,0.28
2026-01-29T14:29:54.013155,PAYMENT,0.0,LOW,0.28
2026-01-29T14:29:54.068155,PAYMENT,0.0,LOW,0.28
2026-01-29T14:29:54.127466,PAYMENT,0.0,LOW,0.28
2026-01-29T14:29:54.191280,PAYMENT,0.0,LOW,0.28
2026-01-29T14:29:54.238247,PAYMENT,0.0,LOW,0.28
2026-01-29T14:29:54.290146,PAYMENT,0.0,LOW,0.28
2026-01-29T14:29:54.365944,PAYMENT,0.0,LOW,0.28
2026-01-29T14:29:54.427158,PAYMENT,0.0,LOW,0.28
2026-01-29T14:29:54.492476,PAYMENT,0.0,LOW,0.28
2026-01-29T14:29:54.553967,PAYMENT,0.0,LOW,0.28
2026-01-29T14:29:54.611130,PAYMENT,0.0,LOW,0.28
2026-01-29T14:29:54.669183,PAYMENT,0.0,LOW,0.28
2026-01-29T14:29:54.726106,PAYMENT,0.0,LOW,0.28
2026-01-29T14:29:54.784847,PAYMENT,0.0,LOW,0.28
2026-01-29T14:29:54.841681,PAYMENT,0.0,LOW,0.28
2026-01-29T14:29:54.896868,PAYMENT,0.0,LOW,0.28
2026-01-29T14:29:54.953080,PAYMENT,0.0,LOW,0.28
2026-01-29T14:29:55.010516,PAYMENT,0.0,LOW,0.28
2026-01-29T14:29:55.067820,PAYMENT,0.0,LOW,0.28
2026-01-29T14:29:55.121558,PAYMENT,0.0,LOW,0.28
2026-01-29T14:29:55.195357,PAYMENT,0.0,LOW,0.28
2026-01-29T14:29:55.250403,PAYMENT,0.0,LOW,0.28
2026-01-29T14:29:55.305840,PAYMENT,0.0,LOW,0.28
2026-01-29T14:29:55.412528,PAYMENT,0.0,LOW,0.28
2026-01-29T14:29:55.535124,PAYMENT,0.0,LOW,0.28
2026-01-29T14:29:55.620860,PAYMENT,0.0,LOW,0.28
2026-01-29T14:29:55.665064,PAYMENT,0.0,LOW,0.28
2026-01-29T14:29:55.724431,PAYMENT,0.0,LOW,0.28
2026-01-29T14:29:55.767743,PAYMENT,0.0,LOW,0.28
2026-01-29T14:29:55.812002,PAYMENT,0.0,LOW,0.28
2026-01-29T14:29:55.873203,PAYMENT,0.0,LOW,0.28
2026-01-29T14:29:55.941570,PAYMENT,0.0,LOW,0.28
2026-01-29T14:29:56.002396,PAYMENT,0.0,LOW,0.28
2026-01-29T14:29:56.044846,PAYMENT,0.0,LOW,0.28
2026-01-29T14:29:56.101342,PAYMENT,0.0,LOW,0.28
2026-01-29T14:29:56.207834,PAYMENT,0.0,LOW,0.28
2026-01-29T14:29:56.295127,PAYMENT,0.0,LOW,0.28
2026-01-29T14:29:56.382807,PAYMENT,0.0,LOW,0.28
2026-01-29T14:29:56.444864,PAYMENT,0.0,LOW,0.28
2026-01-29T14:29:56.544728,PAYMENT,0.0,LOW,0.28
2026-01-29T14:29:56.648065,PAYMENT,0.0,LOW,0.28
2026-01-29T14:29:56.749802,PAYMENT,0.0,LOW,0.28
2026-01-29T14:29:56.802475,PAYMENT,0.0,LOW,0.28
2026-01-29T14:29:56.863381,PAYMENT,0.0,LOW,0.28
2026-01-29T14:29:56.928655,PAYMENT,0.0,LOW,0.28
2026-01-29T14:29:56.984414,PAYMENT,0.0,LOW,0.28
2026-01-29T14:29:57.052158,PAYMENT,0.0,LOW,0.28
2026-01-29T14:29:57.096993,PAYMENT,0.0,LOW,0.28
2026-01-29T14:29:57.164054,PAYMENT,0.0,LOW,0.28
2026-01-29T14:29:57.223177,PAYMENT,0.0,LOW,0.28
2026-01-29T14:29:57.272015,PAYMENT,0.0,LOW,0.28
2026-01-29T14:29:57.333524,PAYMENT,0.0,LOW,0.28
2026-01-29T14:29:57.396923,PAYMENT,0.0,LOW,0.28
2026-01-29T14:29:57.486569,PAYMENT,0.0,LOW,0.28
2026-01-29T14:29:57.597674,PAYMENT,0.0,LOW,0.28
2026-01-29T14:29:57.656226,PAYMENT,0.0,LOW,0.28
2026-01-29T14:29:57.722017,PAYMENT,0.0,LOW,0.28
2026-01-29T14:29:57.781038,PAYMENT,0.0,LOW,0.28
2026-01-29T14:29:57.836537,PAYMENT,0.0,LOW,0.28
2026-01-29T14:29:57.910334,PAYMENT,0.0,LOW,0.28
2026-01-29T14:29:57.957514,PAYMENT,0.0,LOW,0.28
2026-01-29T14:29:58.017693,PAYMENT,0.0,LOW,0.28
2026-01-29T14:29:58.088458,PAYMENT,0.0,LOW,0.28
2026-01-29T14:29:58.184442,PAYMENT,0.0,LOW,0.28
2026-01-29T14:29:58.283113,PAYMENT,0.0,LOW,0.28
2026-01-29T14:29:58.336364,PAYMENT,0.0,LOW,0.28
2026-01-29T14:29:58.410193,PAYMENT,0.0,LOW,0.28
2026-01-29T14:29:58.478453,PAYMENT,0.0,LOW,0.28
2026-01-29T14:29:58.556493,PAYMENT,0.0,LOW,0.28
2026-01-29T14:29:58.665142,PAYMENT,0.0,LOW,0.28
2026-01-29T14:29:58.752950,PAYMENT,0.0,LOW,0.28
2026-01-29T14:29:58.806352,PAYMENT,0.0,LOW,0.28
2026-01-29T14:29:58.863657,PAYMENT,0.0,LOW,0.28
2026-01-29T14:29:58.950644,PAYMENT,0.0,LOW,0.28
2026-01-29T14:29:59.004872,PAYMENT,0.0,LOW,0.28
2026-01-29T14:29:59.072227,PAYMENT,0.0,LOW,0.28
2026-01-29T14:29:59.205331,PAYMENT,0.0,LOW,0.28
2026-01-29T14:29:59.272454,PAYMENT,0.0,LOW,0.28
2026-01-29T14:29:59.327598,PAYMENT,0.0,LOW,0.28
2026-01-29T14:29:59.380774,PAYMENT,0.0,LOW,0.28
2026-01-29T14:29:59.444806,PAYMENT,0.0,LOW,0.28
2026-01-29T14:29:59.542899,PAYMENT,0.0,LOW,0.28
2026-01-29T14:29:59.640172,PAYMENT,0.0,LOW,0.28
2026-01-29T14:29:59.717237,PAYMENT,0.0,LOW,0.28
2026-01-29T14:29:59.774053,PAYMENT,0.0,LOW,0.28
2026-01-29T14:29:59.827238,PAYMENT,0.0,LOW,0.28
2026-01-29T14:29:59.882488,PAYMENT,0.0,LOW,0.28
2026-01-29T14:29:59.944234,PAYMENT,0.0,LOW,0.28
2026-01-29T14:30:00.008439,PAYMENT,0.0,LOW,0.28
2026-01-29T14:30:00.064819,PAYMENT,0.0,LOW,0.28
2026-01-29T14:30:00.122438,PAYMENT,0.0,LOW,0.28
2026-01-29T14:30:00.172321,PAYMENT,0.0,LOW,0.28
2026-01-29T14:30:00.248194,PAYMENT,0.0,LOW,0.28
2026-01-29T14:30:00.290505,PAYMENT,0.0,LOW,0.28
2026-01-29T14:30:00.360592,PAYMENT,0.0,LOW,0.28
2026-01-29T14:30:00.465913,PAYMENT,0.0,LOW,0.28
2026-01-29T14:30:00.561143,PAYMENT,0.0,LOW,0.28
2026-01-29T14:30:00.626531,PAYMENT,0.0,LOW,0.28
2026-01-29T14:30:00.695926,PAYMENT,0.0,LOW,0.28
2026-01-29T14:30:00.791224,PAYMENT,0.0,LOW,0.28
2026-01-29T14:30:00.852774,PAYMENT,0.0,LOW,0.28
2026-01-29T14:30:00.916298,PAYMENT,0.0,LOW,0.28
2026-01-29T14:30:00.986865,PAYMENT,0.0,LOW,0.28
2026-01-29T14:30:01.033740,PAYMENT,0.0,LOW,0.28
2026-01-29T14:30:01.125609,PAYMENT,0.0,LOW,0.28
2026-01-29T14:30:01.207489,PAYMENT,0.0,LOW,0.28
2026-01-29T14:30:01.290671,PAYMENT,0.0,LOW,0.28
2026-01-29T14:30:01.383853,PAYMENT,0.0,LOW,0.28
2026-01-29T14:30:01.496728,PAYMENT,0.0,LOW,0.28
2026-01-29T14:30:01.602655,PAYMENT,0.0,LOW,0.28
2026-01-29T14:30:01.699208,PAYMENT,0.0,LOW,0.28
2026-01-29T14:30:01.790498,PAYMENT,0.0,LOW,0.28
2026-01-29T14:30:01.899404,PAYMENT,0.0,LOW,0.28
2026-01-29T14:30:01.996543,PAYMENT,0.0,LOW,0.28
2026-01-29T14:30:02.094675,PAYMENT,0.0,LOW,0.28
2026-01-29T14:30:02.181418,PAYMENT,0.0,LOW,0.28
2026-01-29T14:30:02.264264,PAYMENT,0.0,LOW,0.28
2026-01-29T14:30:02.368654,PAYMENT,0.0,LOW,0.28
2026-01-29T14:30:02.414095,PAYMENT,0.0,LOW,0.28
2026-01-29T14:30:02.457142,PAYMENT,0.0,LOW,0.28
2026-01-29T14:30:02.520984,PAYMENT,0.0,LOW,0.28
2026-01-29T14:30:02.578596,PAYMENT,0.0,LOW,0.28
2026-01-29T14:30:02.646116,PAYMENT,0.0,LOW,0.28
2026-01-29T14:30:02.718194,PAYMENT,0.0,LOW,0.28
2026-01-29T14:30:02.826382,PAYMENT,0.0,LOW,0.28
2026-01-29T14:30:02.911979,PAYMENT,0.0,LOW,0.28
2026-01-29T14:30:02.954637,PAYMENT,0.0,LOW,0.28
2026-01-29T14:30:03.018371,PAYMENT,0.0,LOW,0.28
2026-01-29T14:30:03.118926,PAYMENT,0.0,LOW,0.28
2026-01-29T14:30:03.208597,PAYMENT,0.0,LOW,0.28
2026-01-29T14:30:03.301585,PAYMENT,0.0,LOW,0.28
2026-01-29T14:30:03.354093,PAYMENT,0.0,LOW,0.28
2026-01-29T14:30:03.412782,PAYMENT,0.0,LOW,0.28
2026-01-29T14:30:03.480842,PAYMENT,0.0,LOW,0.28
2026-01-29T14:30:03.528118,PAYMENT,0.0,LOW,0.28
2026-01-29T14:30:03.570707,PAYMENT,0.0,LOW,0.28
2026-01-29T14:30:03.657775,PAYMENT,0.0,LOW,0.28
2026-01-29T14:30:03.766554,PAYMENT,0.0,LOW,0.28
2026-01-29T14:30:03.867145,PAYMENT,0.0,LOW,0.28
2026-01-29T14:30:03.976872,PAYMENT,0.0,LOW,0.28
2026-01-29T14:30:04.078642,PAYMENT,0.0,LOW,0.28
2026-01-29T14:30:04.185141,PAYMENT,0.0,LOW,0.28
2026-01-29T14:30:04.296107,PAYMENT,0.0,LOW,0.28
2026-01-29T14:30:04.398198,PAYMENT,0.0,LOW,0.28
2026-01-29T14:30:04.501593,PAYMENT,0.0,LOW,0.28
2026-01-29T14:30:04.568030,PAYMENT,0.0,LOW,0.28
2026-01-29T14:30:04.652526,PAYMENT,0.0,LOW,0.28
2026-01-29T14:30:04.708952,PAYMENT,0.0,LOW,0.28
2026-01-29T14:30:04.750850,PAYMENT,0.0,LOW,0.28
2026-01-29T14:30:04.811255,PAYMENT,0.0,LOW,0.28
2026-01-29T14:30:04.916479,PAYMENT,0.0,LOW,0.28
2026-01-29T14:30:04.975695,PAYMENT,0.0,LOW,0.28
2026-01-29T14:30:05.038540,PAYMENT,0.0,LOW,0.28
2026-01-29T14:30:05.093074,PAYMENT,0.0,LOW,0.28
2026-01-29T14:30:05.148740,PAYMENT,0.0,LOW,0.28
2026-01-29T14:30:05.206061,PAYMENT,0.0,LOW,0.28
2026-01-29T14:30:05.275814,PAYMENT,0.0,LOW,0.28
2026-01-29T14:30:05.355673,PAYMENT,0.0,LOW,0.28
2026-01-29T14:30:05.410613,PAYMENT,0.0,LOW,0.28
2026-01-29T14:30:05.492681,PAYMENT,0.0,LOW,0.28
2026-01-29T14:30:05.558814,PAYMENT,0.0,LOW,0.28
2026-01-29T14:30:05.620259,PAYMENT,0.0,LOW,0.28
2026-01-29T14:30:05.702672,PAYMENT,0.0,LOW,0.28
2026-01-29T14:30:05.765804,PAYMENT,0.0,LOW,0.28
2026-01-29T14:30:05.859740,PAYMENT,0.0,LOW,0.28
2026-01-29T14:30:05.928246,PAYMENT,0.0,LOW,0.28
2026-01-29T14:30:05.997207,PAYMENT,0.0,LOW,0.28
2026-01-29T14:30:06.070784,PAYMENT,0.0,LOW,0.28
2026-01-29T14:30:06.125817,PAYMENT,0.0,LOW,0.28
2026-01-29T14:30:06.206055,PAYMENT,0.0,LOW,0.28
2026-01-29T14:30:06.263096,PAYMENT,0.0,LOW,0.28
2026-01-29T14:30:06.343035,PAYMENT,0.0,LOW,0.28
2026-01-29T14:30:06.395037,PAYMENT,0.0,LOW,0.28
2026-01-29T14:30:06.438552,PAYMENT,0.0,LOW,0.28
2026-01-29T14:30:06.482707,PAYMENT,0.0,LOW,0.28
2026-01-29T14:30:06.526509,PAYMENT,0.0,LOW,0.28
2026-01-29T14:30:06.583816,PAYMENT,0.0,LOW,0.28
2026-01-29T14:30:06.650713,PAYMENT,0.0,LOW,0.28
2026-01-29T14:30:06.732215,PAYMENT,0.0,LOW,0.28
2026-01-29T14:30:06.803982,PAYMENT,0.0,LOW,0.28
2026-01-29T14:30:06.867927,PAYMENT,0.0,LOW,0.28
2026-01-29T14:30:06.957450,PAYMENT,0.0,LOW,0.28
2026-01-29T14:30:07.046529,PAYMENT,0.0,LOW,0.28
2026-01-29T14:30:07.129857,PAYMENT,0.0,LOW,0.28
2026-01-29T14:30:07.173522,PAYMENT,0.0,LOW,0.28
2026-01-29T14:30:07.290890,PAYMENT,0.0,LOW,0.28
2026-01-29T14:30:07.376553,PAYMENT,0.0,LOW,0.28
2026-01-29T14:30:07.443133,PAYMENT,0.0,LOW,0.28
2026-01-29T14:30:07.528067,PAYMENT,0.0,LOW,0.28
2026-01-29T14:30:07.631702,PAYMENT,0.0,LOW,0.28
2026-01-29T14:30:07.722722,PAYMENT,0.0,LOW,0.28
2026-01-29T14:30:07.811272,PAYMENT,0.0,LOW,0.28
2026-01-29T14:30:07.893767,PAYMENT,0.0,LOW,0.28
2026-01-29T14:30:07.935492,PAYMENT,0.0,LOW,0.28
2026-01-29T14:30:08.006523,PAYMENT,0.0,LOW,0.28
2026-01-29T14:30:08.111611,PAYMENT,0.0,LOW,0.28
2026-01-29T14:30:08.167548,PAYMENT,0.0,LOW,0.28
2026-01-29T14:30:08.221550,PAYMENT,0.0,LOW,0.28
2026-01-29T14:30:08.281363,PAYMENT,0.0,LOW,0.28
2026-01-29T14:30:08.345819,PAYMENT,0.0,LOW,0.28
2026-01-29T14:30:08.409098,PAYMENT,0.0,LOW,0.28
2026-01-29T14:30:08.519054,PAYMENT,0.0,LOW,0.28
2026-01-29T14:30:08.588964,PAYMENT,0.0,LOW,0.28
2026-01-29T14:30:08.713958,PAYMENT,0.0,LOW,0.28
2026-01-29T14:30:08.774554,PAYMENT,0.0,LOW,0.28
2026-01-29T14:30:08.884790,PAYMENT,0.0,LOW,0.28
2026-01-29T14:30:08.980361,PAYMENT,0.0,LOW,0.28
2026-01-29T14:30:09.065074,PAYMENT,0.0,LOW,0.28
2026-01-29T14:30:09.137957,PAYMENT,0.0,LOW,0.28
2026-01-29T14:30:09.234808,PAYMENT,0.0,LOW,0.28
2026-01-29T14:30:09.313206,PAYMENT,0.0,LOW,0.28
2026-01-29T14:30:09.403241,PAYMENT,0.0,LOW,0.28
2026-01-29T14:30:09.477729,PAYMENT,0.0,LOW,0.28
2026-01-29T14:30:09.544466,PAYMENT,0.0,LOW,0.28
2026-01-29T14:30:09.618356,PAYMENT,0.0,LOW,0.28
2026-01-29T14:30:09.673061,PAYMENT,0.0,LOW,0.28
2026-01-29T14:30:09.729247,PAYMENT,0.0,LOW,0.28
2026-01-29T14:30:09.860250,PAYMENT,0.0,LOW,0.28
2026-01-29T14:30:09.964441,PAYMENT,0.0,LOW,0.28
2026-01-29T14:30:10.076504,PAYMENT,0.0,LOW,0.28
2026-01-29T14:30:10.195496,PAYMENT,0.0,LOW,0.28
2026-01-29T14:30:10.294199,PAYMENT,0.0,LOW,0.28
2026-01-29T14:30:10.372505,PAYMENT,0.0,LOW,0.28
2026-01-29T14:30:10.498073,PAYMENT,0.0,LOW,0.28
2026-01-29T14:30:10.582480,PAYMENT,0.0,LOW,0.28
2026-01-29T14:30:10.637884,PAYMENT,0.0,LOW,0.28
2026-01-29T14:30:10.691304,PAYMENT,0.0,LOW,0.28
2026-01-29T14:30:10.745573,PAYMENT,0.0,LOW,0.28
2026-01-29T14:30:10.813988,PAYMENT,0.0,LOW,0.28
2026-01-29T14:30:10.869365,PAYMENT,0.0,LOW,0.28
2026-01-29T14:30:10.925377,PAYMENT,0.0,LOW,0.28
2026-01-29T14:30:10.981166,PAYMENT,0.0,LOW,0.28
2026-01-29T14:30:11.067148,PAYMENT,0.0,LOW,0.28
2026-01-29T14:30:11.131318,PAYMENT,0.0,LOW,0.28
2026-01-29T14:30:11.267450,PAYMENT,0.0,LOW,0.28
2026-01-29T14:30:11.385737,PAYMENT,0.0,LOW,0.28
2026-01-29T14:30:11.449070,PAYMENT,0.0,LOW,0.28
2026-01-29T14:30:11.503845,PAYMENT,0.0,LOW,0.28
2026-01-29T14:30:11.592980,PAYMENT,0.0,LOW,0.28
2026-01-29T14:30:11.694496,PAYMENT,0.0,LOW,0.28
2026-01-29T14:30:11.747736,PAYMENT,0.0,LOW,0.28
2026-01-29T14:30:11.805304,PAYMENT,0.0,LOW,0.28
2026-01-29T14:30:11.880686,PAYMENT,0.0,LOW,0.28
2026-01-29T14:30:11.939432,PAYMENT,0.0,LOW,0.28
2026-01-29T14:30:12.018283,PAYMENT,0.0,LOW,0.28
2026-01-29T14:30:12.075881,PAYMENT,0.0,LOW,0.28
2026-01-29T14:30:12.135240,PAYMENT,0.0,LOW,0.28
2026-01-29T14:30:12.213302,PAYMENT,0.0,LOW,0.28
2026-01-29T14:30:12.295259,PAYMENT,0.0,LOW,0.28
2026-01-29T14:30:12.357011,PAYMENT,0.0,LOW,0.28
2026-01-29T14:30:12.417945,PAYMENT,0.0,LOW,0.28
2026-01-29T14:30:12.479930,PAYMENT,0.0,LOW,0.28
2026-01-29T14:30:12.539953,PAYMENT,0.0,LOW,0.28
2026-01-29T14:30:12.596812,PAYMENT,0.0,LOW,0.28
2026-01-29T14:30:12.656319,PAYMENT,0.0,LOW,0.28
2026-01-29T14:30:12.717555,PAYMENT,0.0,LOW,0.28
2026-01-29T14:30:12.804965,PAYMENT,0.0,LOW,0.28
2026-01-29T14:30:12.877318,PAYMENT,0.0,LOW,0.28
2026-01-29T14:30:12.944233,PAYMENT,0.0,LOW,0.28
2026-01-29T14:30:13.007988,PAYMENT,0.0,LOW,0.28
2026-01-29T14:30:13.084413,PAYMENT,0.0,LOW,0.28
2026-01-29T14:30:13.143946,PAYMENT,0.0,LOW,0.28
2026-01-29T14:30:13.202128,PAYMENT,0.0,LOW,0.28
2026-01-29T14:30:13.262960,PAYMENT,0.0,LOW,0.28
2026-01-29T14:30:13.346837,PAYMENT,0.0,LOW,0.28
2026-01-29T14:30:13.450699,PAYMENT,0.0,LOW,0.28
2026-01-29T14:30:13.543249,PAYMENT,0.0,LOW,0.28
2026-01-29T14:30:13.648096,PAYMENT,0.0,LOW,0.28
2026-01-29T14:30:13.692116,PAYMENT,0.0,LOW,0.28
2026-01-29T14:30:13.766811,PAYMENT,0.0,LOW,0.28
2026-01-29T14:30:13.873704,PAYMENT,0.0,LOW,0.28
2026-01-29T14:30:13.972221,PAYMENT,0.0,LOW,0.28
2026-01-29T14:30:14.116113,PAYMENT,0.0,LOW,0.28
2026-01-29T14:30:14.249639,PAYMENT,0.0,LOW,0.28
2026-01-29T14:30:14.347272,PAYMENT,0.0,LOW,0.28
2026-01-29T14:30:14.436958,PAYMENT,0.0,LOW,0.28
2026-01-29T14:30:14.517587,PAYMENT,0.0,LOW,0.28
2026-01-29T14:30:14.601498,PAYMENT,0.0,LOW,0.28
2026-01-29T14:30:14.679167,PAYMENT,0.0,LOW,0.28
2026-01-29T14:30:14.753644,PAYMENT,0.0,LOW,0.28
2026-01-29T14:30:14.858536,PAYMENT,0.0,LOW,0.28
2026-01-29T14:30:14.958802,PAYMENT,0.0,LOW,0.28
2026-01-29T14:30:15.003053,PAYMENT,0.0,LOW,0.28
2026-01-29T14:30:15.061638,PAYMENT,0.0,LOW,0.28
2026-01-29T14:30:15.146887,PAYMENT,0.0,LOW,0.28
2026-01-29T14:30:15.215541,PAYMENT,0.0,LOW,0.28
2026-01-29T14:30:15.289607,PAYMENT,0.0,LOW,0.28
2026-01-29T14:30:15.352750,PAYMENT,0.0,LOW,0.28
2026-01-29T14:30:15.443030,PAYMENT,0.0,LOW,0.28
2026-01-29T14:30:15.534663,PAYMENT,0.0,LOW,0.28
2026-01-29T14:30:15.615852,PAYMENT,0.0,LOW,0.28
2026-01-29T14:30:15.675619,PAYMENT,0.0,LOW,0.28
2026-01-29T14:30:15.746931,PAYMENT,0.0,LOW,0.28
2026-01-29T14:30:15.801087,PAYMENT,0.0,LOW,0.28
2026-01-29T14:30:15.860124,PAYMENT,0.0,LOW,0.28
2026-01-29T14:30:15.934120,PAYMENT,0.0,LOW,0.28
2026-01-29T14:30:16.005966,PAYMENT,0.0,LOW,0.28
2026-01-29T14:30:16.063855,PAYMENT,0.0,LOW,0.28
2026-01-29T14:30:16.128367,PAYMENT,0.0,LOW,0.28
2026-01-29T14:30:16.181578,PAYMENT,0.0,LOW,0.28
2026-01-29T14:30:16.240544,PAYMENT,0.0,LOW,0.28
2026-01-29T14:30:16.300398,PAYMENT,0.0,LOW,0.28
2026-01-29T14:30:16.381805,PAYMENT,0.0,LOW,0.28
2026-01-29T14:30:16.444842,PAYMENT,0.0,LOW,0.28
2026-01-29T14:30:16.504018,PAYMENT,0.0,LOW,0.28
2026-01-29T14:30:16.563786,PAYMENT,0.0,LOW,0.28
2026-01-29T14:30:16.630333,PAYMENT,0.0,LOW,0.28
2026-01-29T14:30:16.702913,PAYMENT,0.0,LOW,0.28
2026-01-29T14:30:16.787213,PAYMENT,0.0,LOW,0.28
2026-01-29T14:30:16.900524,PAYMENT,0.0,LOW,0.28
2026-01-29T14:30:16.982893,PAYMENT,0.0,LOW,0.28
2026-01-29T14:30:17.076475,PAYMENT,0.0,LOW,0.28
2026-01-29T14:30:17.139278,PAYMENT,0.0,LOW,0.28
2026-01-29T14:30:17.243052,PAYMENT,0.0,LOW,0.28
2026-01-29T14:30:17.337334,PAYMENT,0.0,LOW,0.28
2026-01-29T14:30:17.381073,PAYMENT,0.0,LOW,0.28
2026-01-29T14:30:17.438218,PAYMENT,0.0,LOW,0.28
2026-01-29T14:30:17.519136,PAYMENT,0.0,LOW,0.28
2026-01-29T14:30:17.628156,PAYMENT,0.0,LOW,0.28
2026-01-29T14:30:17.708454,PAYMENT,0.0,LOW,0.28
2026-01-29T14:30:17.753762,PAYMENT,0.0,LOW,0.28
2026-01-29T14:30:17.795987,PAYMENT,0.0,LOW,0.28
2026-01-29T14:30:17.837407,PAYMENT,0.0,LOW,0.28
2026-01-29T14:30:17.890066,PAYMENT,0.0,LOW,0.28
2026-01-29T14:30:17.954298,PAYMENT,0.0,LOW,0.28
2026-01-29T14:30:18.018024,PAYMENT,0.0,LOW,0.28
2026-01-29T14:30:18.085512,PAYMENT,0.0,LOW,0.28
2026-01-29T14:30:18.157121,PAYMENT,0.0,LOW,0.28
2026-01-29T14:30:18.216960,PAYMENT,0.0,LOW,0.28
2026-01-29T14:30:18.306129,PAYMENT,0.0,LOW,0.28
2026-01-29T14:30:18.364929,PAYMENT,0.0,LOW,0.28
2026-01-29T14:30:18.425361,PAYMENT,0.0,LOW,0.28
2026-01-29T14:30:18.476015,PAYMENT,0.0,LOW,0.28
2026-01-29T14:30:18.535448,PAYMENT,0.0,LOW,0.28
2026-01-29T14:30:18.594818,PAYMENT,0.0,LOW,0.28
2026-01-29T14:30:18.654104,PAYMENT,0.0,LOW,0.28
2026-01-29T14:30:18.712892,PAYMENT,0.0,LOW,0.28
2026-01-29T14:30:18.774716,PAYMENT,0.0,LOW,0.28
2026-01-29T14:30:18.837443,PAYMENT,0.0,LOW,0.28
2026-01-29T14:30:18.897040,PAYMENT,0.0,LOW,0.28
2026-01-29T14:30:18.962623,PAYMENT,0.0,LOW,0.28
2026-01-29T14:30:19.017520,PAYMENT,0.0,LOW,0.28
2026-01-29T14:30:19.073908,PAYMENT,0.0,LOW,0.28
2026-01-29T14:30:19.135112,PAYMENT,0.0,LOW,0.28
2026-01-29T14:30:19.190095,PAYMENT,0.0,LOW,0.28
2026-01-29T14:30:19.426844,CASH_IN,9728.53,MEDIUM,0.67
2026-01-29T14:30:21.864078,DEBIT,9654.74,LOW,0.0
2026-01-29T14:30:24.217054,CASH_IN,2011.52,MEDIUM,0.66
2026-01-29T14:30:26.742127,CASH_IN,8494.23,LOW,0.0
2026-01-29T14:30:29.239816,DEBIT,6554.24,MEDIUM,0.79
2026-01-29T14:30:31.723629,CASH_IN,3855.86,MEDIUM,0.79
2026-01-29T14:30:34.225128,TRANSFER,2143.84,LOW,0.01
2026-01-29T14:30:36.513241,PAYMENT,9108.1,LOW,0.01
2026-01-29T14:30:39.019077,DEBIT,3251.4,MEDIUM,0.74
2026-01-29T14:30:41.501972,CASH_IN,9012.49,LOW,0.0
2026-01-29T14:30:43.994282,CASH_IN,9104.84,MEDIUM,0.68
2026-01-29T14:30:46.557133,CASH_IN,8160.98,MEDIUM,0.66
2026-01-29T14:30:49.093832,PAYMENT,3467.88,LOW,0.0
2026-01-29T14:30:51.459606,CASH_OUT,6106.81,MEDIUM,0.74
2026-01-29T14:30:53.784152,TRANSFER,4865.42,MEDIUM,0.71
2026-01-29T14:30:56.285906,TRANSFER,9498.86,HIGH,0.83
2026-01-29T14:30:58.725563,CASH_OUT,756.21,MEDIUM,0.76
2026-01-29T14:31:01.272280,PAYMENT,4777.95,LOW,0.0
2026-01-29T14:31:03.782980,PAYMENT,8341.01,MEDIUM,0.71
2026-01-29T14:31:06.388067,CASH_IN,4495.05,LOW,0.0
2026-01-29T14:31:08.862020,CASH_IN,3655.56,MEDIUM,0.73
2026-01-29T14:31:11.442929,DEBIT,4476.49,MEDIUM,0.76
2026-01-29T14:31:13.958285,PAYMENT,6412.93,MEDIUM,0.67
2026-01-29T14:31:16.447651,CASH_IN,590.58,MEDIUM,0.75
2026-01-29T14:31:18.792326,PAYMENT,140.21,LOW,0.02
2026-01-29T14:31:21.191710,DEBIT,8281.13,MEDIUM,0.71
2026-01-29T14:31:23.543800,PAYMENT,630.74,MEDIUM,0.62
2026-01-29T14:31:26.053948,CASH_OUT,5611.21,MEDIUM,0.76
2026-01-29T14:31:28.628257,DEBIT,4022.63,MEDIUM,0.8
2026-01-29T14:31:31.280282,CASH_IN,6541.31,LOW,0.0
2026-01-29T14:31:33.829459,TRANSFER,1843.66,HIGH,0.82
2026-01-29T14:31:36.289180,CASH_OUT,2009.81,MEDIUM,0.8
2026-01-29T14:31:38.866259,PAYMENT,1492.14,MEDIUM,0.61
2026-01-29T14:31:41.473076,CASH_IN,9516.07,LOW,0.08
2026-01-29T14:31:43.936037,CASH_OUT,9168.81,LOW,0.0
2026-01-29T14:31:46.488113,PAYMENT,8354.09,MEDIUM,0.55
2026-01-29T14:31:48.918773,TRANSFER,6953.22,MEDIUM,0.79
2026-01-29T14:31:51.346445,PAYMENT,1507.63,LOW,0.0
2026-01-29T14:31:53.788885,PAYMENT,6094.65,MEDIUM,0.61
2026-01-29T14:31:56.386085,CASH_IN,3384.16,LOW,0.0
2026-01-29T14:31:59.009963,PAYMENT,4913.84,MEDIUM,0.71
2026-01-29T14:32:01.574050,PAYMENT,6131.36,MEDIUM,0.62
2026-01-29T14:32:04.076218,CASH_OUT,9951.71,MEDIUM,0.75
2026-01-29T14:32:06.603769,CASH_IN,6840.53,MEDIUM,0.6
2026-01-29T14:32:09.181167,PAYMENT,7559.69,LOW,0.0
2026-01-29T14:32:11.675132,CASH_IN,7228.36,LOW,0.01
2026-01-29T14:32:14.269757,TRANSFER,221.3,LOW,0.04
2026-01-29T14:32:16.872730,CASH_IN,3016.48,LOW,0.0
2026-01-29T14:32:19.373961,CASH_OUT,5253.18,MEDIUM,0.76
2026-01-29T14:32:21.822366,DEBIT,3610.02,LOW,0.0
2026-01-29T14:32:24.180735,DEBIT,7116.43,LOW,0.0
2026-01-29T14:32:26.788580,CASH_OUT,1429.33,LOW,0.02
2026-01-29T14:32:29.383133,PAYMENT,7999.77,MEDIUM,0.62
2026-01-29T14:32:31.935092,CASH_OUT,1312.39,MEDIUM,0.78
2026-01-29T14:32:34.488626,TRANSFER,5779.78,MEDIUM,0.74
2026-01-29T14:32:36.976467,DEBIT,1480.27,LOW,0.0
2026-01-29T14:32:39.589324,TRANSFER,9178.84,HIGH,0.87
2026-01-29T14:32:42.116931,TRANSFER,2756.12,HIGH,0.87
2026-01-29T14:32:44.712880,CASH_OUT,4409.21,LOW,0.01
2026-01-29T14:32:47.238922,CASH_OUT,5254.79,MEDIUM,0.78
2026-01-29T14:32:49.661163,DEBIT,5051.25,HIGH,0.85
2026-01-29T14:32:52.093679,PAYMENT,8852.62,MEDIUM,0.71
2026-01-29T14:32:54.522390,PAYMENT,7083.95,MEDIUM,0.7
2026-01-29T14:32:56.997229,TRANSFER,9421.17,MEDIUM,0.73
2026-01-29T14:32:59.478037,TRANSFER,699.92,HIGH,0.9
2026-01-29T14:33:01.871508,TRANSFER,7053.59,LOW,0.0
2026-01-29T14:33:04.379351,CASH_OUT,8379.6,LOW,0.02
2026-01-29T14:33:06.900092,TRANSFER,7167.02,LOW,0.01
2026-01-29T14:33:09.453308,CASH_OUT,32.81,LOW,0.2
2026-01-29T14:33:12.009453,CASH_OUT,8387.6,LOW,0.0
2026-01-29T14:33:14.528865,CASH_IN,3577.77,LOW,0.04
2026-01-29T14:33:17.071629,DEBIT,1917.77,LOW,0.0
2026-01-29T14:33:19.550831,TRANSFER,8132.37,MEDIUM,0.74
2026-01-29T14:33:21.949661,TRANSFER,3610.14,MEDIUM,0.79
2026-01-29T14:33:24.374926,PAYMENT,946.93,MEDIUM,0.71
2026-01-29T14:33:26.971458,TRANSFER,6458.99,HIGH,0.87
2026-01-29T14:33:29.682547,DEBIT,2543.64,MEDIUM,0.74
2026-01-29T14:33:32.428879,PAYMENT,3909.34,MEDIUM,0.59
2026-01-29T14:33:34.817104,CASH_OUT,7936.73,HIGH,0.86
2026-01-29T14:33:37.326111,CASH_IN,856.97,LOW,0.04
2026-01-29T14:33:39.893634,TRANSFER,6283.55,MEDIUM,0.73
2026-01-29T14:33:42.365086,CASH_IN,122.25,MEDIUM,0.69
2026-01-29T14:33:44.977745,CASH_OUT,1041.83,MEDIUM,0.72
2026-01-29T14:33:47.577225,CASH_OUT,3668.36,HIGH,0.81
2026-01-29T14:33:49.989398,PAYMENT,9002.51,LOW,0.0
2026-01-29T14:33:52.370512,PAYMENT,782.96,MEDIUM,0.67
2026-01-29T14:33:54.892269,TRANSFER,5908.54,LOW,0.0
2026-01-29T14:33:57.423691,DEBIT,6516.7,MEDIUM,0.73
2026-01-29T14:34:00.096406,TRANSFER,6632.53,MEDIUM,0.73
2026-01-29T14:34:02.820945,DEBIT,3869.73,LOW,0.03
2026-01-29T14:34:05.363163,CASH_OUT,2615.15,MEDIUM,0.79
2026-01-29T14:34:07.779805,DEBIT,6804.08,LOW,0.0
2026-01-29T14:34:10.250943,CASH_OUT,4721.58,MEDIUM,0.74
2026-01-29T14:34:12.695125,CASH_OUT,5208.14,MEDIUM,0.74
2026-01-29T14:34:15.161283,CASH_IN,803.45,LOW,0.01
2026-01-29T14:34:17.692053,PAYMENT,5650.55,LOW,0.02
2026-01-29T14:34:20.330026,PAYMENT,7395.02,MEDIUM,0.58
2026-01-29T14:34:22.998956,CASH_OUT,5371.17,MEDIUM,0.69
2026-01-29T14:34:25.383171,CASH_OUT,2690.29,MEDIUM,0.73
2026-01-29T14:34:27.909720,TRANSFER,719.17,MEDIUM,0.69
2026-01-29T14:34:30.460020,TRANSFER,6856.2,MEDIUM,0.74
2026-01-29T14:34:33.160890,PAYMENT,474.12,LOW,0.02
2026-01-29T14:34:35.575625,PAYMENT,6170.85,MEDIUM,0.58
2026-01-29T14:34:38.142289,TRANSFER,8765.34,HIGH,0.81
2026-01-29T14:34:40.706504,TRANSFER,6133.28,MEDIUM,0.79
2026-01-29T14:34:43.207251,CASH_OUT,1289.98,MEDIUM,0.75
2026-01-29T14:34:45.633041,CASH_OUT,2292.1,LOW,0.01
2026-01-29T14:34:48.200064,CASH_OUT,4583.4,LOW,0.01
2026-01-29T14:34:50.573629,CASH_OUT,9667.9,MEDIUM,0.75
2026-01-29T14:34:52.949533,PAYMENT,8865.2,MEDIUM,0.61
2026-01-29T14:34:55.293642,PAYMENT,9598.09,MEDIUM,0.61
2026-01-29T14:34:57.717412,CASH_OUT,2926.61,MEDIUM,0.74
2026-01-29T14:35:00.338476,DEBIT,7399.34,LOW,0.03
2026-01-29T14:35:02.938525,CASH_IN,4524.14,LOW,0.07
2026-01-29T14:35:05.514971,DEBIT,8699.53,MEDIUM,0.68
2026-01-29T14:35:07.975295,TRANSFER,5473.56,LOW,0.01
2026-01-29T14:35:10.386038,PAYMENT,1594.4,LOW,0.0
2026-01-29T14:35:12.832109,DEBIT,3580.31,MEDIUM,0.74
2026-01-29T14:35:15.381879,TRANSFER,5921.24,HIGH,0.81
2026-01-29T14:35:17.948840,TRANSFER,8527.61,HIGH,0.9
2026-01-29T14:35:20.416075,DEBIT,1523.06,LOW,0.0
2026-01-29T14:35:22.776897,PAYMENT,2207.01,MEDIUM,0.71
2026-01-29T14:35:25.155341,CASH_OUT,1802.0,MEDIUM,0.77
2026-01-29T14:35:27.580975,CASH_IN,947.28,LOW,0.0
2026-01-29T14:35:30.101857,TRANSFER,8375.89,MEDIUM,0.79
2026-01-29T14:35:32.623029,TRANSFER,3092.86,LOW,0.01
2026-01-29T14:35:35.052118,CASH_IN,509.69,MEDIUM,0.73
2026-01-29T14:35:37.654548,TRANSFER,4453.65,MEDIUM,0.73
2026-01-29T14:35:40.323848,CASH_IN,4374.75,MEDIUM,0.69
2026-01-29T14:35:42.953129,PAYMENT,6051.48,LOW,0.0
2026-01-29T14:35:45.451230,PAYMENT,9307.98,MEDIUM,0.59
2026-01-29T14:35:48.115047,PAYMENT,1748.7,MEDIUM,0.62
2026-01-29T14:35:50.535768,DEBIT,3913.71,HIGH,0.85
2026-01-29T14:35:52.899418,TRANSFER,9536.16,MEDIUM,0.79
2026-01-29T14:35:55.296796,TRANSFER,1208.0,MEDIUM,0.73
2026-01-29T14:35:57.909235,TRANSFER,4085.72,MEDIUM,0.78
2026-01-29T14:36:00.594696,CASH_IN,9343.15,LOW,0.0
2026-01-29T14:36:03.254237,CASH_OUT,5921.24,LOW,0.01
2026-01-29T14:36:05.870092,CASH_OUT,3603.61,LOW,0.04
2026-01-29T14:36:08.350155,DEBIT,2679.02,MEDIUM,0.74
2026-01-29T14:36:10.983439,CASH_OUT,7899.35,MEDIUM,0.75
2026-01-29T14:36:13.408569,CASH_IN,3923.1,MEDIUM,0.66
2026-01-29T14:36:15.900814,PAYMENT,5736.69,MEDIUM,0.54
2026-01-29T14:36:18.331334,DEBIT,4233.7,HIGH,0.84
2026-01-29T14:36:20.758198,CASH_IN,1997.21,MEDIUM,0.68
2026-01-29T14:36:23.243386,TRANSFER,675.36,HIGH,0.81
2026-01-29T14:36:25.647568,DEBIT,7227.32,MEDIUM,0.8
2026-01-29T14:36:28.262355,CASH_IN,3513.68,MEDIUM,0.69
2026-01-29T14:36:30.878771,CASH_IN,1449.57,LOW,0.0
2026-01-29T14:36:33.555085,DEBIT,914.43,MEDIUM,0.74
2026-01-29T14:36:36.031226,CASH_OUT,5485.04,LOW,0.02
2026-01-29T14:36:38.441484,CASH_IN,1780.23,HIGH,0.81
2026-01-29T14:36:40.930086,PAYMENT,5643.39,LOW,0.0
2026-01-29T14:36:43.380002,CASH_IN,8170.8,LOW,0.0
2026-01-29T14:36:45.823904,DEBIT,3547.55,HIGH,0.84
2026-01-29T14:36:48.244739,CASH_OUT,7575.7,MEDIUM,0.76
2026-01-29T14:36:50.606479,CASH_IN,8041.15,MEDIUM,0.79
2026-01-29T14:36:53.018293,CASH_IN,1348.91,MEDIUM,0.62
2026-01-29T14:36:55.412550,DEBIT,4249.88,HIGH,0.85
2026-01-29T14:36:57.855316,TRANSFER,400.15,HIGH,0.84
2026-01-29T14:37:00.374137,TRANSFER,4357.1,LOW,0.0
2026-01-29T14:37:02.783970,CASH_IN,2444.83,HIGH,0.81
2026-01-29T14:37:05.356224,DEBIT,3035.48,MEDIUM,0.74
2026-01-29T14:37:07.900962,DEBIT,4055.07,LOW,0.0
2026-01-29T14:37:10.342134,DEBIT,6943.22,LOW,0.0
2026-01-29T14:37:12.865747,PAYMENT,3661.73,LOW,0.0
2026-01-29T14:37:15.467629,PAYMENT,5278.67,MEDIUM,0.59
2026-01-29T14:37:18.040999,DEBIT,53.22,MEDIUM,0.74
2026-01-29T14:37:20.544840,DEBIT,8360.84,MEDIUM,0.72
2026-01-29T14:37:23.004917,CASH_IN,8739.95,LOW,0.0
2026-01-29T14:37:25.420715,CASH_OUT,2140.94,MEDIUM,0.72
2026-01-29T14:37:27.957368,PAYMENT,5821.13,LOW,0.02
2026-01-29T14:37:30.585782,CASH_IN,6522.19,MEDIUM,0.79
2026-01-29T14:37:33.195018,DEBIT,9431.75,MEDIUM,0.7
2026-01-29T14:37:35.697341,CASH_IN,6677.85,MEDIUM,0.78
2026-01-29T14:37:38.087096,CASH_IN,1702.02,MEDIUM,0.68
2026-01-29T14:37:40.671572,TRANSFER,4421.05,MEDIUM,0.73
2026-01-29T14:37:43.264325,TRANSFER,9475.07,LOW,0.01
2026-01-29T14:37:45.749243,PAYMENT,4542.83,MEDIUM,0.58
2026-01-29T14:37:48.346640,PAYMENT,2358.49,LOW,0.02
2026-01-29T14:37:50.726137,CASH_IN,4684.18,LOW,0.0
2026-01-29T14:37:53.077413,TRANSFER,5126.92,MEDIUM,0.69
2026-01-29T14:37:55.482158,PAYMENT,370.14,MEDIUM,0.71
2026-01-29T14:37:58.112785,DEBIT,1357.57,MEDIUM,0.73
2026-01-29T14:38:00.777089,DEBIT,1103.12,LOW,0.0
2026-01-29T14:38:03.407297,TRANSFER,1246.01,LOW,0.02
2026-01-29T14:38:05.864247,CASH_OUT,4333.17,LOW,0.01
2026-01-29T14:38:08.509147,CASH_IN,2741.17,HIGH,0.81
2026-01-29T14:38:11.144445,CASH_OUT,2139.75,LOW,0.02
2026-01-29T14:38:13.651492,CASH_IN,7485.03,MEDIUM,0.68
2026-01-29T14:38:16.199768,DEBIT,2272.25,HIGH,0.85
2026-01-29T14:38:18.604748,CASH_IN,474.67,LOW,0.0
2026-01-29T14:38:21.046994,DEBIT,3006.82,MEDIUM,0.7
2026-01-29T14:38:23.487366,CASH_IN,6172.85,MEDIUM,0.75
2026-01-29T14:38:25.866787,CASH_OUT,5750.14,MEDIUM,0.72
2026-01-29T14:38:28.394682,PAYMENT,6789.08,LOW,0.01
2026-01-29T14:38:30.902404,TRANSFER,2606.98,MEDIUM,0.79
2026-01-29T14:38:33.401459,PAYMENT,9921.46,MEDIUM,0.59
2026-01-29T14:38:35.824979,CASH_IN,7281.43,MEDIUM,0.66
2026-01-29T14:38:38.420704,PAYMENT,7918.65,MEDIUM,0.62
2026-01-29T14:38:40.921300,CASH_OUT,1026.83,MEDIUM,0.76
2026-01-29T14:38:43.438882,TRANSFER,1939.38,LOW,0.0
2026-01-29T14:38:45.852889,PAYMENT,8326.97,MEDIUM,0.54
2026-01-29T14:38:48.413045,TRANSFER,8952.21,LOW,0.06
2026-01-29T14:38:50.752585,CASH_IN,1289.91,HIGH,0.81
2026-01-29T14:38:53.160185,DEBIT,7452.84,HIGH,0.83
2026-01-29T14:38:55.595799,PAYMENT,5293.77,MEDIUM,0.59
2026-01-29T14:38:58.047024,DEBIT,2803.52,LOW,0.0
2026-01-29T14:39:00.549213,TRANSFER,5873.66,LOW,0.01
2026-01-29T14:39:03.117097,PAYMENT,2426.81,MEDIUM,0.67
2026-01-29T14:39:05.772837,DEBIT,3887.69,LOW,0.0
2026-01-29T14:39:08.368649,CASH_IN,1433.61,LOW,0.0
2026-01-29T14:39:10.940081,DEBIT,1587.49,LOW,0.03
2026-01-29T14:39:13.376951,PAYMENT,1215.04,MEDIUM,0.58
2026-01-29T14:39:15.913905,DEBIT,4663.06,MEDIUM,0.65
2026-01-29T14:39:18.434626,DEBIT,426.53,MEDIUM,0.66
2026-01-29T14:39:20.870905,PAYMENT,7483.19,LOW,0.0
2026-01-29T14:39:23.339567,PAYMENT,3878.67,MEDIUM,0.62
2026-01-29T14:39:25.695705,CASH_OUT,7003.54,MEDIUM,0.78
2026-01-29T14:39:28.265374,PAYMENT,5443.41,LOW,0.0
2026-01-29T14:39:30.919264,CASH_IN,5113.98,MEDIUM,0.75
2026-01-29T14:39:33.464858,CASH_IN,4300.24,MEDIUM,0.63
2026-01-29T14:39:35.890190,CASH_OUT,5555.28,LOW,0.03
2026-01-29T14:39:38.531510,CASH_IN,1707.22,MEDIUM,0.79
2026-01-29T14:39:41.109488,PAYMENT,7233.18,LOW,0.0
2026-01-29T14:39:43.534757,PAYMENT,678.46,LOW,0.02
2026-01-29T14:39:45.939797,TRANSFER,5664.0,MEDIUM,0.72
2026-01-29T14:39:48.492420,CASH_IN,6331.33,MEDIUM,0.69
2026-01-29T14:39:50.896317,PAYMENT,2718.26,MEDIUM,0.62
2026-01-29T14:39:53.327923,PAYMENT,317.28,LOW,0.0
2026-01-29T14:39:55.790014,PAYMENT,5590.19,MEDIUM,0.54
2026-01-29T14:39:58.341972,CASH_OUT,3638.17,MEDIUM,0.76
2026-01-29T14:40:00.989798,DEBIT,8700.37,HIGH,0.83
2026-01-29T14:40:03.558232,TRANSFER,4483.78,MEDIUM,0.69
2026-01-29T14:40:06.222676,PAYMENT,5896.84,MEDIUM,0.71
2026-01-29T14:40:08.938408,DEBIT,9059.52,MEDIUM,0.65
2026-01-29T14:40:11.501838,PAYMENT,4229.61,MEDIUM,0.62
2026-01-29T14:40:14.071398,CASH_OUT,7753.73,MEDIUM,0.75
2026-01-29T14:40:16.519924,DEBIT,3866.93,HIGH,0.85
2026-01-29T14:40:18.993494,TRANSFER,3446.43,HIGH,0.83
2026-01-29T14:40:21.409543,PAYMENT,8314.3,LOW,0.0
2026-01-29T14:40:23.851107,CASH_IN,788.8,MEDIUM,0.69
2026-01-29T14:40:26.379589,TRANSFER,5731.5,MEDIUM,0.8
2026-01-29T14:40:28.880093,CASH_IN,9747.19,LOW,0.0
2026-01-29T14:40:31.375667,TRANSFER,888.68,MEDIUM,0.71
2026-01-29T14:40:33.794618,TRANSFER,9238.14,HIGH,0.83
2026-01-29T14:40:36.210223,DEBIT,4442.35,HIGH,0.81
2026-01-29T14:40:38.631023,PAYMENT,1582.85,MEDIUM,0.62
2026-01-29T14:40:41.142668,CASH_OUT,6583.35,LOW,0.02
2026-01-29T14:40:43.621527,CASH_OUT,7544.38,HIGH,0.84
2026-01-29T14:40:46.098590,CASH_IN,6509.33,LOW,0.0
2026-01-29T14:40:48.617205,CASH_IN,4999.66,MEDIUM,0.76
2026-01-29T14:40:51.053316,DEBIT,5159.21,HIGH,0.83
2026-01-29T14:40:53.480136,TRANSFER,3957.57,MEDIUM,0.8
2026-01-29T14:40:55.929169,CASH_OUT,9322.94,HIGH,0.86
2026-01-29T14:40:58.363098,PAYMENT,4868.77,LOW,0.0
2026-01-29T14:41:00.956432,DEBIT,9539.69,MEDIUM,0.76
2026-01-29T14:41:03.487071,CASH_IN,7529.51,HIGH,0.81
2026-01-29T14:41:06.033676,TRANSFER,2990.51,MEDIUM,0.75
2026-01-29T14:41:08.593246,PAYMENT,7543.22,MEDIUM,0.59
2026-01-29T14:41:11.218210,CASH_IN,3592.57,MEDIUM,0.65
2026-01-29T14:41:13.719405,DEBIT,1253.38,LOW,0.03
2026-01-29T14:41:16.295223,CASH_IN,3801.74,LOW,0.0
2026-01-29T14:41:18.703613,TRANSFER,7835.84,MEDIUM,0.79
2026-01-29T14:41:21.116272,CASH_IN,8282.52,LOW,0.03
2026-01-29T14:41:23.476331,TRANSFER,6164.19,HIGH,0.84
2026-01-29T14:41:25.818294,TRANSFER,3211.28,MEDIUM,0.75
2026-01-29T14:41:28.393322,CASH_IN,8439.24,LOW,0.0
2026-01-29T14:41:30.859252,DEBIT,2863.62,MEDIUM,0.62
2026-01-29T14:41:33.405434,CASH_OUT,1940.2,HIGH,0.82
2026-01-29T14:41:35.860104,TRANSFER,5849.08,LOW,0.11
2026-01-29T14:41:38.240090,CASH_OUT,683.45,MEDIUM,0.76
2026-01-29T14:41:40.836407,CASH_OUT,4701.23,MEDIUM,0.75
2026-01-29T14:41:43.273517,DEBIT,3284.76,MEDIUM,0.72
2026-01-29T14:41:45.792601,CASH_IN,3585.97,LOW,0.0
2026-01-29T14:41:48.418175,CASH_IN,4827.33,LOW,0.04
2026-01-29T14:41:50.868642,PAYMENT,7987.83,MEDIUM,0.67
2026-01-29T14:41:53.259439,DEBIT,7539.53,LOW,0.0
2026-01-29T14:41:55.723913,PAYMENT,4960.49,MEDIUM,0.67
2026-01-29T14:41:58.240901,PAYMENT,879.44,MEDIUM,0.71
2026-01-29T14:42:00.765938,CASH_IN,8838.29,MEDIUM,0.79
2026-01-29T14:42:03.432094,CASH_OUT,2228.05,LOW,0.13
2026-01-29T14:42:06.039325,PAYMENT,4026.6,MEDIUM,0.71
2026-01-29T14:42:08.512046,CASH_OUT,2068.51,LOW,0.02
2026-01-29T14:42:11.038821,CASH_IN,5518.34,MEDIUM,0.66
2026-01-29T14:42:13.555021,CASH_OUT,5270.13,MEDIUM,0.74
2026-01-29T14:42:16.139291,CASH_IN,6531.74,LOW,0.0
2026-01-29T14:42:18.642292,DEBIT,6808.28,HIGH,0.85
2026-01-29T14:42:21.035191,DEBIT,4952.16,MEDIUM,0.79
2026-01-29T14:42:23.581823,CASH_IN,5413.77,MEDIUM,0.79
2026-01-29T14:42:25.996537,CASH_OUT,9685.85,MEDIUM,0.75
2026-01-29T14:42:28.553661,DEBIT,8921.51,LOW,0.0
2026-01-29T14:42:31.106422,DEBIT,2048.59,MEDIUM,0.71
2026-01-29T14:42:33.652952,PAYMENT,5613.35,MEDIUM,0.62
2026-01-29T14:42:36.087334,PAYMENT,9846.52,MEDIUM,0.54
2026-01-29T14:42:38.637135,PAYMENT,8328.34,MEDIUM,0.61
2026-01-29T14:42:41.247012,CASH_OUT,9245.77,MEDIUM,0.68
2026-01-29T14:42:43.742110,PAYMENT,2034.93,MEDIUM,0.71
2026-01-29T14:42:46.332880,TRANSFER,2044.89,MEDIUM,0.69
2026-01-29T14:42:48.741881,TRANSFER,3443.28,LOW,0.01
2026-01-29T14:42:51.213760,DEBIT,3882.63,LOW,0.0
2026-01-29T14:42:53.636594,DEBIT,2205.96,HIGH,0.84
2026-01-29T14:42:56.033782,TRANSFER,9824.62,HIGH,0.83
2026-01-29T14:42:58.631158,TRANSFER,1452.78,LOW,0.02
2026-01-29T14:43:01.262355,PAYMENT,8045.49,MEDIUM,0.54
2026-01-29T14:43:03.703361,CASH_IN,5984.76,MEDIUM,0.66
2026-01-29T14:43:06.272413,TRANSFER,5697.85,LOW,0.02
2026-01-29T14:43:08.846000,DEBIT,3593.26,MEDIUM,0.66
2026-01-29T14:43:11.495696,CASH_IN,6582.95,LOW,0.04
2026-01-29T14:43:14.007979,TRANSFER,4753.13,MEDIUM,0.74
2026-01-29T14:43:16.509102,DEBIT,3514.61,MEDIUM,0.71
2026-01-29T14:43:18.945539,TRANSFER,7315.97,MEDIUM,0.79
2026-01-29T14:43:21.311242,CASH_IN,7033.26,MEDIUM,0.73
2026-01-29T14:43:23.718386,CASH_OUT,5025.57,MEDIUM,0.71
2026-01-29T14:43:26.067908,PAYMENT,6852.57,LOW,0.0
2026-01-29T14:43:28.638479,CASH_OUT,7045.52,MEDIUM,0.72
2026-01-29T14:43:31.233850,CASH_OUT,3916.8,HIGH,0.86
2026-01-29T14:43:33.802435,PAYMENT,9746.76,MEDIUM,0.54
2026-01-29T14:43:36.150010,TRANSFER,3733.29,HIGH,0.87
2026-01-29T14:43:38.654809,PAYMENT,4462.6,LOW,0.0
2026-01-29T14:43:41.238450,CASH_IN,1579.73,MEDIUM,0.64
2026-01-29T14:43:43.689880,CASH_IN,8467.99,LOW,0.0
2026-01-29T14:43:46.307011,CASH_IN,7804.08,MEDIUM,0.67
2026-01-29T14:43:48.839426,CASH_OUT,185.44,MEDIUM,0.67
2026-01-29T14:43:51.270160,DEBIT,3218.54,LOW,0.0
2026-01-29T14:43:53.670490,PAYMENT,9504.14,MEDIUM,0.6
2026-01-29T14:43:56.071302,PAYMENT,9340.28,MEDIUM,0.59
2026-01-29T14:43:58.477243,PAYMENT,2540.61,LOW,0.0
2026-01-29T14:44:01.017624,DEBIT,8229.02,LOW,0.03
2026-01-29T14:44:03.471756,CASH_IN,9846.59,LOW,0.0
2026-01-29T14:44:05.944433,DEBIT,4130.53,MEDIUM,0.73
2026-01-29T14:44:08.553258,CASH_OUT,5528.56,LOW,0.0
2026-01-29T14:44:11.094751,CASH_OUT,7752.23,HIGH,0.83
2026-01-29T14:44:13.532574,PAYMENT,4302.48,MEDIUM,0.61
2026-01-29T14:44:15.965701,CASH_OUT,1547.34,MEDIUM,0.72
2026-01-29T14:44:18.477007,TRANSFER,3408.34,HIGH,0.84
2026-01-29T14:44:20.950169,PAYMENT,4529.39,MEDIUM,0.6
2026-01-29T14:44:23.352388,PAYMENT,1191.69,LOW,0.0
2026-01-29T14:44:25.748103,CASH_IN,4095.58,MEDIUM,0.69
2026-01-29T14:44:28.309647,CASH_OUT,8663.08,HIGH,0.86
2026-01-29T14:44:30.801689,CASH_IN,9794.33,MEDIUM,0.77
2026-01-29T14:44:33.228840,CASH_OUT,5176.6,HIGH,0.83
2026-01-29T14:44:35.593745,PAYMENT,7482.28,LOW,0.0
2026-01-29T14:44:38.093757,DEBIT,7808.77,MEDIUM,0.73
2026-01-29T14:44:40.595689,DEBIT,3173.82,LOW,0.0
2026-01-29T14:44:43.093872,DEBIT,5046.57,LOW,0.0
2026-01-29T14:44:45.685578,CASH_IN,2304.87,LOW,0.0
2026-01-29T14:44:48.217395,CASH_OUT,7940.07,HIGH,0.82
2026-01-29T14:44:50.664239,PAYMENT,9873.91,MEDIUM,0.62
2026-01-29T14:44:53.006384,CASH_OUT,691.52,MEDIUM,0.75
2026-01-29T14:44:55.370101,CASH_OUT,385.92,HIGH,0.82
2026-01-29T14:44:57.866750,CASH_IN,8531.66,HIGH,0.81
2026-01-29T14:45:00.497669,CASH_IN,1487.21,MEDIUM,0.65
2026-01-29T14:45:03.096586,TRANSFER,4595.84,MEDIUM,0.76
2026-01-29T14:45:05.720727,PAYMENT,9603.7,MEDIUM,0.62
2026-01-29T14:45:08.190967,DEBIT,3769.63,LOW,0.0
2026-01-29T14:45:10.697585,PAYMENT,281.33,MEDIUM,0.58
2026-01-29T14:45:13.288712,DEBIT,6856.16,MEDIUM,0.71
2026-01-29T14:45:15.819344,DEBIT,8698.7,MEDIUM,0.71
2026-01-29T14:45:18.481574,PAYMENT,4355.36,LOW,0.0
2026-01-29T14:45:20.898683,PAYMENT,4017.81,MEDIUM,0.61
2026-01-29T14:45:23.367193,CASH_IN,3554.76,MEDIUM,0.76
2026-01-29T14:45:25.755720,DEBIT,9706.83,MEDIUM,0.7
2026-01-29T14:45:28.126966,TRANSFER,9220.08,LOW,0.01
2026-01-29T14:45:30.816719,CASH_IN,5537.74,MEDIUM,0.6
2026-01-29T14:45:33.413520,PAYMENT,5894.93,MEDIUM,0.67
2026-01-29T14:45:35.873663,CASH_OUT,9462.33,MEDIUM,0.73
2026-01-29T14:45:38.429477,PAYMENT,1467.94,MEDIUM,0.54
2026-01-29T14:45:41.011808,CASH_IN,1835.82,MEDIUM,0.8
2026-01-29T14:45:43.594003,CASH_IN,4388.73,MEDIUM,0.69
2026-01-29T14:45:46.216141,CASH_OUT,6075.11,HIGH,0.84
2026-01-29T14:45:48.875184,CASH_OUT,5697.62,HIGH,0.81
2026-01-29T14:45:51.260299,CASH_IN,2418.31,MEDIUM,0.64
2026-01-29T14:45:53.618666,CASH_OUT,5178.42,HIGH,0.86
2026-01-29T14:45:55.964152,CASH_IN,7054.46,MEDIUM,0.8
2026-01-29T14:45:58.543779,CASH_OUT,6115.33,MEDIUM,0.77
2026-01-29T14:46:01.237401,TRANSFER,8382.0,LOW,0.01
2026-01-29T14:46:03.909561,TRANSFER,4069.9,HIGH,0.9
2026-01-29T14:46:06.475239,CASH_OUT,274.54,MEDIUM,0.68
2026-01-29T14:46:08.967131,DEBIT,5165.71,LOW,0.0
2026-01-29T14:46:11.510430,DEBIT,2280.02,HIGH,0.84
2026-01-29T14:46:13.967404,PAYMENT,6029.73,MEDIUM,0.62
2026-01-29T14:46:16.508891,PAYMENT,2171.04,MEDIUM,0.64
2026-01-29T14:46:19.025554,PAYMENT,8344.39,MEDIUM,0.6
2026-01-29T14:46:21.389256,PAYMENT,8264.94,LOW,0.0
2026-01-29T14:46:23.771088,PAYMENT,5663.78,LOW,0.0
2026-01-29T14:46:26.149786,PAYMENT,7444.79,MEDIUM,0.59
2026-01-29T14:46:28.742112,TRANSFER,5263.19,MEDIUM,0.68
2026-01-29T14:46:31.216380,CASH_IN,4528.69,MEDIUM,0.73
2026-01-29T14:46:33.656188,TRANSFER,6683.17,MEDIUM,0.74
2026-01-29T14:46:36.133159,DEBIT,6016.74,MEDIUM,0.8
2026-01-29T14:46:38.547962,TRANSFER,2393.29,MEDIUM,0.74
2026-01-29T14:46:41.066746,CASH_OUT,8261.84,LOW,0.01
2026-01-29T14:46:43.756066,DEBIT,6793.93,MEDIUM,0.68
2026-01-29T14:46:46.276072,CASH_OUT,8999.75,HIGH,0.81
2026-01-29T14:46:48.864707,TRANSFER,396.78,LOW,0.1
2026-01-29T14:46:51.298611,CASH_IN,5043.38,MEDIUM,0.75
2026-01-29T14:46:53.682726,TRANSFER,2952.24,LOW,0.01
2026-01-29T14:46:56.084773,TRANSFER,2518.43,HIGH,0.9
2026-01-29T14:46:58.703090,DEBIT,3452.24,MEDIUM,0.66
2026-01-29T14:47:01.066900,PAYMENT,5008.96,LOW,0.0
2026-01-29T14:47:03.659374,PAYMENT,313.28,MEDIUM,0.68
2026-01-29T14:47:06.271034,CASH_IN,4972.84,MEDIUM,0.69
2026-01-29T14:47:08.746187,PAYMENT,9153.08,MEDIUM,0.68
2026-01-29T14:47:11.174118,PAYMENT,6248.55,MEDIUM,0.58
2026-01-29T14:47:13.610279,PAYMENT,7727.09,MEDIUM,0.71
2026-01-29T14:47:16.097332,DEBIT,285.36,LOW,0.0
2026-01-29T14:47:18.567292,DEBIT,2167.86,LOW,0.0
2026-01-29T14:47:21.068106,PAYMENT,1504.43,MEDIUM,0.54
2026-01-29T14:47:23.508619,TRANSFER,3775.84,MEDIUM,0.74
2026-01-29T14:47:25.984457,PAYMENT,4359.67,LOW,0.0
2026-01-29T14:47:28.467903,CASH_IN,4838.61,LOW,0.08
2026-01-29T14:47:31.126176,CASH_OUT,4044.2,LOW,0.01
2026-01-29T14:47:33.650484,CASH_IN,7970.87,MEDIUM,0.76
2026-01-29T14:47:36.105692,TRANSFER,226.71,HIGH,0.9
2026-01-29T14:47:38.680603,CASH_IN,7725.86,LOW,0.0
2026-01-29T14:47:41.260440,PAYMENT,9615.87,MEDIUM,0.62
2026-01-29T14:47:43.935959,TRANSFER,3863.59,MEDIUM,0.73
2026-01-29T14:47:46.493752,DEBIT,9119.51,MEDIUM,0.72
2026-01-29T14:47:48.979743,CASH_OUT,4469.15,LOW,0.0
2026-01-29T14:47:51.349287,PAYMENT,2569.01,MEDIUM,0.61
2026-01-29T14:47:53.725581,CASH_IN,1925.71,MEDIUM,0.73
2026-01-29T14:47:56.154419,CASH_IN,5919.0,MEDIUM,0.79
2026-01-29T14:47:58.631476,TRANSFER,1438.14,LOW,0.05
2026-01-29T14:48:01.284995,CASH_OUT,5918.93,MEDIUM,0.73
2026-01-29T14:48:03.863001,TRANSFER,8571.17,MEDIUM,0.67
2026-01-29T14:48:06.447443,DEBIT,5254.74,MEDIUM,0.8
2026-01-29T14:48:09.082987,CASH_OUT,897.46,LOW,0.05
2026-01-29T14:48:11.711574,DEBIT,1606.26,HIGH,0.84
2026-01-29T14:48:14.288549,TRANSFER,4261.54,MEDIUM,0.68
2026-01-29T14:48:16.732016,CASH_IN,3693.86,MEDIUM,0.68
2026-01-29T14:48:19.237685,CASH_IN,163.54,MEDIUM,0.64
2026-01-29T14:48:21.639908,TRANSFER,3284.08,LOW,0.0
2026-01-29T14:48:24.030046,PAYMENT,6388.27,LOW,0.0
2026-01-29T14:48:26.383781,PAYMENT,4301.27,MEDIUM,0.62
2026-01-29T14:48:28.801873,CASH_OUT,1564.62,LOW,0.01
2026-01-29T14:48:31.240106,TRANSFER,5419.28,MEDIUM,0.66
2026-01-29T14:48:33.717787,CASH_IN,735.48,MEDIUM,0.7
2026-01-29T14:48:36.125048,TRANSFER,7859.53,MEDIUM,0.74
2026-01-29T14:48:38.614522,CASH_OUT,7613.36,LOW,0.02
2026-01-29T14:48:41.262357,PAYMENT,1986.66,MEDIUM,0.63
2026-01-29T14:48:43.765228,DEBIT,3847.37,LOW,0.0
2026-01-29T14:48:46.169771,CASH_OUT,3117.84,HIGH,0.89
2026-01-29T14:48:48.635043,PAYMENT,9761.15,LOW,0.0
2026-01-29T14:48:51.072723,TRANSFER,6817.73,MEDIUM,0.78
2026-01-29T14:48:53.470651,PAYMENT,1749.74,LOW,0.0
2026-01-29T14:48:55.836649,CASH_IN,839.39,LOW,0.0
2026-01-29T14:48:58.281996,CASH_OUT,8185.94,LOW,0.09
2026-01-29T14:49:00.805180,DEBIT,6959.61,LOW,0.0
2026-01-29T14:49:03.347633,DEBIT,7719.06,HIGH,0.85
2026-01-29T14:49:05.885902,PAYMENT,957.62,MEDIUM,0.67
2026-01-29T14:49:08.494153,PAYMENT,38.48,MEDIUM,0.71
2026-01-29T14:49:11.076637,DEBIT,2157.37,MEDIUM,0.73
2026-01-29T14:49:13.633214,PAYMENT,579.96,LOW,0.0
2026-01-29T14:49:16.089487,CASH_OUT,6151.98,MEDIUM,0.76
2026-01-29T14:49:18.642882,TRANSFER,9442.35,HIGH,0.83
2026-01-29T14:49:21.122576,CASH_IN,7827.74,HIGH,0.81
2026-01-29T14:49:23.525478,CASH_IN,8642.95,MEDIUM,0.66
2026-01-29T14:49:25.981325,DEBIT,733.15,LOW,0.03
2026-01-29T14:49:28.576561,DEBIT,693.25,MEDIUM,0.72
2026-01-29T14:49:31.210183,TRANSFER,5018.07,MEDIUM,0.79
2026-01-29T14:49:33.697581,DEBIT,1523.94,MEDIUM,0.74
2026-01-29T14:49:36.069401,TRANSFER,7428.9,HIGH,0.9
2026-01-29T14:49:38.552380,DEBIT,2656.26,HIGH,0.82
2026-01-29T14:49:41.157800,TRANSFER,8989.92,MEDIUM,0.69
2026-01-29T14:49:43.862025,TRANSFER,2568.53,MEDIUM,0.78
2026-01-29T14:49:46.327403,DEBIT,1597.51,LOW,0.0
2026-01-29T14:49:48.847455,CASH_OUT,3419.12,MEDIUM,0.69
2026-01-29T14:49:51.300720,TRANSFER,6817.88,MEDIUM,0.78
2026-01-29T14:49:53.733302,TRANSFER,685.18,MEDIUM,0.72
2026-01-29T14:49:56.165035,DEBIT,768.85,LOW,0.03
2026-01-29T14:49:58.694427,CASH_IN,9267.5,LOW,0.0
2026-01-29T14:50:01.066620,CASH_OUT,859.26,MEDIUM,0.79
2026-01-29T14:50:03.669389,PAYMENT,8007.0,LOW,0.0
2026-01-29T14:50:06.212753,DEBIT,8308.16,HIGH,0.83
2026-01-29T14:50:08.825071,CASH_IN,1518.38,HIGH,0.81
2026-01-29T14:50:11.335892,TRANSFER,5484.58,HIGH,0.82
2026-01-29T14:50:13.696387,TRANSFER,8599.53,LOW,0.01
2026-01-29T14:50:16.137459,TRANSFER,8033.79,MEDIUM,0.68
2026-01-29T14:50:18.485610,PAYMENT,4783.79,MEDIUM,0.61
2026-01-29T14:50:20.858960,CASH_OUT,5802.08,LOW,0.01
2026-01-29T14:50:23.321135,PAYMENT,3806.24,MEDIUM,0.6
2026-01-29T14:50:25.681952,CASH_OUT,2721.97,MEDIUM,0.69
2026-01-29T14:50:28.148468,TRANSFER,5290.54,HIGH,0.83
2026-01-29T14:50:30.522624,PAYMENT,2225.9,MEDIUM,0.71
2026-01-29T14:50:33.153172,TRANSFER,429.48,MEDIUM,0.74
2026-01-29T14:50:35.556218,CASH_OUT,3733.17,LOW,0.01
2026-01-29T14:50:38.122661,CASH_IN,5355.38,MEDIUM,0.69
2026-01-29T14:50:40.729499,DEBIT,4877.1,LOW,0.0
2026-01-29T14:50:43.309565,CASH_OUT,1565.22,LOW,0.07
2026-01-29T14:50:45.881900,CASH_IN,4254.06,LOW,0.0
2026-01-29T14:50:48.480245,DEBIT,1781.35,MEDIUM,0.74
2026-01-29T14:50:50.929828,PAYMENT,8110.89,MEDIUM,0.71
2026-01-29T14:50:53.289296,TRANSFER,6119.79,MEDIUM,0.79
2026-01-29T14:50:56.272428,PAYMENT,849.96,MEDIUM,0.67
2026-01-29T14:50:58.979133,DEBIT,3384.73,HIGH,0.83
2026-01-29T14:51:01.504840,DEBIT,1816.64,LOW,0.0
2026-01-29T14:51:04.024940,CASH_IN,2356.03,HIGH,0.81
2026-01-29T14:51:06.617782,CASH_OUT,1251.66,LOW,0.19
2026-01-29T14:51:09.174293,CASH_IN,1410.69,LOW,0.01
2026-01-29T14:51:11.879509,DEBIT,7073.85,LOW,0.0
2026-01-29T14:51:14.290826,CASH_IN,2864.62,LOW,0.0
2026-01-29T14:51:16.944755,CASH_OUT,6151.64,MEDIUM,0.77
2026-01-29T14:51:19.524793,DEBIT,5324.32,HIGH,0.81
2026-01-29T14:51:22.108297,DEBIT,8663.81,LOW,0.03
2026-01-29T14:51:24.665133,DEBIT,383.73,LOW,0.0
2026-01-29T14:51:27.218632,TRANSFER,6923.0,MEDIUM,0.68
2026-01-29T14:51:29.914732,CASH_OUT,739.55,MEDIUM,0.72
2026-01-29T14:51:32.365640,DEBIT,6158.68,LOW,0.0
2026-01-29T14:51:34.901804,TRANSFER,2152.73,HIGH,0.83
2026-01-29T14:51:37.243075,DEBIT,6059.63,LOW,0.0
2026-01-29T14:51:39.759984,PAYMENT,9232.45,MEDIUM,0.61
2026-01-29T14:51:42.400298,CASH_IN,5727.52,MEDIUM,0.8
2026-01-29T14:51:44.887822,PAYMENT,5884.18,MEDIUM,0.61
2026-01-29T14:51:47.451820,CASH_OUT,3416.86,MEDIUM,0.8
2026-01-29T14:51:50.051711,TRANSFER,2953.97,MEDIUM,0.74
2026-01-29T14:51:52.598696,CASH_OUT,4724.19,MEDIUM,0.73
2026-01-29T14:51:55.217106,CASH_OUT,9040.54,LOW,0.02
2026-01-29T14:51:57.632422,PAYMENT,5374.85,MEDIUM,0.6
2026-01-29T14:52:00.069137,DEBIT,5564.27,MEDIUM,0.73
2026-01-29T14:52:02.450219,DEBIT,38.28,LOW,0.04
2026-01-29T14:52:05.036319,TRANSFER,4543.53,MEDIUM,0.79
2026-01-29T14:52:07.526695,DEBIT,3666.77,MEDIUM,0.8
2026-01-29T14:52:10.069133,CASH_IN,6194.78,MEDIUM,0.69
2026-01-29T14:52:12.594957,CASH_IN,9034.92,LOW,0.01
2026-01-29T14:52:15.079750,TRANSFER,9648.75,MEDIUM,0.69
2026-01-29T14:52:17.649128,CASH_OUT,7867.04,MEDIUM,0.72
2026-01-29T14:52:20.198614,PAYMENT,4552.17,MEDIUM,0.7
2026-01-29T14:52:22.716360,CASH_IN,9181.89,MEDIUM,0.79
2026-01-29T14:52:25.308944,DEBIT,3062.56,MEDIUM,0.75
2026-01-29T14:52:27.797987,TRANSFER,189.48,LOW,0.02
2026-01-29T14:52:30.186989,TRANSFER,2062.35,HIGH,0.81
2026-01-29T14:52:32.657707,DEBIT,1592.33,MEDIUM,0.73
2026-01-29T14:52:35.039194,CASH_IN,2243.94,HIGH,0.81
2026-01-29T14:52:37.559813,CASH_OUT,627.44,MEDIUM,0.75
2026-01-29T14:52:40.175996,TRANSFER,7088.03,MEDIUM,0.79
2026-01-29T14:52:42.656941,CASH_OUT,2766.07,LOW,0.04
2026-01-29T14:52:45.143980,CASH_OUT,7874.92,MEDIUM,0.75
2026-01-29T14:52:47.720300,DEBIT,2378.33,MEDIUM,0.73
2026-01-29T14:52:50.229201,PAYMENT,4566.93,MEDIUM,0.49
2026-01-29T14:52:52.850406,DEBIT,8192.51,LOW,0.03
2026-01-29T14:52:55.509089,PAYMENT,1729.63,MEDIUM,0.62
2026-01-29T14:52:57.999494,CASH_OUT,8558.63,LOW,0.02
2026-01-29T14:53:00.377057,TRANSFER,3898.65,LOW,0.01
2026-01-29T14:53:02.769778,CASH_OUT,1806.03,LOW,0.01
2026-01-29T14:53:05.382162,CASH_IN,3049.23,MEDIUM,0.67
2026-01-29T14:53:07.995613,PAYMENT,6655.56,MEDIUM,0.62
2026-01-29T14:53:10.518416,CASH_OUT,9713.94,MEDIUM,0.75
2026-01-29T14:53:13.106901,PAYMENT,4033.27,LOW,0.0
2026-01-29T14:53:15.761920,TRANSFER,4398.88,HIGH,0.85
2026-01-29T14:53:18.332908,TRANSFER,743.46,MEDIUM,0.79
2026-01-29T14:53:20.785742,TRANSFER,4465.43,MEDIUM,0.78
2026-01-29T14:53:23.286598,TRANSFER,4704.72,HIGH,0.9
2026-01-29T14:53:25.723018,TRANSFER,7583.18,HIGH,0.9
2026-01-29T14:53:28.083521,TRANSFER,9367.14,LOW,0.08
2026-01-29T14:53:30.509058,CASH_IN,9766.29,LOW,0.0
2026-01-29T14:53:32.922733,PAYMENT,8746.49,LOW,0.0
2026-01-29T14:53:35.316600,TRANSFER,4330.97,LOW,0.01
2026-01-29T14:53:37.710539,PAYMENT,5772.28,MEDIUM,0.7
2026-01-29T14:53:40.155873,DEBIT,975.21,MEDIUM,0.66
2026-01-29T14:53:42.510869,CASH_OUT,6191.44,LOW,0.02
2026-01-29T14:53:44.907690,TRANSFER,54.55,MEDIUM,0.8
2026-01-29T14:53:47.344654,CASH_IN,6811.31,LOW,0.0
2026-01-29T14:53:49.713162,PAYMENT,5617.75,MEDIUM,0.71
2026-01-29T14:53:52.080204,CASH_OUT,9432.03,MEDIUM,0.75
2026-01-29T14:53:54.426492,CASH_IN,6186.72,MEDIUM,0.66
2026-01-29T14:53:56.777462,DEBIT,8994.9,MEDIUM,0.8
2026-01-29T14:53:59.171198,CASH_IN,4009.18,MEDIUM,0.76
2026-01-29T14:54:01.539522,TRANSFER,3693.27,MEDIUM,0.69
2026-01-29T14:54:03.927980,CASH_OUT,4874.29,LOW,0.02
2026-01-29T14:54:06.303606,TRANSFER,5139.2,HIGH,0.83
2026-01-29T14:54:08.745512,TRANSFER,4319.61,MEDIUM,0.78
2026-01-29T14:54:11.110676,CASH_IN,1927.76,MEDIUM,0.63
2026-01-29T14:54:13.506068,PAYMENT,1622.98,MEDIUM,0.59
2026-01-29T14:54:15.941643,TRANSFER,1905.97,LOW,0.09
2026-01-29T14:54:18.300531,PAYMENT,2558.68,LOW,0.02
2026-01-29T14:54:20.604445,PAYMENT,1667.37,LOW,0.02
2026-01-29T14:54:22.993271,CASH_IN,2862.64,MEDIUM,0.68
2026-01-29T14:54:25.411149,CASH_OUT,7562.99,HIGH,0.84
2026-01-29T14:54:27.881010,CASH_OUT,5981.34,HIGH,0.86
2026-01-29T14:54:30.266652,CASH_IN,3029.49,MEDIUM,0.69
2026-01-29T14:54:32.612153,TRANSFER,3226.89,LOW,0.0
2026-01-29T14:54:35.003734,CASH_OUT,1481.34,MEDIUM,0.75
2026-01-29T14:54:37.465438,TRANSFER,695.24,HIGH,0.87
2026-01-29T14:54:39.899043,TRANSFER,1027.9,HIGH,0.81
2026-01-29T14:54:42.307308,CASH_OUT,9282.53,MEDIUM,0.73
2026-01-29T14:54:44.731909,CASH_IN,6730.94,MEDIUM,0.68
2026-01-29T14:54:47.093810,DEBIT,6060.59,LOW,0.03
2026-01-29T14:54:49.523280,DEBIT,3563.37,HIGH,0.84
2026-01-29T14:54:51.918746,CASH_OUT,1124.05,MEDIUM,0.74
2026-01-29T14:54:54.318994,TRANSFER,1496.08,MEDIUM,0.68
2026-01-29T14:54:56.695605,TRANSFER,1402.03,MEDIUM,0.79
2026-01-29T14:54:59.010886,DEBIT,2602.96,MEDIUM,0.73
2026-01-29T14:55:01.337859,CASH_OUT,1076.27,LOW,0.04
2026-01-29T14:55:03.792041,CASH_OUT,5017.43,MEDIUM,0.68
2026-01-29T14:55:06.226465,DEBIT,7164.39,HIGH,0.83
2026-01-29T14:55:08.693493,CASH_OUT,7839.46,HIGH,0.81
2026-01-29T14:55:11.020246,PAYMENT,3745.06,MEDIUM,0.61
2026-01-29T14:55:13.433755,CASH_IN,6383.4,LOW,0.0
2026-01-29T14:55:15.766919,CASH_OUT,1325.94,MEDIUM,0.7
2026-01-29T14:55:18.112831,CASH_OUT,1340.72,LOW,0.08
2026-01-29T14:55:20.479738,CASH_IN,76.15,LOW,0.01
2026-01-29T14:55:22.834758,TRANSFER,8048.62,HIGH,0.81
2026-01-29T14:55:25.191568,CASH_IN,638.07,MEDIUM,0.69
2026-01-29T14:55:27.568498,CASH_IN,1514.49,MEDIUM,0.67
2026-01-29T14:55:29.983608,CASH_OUT,1059.69,MEDIUM,0.77
2026-01-29T14:55:32.381752,TRANSFER,839.21,MEDIUM,0.75
2026-01-29T14:55:34.784912,DEBIT,1893.75,LOW,0.0
2026-01-29T14:55:37.224069,PAYMENT,9893.94,MEDIUM,0.62
2026-01-29T14:55:39.652714,DEBIT,1450.35,LOW,0.0
2026-01-29T14:55:42.047433,TRANSFER,5722.71,LOW,0.05
2026-01-29T14:55:44.401660,CASH_OUT,3315.28,LOW,0.05
2026-01-29T14:55:46.848905,CASH_OUT,9242.01,HIGH,0.81
2026-01-29T14:55:49.229868,PAYMENT,4497.18,MEDIUM,0.67
2026-01-29T14:55:51.560352,CASH_IN,6286.85,MEDIUM,0.69
2026-01-29T14:55:53.998930,DEBIT,1499.74,MEDIUM,0.74
2026-01-29T14:55:56.472500,TRANSFER,1956.55,LOW,0.01
2026-01-29T14:55:58.880802,CASH_OUT,6589.84,HIGH,0.81
2026-01-29T14:56:01.290960,DEBIT,4899.73,LOW,0.0
2026-01-29T14:56:03.735268,PAYMENT,7666.69,MEDIUM,0.62
2026-01-29T14:56:06.149152,TRANSFER,4895.73,MEDIUM,0.79
2026-01-29T14:56:08.555315,CASH_IN,883.19,LOW,0.0
2026-01-29T14:56:10.985630,CASH_OUT,3128.22,MEDIUM,0.72
2026-01-29T14:56:13.350532,DEBIT,4299.34,LOW,0.0
2026-01-29T14:56:15.782902,TRANSFER,2602.5,MEDIUM,0.73
2026-01-29T14:56:18.194785,PAYMENT,6573.31,MEDIUM,0.54
2026-01-29T14:56:20.659421,CASH_OUT,7009.28,MEDIUM,0.75
2026-01-29T14:56:23.050850,CASH_IN,9767.86,MEDIUM,0.67
2026-01-29T14:56:25.481818,CASH_IN,4511.13,MEDIUM,0.77
2026-01-29T14:56:27.876511,CASH_OUT,4280.65,MEDIUM,0.72
2026-01-29T14:56:30.269751,DEBIT,7307.24,HIGH,0.85
2026-01-29T14:56:32.617419,PAYMENT,5673.13,MEDIUM,0.6
2026-01-29T14:56:34.933066,CASH_OUT,8463.95,MEDIUM,0.72
2026-01-29T14:56:37.277826,PAYMENT,9188.49,MEDIUM,0.71
2026-01-29T14:56:39.641198,PAYMENT,4220.4,LOW,0.0
2026-01-29T14:56:41.986756,PAYMENT,2672.68,MEDIUM,0.7
2026-01-29T14:56:44.363446,CASH_OUT,6091.24,MEDIUM,0.75
2026-01-29T14:56:46.742008,TRANSFER,4994.4,LOW,0.09
2026-01-29T14:56:49.159294,PAYMENT,3296.43,MEDIUM,0.6
2026-01-29T14:56:51.660691,CASH_OUT,2401.14,LOW,0.01
2026-01-29T14:56:54.135354,DEBIT,6615.58,MEDIUM,0.74
2026-01-29T14:56:56.576561,DEBIT,3917.8,LOW,0.0
2026-01-29T14:56:58.980902,DEBIT,6876.81,MEDIUM,0.73
2026-01-29T14:57:01.467609,CASH_OUT,6016.73,LOW,0.02
2026-01-29T14:57:03.992988,DEBIT,2213.33,MEDIUM,0.77
2026-01-29T14:57:06.488064,PAYMENT,8337.63,MEDIUM,0.61
2026-01-29T14:57:09.038279,PAYMENT,2348.66,LOW,0.0
2026-01-29T14:57:11.446408,CASH_OUT,8704.23,MEDIUM,0.73
2026-01-29T14:57:13.941070,CASH_IN,6561.43,MEDIUM,0.69
2026-01-29T14:57:16.446277,PAYMENT,9182.1,LOW,0.0
2026-01-29T14:57:18.938218,DEBIT,9731.15,LOW,0.0
2026-01-29T14:57:21.369192,PAYMENT,2721.55,MEDIUM,0.61
2026-01-29T14:57:23.858202,CASH_OUT,5251.22,HIGH,0.87
2026-01-29T14:57:26.296089,CASH_IN,9170.55,MEDIUM,0.76
2026-01-29T14:57:28.588460,PAYMENT,7693.89,LOW,0.0
2026-01-29T14:57:30.928853,PAYMENT,8540.38,MEDIUM,0.62
2026-01-29T14:57:33.277959,CASH_IN,6129.42,HIGH,0.81
2026-01-29T14:57:35.682205,CASH_IN,7257.48,LOW,0.04
2026-01-29T14:57:38.082929,CASH_IN,9229.42,LOW,0.0
2026-01-29T14:57:40.467508,CASH_OUT,8809.7,LOW,0.01
2026-01-29T14:57:42.926625,DEBIT,987.85,LOW,0.0
2026-01-29T14:57:45.319810,PAYMENT,4202.86,MEDIUM,0.49
2026-01-29T14:57:47.724473,CASH_IN,7531.21,MEDIUM,0.69
2026-01-29T14:57:50.174517,TRANSFER,3167.9,MEDIUM,0.73
2026-01-29T14:57:52.578951,CASH_OUT,9968.42,MEDIUM,0.76
2026-01-29T14:57:55.009185,DEBIT,1476.35,MEDIUM,0.66
2026-01-29T14:57:57.456592,CASH_IN,5851.61,MEDIUM,0.69
2026-01-29T14:57:59.892356,CASH_OUT,8321.69,LOW,0.01
2026-01-29T14:58:02.226823,TRANSFER,7576.74,MEDIUM,0.79
2026-01-29T14:58:04.589720,CASH_IN,4934.47,MEDIUM,0.68
2026-01-29T14:58:07.029400,DEBIT,2771.58,MEDIUM,0.74
2026-01-29T14:58:09.474590,CASH_OUT,5180.68,LOW,0.01
2026-01-29T14:58:11.929853,CASH_IN,6496.53,LOW,0.0
2026-01-29T14:58:14.467333,PAYMENT,8869.26,MEDIUM,0.55
2026-01-29T14:58:16.883453,TRANSFER,5744.14,HIGH,0.9
2026-01-29T14:58:19.310692,CASH_IN,4012.38,HIGH,0.81
2026-01-29T14:58:21.650513,CASH_IN,6566.48,MEDIUM,0.68
2026-01-29T14:58:24.008283,CASH_IN,9518.18,LOW,0.0
2026-01-29T14:58:26.371369,TRANSFER,5355.13,MEDIUM,0.73
2026-01-29T14:58:28.709958,PAYMENT,888.13,LOW,0.0
2026-01-29T14:58:31.061336,TRANSFER,1582.79,MEDIUM,0.77
2026-01-29T14:58:33.414076,CASH_IN,5041.43,HIGH,0.81
2026-01-29T14:58:35.752044,DEBIT,5566.05,MEDIUM,0.72
2026-01-29T14:58:38.112851,PAYMENT,7507.15,MEDIUM,0.6
2026-01-29T14:58:40.448717,CASH_OUT,8846.29,MEDIUM,0.72
2026-01-29T14:58:42.818069,PAYMENT,4265.13,MEDIUM,0.58
2026-01-29T14:58:45.166373,PAYMENT,2172.64,LOW,0.0
2026-01-29T14:58:47.528157,CASH_OUT,6430.14,MEDIUM,0.68
2026-01-29T14:58:49.883119,CASH_OUT,4273.81,MEDIUM,0.72
2026-01-29T14:58:52.248174,CASH_IN,3143.73,MEDIUM,0.69
2026-01-29T14:58:54.632476,CASH_IN,8679.9,LOW,0.0
2026-01-29T14:58:57.033067,PAYMENT,5142.33,LOW,0.0
2026-01-29T14:58:59.424461,DEBIT,967.6,MEDIUM,0.71
2026-01-29T14:59:01.858006,DEBIT,2221.38,LOW,0.0
2026-01-29T14:59:04.246462,TRANSFER,9517.78,HIGH,0.9
2026-01-29T14:59:06.621948,CASH_OUT,3112.87,LOW,0.17
2026-01-29T14:59:08.964725,CASH_OUT,2931.01,MEDIUM,0.72
2026-01-29T14:59:11.377620,PAYMENT,1187.9,LOW,0.0
2026-01-29T14:59:13.807516,PAYMENT,153.92,MEDIUM,0.61
2026-01-29T14:59:16.108581,PAYMENT,7782.07,MEDIUM,0.61
2026-01-29T14:59:18.474570,PAYMENT,909.21,MEDIUM,0.61
2026-01-29T14:59:20.853939,CASH_OUT,4015.97,HIGH,0.86
2026-01-29T14:59:23.202109,TRANSFER,2562.85,MEDIUM,0.79
2026-01-29T14:59:25.552767,TRANSFER,640.1,MEDIUM,0.78
2026-01-29T14:59:27.867035,CASH_IN,6537.6,MEDIUM,0.69
2026-01-29T14:59:30.218330,CASH_IN,5821.12,MEDIUM,0.69
2026-01-29T14:59:32.591705,CASH_IN,3784.41,MEDIUM,0.62
2026-01-29T14:59:34.944467,DEBIT,4367.57,MEDIUM,0.7
2026-01-29T14:59:37.260600,CASH_IN,77.14,MEDIUM,0.72
2026-01-29T14:59:39.609837,TRANSFER,1195.61,HIGH,0.83
2026-01-29T14:59:42.041612,PAYMENT,2654.61,MEDIUM,0.54
2026-01-29T14:59:44.328468,DEBIT,2390.48,LOW,0.0
2026-01-29T14:59:46.656991,CASH_IN,8245.37,HIGH,0.81
2026-01-29T14:59:48.959489,CASH_IN,7590.76,MEDIUM,0.66
2026-01-29T14:59:51.290617,DEBIT,5557.64,LOW,0.0
2026-01-29T14:59:53.621428,DEBIT,1756.63,MEDIUM,0.73
2026-01-29T14:59:55.939355,CASH_OUT,2546.71,MEDIUM,0.79
2026-01-29T14:59:58.275753,PAYMENT,4990.83,LOW,0.02
2026-01-29T15:00:00.598442,CASH_OUT,2992.64,MEDIUM,0.71
2026-01-29T15:00:02.963183,CASH_IN,4762.3,HIGH,0.81
2026-01-29T15:00:05.306062,CASH_IN,3191.25,LOW,0.0
2026-01-29T15:00:07.652122,CASH_IN,3469.68,LOW,0.0
2026-01-29T15:00:09.970565,CASH_IN,4193.69,MEDIUM,0.8
2026-01-29T15:00:12.302130,TRANSFER,6464.12,LOW,0.01
2026-01-29T15:00:14.632837,TRANSFER,8728.08,HIGH,0.9
2026-01-29T15:00:16.980105,PAYMENT,6666.57,LOW,0.0
2026-01-29T15:00:19.304763,TRANSFER,495.57,HIGH,0.81
2026-01-29T15:00:21.589525,DEBIT,5874.51,MEDIUM,0.74
2026-01-29T15:00:23.911928,CASH_IN,7379.8,MEDIUM,0.76
2026-01-29T15:00:26.229672,TRANSFER,1786.46,LOW,0.06
2026-01-29T15:00:28.525730,DEBIT,7932.64,HIGH,0.84
2026-01-29T15:00:30.939821,TRANSFER,7244.72,HIGH,0.85
2026-01-29T15:00:33.266232,DEBIT,7461.2,MEDIUM,0.71
2026-01-29T15:00:35.605503,CASH_OUT,5501.16,MEDIUM,0.68
2026-01-29T15:00:37.948729,CASH_OUT,2089.03,MEDIUM,0.77
2026-01-29T15:00:40.203389,DEBIT,3012.94,MEDIUM,0.74
2026-01-29T15:00:42.516498,CASH_OUT,9876.16,HIGH,0.84
2026-01-29T15:00:44.868070,DEBIT,8698.32,MEDIUM,0.7
2026-01-29T15:00:47.121779,PAYMENT,4314.86,MEDIUM,0.66
2026-01-29T15:00:49.414659,DEBIT,9782.27,MEDIUM,0.74
2026-01-29T15:00:51.720123,PAYMENT,1329.73,MEDIUM,0.67
2026-01-29T15:00:54.034645,CASH_OUT,3561.15,HIGH,0.81
2026-01-29T15:00:56.387833,DEBIT,677.63,MEDIUM,0.72
2026-01-29T15:00:58.685014,CASH_OUT,7268.53,HIGH,0.81
2026-01-29T15:01:01.040890,PAYMENT,9124.74,LOW,0.0
2026-01-29T15:01:03.333087,PAYMENT,7475.7,MEDIUM,0.59
2026-01-29T15:01:05.606988,CASH_OUT,4492.91,HIGH,0.82
2026-01-29T15:01:07.915964,CASH_IN,3606.64,MEDIUM,0.69
2026-01-29T15:01:10.218934,TRANSFER,5042.88,MEDIUM,0.71
2026-01-29T15:01:12.542679,CASH_IN,1079.71,MEDIUM,0.64
2026-01-29T15:01:14.858212,CASH_IN,4151.05,MEDIUM,0.8
2026-01-29T15:01:17.217408,DEBIT,7512.96,LOW,0.0
2026-01-29T15:01:19.546686,DEBIT,1198.72,LOW,0.0
2026-01-29T15:01:21.880059,TRANSFER,4939.61,HIGH,0.9
2026-01-29T15:01:24.237359,CASH_OUT,7000.7,MEDIUM,0.75
2026-01-29T15:01:26.614429,DEBIT,2642.22,MEDIUM,0.67
2026-01-29T15:01:28.894398,CASH_IN,60.96,MEDIUM,0.6
2026-01-29T15:01:31.256811,CASH_IN,6992.34,LOW,0.02
2026-01-29T15:01:33.587250,CASH_OUT,9422.27,MEDIUM,0.75
2026-01-29T15:01:35.933624,PAYMENT,2403.55,MEDIUM,0.62
2026-01-29T15:01:38.325757,TRANSFER,3600.05,LOW,0.05
2026-01-29T15:01:40.699391,CASH_OUT,7171.96,HIGH,0.81
2026-01-29T15:01:43.048064,CASH_OUT,4430.0,MEDIUM,0.75
2026-01-29T15:01:45.362862,TRANSFER,1578.45,MEDIUM,0.8
2026-01-29T15:01:47.725259,CASH_OUT,8337.1,MEDIUM,0.75
2026-01-29T15:01:50.087326,CASH_OUT,1019.34,HIGH,0.82
2026-01-29T15:01:52.450256,CASH_OUT,9470.79,MEDIUM,0.68
2026-01-29T15:01:54.785371,DEBIT,4194.48,MEDIUM,0.71
2026-01-29T15:01:57.200132,DEBIT,8916.68,MEDIUM,0.71
2026-01-29T15:01:59.691908,CASH_OUT,5805.94,MEDIUM,0.73
2026-01-29T15:02:02.105622,CASH_OUT,3105.66,MEDIUM,0.76
2026-01-29T15:02:04.516512,CASH_IN,6602.24,HIGH,0.81
2026-01-29T15:02:06.975547,TRANSFER,5138.06,LOW,0.03
2026-01-29T15:02:09.417013,TRANSFER,1086.27,HIGH,0.81
2026-01-29T15:02:11.835957,CASH_IN,2011.48,LOW,0.03
2026-01-29T15:02:14.295251,PAYMENT,3993.17,LOW,0.0
2026-01-29T15:02:16.702276,DEBIT,8955.47,MEDIUM,0.72
2026-01-29T15:02:19.149585,TRANSFER,1466.3,LOW,0.16
2026-01-29T15:02:21.537881,CASH_IN,5678.33,MEDIUM,0.64
2026-01-29T15:02:23.910117,CASH_IN,6653.4,LOW,0.0
2026-01-29T15:02:26.270029,DEBIT,339.25,MEDIUM,0.65
2026-01-29T15:02:28.722587,PAYMENT,5144.56,MEDIUM,0.62
2026-01-29T15:02:31.138660,PAYMENT,9274.37,MEDIUM,0.61
2026-01-29T15:02:33.524491,TRANSFER,6506.86,LOW,0.06
2026-01-29T15:02:35.942807,CASH_IN,5847.74,MEDIUM,0.63
2026-01-29T15:02:38.308171,PAYMENT,8780.95,LOW,0.0
2026-01-29T15:02:40.742827,PAYMENT,7581.07,MEDIUM,0.59
2026-01-29T15:02:43.227130,CASH_IN,7462.1,MEDIUM,0.8
2026-01-29T15:02:45.645615,CASH_IN,5743.28,MEDIUM,0.75
2026-01-29T15:02:48.045446,CASH_OUT,3012.44,MEDIUM,0.68
2026-01-29T15:03:07.811018,CASH_IN,2656.71,MEDIUM,0.79
2026-01-29T15:03:10.181565,CASH_OUT,7300.11,MEDIUM,0.75
2026-01-29T15:03:12.560986,CASH_OUT,1061.41,MEDIUM,0.63
2026-01-29T15:03:14.987217,PAYMENT,2109.09,MEDIUM,0.62
2026-01-29T15:03:17.380764,PAYMENT,1417.32,MEDIUM,0.71
2026-01-29T15:03:19.763627,PAYMENT,235.58,LOW,0.02
2026-01-29T15:03:22.157642,DEBIT,8010.27,HIGH,0.84
2026-01-29T15:03:24.597672,CASH_IN,9639.59,HIGH,0.81
2026-01-29T15:03:27.015093,CASH_OUT,1641.72,MEDIUM,0.75
2026-01-29T15:03:29.444732,CASH_OUT,7869.99,HIGH,0.86
2026-01-29T15:03:31.824900,DEBIT,1473.78,MEDIUM,0.76
2026-01-29T15:03:34.253502,DEBIT,185.57,MEDIUM,0.66
2026-01-29T15:03:36.674740,CASH_IN,8732.4,LOW,0.0
2026-01-29T15:03:39.152579,CASH_OUT,7111.55,MEDIUM,0.79
2026-01-29T15:03:41.516517,DEBIT,4518.28,LOW,0.03
2026-01-29T15:03:43.878331,TRANSFER,5929.55,HIGH,0.89
2026-01-29T15:03:46.389645,CASH_IN,8467.15,MEDIUM,0.68
2026-01-29T15:03:48.856648,TRANSFER,9647.32,MEDIUM,0.79
2026-01-29T15:03:51.295434,TRANSFER,4563.7,MEDIUM,0.79
2026-01-29T15:03:53.683694,DEBIT,107.95,MEDIUM,0.74
2026-01-29T15:03:55.991357,CASH_OUT,6400.95,MEDIUM,0.75
2026-01-29T15:03:58.316746,CASH_IN,8890.4,MEDIUM,0.62
2026-01-29T15:04:00.771537,CASH_OUT,8311.05,LOW,0.0
2026-01-29T15:04:03.210336,DEBIT,6414.89,MEDIUM,0.72
2026-01-29T15:04:05.632940,DEBIT,7167.09,MEDIUM,0.72
2026-01-29T15:04:08.093815,TRANSFER,3343.51,MEDIUM,0.77
2026-01-29T15:04:10.469455,CASH_IN,6786.64,MEDIUM,0.67
2026-01-29T15:04:12.860003,CASH_OUT,8366.65,LOW,0.01
2026-01-29T15:04:15.257921,DEBIT,9698.37,MEDIUM,0.73
2026-01-29T15:04:17.632613,PAYMENT,8933.41,LOW,0.0
2026-01-29T15:04:20.017403,CASH_IN,1565.78,HIGH,0.81
2026-01-29T15:04:22.356022,PAYMENT,6162.02,MEDIUM,0.61
2026-01-29T15:04:24.768768,TRANSFER,8906.16,LOW,0.01
2026-01-29T15:04:27.267417,DEBIT,613.3,MEDIUM,0.73
2026-01-29T15:04:29.655376,CASH_IN,8302.73,LOW,0.0
2026-01-29T15:04:32.033925,CASH_IN,6431.67,MEDIUM,0.77
2026-01-29T15:04:34.467051,TRANSFER,7532.11,LOW,0.01
2026-01-29T15:04:36.961097,CASH_IN,6221.86,LOW,0.0
2026-01-29T15:04:39.380418,DEBIT,2688.93,MEDIUM,0.66
2026-01-29T15:04:41.816870,CASH_OUT,2010.36,MEDIUM,0.72
2026-01-29T15:04:44.272452,CASH_OUT,2723.39,MEDIUM,0.75
2026-01-29T15:04:46.751097,PAYMENT,5780.27,MEDIUM,0.61
2026-01-29T15:04:49.148812,TRANSFER,8540.21,LOW,0.01
2026-01-29T15:04:51.478270,CASH_OUT,9287.21,LOW,0.0
2026-01-29T15:04:53.805170,CASH_OUT,3896.79,MEDIUM,0.76
2026-01-29T15:04:56.265146,DEBIT,8536.04,MEDIUM,0.8
2026-01-29T15:04:58.659746,DEBIT,213.09,LOW,0.04
2026-01-29T15:05:01.036323,TRANSFER,1247.46,LOW,0.02
2026-01-29T15:05:03.385273,DEBIT,7603.83,MEDIUM,0.71
2026-01-29T15:05:05.816007,PAYMENT,9925.91,MEDIUM,0.6
2026-01-29T15:05:33.289960,CASH_IN,4934.73,MEDIUM,0.72
2026-01-29T15:05:35.706957,DEBIT,6443.21,MEDIUM,0.73
2026-01-29T15:05:38.017272,DEBIT,5443.31,LOW,0.0
2026-01-29T15:05:40.415491,PAYMENT,9450.09,LOW,0.01
2026-01-29T15:05:42.830306,DEBIT,2719.72,MEDIUM,0.74
2026-01-29T15:05:45.158533,CASH_IN,699.01,MEDIUM,0.69
2026-01-29T15:05:47.504500,CASH_OUT,7350.63,HIGH,0.83
2026-01-29T15:05:49.843812,CASH_IN,3726.84,MEDIUM,0.69
2026-01-29T15:05:52.192759,PAYMENT,4563.03,MEDIUM,0.59
2026-01-29T15:05:54.542127,TRANSFER,1564.15,HIGH,0.82
2026-01-29T15:05:57.039093,PAYMENT,9172.75,LOW,0.0
2026-01-29T15:05:59.472147,DEBIT,6176.11,MEDIUM,0.67
2026-01-29T15:06:01.878135,CASH_OUT,7856.51,MEDIUM,0.72
2026-01-29T15:06:04.290252,DEBIT,2798.58,MEDIUM,0.7
2026-01-29T15:06:06.660132,PAYMENT,2885.95,MEDIUM,0.71
2026-01-29T15:06:09.083684,DEBIT,9163.24,HIGH,0.84
2026-01-29T15:06:11.483453,CASH_OUT,7008.39,HIGH,0.85
2026-01-29T15:06:13.919550,DEBIT,2626.86,HIGH,0.84
2026-01-29T15:06:16.340370,DEBIT,1228.42,MEDIUM,0.8
2026-01-29T15:06:18.823767,DEBIT,99.62,MEDIUM,0.74
2026-01-29T15:06:21.178670,CASH_IN,3588.93,MEDIUM,0.7
2026-01-29T15:06:23.625237,CASH_IN,3035.59,MEDIUM,0.8
2026-01-29T15:06:26.040356,CASH_IN,6017.39,LOW,0.0
2026-01-29T15:06:28.477497,PAYMENT,5014.59,MEDIUM,0.71
2026-01-29T15:06:31.004665,CASH_OUT,5494.41,LOW,0.14
2026-01-29T15:06:33.426751,PAYMENT,3177.24,MEDIUM,0.71
2026-01-29T15:06:35.816940,CASH_OUT,2889.62,HIGH,0.84
2026-01-29T15:06:38.309814,PAYMENT,6865.48,LOW,0.0
2026-01-29T15:06:40.806863,PAYMENT,9772.78,MEDIUM,0.71
2026-01-29T15:06:43.151761,TRANSFER,7161.55,LOW,0.01
2026-01-29T15:06:45.602123,CASH_OUT,8795.89,MEDIUM,0.76
2026-01-29T15:06:48.037096,TRANSFER,1105.5,HIGH,0.81
2026-01-29T15:06:50.491276,PAYMENT,2929.46,MEDIUM,0.62
2026-01-29T15:06:53.000624,CASH_IN,3991.82,LOW,0.0
2026-01-29T15:06:55.416593,PAYMENT,5309.87,MEDIUM,0.62
2026-01-29T15:06:57.850556,TRANSFER,2569.57,HIGH,0.81
2026-01-29T15:07:00.268293,PAYMENT,1559.23,LOW,0.0
2026-01-29T15:07:02.673423,PAYMENT,9356.98,LOW,0.0
2026-01-29T15:07:05.127032,CASH_IN,5454.36,HIGH,0.81
2026-01-29T15:07:07.551501,TRANSFER,8469.82,MEDIUM,0.69
2026-01-29T15:07:09.934426,DEBIT,6277.46,MEDIUM,0.73
2026-01-29T15:07:12.335423,DEBIT,4350.8,MEDIUM,0.76
2026-01-29T15:07:14.755085,CASH_OUT,1449.68,HIGH,0.87
2026-01-29T15:07:17.233041,TRANSFER,2127.77,HIGH,0.83
2026-01-29T15:07:19.649814,CASH_OUT,1749.72,LOW,0.0
2026-01-29T15:07:22.082969,CASH_IN,5420.65,MEDIUM,0.69
2026-01-29T15:07:24.487970,CASH_IN,7910.51,LOW,0.01
2026-01-29T15:07:26.992299,DEBIT,774.75,MEDIUM,0.77
2026-01-29T15:07:29.358403,TRANSFER,9918.4,HIGH,0.9
2026-01-29T15:07:31.799902,DEBIT,695.98,MEDIUM,0.73
2026-01-29T21:38:36.539155,PAYMENT,1853.4,MEDIUM,0.6
2026-01-29T21:38:40.709312,CASH_OUT,7670.27,LOW,0.03
2026-01-29T21:38:43.219215,CASH_IN,4658.58,LOW,0.01
2026-01-29T21:38:45.734446,CASH_OUT,7409.47,MEDIUM,0.73
2026-01-29T21:38:48.265658,PAYMENT,8186.85,MEDIUM,0.54
2026-01-29T21:38:50.824872,PAYMENT,3008.9,MEDIUM,0.61
2026-01-29T21:38:54.161497,DEBIT,8230.8,MEDIUM,0.74
2026-01-29T21:38:56.632959,DEBIT,2840.3,MEDIUM,0.73
2026-01-29T21:38:59.046980,TRANSFER,1994.0,LOW,0.06
2026-01-29T21:39:01.875337,PAYMENT,8272.08,MEDIUM,0.71
2026-01-29T21:39:04.548925,CASH_IN,9645.77,MEDIUM,0.62
2026-01-29T21:39:07.650860,DEBIT,2277.12,MEDIUM,0.73
2026-01-29T21:39:10.654324,DEBIT,1899.16,HIGH,0.84
2026-01-29T21:39:13.409043,TRANSFER,4470.31,MEDIUM,0.74
2026-01-29T21:39:15.937573,CASH_OUT,4829.7,MEDIUM,0.75
2026-01-29T21:39:18.480794,DEBIT,1963.99,LOW,0.0
2026-01-29T21:39:21.121242,DEBIT,6547.28,MEDIUM,0.8
2026-01-29T21:39:23.636674,TRANSFER,3384.2,HIGH,0.84
2026-01-29T21:39:25.997937,CASH_OUT,9586.91,LOW,0.0
2026-01-29T21:39:28.471264,CASH_OUT,3884.59,MEDIUM,0.75
2026-01-29T21:39:31.133190,DEBIT,907.19,LOW,0.0
2026-01-29T21:39:33.771997,DEBIT,6455.57,HIGH,0.82
2026-01-29T21:39:36.368131,TRANSFER,7402.08,MEDIUM,0.74
2026-01-29T21:39:39.045583,CASH_IN,5170.19,MEDIUM,0.67
2026-01-29T21:39:41.714830,TRANSFER,6121.81,MEDIUM,0.78
2026-01-29T21:39:44.307597,CASH_IN,180.85,MEDIUM,0.77
2026-01-29T21:39:46.820256,DEBIT,8207.61,LOW,0.0
2026-01-29T21:39:49.471249,PAYMENT,4187.45,LOW,0.02
2026-01-29T21:39:52.121014,CASH_OUT,268.25,LOW,0.17
2026-01-29T21:39:54.626353,CASH_OUT,3434.97,MEDIUM,0.77
2026-01-29T21:39:57.094848,CASH_IN,2668.25,LOW,0.01
2026-01-29T21:40:35.177930,PAYMENT,9367.86,LOW,0.0
2026-01-29T21:40:39.354952,TRANSFER,9127.51,MEDIUM,0.73
2026-01-29T21:40:42.054123,CASH_IN,5025.74,MEDIUM,0.73
2026-01-29T21:40:44.762623,TRANSFER,1969.43,HIGH,0.81
2026-01-29T21:40:47.359275,DEBIT,9815.44,MEDIUM,0.73
2026-01-29T21:40:50.030694,CASH_OUT,7926.8,MEDIUM,0.67
2026-01-29T21:40:52.702829,CASH_OUT,7851.29,LOW,0.19
2026-01-29T21:40:55.251081,TRANSFER,9381.59,LOW,0.01
2026-01-29T21:40:57.664787,CASH_OUT,8891.04,MEDIUM,0.72
2026-01-29T21:41:00.025553,CASH_OUT,5943.92,MEDIUM,0.67
2026-01-29T21:41:02.471637,TRANSFER,970.78,HIGH,0.83
2026-01-29T21:41:04.921288,PAYMENT,4228.12,LOW,0.0
2026-01-29T21:41:07.351100,CASH_OUT,4507.44,LOW,0.01
2026-01-29T21:41:09.868513,CASH_OUT,1827.27,MEDIUM,0.69
2026-01-29T21:41:12.433012,TRANSFER,6587.5,MEDIUM,0.79
2026-01-29T21:41:14.904991,TRANSFER,1922.15,HIGH,0.85
2026-01-29T21:41:17.363586,TRANSFER,6694.48,MEDIUM,0.74
2026-01-29T21:41:19.839428,DEBIT,5347.68,LOW,0.03
2026-01-29T21:41:22.341781,TRANSFER,440.21,MEDIUM,0.65
2026-01-29T21:41:24.795865,CASH_OUT,8514.18,MEDIUM,0.72
2026-01-29T21:41:27.199521,CASH_OUT,2148.28,HIGH,0.83
2026-01-29T21:41:29.643687,PAYMENT,6878.87,MEDIUM,0.59
2026-01-29T21:41:32.036558,TRANSFER,4820.23,LOW,0.09
2026-01-29T21:41:34.521207,TRANSFER,7629.56,LOW,0.01
2026-01-29T21:41:37.026495,CASH_OUT,5127.79,MEDIUM,0.76
2026-01-29T21:41:39.411666,DEBIT,8445.0,MEDIUM,0.72
2026-01-29T21:41:41.858307,CASH_IN,9912.54,LOW,0.0
2026-01-29T21:41:44.332803,CASH_IN,6768.84,MEDIUM,0.79
2026-01-29T21:41:46.784508,DEBIT,764.46,LOW,0.03
2026-01-29T21:41:49.310901,PAYMENT,2756.96,MEDIUM,0.71
2026-01-29T21:41:51.805187,CASH_IN,7395.66,MEDIUM,0.76
2026-01-29T21:41:54.323328,DEBIT,9497.24,MEDIUM,0.71
2026-01-29T21:41:56.724121,CASH_OUT,6687.92,MEDIUM,0.75
2026-01-29T21:41:59.157909,TRANSFER,7159.1,MEDIUM,0.74
2026-01-29T21:42:01.601634,DEBIT,2835.13,LOW,0.0
2026-01-29T21:42:04.004847,CASH_IN,9033.12,LOW,0.0
2026-01-29T21:42:06.329679,CASH_IN,2797.03,MEDIUM,0.74
2026-01-29T21:42:08.687360,TRANSFER,4736.34,MEDIUM,0.73
2026-01-29T21:42:11.118152,PAYMENT,6202.14,MEDIUM,0.67
2026-01-29T21:42:13.610929,DEBIT,5567.25,LOW,0.0
2026-01-29T21:42:16.061924,CASH_IN,1408.8,LOW,0.0
2026-01-29T21:42:18.502480,DEBIT,8641.2,HIGH,0.83
2026-01-29T21:42:20.986343,TRANSFER,3045.99,LOW,0.01
2026-01-29T21:42:23.414129,TRANSFER,5163.71,HIGH,0.9
2026-01-29T21:42:25.761208,CASH_OUT,7111.29,LOW,0.01
2026-01-29T21:42:28.129481,TRANSFER,4120.38,MEDIUM,0.78
2026-01-29T21:42:30.476084,PAYMENT,7841.16,MEDIUM,0.61
2026-01-29T21:42:32.845472,CASH_IN,7004.56,LOW,0.0
2026-01-29T21:42:35.320966,PAYMENT,6027.91,MEDIUM,0.62
2026-01-29T21:42:37.828928,DEBIT,1677.04,MEDIUM,0.75
2026-01-29T21:42:40.373288,CASH_IN,9563.37,MEDIUM,0.69
2026-01-29T21:42:42.864325,CASH_OUT,8121.35,HIGH,0.87
2026-01-29T21:42:45.327317,CASH_IN,2113.98,MEDIUM,0.8
2026-01-29T21:42:47.814777,TRANSFER,1829.8,MEDIUM,0.78
2026-01-29T21:42:50.394404,TRANSFER,3149.81,LOW,0.06
2026-01-29T21:42:52.884803,CASH_OUT,996.7,MEDIUM,0.75
2026-01-29T21:42:55.357370,TRANSFER,8599.66,HIGH,0.83
2026-01-29T21:42:57.811604,DEBIT,4846.42,MEDIUM,0.66
2026-01-29T21:43:00.326607,CASH_OUT,521.24,LOW,0.02
2026-01-29T21:43:02.694434,TRANSFER,1607.97,MEDIUM,0.74
2026-01-29T21:43:05.105041,CASH_IN,2718.4,MEDIUM,0.67
2026-01-29T21:43:07.473357,CASH_OUT,3333.86,MEDIUM,0.75
2026-01-29T21:43:09.972233,CASH_IN,3596.52,MEDIUM,0.67
2026-01-29T21:43:12.448115,TRANSFER,9485.82,MEDIUM,0.68
2026-01-29T21:43:14.943149,TRANSFER,149.67,LOW,0.03
2026-01-29T21:43:17.422025,DEBIT,9795.09,HIGH,0.84
2026-01-29T21:43:19.898747,TRANSFER,9969.62,MEDIUM,0.79
2026-01-29T21:43:22.402386,TRANSFER,3255.65,MEDIUM,0.74
2026-01-29T21:43:24.874648,CASH_IN,9935.71,LOW,0.0
2026-01-29T21:43:27.280821,TRANSFER,6441.76,MEDIUM,0.78
2026-01-29T21:43:29.631446,PAYMENT,3385.25,MEDIUM,0.57
2026-01-29T21:43:31.969013,PAYMENT,6024.0,LOW,0.02
2026-01-29T21:43:34.481655,PAYMENT,5276.26,MEDIUM,0.62
2026-01-29T21:43:36.976331,PAYMENT,8198.94,MEDIUM,0.62
2026-01-29T21:43:39.436781,CASH_OUT,8040.22,MEDIUM,0.76
2026-01-29T21:43:41.879197,TRANSFER,4725.61,HIGH,0.87
2026-01-29T21:43:44.432433,CASH_IN,1627.47,LOW,0.03
2026-01-29T21:43:46.905648,CASH_IN,890.68,LOW,0.0
2026-01-29T21:43:49.386616,CASH_OUT,9285.54,HIGH,0.87
2026-01-29T21:43:51.842725,PAYMENT,4696.23,LOW,0.0
2026-01-29T21:43:54.272527,CASH_OUT,7251.02,HIGH,0.87
2026-01-29T21:43:56.637292,TRANSFER,6174.26,MEDIUM,0.74
2026-01-29T21:43:58.921409,CASH_IN,2920.54,MEDIUM,0.75
2026-01-29T21:44:01.201009,CASH_IN,7458.46,MEDIUM,0.69
2026-01-29T21:44:03.620879,TRANSFER,423.7,MEDIUM,0.79
2026-01-29T21:44:06.014904,CASH_IN,8871.78,MEDIUM,0.8
2026-01-29T21:44:08.466034,DEBIT,9143.78,MEDIUM,0.73
2026-01-29T21:44:10.984300,PAYMENT,4788.05,LOW,0.0
2026-01-29T21:44:13.490208,DEBIT,4259.19,LOW,0.0
2026-01-29T21:44:15.994725,CASH_OUT,7683.65,MEDIUM,0.75
2026-01-29T21:44:18.501548,DEBIT,3145.91,MEDIUM,0.74
2026-01-29T21:44:20.983184,PAYMENT,9226.44,MEDIUM,0.62
2026-01-29T21:44:23.463852,CASH_IN,6551.12,MEDIUM,0.77
2026-01-29T21:44:25.818779,CASH_IN,5307.83,LOW,0.0
2026-01-29T21:44:28.105064,TRANSFER,5665.18,MEDIUM,0.74
2026-01-29T21:44:30.397139,CASH_IN,3918.37,MEDIUM,0.73
2026-01-29T21:44:32.833896,PAYMENT,8018.82,LOW,0.01
2026-01-29T21:44:35.232902,CASH_OUT,9344.57,MEDIUM,0.68
2026-01-29T21:44:37.666672,CASH_OUT,5774.55,HIGH,0.85
2026-01-29T21:44:40.027529,CASH_OUT,9123.45,MEDIUM,0.73
2026-01-29T21:44:42.495074,TRANSFER,2553.89,MEDIUM,0.8
2026-01-29T21:44:44.987143,CASH_IN,9851.0,MEDIUM,0.67
2026-01-29T21:44:47.499881,DEBIT,5580.2,MEDIUM,0.73
2026-01-29T21:44:49.994501,CASH_IN,1420.5,MEDIUM,0.67
2026-01-29T21:44:52.511921,TRANSFER,3285.55,MEDIUM,0.75
2026-01-29T21:44:54.901091,PAYMENT,3039.97,LOW,0.0
2026-01-29T21:44:57.171591,CASH_OUT,1972.46,MEDIUM,0.75
2026-01-29T21:44:59.562189,DEBIT,9861.26,MEDIUM,0.7
2026-01-29T21:45:01.895994,DEBIT,8298.72,MEDIUM,0.74
2026-01-29T21:45:04.287783,CASH_IN,8726.31,HIGH,0.81
2026-01-29T21:53:34.657420,TRANSFER,4212.82,LOW,0.07
2026-01-29T21:53:37.941157,CASH_OUT,1370.23,LOW,0.01
2026-01-29T21:53:40.291450,TRANSFER,2779.2,LOW,0.09
2026-01-29T21:53:43.023114,DEBIT,2348.19,MEDIUM,0.8
2026-01-29T21:53:45.863413,DEBIT,5061.52,MEDIUM,0.67
2026-01-29T21:53:49.194387,CASH_IN,3226.31,MEDIUM,0.78
2026-01-29T21:53:52.433007,TRANSFER,3679.01,HIGH,0.82
2026-01-29T21:53:55.753724,DEBIT,8220.74,MEDIUM,0.73
2026-01-29T21:53:58.715308,TRANSFER,7163.33,MEDIUM,0.78
2026-01-29T21:54:01.960316,DEBIT,3810.62,LOW,0.0
2026-01-29T21:54:05.243135,DEBIT,8564.68,MEDIUM,0.62
2026-01-29T21:54:08.595678,CASH_IN,2851.06,MEDIUM,0.61
2026-01-29T21:54:11.848316,TRANSFER,9804.56,HIGH,0.87
2026-01-29T21:54:15.139610,CASH_OUT,2786.76,MEDIUM,0.72
2026-01-29T21:54:18.040055,CASH_IN,7015.2,HIGH,0.81
2026-01-29T21:54:21.040653,CASH_OUT,3938.39,MEDIUM,0.75
2026-01-29T21:54:24.042444,CASH_OUT,2451.94,MEDIUM,0.72
2026-01-29T21:54:27.383119,DEBIT,7483.66,MEDIUM,0.74
2026-01-29T21:54:30.336500,DEBIT,1964.49,MEDIUM,0.7
2026-01-29T21:54:33.603700,TRANSFER,3487.11,LOW,0.1
2026-01-29T21:54:37.180729,CASH_OUT,2114.2,MEDIUM,0.68
2026-01-29T21:54:40.126572,DEBIT,4481.96,HIGH,0.84
2026-01-29T21:54:43.197465,DEBIT,540.47,MEDIUM,0.73
2026-01-29T21:54:46.450499,PAYMENT,6520.76,MEDIUM,0.54
2026-01-29T21:54:49.673820,DEBIT,6971.32,LOW,0.0
2026-01-29T21:54:52.881865,CASH_OUT,5825.61,LOW,0.01
2026-01-29T21:54:56.120493,PAYMENT,8081.69,MEDIUM,0.67
2026-01-29T21:54:59.402154,CASH_OUT,1443.74,HIGH,0.87
2026-01-29T21:55:02.366700,DEBIT,1393.55,MEDIUM,0.74
2026-01-29T21:55:05.477060,CASH_IN,3484.87,MEDIUM,0.73
2026-01-29T21:55:08.907894,CASH_OUT,4260.76,HIGH,0.86
2026-01-29T21:55:12.577135,CASH_IN,3060.63,MEDIUM,0.66
2026-01-29T21:55:15.536064,CASH_IN,5925.1,MEDIUM,0.69
2026-01-29T21:55:18.422512,DEBIT,3078.93,MEDIUM,0.73
2026-01-29T21:55:21.387528,CASH_IN,2436.35,MEDIUM,0.75
2026-01-29T21:55:24.360211,DEBIT,1494.62,MEDIUM,0.68
2026-01-29T21:55:27.383112,TRANSFER,9790.58,HIGH,0.9
2026-01-29T21:55:30.599414,PAYMENT,3581.38,MEDIUM,0.6
2026-01-29T21:55:33.989788,CASH_OUT,2815.99,MEDIUM,0.62
2026-01-29T21:55:37.188024,PAYMENT,3877.79,MEDIUM,0.62
2026-01-29T21:55:40.867597,TRANSFER,5319.87,HIGH,0.81
2026-01-29T21:55:43.911173,DEBIT,2604.11,LOW,0.0
2026-01-29T21:55:46.945731,CASH_IN,9920.65,MEDIUM,0.67
2026-01-29T21:55:49.959696,PAYMENT,8010.01,MEDIUM,0.67
2026-01-29T21:55:52.892761,TRANSFER,9194.64,HIGH,0.9
2026-01-29T21:55:55.910758,CASH_IN,6241.28,MEDIUM,0.69
2026-01-29T21:55:58.980409,CASH_OUT,223.28,MEDIUM,0.75
2026-01-29T21:56:02.110296,DEBIT,2985.7,MEDIUM,0.62
2026-01-29T21:56:05.264977,CASH_OUT,3746.82,HIGH,0.84
2026-01-29T21:56:08.769631,CASH_OUT,4455.72,MEDIUM,0.72
2026-01-29T21:56:11.961692,PAYMENT,4692.32,MEDIUM,0.59
2026-01-29T21:56:14.868979,PAYMENT,2091.91,MEDIUM,0.59
2026-01-29T21:56:17.791801,CASH_IN,8647.0,LOW,0.0
2026-01-29T21:56:20.625586,TRANSFER,7681.02,HIGH,0.9
2026-01-29T21:56:23.566625,DEBIT,7219.47,MEDIUM,0.8
2026-01-29T21:56:26.495082,PAYMENT,9770.78,MEDIUM,0.71
2026-01-29T21:56:29.537984,CASH_OUT,6189.2,MEDIUM,0.75
2026-01-29T21:56:32.676362,CASH_IN,3291.56,LOW,0.0
2026-01-29T21:56:35.635789,PAYMENT,2162.49,MEDIUM,0.61
2026-01-29T21:56:38.936697,PAYMENT,1508.49,LOW,0.02
2026-01-29T21:56:42.047804,TRANSFER,1833.13,LOW,0.1
2026-01-29T21:56:44.879274,CASH_OUT,2269.95,HIGH,0.84
2026-01-29T21:56:47.876364,PAYMENT,3268.32,MEDIUM,0.61
2026-01-29T21:56:51.165903,PAYMENT,5491.45,MEDIUM,0.61
2026-01-29T21:56:53.966569,PAYMENT,636.17,LOW,0.0
2026-01-29T21:56:57.078124,TRANSFER,4296.29,MEDIUM,0.74
2026-01-29T21:57:00.463479,DEBIT,8396.94,HIGH,0.82
2026-01-29T21:57:03.565188,CASH_OUT,5749.57,LOW,0.2
2026-01-29T21:57:06.745179,CASH_IN,8957.15,MEDIUM,0.72
2026-01-29T21:57:09.883993,CASH_OUT,3815.12,MEDIUM,0.75
2026-01-29T21:57:13.209415,CASH_OUT,2394.44,LOW,0.01
2026-01-29T21:57:16.111493,PAYMENT,4924.42,LOW,0.0
2026-01-29T21:57:19.055261,PAYMENT,6584.0,MEDIUM,0.63
2026-01-29T21:57:22.064642,CASH_OUT,6098.67,LOW,0.07
2026-01-29T21:57:25.108040,CASH_OUT,6290.3,HIGH,0.84
2026-01-29T21:57:27.995171,TRANSFER,610.73,MEDIUM,0.73
2026-01-29T21:57:31.059392,PAYMENT,4162.82,MEDIUM,0.67
2026-01-29T21:57:34.299194,CASH_IN,5469.59,LOW,0.01
2026-01-29T21:57:37.274770,CASH_IN,7338.1,MEDIUM,0.64
2026-01-29T21:57:40.054979,CASH_OUT,9481.41,MEDIUM,0.78
2026-01-29T21:57:43.058390,DEBIT,1269.25,HIGH,0.84
2026-01-29T21:57:46.160855,TRANSFER,9671.59,LOW,0.01
2026-01-29T21:57:49.235761,DEBIT,4511.94,MEDIUM,0.61
2026-01-29T21:57:52.576748,CASH_OUT,7032.94,LOW,0.06
2026-01-29T21:57:55.421920,CASH_IN,783.31,MEDIUM,0.67
2026-01-29T21:57:58.820000,DEBIT,3680.29,MEDIUM,0.72
2026-01-29T21:58:03.040261,PAYMENT,4996.76,LOW,0.0
2026-01-29T21:58:06.476068,CASH_OUT,4501.12,LOW,0.08
2026-01-29T21:58:09.823403,TRANSFER,4083.73,HIGH,0.9
2026-01-29T21:58:13.473721,DEBIT,3567.49,MEDIUM,0.8
2026-01-29T21:58:16.360530,DEBIT,3715.16,MEDIUM,0.7
2026-01-29T21:58:19.441932,CASH_OUT,5481.36,MEDIUM,0.69
2026-01-29T21:58:22.707634,PAYMENT,858.29,MEDIUM,0.61
2026-01-29T21:58:26.246535,DEBIT,1963.01,MEDIUM,0.74
2026-01-29T21:58:29.080172,CASH_OUT,4485.27,MEDIUM,0.72
2026-01-29T21:58:32.515151,CASH_IN,4920.76,MEDIUM,0.75
2026-01-29T21:58:35.590879,PAYMENT,4659.38,MEDIUM,0.62
2026-01-29T21:58:38.413794,CASH_IN,8532.52,MEDIUM,0.68
2026-01-29T21:58:41.254222,CASH_OUT,9542.12,HIGH,0.86
2026-01-29T21:58:44.087267,CASH_OUT,4077.02,HIGH,0.84
2026-01-29T21:58:47.649695,PAYMENT,8946.47,LOW,0.0
2026-01-29T21:58:50.704995,PAYMENT,2175.02,LOW,0.0
2026-01-29T21:58:54.134760,CASH_OUT,4587.85,HIGH,0.87
2026-01-29T21:58:57.383679,CASH_IN,3326.77,MEDIUM,0.75
2026-01-29T21:59:00.942687,DEBIT,5446.45,MEDIUM,0.71
2026-01-29T21:59:03.978778,CASH_OUT,4774.11,MEDIUM,0.72
2026-01-29T21:59:07.268792,CASH_IN,3460.3,LOW,0.0
2026-01-29T21:59:10.630268,CASH_IN,94.85,HIGH,0.81
2026-01-29T21:59:13.628849,DEBIT,3544.02,MEDIUM,0.8
2026-01-29T21:59:16.574163,DEBIT,7808.97,HIGH,0.83
2026-01-29T21:59:19.731489,PAYMENT,5368.98,MEDIUM,0.61
2026-01-29T21:59:22.816581,CASH_OUT,9325.79,HIGH,0.81
2026-01-29T21:59:25.762149,DEBIT,4715.63,HIGH,0.85
2026-01-29T21:59:29.391146,PAYMENT,9419.44,LOW,0.0
2026-01-29T21:59:32.539771,TRANSFER,6367.51,MEDIUM,0.79
2026-01-29T21:59:35.784590,CASH_OUT,8847.86,MEDIUM,0.75
2026-01-29T21:59:39.193437,CASH_IN,7207.1,MEDIUM,0.66
2026-01-29T21:59:42.438622,TRANSFER,7454.65,LOW,0.05
2026-01-29T21:59:45.656615,PAYMENT,9636.55,MEDIUM,0.66
2026-01-29T21:59:48.718569,PAYMENT,32.74,MEDIUM,0.62
2026-01-29T21:59:51.673345,PAYMENT,5537.04,MEDIUM,0.59
2026-01-29T21:59:54.610067,TRANSFER,150.76,HIGH,0.81
2026-01-29T21:59:57.551236,TRANSFER,6002.13,LOW,0.01
2026-01-29T22:00:01.226185,PAYMENT,9278.46,MEDIUM,0.6
2026-01-29T22:00:04.991653,DEBIT,8758.95,HIGH,0.84
2026-01-29T22:00:08.735731,PAYMENT,5737.7,MEDIUM,0.62
2026-01-29T22:00:11.992645,CASH_OUT,6081.84,LOW,0.11
2026-01-29T22:00:15.453072,CASH_IN,5304.25,LOW,0.0
2026-01-29T22:00:18.573006,CASH_OUT,5249.38,HIGH,0.82
2026-01-29T22:00:21.636470,TRANSFER,1199.13,HIGH,0.87
2026-01-29T22:00:24.673159,DEBIT,8258.15,MEDIUM,0.66
2026-01-29T22:00:27.757705,CASH_OUT,1635.19,LOW,0.17
2026-01-29T22:00:30.816467,CASH_IN,2103.45,MEDIUM,0.72
2026-01-29T22:00:34.236536,DEBIT,5450.71,HIGH,0.84
2026-01-29T22:00:37.659148,PAYMENT,8650.65,MEDIUM,0.61
2026-01-29T22:00:40.587031,CASH_IN,1193.2,LOW,0.0
2026-01-29T22:00:43.753367,DEBIT,9770.92,MEDIUM,0.8
2026-01-29T22:00:46.828471,PAYMENT,6464.68,MEDIUM,0.71
2026-01-29T22:00:49.820539,CASH_IN,1651.75,LOW,0.04
2026-01-29T22:00:53.401568,TRANSFER,8012.04,MEDIUM,0.74
2026-01-29T22:00:56.407646,CASH_IN,2829.64,MEDIUM,0.69
2026-01-29T22:00:59.450764,TRANSFER,4991.89,MEDIUM,0.77
2026-01-29T22:01:02.757009,TRANSFER,9651.48,MEDIUM,0.79
2026-01-29T22:01:06.311677,DEBIT,5438.82,MEDIUM,0.72
2026-01-29T22:01:09.460736,CASH_IN,4101.6,MEDIUM,0.69
2026-01-29T22:01:12.478118,CASH_IN,6191.99,LOW,0.01
2026-01-29T22:01:15.765666,CASH_OUT,4992.13,HIGH,0.86
2026-01-29T22:01:18.652299,CASH_IN,3194.53,MEDIUM,0.69
2026-01-29T22:01:21.713509,PAYMENT,7880.54,MEDIUM,0.62
2026-01-29T22:01:25.103247,DEBIT,3475.71,MEDIUM,0.74
2026-01-29T22:01:28.140612,PAYMENT,9141.47,MEDIUM,0.54
2026-01-29T22:01:31.530162,TRANSFER,6835.11,MEDIUM,0.78
2026-01-29T22:01:34.676104,TRANSFER,7358.74,LOW,0.01
2026-01-29T22:01:38.164004,CASH_IN,7558.04,MEDIUM,0.68
2026-01-29T22:01:41.263918,CASH_OUT,4460.99,MEDIUM,0.74
2026-01-29T22:01:44.375818,PAYMENT,4134.97,MEDIUM,0.6
2026-01-29T22:01:47.777794,CASH_IN,2314.84,MEDIUM,0.75
2026-01-29T22:01:50.771441,DEBIT,3854.35,LOW,0.0
2026-01-29T22:01:54.129773,PAYMENT,7129.12,MEDIUM,0.55
2026-01-29T22:01:57.017791,PAYMENT,6829.99,MEDIUM,0.6
2026-01-29T22:02:00.103859,TRANSFER,6643.58,MEDIUM,0.79
2026-01-29T22:02:03.401867,PAYMENT,1221.89,LOW,0.02
2026-01-29T22:02:05.978608,PAYMENT,2232.98,MEDIUM,0.6
2026-01-29T22:02:08.384872,PAYMENT,8583.61,MEDIUM,0.71
2026-01-29T22:02:10.778002,CASH_IN,2032.9,MEDIUM,0.69
2026-01-29T22:02:13.201075,CASH_OUT,3688.53,LOW,0.01
2026-01-29T22:02:15.680656,DEBIT,3944.56,MEDIUM,0.73
2026-01-29T22:02:18.058244,DEBIT,3631.38,MEDIUM,0.73
2026-01-29T22:02:20.408015,DEBIT,3923.29,LOW,0.0
2026-01-29T22:02:22.797254,TRANSFER,2915.42,MEDIUM,0.78
2026-01-29T22:02:25.247232,TRANSFER,9320.46,MEDIUM,0.72
2026-01-29T22:02:27.954299,CASH_IN,952.61,MEDIUM,0.73
2026-01-29T22:02:31.589784,CASH_OUT,2448.1,LOW,0.1
2026-01-29T22:02:34.919630,CASH_OUT,6510.68,LOW,0.06
2026-01-29T22:02:37.327159,CASH_OUT,4288.12,MEDIUM,0.7
2026-01-29T22:02:39.645694,DEBIT,7602.66,MEDIUM,0.72
2026-01-29T22:02:42.013429,CASH_IN,4493.9,MEDIUM,0.75
2026-01-29T22:02:44.341140,CASH_OUT,8747.77,HIGH,0.81
2026-01-29T22:02:46.698189,TRANSFER,3889.71,MEDIUM,0.77
2026-01-29T22:02:49.060534,DEBIT,9753.61,MEDIUM,0.73
2026-01-29T22:02:51.436144,CASH_OUT,6028.91,LOW,0.2
2026-01-29T22:02:53.737212,CASH_IN,9586.72,LOW,0.0
2026-01-29T22:02:56.200131,CASH_IN,4132.27,LOW,0.0
2026-01-29T22:02:58.934940,PAYMENT,3182.54,MEDIUM,0.57
2026-01-29T22:03:02.162024,CASH_IN,9425.14,MEDIUM,0.66
2026-01-29T22:03:05.547629,PAYMENT,2181.26,MEDIUM,0.59
2026-01-29T22:03:09.487337,DEBIT,1190.7,LOW,0.03
2026-01-29T22:03:12.597318,CASH_OUT,2768.53,HIGH,0.84
2026-01-29T22:03:15.630415,CASH_IN,960.75,HIGH,0.81
2026-01-29T22:03:19.243450,TRANSFER,6379.34,MEDIUM,0.71
2026-01-29T22:03:22.416740,CASH_IN,6138.8,HIGH,0.81
2026-01-29T22:03:25.369908,CASH_IN,1654.61,MEDIUM,0.73
2026-01-29T22:03:28.377003,CASH_IN,4879.96,MEDIUM,0.66
2026-01-29T22:03:31.479321,CASH_OUT,2101.29,LOW,0.03
2026-01-29T22:03:34.873357,CASH_IN,5304.54,MEDIUM,0.75
2026-01-29T22:03:38.454794,DEBIT,1452.82,HIGH,0.84
2026-01-29T22:03:41.248665,TRANSFER,5336.58,MEDIUM,0.79
2026-01-29T22:03:43.570532,PAYMENT,8585.45,MEDIUM,0.7
2026-01-29T22:03:45.984372,CASH_OUT,4398.77,LOW,0.09
2026-01-29T22:03:48.512065,PAYMENT,2967.58,MEDIUM,0.62
2026-01-29T22:03:50.908928,DEBIT,4570.74,MEDIUM,0.73
2026-01-29T22:03:53.423971,TRANSFER,2934.5,LOW,0.01
2026-01-29T22:03:55.782478,TRANSFER,2774.99,HIGH,0.85
2026-01-29T22:03:58.271336,CASH_OUT,2725.34,MEDIUM,0.75
2026-01-29T22:04:00.640004,CASH_OUT,6653.95,MEDIUM,0.78
2026-01-29T22:04:02.993917,CASH_OUT,6703.48,LOW,0.02
2026-01-29T22:04:05.553734,TRANSFER,6611.64,MEDIUM,0.75
2026-01-29T22:04:08.028896,CASH_OUT,4955.47,LOW,0.06
2026-01-29T22:04:10.740969,TRANSFER,4262.03,HIGH,0.9
2026-01-29T22:04:14.317633,CASH_IN,2272.63,MEDIUM,0.75
2026-01-29T22:04:17.864453,DEBIT,3964.31,MEDIUM,0.72
2026-01-29T22:04:20.832319,CASH_OUT,7834.53,LOW,0.02
2026-01-29T22:04:23.962756,DEBIT,9985.26,MEDIUM,0.7
2026-01-29T22:04:27.061263,TRANSFER,6411.81,LOW,0.01
2026-01-29T22:04:30.266921,DEBIT,1103.11,HIGH,0.85
2026-01-29T22:04:33.277754,CASH_IN,4601.44,MEDIUM,0.79
2026-01-29T22:04:36.325028,TRANSFER,8280.69,HIGH,0.9
2026-01-29T22:04:39.446584,CASH_IN,9913.66,MEDIUM,0.67
2026-01-29T22:04:42.589118,TRANSFER,5492.13,MEDIUM,0.78
2026-01-29T22:04:45.594376,DEBIT,2056.04,LOW,0.0
2026-01-29T22:04:48.505034,PAYMENT,7042.49,LOW,0.0
2026-01-29T22:04:51.539808,PAYMENT,7920.36,MEDIUM,0.71
2026-01-29T22:04:54.630613,TRANSFER,1819.37,HIGH,0.85
2026-01-29T22:04:57.735158,CASH_IN,1815.35,HIGH,0.81
2026-01-29T22:05:01.012454,DEBIT,2404.76,LOW,0.0
2026-01-29T22:05:04.136614,CASH_IN,743.35,MEDIUM,0.75
2026-01-29T22:05:07.766585,CASH_IN,5668.99,MEDIUM,0.66
2026-01-29T22:05:10.924090,CASH_IN,6623.53,HIGH,0.81
2026-01-29T22:05:14.038784,PAYMENT,2664.35,MEDIUM,0.6
2026-01-29T22:05:17.549292,DEBIT,9119.93,HIGH,0.84
2026-01-29T22:05:20.538030,CASH_OUT,3956.39,HIGH,0.85
2026-01-29T22:05:23.628146,CASH_IN,6870.32,MEDIUM,0.66
2026-01-29T22:05:26.318919,TRANSFER,6348.41,HIGH,0.9
2026-01-29T22:05:28.667209,PAYMENT,7817.32,LOW,0.0
2026-01-29T22:05:30.957437,CASH_OUT,9279.48,MEDIUM,0.75
2026-01-29T22:05:33.277095,CASH_IN,8031.5,MEDIUM,0.7
2026-01-29T22:05:35.617219,CASH_IN,3572.13,MEDIUM,0.65
2026-01-29T22:05:37.999629,TRANSFER,7285.63,HIGH,0.82
2026-01-29T22:05:40.335800,CASH_IN,4820.89,MEDIUM,0.66
2026-01-29T22:05:42.702549,CASH_OUT,3065.5,MEDIUM,0.74
2026-01-29T22:05:45.003784,TRANSFER,8043.07,MEDIUM,0.78
2026-01-29T22:05:47.378421,TRANSFER,2462.71,LOW,0.04
2026-01-29T22:05:49.776367,PAYMENT,8908.92,LOW,0.0
2026-01-29T22:05:52.191648,TRANSFER,7059.77,MEDIUM,0.75
2026-01-29T22:05:54.703895,PAYMENT,5461.86,MEDIUM,0.58
2026-01-29T22:05:57.414703,CASH_OUT,1027.3,LOW,0.01
2026-01-29T22:06:00.800253,CASH_OUT,7020.56,HIGH,0.87
2026-01-29T22:06:04.109303,TRANSFER,4072.54,MEDIUM,0.79
2026-01-29T22:06:07.411712,PAYMENT,6610.08,MEDIUM,0.67
2026-01-29T22:06:10.375348,TRANSFER,9397.62,LOW,0.02
2026-01-29T22:06:13.393434,TRANSFER,5409.55,LOW,0.01
2026-01-29T22:06:16.337579,CASH_OUT,59.59,LOW,0.06
2026-01-29T22:06:19.294771,TRANSFER,1618.96,MEDIUM,0.73
2026-01-29T22:06:22.271100,CASH_IN,6618.28,MEDIUM,0.67
2026-01-29T22:06:26.990765,DEBIT,465.7,LOW,0.0
2026-01-29T22:06:30.626900,TRANSFER,6100.22,MEDIUM,0.71
2026-01-29T22:06:34.430204,CASH_OUT,4735.95,LOW,0.18
2026-01-29T22:06:37.812301,DEBIT,7636.15,MEDIUM,0.7
2026-01-29T22:06:40.826720,CASH_OUT,1349.0,LOW,0.02
2026-01-29T22:06:44.156039,TRANSFER,7923.94,MEDIUM,0.78
2026-01-29T22:06:47.042171,DEBIT,4240.14,MEDIUM,0.73
2026-01-29T22:06:50.029975,CASH_OUT,1129.39,HIGH,0.86
2026-01-29T22:06:53.111028,CASH_IN,2996.45,MEDIUM,0.69
2026-01-29T22:06:56.221629,DEBIT,4266.17,LOW,0.0
2026-01-29T22:06:59.230580,PAYMENT,6873.26,LOW,0.0
2026-01-29T22:07:02.306117,PAYMENT,9008.44,MEDIUM,0.67
2026-01-29T22:07:05.636301,TRANSFER,1625.56,LOW,0.01
2026-01-29T22:07:08.854165,TRANSFER,1475.36,MEDIUM,0.72
2026-01-29T22:07:11.878127,DEBIT,6902.03,LOW,0.0
2026-01-29T22:07:15.190034,CASH_OUT,4021.77,MEDIUM,0.7
2026-01-29T22:07:18.224183,CASH_OUT,4180.78,MEDIUM,0.74
2026-01-29T22:07:21.182451,DEBIT,7484.41,HIGH,0.84
2026-01-29T22:07:24.061601,CASH_IN,3725.21,MEDIUM,0.67
2026-01-29T22:07:27.072583,PAYMENT,3929.41,MEDIUM,0.66
2026-01-29T22:07:29.982437,CASH_OUT,3522.02,MEDIUM,0.78
2026-01-29T22:07:33.046667,DEBIT,6695.45,LOW,0.0
2026-01-29T22:07:36.046155,DEBIT,9371.61,HIGH,0.84
2026-01-29T22:07:39.108667,CASH_IN,5405.33,LOW,0.0
2026-01-29T22:07:41.966987,CASH_IN,7952.43,MEDIUM,0.62
2026-01-29T22:07:45.017495,TRANSFER,8099.09,LOW,0.1
2026-01-29T22:07:48.101188,DEBIT,3434.49,HIGH,0.84
2026-01-29T22:07:51.182782,DEBIT,9506.28,LOW,0.0
2026-01-29T22:07:54.066214,PAYMENT,5085.87,MEDIUM,0.59
2026-01-29T22:07:56.998500,TRANSFER,1301.53,MEDIUM,0.8
2026-01-29T22:07:59.933249,CASH_IN,6090.29,MEDIUM,0.69
2026-01-29T22:08:02.981381,PAYMENT,3976.56,MEDIUM,0.68
2026-01-29T22:08:06.368919,TRANSFER,2070.94,LOW,0.11
2026-01-29T22:08:09.309792,CASH_IN,5034.23,MEDIUM,0.69
2026-01-29T22:08:12.298563,CASH_OUT,8001.94,HIGH,0.86
2026-01-29T22:08:15.323748,DEBIT,4546.69,HIGH,0.84
2026-01-29T22:08:18.630906,CASH_OUT,9273.45,LOW,0.04
2026-01-29T22:08:21.661918,CASH_IN,2936.45,MEDIUM,0.78
2026-01-29T22:08:24.542815,CASH_OUT,3625.4,LOW,0.01
2026-01-29T22:08:27.589774,PAYMENT,2247.23,MEDIUM,0.57
2026-01-29T22:08:30.822941,CASH_OUT,8161.91,HIGH,0.84
2026-01-29T22:08:33.626110,CASH_OUT,3040.73,MEDIUM,0.75
2026-01-29T22:08:36.930248,TRANSFER,8836.81,MEDIUM,0.73
2026-01-29T22:08:40.031694,TRANSFER,8564.11,MEDIUM,0.77
2026-01-29T22:08:43.936327,CASH_IN,7622.08,MEDIUM,0.75
2026-01-29T22:08:50.186959,CASH_OUT,7369.18,MEDIUM,0.72
2026-01-29T22:08:54.981373,DEBIT,1485.01,LOW,0.0
2026-01-29T22:08:58.435389,CASH_IN,9125.1,LOW,0.0
2026-01-29T22:09:01.607712,DEBIT,8886.37,MEDIUM,0.76
2026-01-29T22:09:05.874543,CASH_OUT,559.81,HIGH,0.85
2026-01-29T22:09:09.809665,CASH_OUT,190.56,LOW,0.01
2026-01-29T22:09:13.538003,TRANSFER,8493.79,HIGH,0.9
2026-01-29T22:09:17.412959,TRANSFER,4641.79,LOW,0.08
2026-01-29T22:09:21.679472,TRANSFER,8949.04,LOW,0.04
2026-01-29T22:09:25.076238,CASH_IN,9861.3,MEDIUM,0.66
2026-01-29T22:09:27.397941,PAYMENT,4536.13,MEDIUM,0.67
2026-01-29T22:09:29.788045,PAYMENT,8651.1,LOW,0.0
2026-01-29T22:09:32.202386,CASH_IN,7883.02,MEDIUM,0.66
2026-01-29T22:09:34.551126,CASH_OUT,8998.94,MEDIUM,0.72
2026-01-29T22:09:36.894390,CASH_IN,2975.78,LOW,0.03
2026-01-29T22:09:39.242741,CASH_IN,6717.24,LOW,0.01
2026-01-29T22:09:41.672752,DEBIT,7099.31,HIGH,0.84
2026-01-29T22:09:44.043238,CASH_IN,2566.32,MEDIUM,0.69
2026-01-29T22:09:46.431510,CASH_IN,8712.91,MEDIUM,0.66
2026-01-29T22:09:48.793839,TRANSFER,829.74,LOW,0.04
2026-01-29T22:09:51.144978,TRANSFER,3315.7,LOW,0.01
2026-01-29T22:09:53.507482,PAYMENT,170.79,LOW,0.0
2026-01-29T22:09:55.907790,CASH_OUT,7920.57,LOW,0.06
2026-01-29T22:09:58.282836,TRANSFER,9668.17,MEDIUM,0.79
2026-01-29T22:10:00.607889,PAYMENT,3925.4,LOW,0.0
2026-01-29T22:10:02.973961,TRANSFER,6282.69,LOW,0.01
2026-01-29T22:10:05.324722,PAYMENT,6329.2,MEDIUM,0.55
2026-01-29T22:10:07.647813,CASH_OUT,1180.8,LOW,0.01
2026-01-29T22:10:09.968166,CASH_OUT,8580.62,MEDIUM,0.75
2026-01-29T22:10:12.378948,TRANSFER,1419.3,HIGH,0.85
2026-01-29T22:10:14.688881,PAYMENT,5530.54,MEDIUM,0.61
2026-01-29T22:10:17.010555,TRANSFER,7094.46,LOW,0.03
2026-01-29T22:10:19.371710,TRANSFER,8446.28,LOW,0.04
2026-01-29T22:10:21.659458,CASH_IN,115.32,MEDIUM,0.67
2026-01-29T22:10:23.974189,CASH_IN,5357.94,LOW,0.04
2026-01-29T22:10:26.378089,TRANSFER,1924.06,MEDIUM,0.73
2026-01-29T22:10:28.696684,CASH_OUT,1908.9,HIGH,0.84
2026-01-29T22:10:30.998211,TRANSFER,9825.02,MEDIUM,0.79
2026-01-29T22:10:33.307201,TRANSFER,4755.75,MEDIUM,0.74
2026-01-29T22:10:35.620742,CASH_OUT,8895.2,MEDIUM,0.67
2026-01-29T22:10:37.939130,CASH_IN,3430.13,MEDIUM,0.69
2026-01-29T22:10:40.262992,PAYMENT,2477.33,MEDIUM,0.66
2026-01-29T22:10:42.620713,PAYMENT,1735.64,LOW,0.01
2026-01-29T22:10:44.929407,TRANSFER,3255.63,LOW,0.08
2026-01-29T22:10:47.269395,TRANSFER,6028.01,LOW,0.01
2026-01-29T22:10:49.669382,CASH_OUT,3364.0,MEDIUM,0.71
2026-01-29T22:10:52.088985,TRANSFER,9308.17,LOW,0.1
2026-01-29T22:10:54.475902,DEBIT,8165.02,MEDIUM,0.7
2026-01-29T22:10:56.822111,PAYMENT,7200.08,MEDIUM,0.62
2026-01-29T22:10:59.183618,TRANSFER,2027.74,MEDIUM,0.77
2026-01-29T22:11:01.488461,DEBIT,8210.49,MEDIUM,0.72
2026-01-29T22:11:03.797305,CASH_OUT,5049.73,MEDIUM,0.69
2026-01-29T22:11:06.119075,PAYMENT,9910.79,LOW,0.0
2026-01-29T22:11:08.415834,CASH_IN,3918.72,MEDIUM,0.66
2026-01-29T22:11:10.695156,CASH_OUT,739.31,MEDIUM,0.69
2026-01-29T22:11:13.026990,CASH_OUT,377.31,MEDIUM,0.77
2026-01-29T22:11:15.360400,CASH_IN,6062.31,MEDIUM,0.8
2026-01-29T22:11:17.696056,CASH_IN,7454.81,MEDIUM,0.65
2026-01-29T22:11:19.979200,CASH_IN,9799.62,MEDIUM,0.64
2026-01-29T22:11:22.261144,TRANSFER,9199.33,MEDIUM,0.73
2026-01-29T22:11:24.619661,PAYMENT,7553.86,MEDIUM,0.54
2026-01-29T22:11:26.909661,PAYMENT,1362.65,MEDIUM,0.58
2026-01-29T22:11:29.566371,TRANSFER,2812.84,LOW,0.01
2026-01-29T22:11:32.446093,CASH_IN,5268.31,LOW,0.0
2026-01-29T22:11:35.902614,CASH_OUT,8111.11,MEDIUM,0.72
2026-01-29T22:11:38.812965,PAYMENT,6260.55,LOW,0.0
2026-01-29T22:11:41.727175,CASH_IN,2870.23,MEDIUM,0.69
2026-01-29T22:11:44.622716,CASH_IN,3088.31,MEDIUM,0.8
2026-01-29T22:11:47.898395,CASH_OUT,4962.78,MEDIUM,0.75
2026-01-29T22:11:50.795336,CASH_OUT,5120.98,LOW,0.02
2026-01-29T22:11:53.854921,TRANSFER,395.02,MEDIUM,0.78
2026-01-29T22:11:56.740328,CASH_IN,4655.28,MEDIUM,0.69
2026-01-29T22:11:59.787993,PAYMENT,7963.35,MEDIUM,0.67
2026-01-29T22:12:02.736775,CASH_OUT,5228.21,MEDIUM,0.73
2026-01-29T22:12:05.977849,CASH_OUT,5173.22,MEDIUM,0.67
2026-01-29T22:12:09.188829,CASH_IN,478.89,MEDIUM,0.72
2026-01-29T22:12:12.176168,CASH_IN,9763.92,MEDIUM,0.66
2026-01-29T22:12:15.555368,DEBIT,1424.2,MEDIUM,0.71
2026-01-29T22:12:18.447493,CASH_OUT,3219.79,HIGH,0.82
2026-01-29T22:12:21.442582,PAYMENT,2654.49,MEDIUM,0.58
2026-01-29T22:12:24.330515,PAYMENT,6482.66,MEDIUM,0.54
2026-01-29T22:12:27.621408,CASH_IN,4958.91,LOW,0.0
2026-01-29T22:12:30.492694,CASH_OUT,6268.2,MEDIUM,0.74
2026-01-29T22:12:33.491593,CASH_OUT,2147.79,HIGH,0.86
2026-01-29T22:12:36.570457,PAYMENT,2946.51,MEDIUM,0.7
2026-01-29T22:12:39.860810,TRANSFER,6857.79,MEDIUM,0.79
2026-01-29T22:12:42.659431,TRANSFER,7119.12,MEDIUM,0.65
2026-01-29T22:12:45.672557,CASH_IN,8248.81,LOW,0.0
2026-01-29T22:12:48.637690,PAYMENT,5979.23,MEDIUM,0.61
2026-01-29T22:12:51.715936,DEBIT,8493.71,HIGH,0.84
2026-01-29T22:12:54.771035,TRANSFER,4428.41,MEDIUM,0.72
2026-01-29T22:12:57.707544,CASH_OUT,6939.52,HIGH,0.86
2026-01-29T22:13:00.960555,DEBIT,6165.22,MEDIUM,0.73
2026-01-29T22:13:03.892577,CASH_OUT,2716.58,MEDIUM,0.75
2026-01-29T22:13:07.139404,DEBIT,5086.45,LOW,0.04
2026-01-29T22:13:10.162676,CASH_IN,1095.21,LOW,0.01
2026-01-29T22:13:13.080744,CASH_IN,7911.75,LOW,0.04
2026-01-29T22:13:15.899599,CASH_OUT,1814.49,MEDIUM,0.72
2026-01-29T22:13:19.135435,CASH_IN,1673.27,MEDIUM,0.72
2026-01-29T22:13:22.066026,DEBIT,1265.75,LOW,0.0
2026-01-29T22:13:24.878940,TRANSFER,2765.07,MEDIUM,0.78
2026-01-29T22:13:27.822905,PAYMENT,4153.15,MEDIUM,0.62
2026-01-29T22:13:31.049300,CASH_OUT,3316.55,MEDIUM,0.72
2026-01-29T22:13:34.321354,PAYMENT,1977.81,MEDIUM,0.7
2026-01-29T22:13:37.291860,PAYMENT,798.0,LOW,0.0
2026-01-29T22:13:40.750573,TRANSFER,4127.51,HIGH,0.82
2026-01-29T22:13:43.567523,PAYMENT,3746.56,LOW,0.0
2026-01-29T22:13:45.902070,DEBIT,4825.77,LOW,0.0
2026-01-29T22:13:48.233449,DEBIT,5964.98,LOW,0.03
2026-01-29T22:13:50.526439,CASH_OUT,1169.53,MEDIUM,0.75
2026-01-29T22:13:52.852902,CASH_OUT,6567.48,MEDIUM,0.78
2026-01-29T22:13:55.155135,CASH_OUT,8058.03,MEDIUM,0.72
2026-01-29T22:13:57.489601,CASH_OUT,7280.53,HIGH,0.82
2026-01-29T22:13:59.835822,CASH_IN,3207.5,LOW,0.05
2026-01-29T22:14:02.178755,CASH_OUT,358.79,MEDIUM,0.75
2026-01-29T22:14:04.490468,CASH_IN,5274.41,LOW,0.04
2026-01-29T22:14:06.880553,PAYMENT,6182.43,LOW,0.0
2026-01-29T22:14:09.205809,PAYMENT,4644.82,MEDIUM,0.71
2026-01-29T22:14:11.702157,CASH_IN,9594.34,MEDIUM,0.62
2026-01-29T22:14:14.072346,TRANSFER,4147.17,LOW,0.01
2026-01-29T22:14:16.467267,CASH_IN,5173.49,MEDIUM,0.75
2026-01-29T22:14:18.788976,PAYMENT,4111.25,MEDIUM,0.71
2026-01-29T22:14:21.085971,CASH_IN,1608.73,MEDIUM,0.64
2026-01-29T22:14:23.369461,TRANSFER,8392.9,LOW,0.01
2026-01-29T22:14:25.700601,DEBIT,1845.61,MEDIUM,0.77
2026-01-29T22:14:27.995016,PAYMENT,5317.73,MEDIUM,0.67
2026-01-29T22:14:30.358063,CASH_OUT,5758.2,MEDIUM,0.75
2026-01-29T22:14:32.644842,CASH_IN,1775.66,MEDIUM,0.64
2026-01-29T22:14:35.199221,PAYMENT,4967.26,LOW,0.0
2026-01-29T22:14:37.564708,TRANSFER,505.09,MEDIUM,0.72
2026-01-29T22:14:39.849328,DEBIT,3302.56,LOW,0.03
2026-01-29T22:14:42.158922,CASH_OUT,2785.08,HIGH,0.81
2026-01-29T22:14:44.438377,CASH_OUT,9236.67,HIGH,0.87
2026-01-29T22:14:46.763850,CASH_IN,4080.11,LOW,0.0
2026-01-29T22:14:49.084575,CASH_IN,6928.57,MEDIUM,0.76
2026-01-29T22:14:51.398459,CASH_IN,862.57,LOW,0.0
2026-01-29T22:14:53.719439,PAYMENT,3181.42,LOW,0.0
2026-01-29T22:14:56.023966,CASH_IN,4541.71,MEDIUM,0.66
2026-01-29T22:14:58.382302,CASH_OUT,165.74,LOW,0.05
2026-01-29T22:15:00.685300,CASH_OUT,4350.9,MEDIUM,0.72
2026-01-29T22:15:02.973002,PAYMENT,7407.22,MEDIUM,0.62
2026-01-29T22:15:05.297132,PAYMENT,8040.91,MEDIUM,0.67
2026-01-29T22:15:07.632072,DEBIT,2809.87,MEDIUM,0.76
2026-01-29T22:15:09.986702,TRANSFER,8467.46,HIGH,0.84
2026-01-29T22:15:12.318561,PAYMENT,4523.15,LOW,0.0
2026-01-29T22:15:14.591350,CASH_IN,1293.3,MEDIUM,0.79
2026-01-29T22:15:16.863043,TRANSFER,8746.79,MEDIUM,0.68
2026-01-29T22:15:19.197527,CASH_OUT,3178.88,HIGH,0.85
2026-01-29T22:15:21.521437,PAYMENT,1634.78,MEDIUM,0.68
2026-01-29T22:15:23.855134,CASH_IN,9029.39,MEDIUM,0.69
2026-01-29T22:15:26.243149,DEBIT,3531.49,MEDIUM,0.76
2026-01-29T22:15:28.542788,TRANSFER,6586.69,MEDIUM,0.68
2026-01-29T22:15:30.834574,DEBIT,5979.13,MEDIUM,0.75
2026-01-29T22:15:33.116519,CASH_IN,5076.97,HIGH,0.81
2026-01-29T22:15:35.428967,TRANSFER,3721.3,MEDIUM,0.73
2026-01-29T22:15:37.753403,DEBIT,1842.44,HIGH,0.84
2026-01-29T22:15:40.075737,CASH_OUT,3002.78,MEDIUM,0.72
2026-01-29T22:15:42.389500,TRANSFER,2522.08,HIGH,0.84
2026-01-29T22:15:44.694361,DEBIT,3533.67,MEDIUM,0.74
2026-01-29T22:15:47.019869,DEBIT,7980.72,MEDIUM,0.72
2026-01-29T22:15:49.330068,PAYMENT,8828.09,MEDIUM,0.59
2026-01-29T22:15:51.644505,DEBIT,7800.53,HIGH,0.82
2026-01-29T22:15:54.060958,TRANSFER,1685.22,HIGH,0.9
2026-01-29T22:15:56.356105,CASH_IN,3844.03,MEDIUM,0.79
2026-01-29T22:15:58.628399,TRANSFER,3630.36,HIGH,0.84
2026-01-29T22:16:00.912146,CASH_IN,7107.25,MEDIUM,0.66
2026-01-29T22:16:03.230939,CASH_IN,283.47,MEDIUM,0.79
2026-01-29T22:16:05.571274,CASH_IN,78.32,LOW,0.01
2026-01-29T22:16:07.879629,CASH_IN,8823.98,HIGH,0.81
2026-01-29T22:16:10.219591,DEBIT,2046.01,LOW,0.03
2026-01-29T22:16:12.525005,DEBIT,5605.46,LOW,0.0
2026-01-29T22:16:14.857399,TRANSFER,9792.43,LOW,0.01
2026-01-29T22:16:17.178797,CASH_IN,9768.34,LOW,0.0
2026-01-29T22:16:19.481793,TRANSFER,3861.84,MEDIUM,0.69
2026-01-29T22:16:21.755609,PAYMENT,4890.2,MEDIUM,0.6
2026-01-29T22:16:24.053392,CASH_IN,6071.84,MEDIUM,0.69
2026-01-29T22:16:26.348829,CASH_IN,4897.13,MEDIUM,0.69
2026-01-29T22:16:28.626436,CASH_IN,3312.6,MEDIUM,0.66
2026-01-29T22:16:30.955055,DEBIT,9552.52,MEDIUM,0.7
2026-01-29T22:16:33.317740,PAYMENT,7018.29,MEDIUM,0.62
2026-01-29T22:16:35.648573,CASH_OUT,3387.68,MEDIUM,0.65
2026-01-29T22:16:37.984944,TRANSFER,6146.42,MEDIUM,0.77
2026-01-29T22:16:40.317315,PAYMENT,2284.93,MEDIUM,0.54
2026-01-29T22:16:42.692840,TRANSFER,6848.57,HIGH,0.87
2026-01-29T22:16:44.997775,CASH_OUT,4605.16,MEDIUM,0.65
2026-01-29T22:16:47.325773,CASH_IN,9012.19,LOW,0.01
2026-01-29T22:16:49.670525,CASH_OUT,2809.79,MEDIUM,0.74
2026-01-29T22:16:52.053449,CASH_OUT,1809.2,LOW,0.02
2026-01-29T22:16:54.350677,TRANSFER,5373.87,LOW,0.0
2026-01-29T22:16:56.667786,CASH_OUT,5637.08,MEDIUM,0.75
2026-01-29T22:16:58.983512,CASH_OUT,8052.39,HIGH,0.86
2026-01-29T22:17:01.284867,CASH_OUT,7763.39,HIGH,0.86
2026-01-29T22:17:03.724421,DEBIT,5490.03,MEDIUM,0.73
2026-01-29T22:17:06.081277,PAYMENT,7896.46,LOW,0.0
2026-01-29T22:17:08.425877,PAYMENT,5056.93,LOW,0.0
2026-01-29T22:17:10.735575,TRANSFER,494.82,LOW,0.01
2026-01-29T22:17:13.109786,DEBIT,2728.28,MEDIUM,0.75
2026-01-29T22:17:15.410026,CASH_IN,4472.78,MEDIUM,0.76
2026-01-29T22:17:17.700211,TRANSFER,7271.55,MEDIUM,0.79
2026-01-29T22:17:20.008681,CASH_OUT,2665.04,MEDIUM,0.77
2026-01-29T22:17:22.338615,CASH_IN,6116.72,MEDIUM,0.76
2026-01-29T22:17:24.672081,CASH_OUT,7094.88,MEDIUM,0.73
2026-01-29T22:17:27.030439,DEBIT,9217.11,LOW,0.0
2026-01-29T22:17:29.323878,CASH_IN,281.21,MEDIUM,0.72
2026-01-29T22:17:31.643912,TRANSFER,3131.99,LOW,0.05
2026-01-29T22:17:34.006980,TRANSFER,2830.67,MEDIUM,0.78
2026-01-29T22:17:36.414236,DEBIT,7581.71,MEDIUM,0.73
2026-01-29T22:17:38.706693,CASH_IN,558.91,HIGH,0.81
2026-01-29T22:17:41.014225,CASH_IN,8298.43,MEDIUM,0.66
2026-01-29T22:17:43.302155,DEBIT,2778.59,MEDIUM,0.73
2026-01-29T22:17:45.617470,CASH_IN,8424.59,MEDIUM,0.69
2026-01-29T22:17:47.954575,CASH_IN,8112.67,MEDIUM,0.69
2026-01-29T22:17:50.276258,CASH_IN,7464.4,MEDIUM,0.67
2026-01-29T22:17:52.588216,TRANSFER,1264.76,LOW,0.03
2026-01-29T22:17:54.935994,PAYMENT,3978.08,LOW,0.0
2026-01-29T22:17:57.268519,TRANSFER,3342.24,LOW,0.01
2026-01-29T22:17:59.616737,CASH_IN,3987.12,MEDIUM,0.68
2026-01-29T22:18:01.940912,CASH_OUT,233.85,LOW,0.06
2026-01-29T22:18:04.312513,DEBIT,76.77,MEDIUM,0.67
2026-01-29T22:18:06.685078,CASH_IN,9483.39,LOW,0.0
2026-01-29T22:18:09.010014,CASH_OUT,7924.99,MEDIUM,0.76
2026-01-29T22:18:11.310304,PAYMENT,5438.1,MEDIUM,0.61
2026-01-29T22:18:13.609253,CASH_IN,7081.39,LOW,0.0
2026-01-29T22:18:15.943260,CASH_OUT,4404.7,MEDIUM,0.74
2026-01-29T22:18:18.316670,CASH_IN,6522.67,MEDIUM,0.69
2026-01-29T22:18:20.617283,TRANSFER,7118.66,LOW,0.01
2026-01-29T22:18:22.913479,CASH_OUT,5517.05,HIGH,0.86
2026-01-29T22:18:25.220028,CASH_IN,920.16,MEDIUM,0.69
2026-01-29T22:18:27.577183,CASH_IN,7885.89,LOW,0.0
2026-01-29T22:18:29.905046,DEBIT,9076.03,LOW,0.0
2026-01-29T22:18:32.196118,DEBIT,8678.89,LOW,0.2
2026-01-29T22:18:34.524215,CASH_OUT,2744.79,LOW,0.02
2026-01-29T22:18:36.814091,CASH_OUT,5788.42,MEDIUM,0.72
2026-01-29T22:18:39.122179,CASH_IN,7721.69,MEDIUM,0.75
2026-01-29T22:18:41.458666,DEBIT,4546.37,MEDIUM,0.73
2026-01-29T22:18:43.759785,PAYMENT,8048.35,MEDIUM,0.62
2026-01-29T22:18:46.136006,TRANSFER,1583.97,HIGH,0.9
2026-01-29T22:18:48.472220,CASH_OUT,3983.16,LOW,0.01
2026-01-29T22:18:50.780010,DEBIT,2293.99,MEDIUM,0.74
2026-01-29T22:18:53.078089,TRANSFER,9186.3,HIGH,0.9
2026-01-29T22:18:55.405038,PAYMENT,1421.2,MEDIUM,0.59
2026-01-29T22:18:57.693393,CASH_OUT,648.04,LOW,0.05
2026-01-29T22:19:00.111291,CASH_OUT,6368.54,MEDIUM,0.72
2026-01-29T22:19:02.413310,CASH_OUT,4309.48,MEDIUM,0.7
2026-01-29T22:19:04.795745,CASH_IN,166.2,LOW,0.07
2026-01-29T22:19:07.118661,DEBIT,1740.23,MEDIUM,0.7
2026-01-29T22:19:09.452206,PAYMENT,3524.35,MEDIUM,0.62
2026-01-29T22:19:11.742869,CASH_OUT,8266.78,HIGH,0.83
2026-01-29T22:19:14.072632,TRANSFER,2454.13,LOW,0.01
2026-01-29T22:19:16.399189,TRANSFER,8961.66,MEDIUM,0.78
2026-01-29T22:19:18.733575,CASH_OUT,7360.87,LOW,0.03
2026-01-29T22:19:21.054095,TRANSFER,2037.1,LOW,0.01
2026-01-29T22:19:23.381928,DEBIT,4741.86,HIGH,0.83
2026-01-29T22:19:25.769483,PAYMENT,9649.46,MEDIUM,0.61
2026-01-29T22:19:28.068961,CASH_OUT,8983.07,LOW,0.01
2026-01-29T22:19:30.368266,CASH_IN,5148.35,MEDIUM,0.69
2026-01-29T22:19:32.662373,PAYMENT,9442.09,MEDIUM,0.58
2026-01-29T22:19:34.974324,CASH_OUT,9944.26,HIGH,0.86
2026-01-29T22:19:37.339796,TRANSFER,6768.63,MEDIUM,0.8
2026-01-29T22:19:39.687264,DEBIT,953.14,HIGH,0.84
2026-01-29T22:19:41.986414,PAYMENT,1291.15,MEDIUM,0.59
2026-01-29T22:19:44.306279,TRANSFER,2097.07,MEDIUM,0.79
2026-01-29T22:19:46.617416,TRANSFER,9803.84,MEDIUM,0.74
2026-01-29T22:19:48.911289,TRANSFER,9801.63,MEDIUM,0.79
2026-01-29T22:19:51.241155,DEBIT,164.92,HIGH,0.85
2026-01-29T22:19:53.534780,DEBIT,5492.52,MEDIUM,0.71
2026-01-29T22:19:55.821372,DEBIT,3540.18,MEDIUM,0.72
2026-01-29T22:19:58.114758,CASH_OUT,41.94,MEDIUM,0.71
2026-01-29T22:20:00.418458,CASH_OUT,1366.58,HIGH,0.87
2026-01-29T22:20:02.795968,PAYMENT,1422.18,LOW,0.02
2026-01-29T22:20:05.187216,CASH_OUT,8265.11,LOW,0.01
2026-01-29T22:20:07.540858,CASH_IN,8533.65,LOW,0.04
2026-01-29T22:20:09.865026,PAYMENT,6421.06,MEDIUM,0.5
2026-01-29T22:20:12.180246,PAYMENT,1528.33,MEDIUM,0.58
2026-01-29T22:20:14.502478,PAYMENT,3434.99,LOW,0.0
2026-01-29T22:20:16.829782,DEBIT,720.62,LOW,0.0
2026-01-29T22:20:19.196042,DEBIT,9976.0,HIGH,0.84
2026-01-29T22:20:21.518029,DEBIT,471.64,LOW,0.05
2026-01-29T22:20:23.816738,PAYMENT,4059.54,MEDIUM,0.62
2026-01-29T22:20:26.112113,DEBIT,1537.26,LOW,0.03
2026-01-29T22:20:28.394790,TRANSFER,8959.55,LOW,0.0
2026-01-29T22:20:30.660066,TRANSFER,6157.07,MEDIUM,0.79
2026-01-29T22:20:32.969513,CASH_IN,9857.72,MEDIUM,0.67
2026-01-29T22:20:35.309966,CASH_IN,8977.93,MEDIUM,0.62
2026-01-29T22:20:37.627630,CASH_IN,7827.93,LOW,0.01
2026-01-29T22:20:39.940512,TRANSFER,9459.24,MEDIUM,0.78
2026-01-29T22:20:42.206866,CASH_OUT,2184.55,HIGH,0.82
2026-01-29T22:20:44.523032,CASH_IN,3137.16,MEDIUM,0.69
2026-01-29T22:20:46.873940,CASH_OUT,8277.6,HIGH,0.84
2026-01-29T22:20:49.198683,DEBIT,7029.85,HIGH,0.84
2026-01-29T22:20:51.478520,CASH_OUT,355.69,HIGH,0.86
2026-01-29T22:20:53.822712,TRANSFER,1393.02,LOW,0.05
2026-01-29T22:20:56.123559,CASH_IN,3857.82,MEDIUM,0.67
2026-01-29T22:20:58.454315,CASH_IN,7730.39,MEDIUM,0.8
2026-01-29T22:21:00.760666,TRANSFER,2421.93,LOW,0.01
2026-01-29T22:21:03.040944,PAYMENT,5932.01,MEDIUM,0.6
2026-01-29T22:21:05.438236,TRANSFER,6245.78,MEDIUM,0.73
2026-01-29T22:21:07.762788,TRANSFER,5968.65,HIGH,0.82
2026-01-29T22:21:10.124401,CASH_IN,3073.48,MEDIUM,0.77
2026-01-29T22:21:12.437617,CASH_OUT,7926.44,MEDIUM,0.68
2026-01-29T22:21:14.710708,CASH_IN,7755.56,LOW,0.0
2026-01-29T22:21:17.042507,TRANSFER,3483.61,HIGH,0.81
2026-01-29T22:21:19.340115,CASH_OUT,9954.64,LOW,0.07
2026-01-29T22:21:21.638840,PAYMENT,8605.88,LOW,0.0
2026-01-29T22:21:23.961322,CASH_IN,8172.04,MEDIUM,0.72
2026-01-29T22:21:26.339600,CASH_IN,1361.74,LOW,0.04
2026-01-29T22:21:28.658375,CASH_OUT,5174.93,LOW,0.01
2026-01-29T22:21:30.947807,DEBIT,1985.7,LOW,0.03
2026-01-29T22:21:33.241823,DEBIT,3968.12,MEDIUM,0.7
2026-01-29T22:21:35.552305,DEBIT,3744.06,MEDIUM,0.72
2026-01-29T22:21:37.833909,CASH_IN,6053.47,MEDIUM,0.69
2026-01-29T22:21:40.126824,CASH_IN,9840.17,MEDIUM,0.66
2026-01-29T22:21:42.418592,CASH_OUT,5038.82,MEDIUM,0.72
2026-01-29T22:21:44.740721,CASH_OUT,8619.39,LOW,0.01
2026-01-29T22:21:47.047538,PAYMENT,8178.07,MEDIUM,0.59
2026-01-29T22:21:49.338218,TRANSFER,2354.33,LOW,0.01
2026-01-29T22:21:51.624497,CASH_IN,3816.54,MEDIUM,0.64
2026-01-29T22:21:53.960758,CASH_IN,1510.4,MEDIUM,0.64
2026-01-29T22:21:56.253519,DEBIT,4432.69,MEDIUM,0.77
2026-01-29T22:21:58.555443,TRANSFER,9452.02,HIGH,0.82
2026-01-29T22:22:00.879237,CASH_IN,6021.05,MEDIUM,0.67
2026-01-29T22:22:03.197354,TRANSFER,5236.1,LOW,0.05
2026-01-29T22:22:05.567938,TRANSFER,9456.47,LOW,0.02
2026-01-29T22:22:07.881259,PAYMENT,7933.34,MEDIUM,0.62
2026-01-29T22:22:10.202024,CASH_IN,7929.15,MEDIUM,0.69
2026-01-29T22:22:12.531282,CASH_IN,6368.35,MEDIUM,0.69
2026-01-29T22:22:14.826358,CASH_IN,3108.66,MEDIUM,0.75
2026-01-29T22:22:17.163242,DEBIT,8864.55,MEDIUM,0.71
2026-01-29T22:22:19.490285,CASH_IN,153.78,HIGH,0.81
2026-01-29T22:22:21.834902,TRANSFER,4682.8,MEDIUM,0.72
2026-01-29T22:22:24.159805,PAYMENT,3289.91,MEDIUM,0.59
2026-01-29T22:22:26.495215,CASH_IN,8867.24,MEDIUM,0.67
2026-01-29T22:22:28.812660,DEBIT,2352.67,HIGH,0.84
2026-01-29T22:22:31.105659,PAYMENT,8584.55,MEDIUM,0.58
2026-01-29T22:22:33.460908,DEBIT,2373.07,HIGH,0.85
2026-01-29T22:22:35.790658,PAYMENT,7368.1,LOW,0.0
2026-01-29T22:22:38.114932,PAYMENT,233.22,MEDIUM,0.64
2026-01-29T22:22:40.436285,CASH_OUT,255.42,LOW,0.05
2026-01-29T22:22:42.739758,CASH_OUT,3662.27,HIGH,0.82
2026-01-29T22:22:45.035021,CASH_IN,9461.17,MEDIUM,0.67
2026-01-29T22:22:47.334948,TRANSFER,5781.0,MEDIUM,0.73
2026-01-29T22:22:49.633969,PAYMENT,6562.86,LOW,0.0
2026-01-29T22:22:51.941445,TRANSFER,9083.34,MEDIUM,0.79
2026-01-29T22:22:54.308417,CASH_IN,3855.07,LOW,0.0
2026-01-29T22:22:56.594863,PAYMENT,8020.24,MEDIUM,0.62
2026-01-29T22:22:58.922673,CASH_IN,3168.19,LOW,0.0
2026-01-29T22:23:01.219939,CASH_IN,2983.38,MEDIUM,0.69
2026-01-29T22:23:03.548095,CASH_OUT,4751.07,MEDIUM,0.75
2026-01-29T22:23:05.854231,CASH_OUT,1149.35,MEDIUM,0.72
2026-01-29T22:23:08.184692,PAYMENT,7177.03,LOW,0.02
2026-01-29T22:23:10.477564,CASH_IN,3902.98,MEDIUM,0.8
2026-01-29T22:23:12.830356,CASH_OUT,5451.52,HIGH,0.81
2026-01-29T22:23:15.117116,TRANSFER,8275.7,LOW,0.0
2026-01-29T22:23:17.428809,DEBIT,3335.35,MEDIUM,0.74
2026-01-29T22:23:19.741493,DEBIT,6718.99,LOW,0.0
2026-01-29T22:23:22.054245,PAYMENT,9698.22,MEDIUM,0.6
2026-01-29T22:23:24.337531,TRANSFER,3850.14,MEDIUM,0.77
2026-01-29T22:23:26.647197,PAYMENT,9041.2,LOW,0.0
2026-01-29T22:23:28.950237,DEBIT,1107.94,LOW,0.03
2026-01-29T22:23:31.274545,CASH_IN,844.25,MEDIUM,0.77
2026-01-29T22:23:33.584336,CASH_IN,151.25,MEDIUM,0.69
2026-01-29T22:23:35.959611,TRANSFER,2619.33,HIGH,0.87
2026-01-29T22:23:38.338614,CASH_OUT,8333.55,MEDIUM,0.75
2026-01-29T22:23:40.638370,CASH_OUT,4039.9,MEDIUM,0.72
2026-01-29T22:23:42.961039,CASH_IN,727.41,MEDIUM,0.64
2026-01-29T22:23:45.240115,CASH_IN,3974.33,LOW,0.07
2026-01-29T22:23:47.536282,TRANSFER,9131.63,MEDIUM,0.78
2026-01-29T22:23:49.839617,TRANSFER,8552.93,LOW,0.01
2026-01-29T22:23:52.200553,CASH_IN,5150.35,MEDIUM,0.65
2026-01-29T22:23:54.564450,DEBIT,9684.9,MEDIUM,0.74
2026-01-29T22:23:56.848536,CASH_OUT,9496.94,MEDIUM,0.67
2026-01-29T22:23:59.164519,CASH_IN,981.99,MEDIUM,0.75
2026-01-29T22:24:01.449563,CASH_OUT,2764.11,MEDIUM,0.78
2026-01-29T22:24:03.741020,CASH_IN,4692.66,MEDIUM,0.69
2026-01-29T22:24:06.126823,DEBIT,1983.16,MEDIUM,0.67
2026-01-29T22:24:08.462080,DEBIT,1297.32,MEDIUM,0.7
2026-01-29T22:24:10.779440,PAYMENT,2044.74,MEDIUM,0.7
2026-01-29T22:24:13.100035,PAYMENT,8433.8,MEDIUM,0.67
2026-01-29T22:24:15.401069,TRANSFER,909.32,MEDIUM,0.79
2026-01-29T22:24:17.735983,CASH_OUT,3007.96,LOW,0.11
2026-01-29T22:24:20.044802,TRANSFER,4957.25,HIGH,0.85
2026-01-29T22:24:22.339668,PAYMENT,3055.75,MEDIUM,0.49
2026-01-29T22:24:24.652768,CASH_OUT,8056.56,MEDIUM,0.74
2026-01-29T22:24:26.989855,TRANSFER,702.48,MEDIUM,0.74
2026-01-29T22:24:29.308034,PAYMENT,4089.34,MEDIUM,0.68
2026-01-29T22:24:31.671434,CASH_IN,899.02,MEDIUM,0.64
2026-01-29T22:24:34.179166,PAYMENT,6171.68,LOW,0.0
2026-01-29T22:24:36.532479,CASH_IN,4202.68,MEDIUM,0.75
2026-01-29T22:24:38.857928,CASH_IN,39.29,MEDIUM,0.78
2026-01-29T22:24:41.157932,CASH_OUT,6450.84,LOW,0.02
2026-01-29T22:24:43.449760,CASH_IN,2907.24,MEDIUM,0.68
2026-01-29T22:24:45.769661,CASH_OUT,7516.6,MEDIUM,0.72
2026-01-29T22:24:48.113864,DEBIT,9809.74,MEDIUM,0.72
2026-01-29T22:24:50.424239,TRANSFER,1483.35,MEDIUM,0.78
2026-01-29T22:24:52.741787,CASH_IN,5865.81,LOW,0.0
2026-01-29T22:24:55.033684,DEBIT,9040.63,HIGH,0.84
2026-01-29T22:24:57.319993,PAYMENT,5080.12,LOW,0.0
2026-01-29T22:24:59.705624,DEBIT,8161.07,MEDIUM,0.74
2026-01-29T22:25:02.020381,CASH_OUT,1061.97,MEDIUM,0.76
2026-01-29T22:25:04.390123,CASH_IN,7298.45,MEDIUM,0.66
2026-01-29T22:25:06.721833,TRANSFER,5623.0,HIGH,0.9
2026-01-29T22:25:09.052177,CASH_OUT,2503.81,MEDIUM,0.67
2026-01-29T22:25:11.357493,CASH_IN,4948.51,MEDIUM,0.8
2026-01-29T22:25:13.670635,DEBIT,5574.06,LOW,0.0
2026-01-29T22:25:15.965088,TRANSFER,4989.06,HIGH,0.82
2026-01-29T22:25:18.281596,TRANSFER,5787.09,MEDIUM,0.74
2026-01-29T22:25:20.558290,DEBIT,8462.94,MEDIUM,0.8
2026-01-29T22:25:22.860786,CASH_OUT,8913.27,LOW,0.02
2026-01-29T22:25:25.131491,PAYMENT,7719.08,MEDIUM,0.66
2026-01-29T22:25:27.439292,PAYMENT,418.0,MEDIUM,0.63
2026-01-29T22:25:29.757377,PAYMENT,1484.6,LOW,0.0
2026-01-29T22:25:32.071424,DEBIT,7738.63,MEDIUM,0.8
2026-01-29T22:25:34.500872,CASH_OUT,4251.94,MEDIUM,0.7
2026-01-29T22:25:36.795066,CASH_IN,2592.23,MEDIUM,0.75
2026-01-29T22:25:39.084032,CASH_OUT,3741.42,HIGH,0.81
2026-01-29T22:25:41.420096,CASH_OUT,346.49,LOW,0.01
2026-01-29T22:25:43.728581,CASH_IN,3593.82,LOW,0.01
2026-01-29T22:25:46.037076,CASH_OUT,1259.0,HIGH,0.84
2026-01-29T22:25:48.336404,CASH_IN,9523.39,HIGH,0.81
2026-01-29T22:25:50.635360,DEBIT,2563.92,MEDIUM,0.67
2026-01-29T22:25:52.983782,PAYMENT,670.75,MEDIUM,0.64
2026-01-29T22:25:55.300149,TRANSFER,9456.49,MEDIUM,0.68
2026-01-29T22:25:57.625468,DEBIT,7397.61,LOW,0.0
2026-01-29T22:25:59.957290,CASH_IN,2339.79,LOW,0.0
2026-01-29T22:26:02.324762,TRANSFER,637.18,HIGH,0.84
2026-01-29T22:26:04.808404,TRANSFER,3725.58,HIGH,0.83
2026-01-29T22:26:07.215105,PAYMENT,6777.33,MEDIUM,0.71
2026-01-29T22:26:09.506015,CASH_IN,7133.5,MEDIUM,0.79
2026-01-29T22:26:11.859626,CASH_OUT,428.72,MEDIUM,0.69
2026-01-29T22:26:14.195628,DEBIT,8961.59,MEDIUM,0.71
2026-01-29T22:26:16.525467,CASH_OUT,1574.98,MEDIUM,0.75
2026-01-29T22:26:18.932840,CASH_OUT,8772.48,HIGH,0.86
2026-01-29T22:26:21.264955,CASH_IN,5782.79,LOW,0.0
2026-01-29T22:26:23.573892,TRANSFER,9565.31,MEDIUM,0.68
2026-01-29T22:26:25.881279,CASH_OUT,1248.36,MEDIUM,0.76
2026-01-29T22:26:28.168803,CASH_OUT,8013.79,MEDIUM,0.75
2026-01-29T22:26:30.510986,CASH_OUT,9623.12,HIGH,0.84
2026-01-29T22:26:32.838534,PAYMENT,3198.59,MEDIUM,0.67
2026-01-29T22:26:35.182658,PAYMENT,9696.58,MEDIUM,0.71
2026-01-29T22:26:37.479473,TRANSFER,8659.23,LOW,0.07
2026-01-29T22:26:39.798484,PAYMENT,5135.57,MEDIUM,0.58
2026-01-29T22:26:42.129332,CASH_IN,6850.77,MEDIUM,0.8
2026-01-29T22:26:44.434433,DEBIT,6566.31,LOW,0.0
2026-01-29T22:26:46.783040,CASH_IN,8157.06,MEDIUM,0.66
2026-01-29T22:26:49.089161,CASH_IN,70.06,LOW,0.04
2026-01-29T22:26:51.410970,PAYMENT,5427.55,LOW,0.0
2026-01-29T22:26:53.837649,CASH_OUT,592.9,MEDIUM,0.75
2026-01-29T22:26:56.170368,PAYMENT,9284.79,MEDIUM,0.62
2026-01-29T22:26:58.528175,DEBIT,4707.69,MEDIUM,0.8
2026-01-29T22:27:00.816287,PAYMENT,9872.1,LOW,0.0
2026-01-29T22:27:03.107491,PAYMENT,7785.89,MEDIUM,0.62
2026-01-29T22:27:05.438542,TRANSFER,5652.88,MEDIUM,0.79
2026-01-29T22:27:07.803140,TRANSFER,1387.25,LOW,0.02
2026-01-29T22:27:10.160244,TRANSFER,299.97,MEDIUM,0.73
2026-01-29T22:27:12.479766,TRANSFER,2962.4,HIGH,0.82
2026-01-29T22:27:14.797073,CASH_OUT,1520.97,HIGH,0.82
2026-01-29T22:27:17.156878,PAYMENT,5597.43,MEDIUM,0.71
2026-01-29T22:27:19.472925,PAYMENT,415.14,MEDIUM,0.62
2026-01-29T22:27:21.835493,TRANSFER,7821.77,MEDIUM,0.73
2026-01-29T22:27:24.157949,CASH_OUT,6194.94,LOW,0.02
2026-01-29T22:27:26.479233,DEBIT,6400.09,MEDIUM,0.74
2026-01-29T22:27:28.839853,DEBIT,5068.7,LOW,0.0
2026-01-29T22:27:31.126557,DEBIT,8104.37,MEDIUM,0.72
2026-01-29T22:27:33.489841,DEBIT,6876.51,HIGH,0.84
2026-01-29T22:27:35.810210,CASH_IN,4091.83,LOW,0.01
2026-01-29T22:27:38.105399,TRANSFER,749.08,LOW,0.05
2026-01-29T22:27:40.452892,CASH_OUT,203.36,LOW,0.01
2026-01-29T22:27:42.773641,DEBIT,1290.45,LOW,0.03
2026-01-29T22:27:45.108399,CASH_OUT,8804.76,HIGH,0.85
2026-01-29T22:27:47.450028,CASH_IN,1428.04,MEDIUM,0.68
2026-01-29T22:27:49.789991,DEBIT,6495.57,MEDIUM,0.8
2026-01-29T22:27:52.111547,CASH_IN,1643.95,MEDIUM,0.72
2026-01-29T22:27:54.445389,PAYMENT,6056.45,LOW,0.0
2026-01-29T22:27:56.775462,CASH_OUT,1504.08,MEDIUM,0.69
2026-01-29T22:27:59.126133,CASH_IN,8493.0,MEDIUM,0.69
2026-01-29T22:28:01.421023,DEBIT,8948.36,MEDIUM,0.73
2026-01-29T22:28:03.739412,PAYMENT,5700.7,MEDIUM,0.71
2026-01-29T22:28:06.055698,DEBIT,9684.4,LOW,0.0
2026-01-29T22:28:08.380164,CASH_IN,9695.41,MEDIUM,0.64
2026-01-29T22:28:10.704030,TRANSFER,2280.55,MEDIUM,0.78
2026-01-29T22:28:12.985835,TRANSFER,8152.0,LOW,0.01
2026-01-29T22:28:15.320595,PAYMENT,2524.28,MEDIUM,0.6
2026-01-29T22:28:17.693112,CASH_OUT,330.59,MEDIUM,0.79
2026-01-29T22:28:20.022999,DEBIT,7353.29,MEDIUM,0.72
2026-01-29T22:28:22.302915,CASH_IN,8024.5,MEDIUM,0.67
2026-01-29T22:28:24.656537,PAYMENT,1879.26,MEDIUM,0.67
2026-01-29T22:28:26.983350,DEBIT,1071.18,LOW,0.0
2026-01-29T22:28:29.292773,PAYMENT,1543.16,LOW,0.0
2026-01-29T22:28:31.608562,CASH_OUT,3934.5,LOW,0.04
2026-01-29T22:28:33.893306,CASH_IN,7847.02,LOW,0.0
2026-01-29T22:28:36.175306,PAYMENT,3235.67,MEDIUM,0.62
2026-01-29T22:28:38.507165,CASH_IN,4486.93,MEDIUM,0.64
2026-01-29T22:28:40.834641,TRANSFER,3297.88,MEDIUM,0.75
2026-01-29T22:28:43.156414,PAYMENT,1042.84,MEDIUM,0.6
2026-01-29T22:28:45.447252,PAYMENT,4844.86,LOW,0.02
2026-01-29T22:28:47.825396,TRANSFER,3497.24,LOW,0.08
2026-01-29T22:28:50.129836,PAYMENT,6908.5,MEDIUM,0.66
2026-01-29T22:28:52.409527,CASH_OUT,8827.95,HIGH,0.85
2026-01-29T22:28:54.692530,TRANSFER,3811.65,HIGH,0.83
2026-01-29T22:28:57.077643,TRANSFER,380.42,MEDIUM,0.7
2026-01-29T22:28:59.438492,TRANSFER,8856.5,MEDIUM,0.75
2026-01-29T22:29:01.770333,DEBIT,6657.77,LOW,0.0
2026-01-29T22:29:04.075818,CASH_IN,9549.24,HIGH,0.81
2026-01-29T22:29:06.401598,DEBIT,2444.54,MEDIUM,0.7
2026-01-29T22:29:08.692498,CASH_IN,3536.44,LOW,0.04
2026-01-29T22:29:10.987188,DEBIT,6661.07,MEDIUM,0.74
2026-01-29T22:29:13.348506,TRANSFER,268.66,HIGH,0.87
2026-01-29T22:29:15.637225,CASH_OUT,7353.07,HIGH,0.84
2026-01-29T22:29:17.955855,PAYMENT,3744.53,LOW,0.0
2026-01-29T22:29:20.302278,DEBIT,8041.73,MEDIUM,0.73
2026-01-29T22:29:22.642578,DEBIT,2251.55,MEDIUM,0.66
2026-01-29T22:29:24.948490,CASH_IN,6422.96,MEDIUM,0.75
2026-01-29T22:29:27.262380,TRANSFER,4157.14,MEDIUM,0.73
2026-01-29T22:29:29.624147,CASH_OUT,7934.26,HIGH,0.87
2026-01-29T22:29:31.936679,PAYMENT,4051.51,MEDIUM,0.62
2026-01-29T22:29:34.231721,PAYMENT,4499.95,MEDIUM,0.54
2026-01-29T22:29:36.539159,CASH_IN,3291.4,MEDIUM,0.69
2026-01-29T22:29:38.833714,PAYMENT,6283.04,MEDIUM,0.58
2026-01-29T22:29:41.109703,PAYMENT,25.48,MEDIUM,0.61
2026-01-29T22:29:43.411241,PAYMENT,6733.24,MEDIUM,0.54
2026-01-29T22:29:45.697332,PAYMENT,8029.63,MEDIUM,0.71
2026-01-29T22:29:48.037345,DEBIT,6323.78,MEDIUM,0.66
2026-01-29T22:29:50.343416,TRANSFER,2749.64,MEDIUM,0.78
2026-01-29T22:29:52.617980,CASH_OUT,624.42,HIGH,0.86
2026-01-29T22:29:54.931872,DEBIT,2818.4,MEDIUM,0.71
2026-01-29T22:29:57.257601,TRANSFER,3388.67,LOW,0.12
2026-01-29T22:29:59.547758,CASH_OUT,6712.36,HIGH,0.86
2026-01-29T22:30:01.876735,DEBIT,9904.87,MEDIUM,0.73
2026-01-29T22:30:04.218163,PAYMENT,6597.06,MEDIUM,0.58
2026-01-29T22:30:06.591321,CASH_IN,2851.52,MEDIUM,0.68
2026-01-29T22:30:08.935600,DEBIT,7206.99,MEDIUM,0.7
2026-01-29T22:30:11.293770,DEBIT,1748.2,MEDIUM,0.8
2026-01-29T22:30:13.620439,CASH_IN,9411.4,MEDIUM,0.73
2026-01-29T22:30:15.966670,DEBIT,8495.68,MEDIUM,0.65
2026-01-29T22:30:18.342506,TRANSFER,8156.37,MEDIUM,0.68
2026-01-29T22:30:20.645281,CASH_IN,4424.8,MEDIUM,0.75
2026-01-29T22:30:22.958041,PAYMENT,5583.31,MEDIUM,0.6
2026-01-29T22:30:25.268578,TRANSFER,7324.15,MEDIUM,0.78
2026-01-29T22:30:27.705744,TRANSFER,9719.87,MEDIUM,0.74
2026-01-29T22:30:30.015684,CASH_IN,2243.46,MEDIUM,0.77
2026-01-29T22:30:32.314871,TRANSFER,8574.33,MEDIUM,0.74
2026-01-29T22:30:34.618625,TRANSFER,1568.65,HIGH,0.82
2026-01-29T22:30:36.974633,PAYMENT,584.61,MEDIUM,0.54
2026-01-29T22:30:39.277484,TRANSFER,6992.66,MEDIUM,0.75
2026-01-29T22:30:41.593897,CASH_IN,7199.55,MEDIUM,0.8
2026-01-29T22:30:43.912041,PAYMENT,39.99,MEDIUM,0.7
2026-01-29T22:30:46.238957,DEBIT,9055.59,LOW,0.0
2026-01-29T22:30:48.572295,DEBIT,2958.71,LOW,0.03
2026-01-29T22:30:50.927284,CASH_IN,1252.02,MEDIUM,0.59
2026-01-29T22:30:53.317691,DEBIT,5538.16,MEDIUM,0.73
2026-01-29T22:30:55.669395,CASH_IN,4033.85,MEDIUM,0.62
2026-01-29T22:30:58.053938,PAYMENT,847.54,MEDIUM,0.6
2026-01-29T22:31:00.348694,TRANSFER,4093.21,LOW,0.0
2026-01-29T22:31:02.648553,CASH_OUT,8425.78,HIGH,0.84
2026-01-29T22:31:05.012119,CASH_IN,5062.24,LOW,0.0
2026-01-29T22:31:07.338246,DEBIT,3964.61,MEDIUM,0.7
2026-01-29T22:31:09.624892,CASH_OUT,385.41,LOW,0.07
2026-01-29T22:31:11.958510,CASH_OUT,7598.07,MEDIUM,0.77
2026-01-29T22:31:14.276262,CASH_OUT,9712.66,MEDIUM,0.75
2026-01-29T22:31:16.659588,DEBIT,5338.61,LOW,0.0
2026-01-29T22:31:18.977149,DEBIT,6856.86,MEDIUM,0.73
2026-01-29T22:31:21.324764,CASH_IN,2390.09,LOW,0.0
2026-01-29T22:31:23.664494,CASH_OUT,5728.4,MEDIUM,0.72
2026-01-29T22:31:25.994543,CASH_OUT,4503.88,LOW,0.03
2026-01-29T22:31:28.333589,TRANSFER,2786.77,MEDIUM,0.77
2026-01-29T22:31:30.632867,DEBIT,8245.2,MEDIUM,0.73
2026-01-29T22:31:32.950863,CASH_OUT,6969.12,MEDIUM,0.72
2026-01-29T22:31:35.246927,TRANSFER,7559.8,LOW,0.01
2026-01-29T22:31:37.565301,TRANSFER,8982.68,MEDIUM,0.74
2026-01-29T22:31:39.920080,TRANSFER,5000.55,MEDIUM,0.77
2026-01-29T22:31:42.236332,DEBIT,564.76,MEDIUM,0.73
2026-01-29T22:31:44.573552,PAYMENT,6282.94,MEDIUM,0.71
2026-01-29T22:31:46.921396,PAYMENT,669.14,MEDIUM,0.71
2026-01-29T22:31:49.247243,DEBIT,320.78,MEDIUM,0.71
2026-01-29T22:31:51.633035,CASH_OUT,5090.6,MEDIUM,0.72
2026-01-29T22:31:53.949177,CASH_IN,8414.92,MEDIUM,0.68
2026-01-29T22:31:56.229296,PAYMENT,926.75,MEDIUM,0.71
2026-01-29T22:31:58.556882,CASH_OUT,1688.9,HIGH,0.85
2026-01-29T22:32:00.854952,CASH_IN,6999.74,MEDIUM,0.75
2026-01-29T22:32:03.175832,PAYMENT,3947.52,LOW,0.0
2026-01-29T22:32:05.499144,CASH_IN,1641.22,MEDIUM,0.77
2026-01-29T22:32:07.909470,CASH_IN,2991.56,LOW,0.0
2026-01-29T22:32:10.247466,CASH_OUT,9080.06,LOW,0.01
2026-01-29T22:32:12.598708,PAYMENT,3086.65,MEDIUM,0.71
2026-01-29T22:32:14.957776,CASH_IN,2722.33,MEDIUM,0.61
2026-01-29T22:32:17.345394,DEBIT,9128.69,MEDIUM,0.72
2026-01-29T22:32:19.636778,PAYMENT,6125.01,MEDIUM,0.6
2026-01-29T22:32:21.974639,CASH_OUT,4188.51,MEDIUM,0.77
2026-01-29T22:32:24.290322,DEBIT,2761.83,LOW,0.01
2026-01-29T22:32:26.606708,CASH_IN,2251.95,LOW,0.04
2026-01-29T22:32:28.968190,CASH_IN,4620.8,MEDIUM,0.69
2026-01-29T22:32:31.263530,TRANSFER,2436.74,HIGH,0.82
2026-01-29T22:32:33.540525,DEBIT,3455.69,MEDIUM,0.66
2026-01-29T22:32:35.867578,CASH_IN,401.96,MEDIUM,0.78
2026-01-29T22:32:38.171300,DEBIT,1465.63,LOW,0.0
2026-01-29T22:32:40.501203,TRANSFER,7367.29,MEDIUM,0.7
2026-01-29T22:32:42.855133,TRANSFER,9538.29,LOW,0.01
2026-01-29T22:32:45.197399,CASH_OUT,2840.15,LOW,0.07
2026-01-29T22:32:47.505258,TRANSFER,2264.08,MEDIUM,0.8
2026-01-29T22:32:49.832352,TRANSFER,2867.63,HIGH,0.9
2026-01-29T22:32:52.206252,PAYMENT,5544.2,LOW,0.02
2026-01-29T22:32:54.554346,CASH_IN,234.85,MEDIUM,0.69
2026-01-29T22:32:56.882591,CASH_OUT,8660.83,MEDIUM,0.77
2026-01-29T22:32:59.172007,DEBIT,284.73,LOW,0.0
2026-01-29T22:33:01.474032,DEBIT,6655.88,LOW,0.0
2026-01-29T22:33:03.795296,CASH_IN,5154.75,MEDIUM,0.75
2026-01-29T22:33:06.148679,DEBIT,2584.48,MEDIUM,0.72
2026-01-29T22:33:08.525426,DEBIT,969.58,LOW,0.0
2026-01-29T22:33:10.849433,PAYMENT,6475.92,LOW,0.0
2026-01-29T22:33:13.155019,CASH_OUT,1178.15,MEDIUM,0.75
2026-01-29T22:33:15.449072,CASH_OUT,1038.7,HIGH,0.84
2026-01-29T22:33:17.726324,PAYMENT,4518.06,MEDIUM,0.54
2026-01-29T22:33:20.042284,DEBIT,6820.87,LOW,0.03
2026-01-29T22:33:22.324478,TRANSFER,6371.5,LOW,0.01
2026-01-29T22:33:24.627644,PAYMENT,499.29,MEDIUM,0.61
2026-01-29T22:33:26.996507,PAYMENT,7215.9,LOW,0.02
2026-01-29T22:33:29.306776,CASH_OUT,5665.12,LOW,0.08
2026-01-29T22:33:31.612682,DEBIT,947.17,LOW,0.0
2026-01-29T22:33:33.921080,CASH_IN,5066.81,HIGH,0.81
2026-01-29T22:33:36.233122,DEBIT,9826.62,MEDIUM,0.72
2026-01-29T22:33:38.562682,CASH_IN,9943.05,MEDIUM,0.69
2026-01-29T22:33:40.854597,DEBIT,5112.98,MEDIUM,0.71
2026-01-29T22:33:43.163678,DEBIT,3716.67,MEDIUM,0.71
2026-01-29T22:33:45.491860,CASH_OUT,2512.69,LOW,0.01
2026-01-29T22:33:47.810778,PAYMENT,8266.14,LOW,0.0
2026-01-29T22:33:50.131991,PAYMENT,6304.74,MEDIUM,0.58
2026-01-29T22:33:52.436450,DEBIT,440.61,HIGH,0.85
2026-01-29T22:33:54.786640,TRANSFER,4795.63,MEDIUM,0.8
2026-01-29T22:33:57.515401,TRANSFER,4683.74,LOW,0.01
2026-01-29T22:34:00.964876,DEBIT,3491.17,HIGH,0.82
2026-01-29T22:34:04.072729,CASH_IN,1355.65,MEDIUM,0.67
2026-01-29T22:34:07.223014,CASH_IN,2022.39,MEDIUM,0.8
2026-01-29T22:34:10.646272,CASH_IN,3420.42,LOW,0.0
2026-01-29T22:34:13.539633,TRANSFER,2442.74,MEDIUM,0.79
2026-01-29T22:34:16.547502,TRANSFER,7557.24,HIGH,0.83
2026-01-29T22:34:19.690776,PAYMENT,5097.55,MEDIUM,0.64
2026-01-29T22:34:22.677565,DEBIT,3272.68,MEDIUM,0.71
2026-01-29T22:34:25.665003,TRANSFER,7984.69,MEDIUM,0.79
2026-01-29T22:34:28.601612,CASH_OUT,882.44,HIGH,0.82
2026-01-29T22:34:31.638813,CASH_IN,7562.4,MEDIUM,0.69
2026-01-29T22:34:35.598219,TRANSFER,8810.24,HIGH,0.84
2026-01-29T22:34:38.840710,PAYMENT,8071.3,LOW,0.0
2026-01-29T22:34:42.117582,PAYMENT,4143.99,MEDIUM,0.71
2026-01-29T22:34:45.082637,CASH_OUT,5222.28,LOW,0.06
2026-01-29T22:34:48.081596,DEBIT,2200.68,HIGH,0.84
2026-01-29T22:34:50.975874,DEBIT,5970.24,LOW,0.0
2026-01-29T22:34:54.040323,CASH_OUT,4050.46,MEDIUM,0.75
2026-01-29T22:34:57.347893,CASH_OUT,6104.76,HIGH,0.84
2026-01-29T22:35:00.244572,DEBIT,879.71,MEDIUM,0.73
2026-01-29T22:35:03.312935,DEBIT,7342.15,LOW,0.01
2026-01-29T22:35:06.682996,CASH_IN,9491.59,LOW,0.0
2026-01-29T22:35:09.981774,CASH_IN,8595.13,MEDIUM,0.68
2026-01-29T22:35:36.291799,PAYMENT,7599.21,MEDIUM,0.62
2026-01-29T22:35:39.690420,CASH_IN,5277.63,MEDIUM,0.67
2026-01-29T22:35:42.930728,CASH_IN,5173.29,MEDIUM,0.68
2026-01-29T22:35:46.070071,TRANSFER,4845.5,MEDIUM,0.78
2026-01-29T22:35:48.963495,DEBIT,838.43,MEDIUM,0.66
2026-01-29T22:35:52.857399,DEBIT,4458.05,LOW,0.0
2026-01-29T22:35:56.174784,CASH_IN,4265.97,MEDIUM,0.75
2026-01-29T22:35:59.141635,CASH_IN,4734.73,LOW,0.02
2026-01-29T22:36:02.115902,PAYMENT,9339.38,MEDIUM,0.71
2026-01-29T22:36:05.534090,PAYMENT,3848.74,MEDIUM,0.62
2026-01-29T22:36:08.957642,DEBIT,4381.87,MEDIUM,0.76
2026-01-29T22:36:22.641883,CASH_IN,2999.95,LOW,0.0
2026-01-29T22:36:26.290114,DEBIT,7505.89,LOW,0.0
2026-01-29T22:36:29.605199,CASH_OUT,9438.29,HIGH,0.82
2026-01-29T22:36:32.816304,TRANSFER,6422.41,MEDIUM,0.69
2026-01-29T22:36:36.854171,DEBIT,568.02,LOW,0.0
2026-01-29T22:36:40.143403,TRANSFER,2913.4,HIGH,0.82
2026-01-29T22:36:43.178962,TRANSFER,2429.52,LOW,0.06
2026-01-29T22:36:46.216220,CASH_OUT,7486.8,MEDIUM,0.72
2026-01-29T22:36:49.452845,CASH_OUT,3700.62,MEDIUM,0.75
2026-01-29T22:36:52.489356,CASH_OUT,2305.6,MEDIUM,0.73
2026-01-29T22:36:55.492549,PAYMENT,9748.97,MEDIUM,0.71
2026-01-29T22:36:58.819230,PAYMENT,1824.83,MEDIUM,0.62
2026-01-29T22:37:01.854813,TRANSFER,3565.47,MEDIUM,0.79
2026-01-29T22:37:05.125018,PAYMENT,8331.86,MEDIUM,0.59
2026-01-29T22:37:08.954087,CASH_IN,8545.32,HIGH,0.81
2026-01-29T22:37:12.060617,TRANSFER,7028.36,LOW,0.01
2026-01-29T22:37:15.348404,PAYMENT,3317.19,MEDIUM,0.71
2026-01-29T22:37:18.329335,DEBIT,5030.5,MEDIUM,0.79
2026-01-29T22:37:21.529126,CASH_OUT,6218.93,HIGH,0.87
2026-01-29T22:37:24.753055,CASH_OUT,8723.9,HIGH,0.83
2026-01-29T22:37:28.267174,PAYMENT,3234.54,MEDIUM,0.54
2026-01-29T22:37:31.324604,CASH_IN,7661.16,LOW,0.0
2026-01-29T22:37:34.619272,CASH_IN,3089.77,HIGH,0.81
2026-01-29T22:37:56.405711,CASH_IN,5380.57,MEDIUM,0.77
2026-01-29T22:37:59.309478,CASH_IN,1048.49,LOW,0.0
2026-01-29T22:38:02.319610,CASH_IN,3741.96,LOW,0.03
2026-01-29T22:38:05.815310,CASH_IN,8921.84,MEDIUM,0.79
2026-01-29T22:38:09.326499,PAYMENT,1026.83,MEDIUM,0.6
2026-01-29T22:38:12.365988,PAYMENT,9499.77,LOW,0.0
2026-01-29T22:38:15.315552,PAYMENT,5921.16,MEDIUM,0.62
2026-01-29T22:38:18.162376,TRANSFER,6140.0,MEDIUM,0.79
2026-01-29T22:38:21.051438,CASH_OUT,835.79,MEDIUM,0.75
2026-01-29T22:38:24.150743,DEBIT,7027.66,MEDIUM,0.66
2026-01-29T22:38:27.077861,CASH_OUT,985.14,MEDIUM,0.78
2026-01-29T22:38:29.963436,PAYMENT,2874.07,MEDIUM,0.54
2026-01-29T22:38:33.005620,PAYMENT,4839.38,MEDIUM,0.7
2026-01-29T22:38:36.249765,CASH_OUT,9385.92,LOW,0.05
2026-01-29T22:38:39.378138,CASH_OUT,4028.08,LOW,0.05
2026-01-29T22:38:42.238154,CASH_IN,3113.43,MEDIUM,0.67
2026-01-29T22:38:45.258575,PAYMENT,2730.72,MEDIUM,0.62
2026-01-29T22:38:48.150228,CASH_OUT,4296.25,MEDIUM,0.79
2026-01-29T22:38:51.207651,TRANSFER,9796.6,MEDIUM,0.69
2026-01-29T22:38:54.154591,CASH_OUT,2321.31,LOW,0.02
2026-01-29T22:38:57.264630,CASH_OUT,9873.07,HIGH,0.81
2026-01-29T22:39:00.186934,CASH_OUT,6759.55,MEDIUM,0.74
2026-01-29T22:39:03.060971,PAYMENT,614.7,LOW,0.0
2026-01-29T22:39:06.168803,TRANSFER,4090.28,MEDIUM,0.67
2026-01-29T22:39:09.591267,CASH_OUT,1383.25,HIGH,0.84
2026-01-29T22:39:12.965124,CASH_OUT,9755.8,HIGH,0.86
2026-01-29T22:39:15.925319,PAYMENT,3303.68,MEDIUM,0.54
2026-01-29T22:39:19.041387,PAYMENT,3638.11,LOW,0.0
2026-01-29T22:39:21.962678,TRANSFER,6101.68,MEDIUM,0.74
2026-01-29T22:39:25.297867,DEBIT,2615.57,LOW,0.0
2026-01-29T22:39:28.254855,CASH_OUT,7659.19,LOW,0.0
2026-01-29T22:39:31.212516,TRANSFER,7753.66,HIGH,0.82
2026-01-29T22:39:34.090359,DEBIT,5326.97,MEDIUM,0.66
2026-01-29T22:39:37.292723,CASH_OUT,1873.95,HIGH,0.83
2026-01-29T22:39:40.407869,TRANSFER,261.01,LOW,0.01
2026-01-29T22:39:43.550603,PAYMENT,2388.37,MEDIUM,0.61
2026-01-29T22:39:46.379735,TRANSFER,6514.55,MEDIUM,0.73
2026-01-29T22:39:49.259235,DEBIT,2472.46,LOW,0.03
2026-01-29T22:39:52.211801,CASH_OUT,6481.97,HIGH,0.84
2026-01-29T22:39:55.208848,CASH_IN,6392.19,MEDIUM,0.78
2026-02-04T10:02:06.184428,PAYMENT,8699.94,LOW,0.0
2026-02-04T10:02:08.974533,CASH_IN,1120.88,LOW,0.0
2026-02-04T10:02:11.192472,PAYMENT,2116.15,MEDIUM,0.62
2026-02-04T10:02:13.453135,PAYMENT,1428.85,MEDIUM,0.49
2026-02-04T10:02:15.674499,TRANSFER,982.33,MEDIUM,0.78
2026-02-04T10:02:17.917842,CASH_OUT,5427.94,MEDIUM,0.72
2026-02-04T10:02:20.160844,TRANSFER,6594.8,MEDIUM,0.74
2026-02-04T10:02:22.404997,DEBIT,6734.19,LOW,0.03
2026-02-04T10:02:24.623423,PAYMENT,5570.23,LOW,0.0
2026-02-04T10:02:26.840449,PAYMENT,1196.2,LOW,0.02
2026-02-04T10:02:29.100823,TRANSFER,4515.91,LOW,0.0
2026-02-04T10:02:31.342229,PAYMENT,5108.02,MEDIUM,0.66
2026-02-04T10:02:33.601592,PAYMENT,3608.87,MEDIUM,0.6
2026-02-04T10:02:35.836634,CASH_OUT,7479.74,LOW,0.02
2026-02-04T10:02:38.054376,TRANSFER,8978.55,MEDIUM,0.73
2026-02-04T10:02:40.302534,DEBIT,2045.81,MEDIUM,0.7
2026-02-04T10:02:42.547000,CASH_IN,2922.59,MEDIUM,0.64
2026-02-04T10:02:44.777562,CASH_IN,5760.71,LOW,0.0
2026-02-04T10:02:47.011981,CASH_IN,6267.61,MEDIUM,0.65
2026-02-04T10:02:49.220106,CASH_OUT,1021.94,MEDIUM,0.7
2026-02-04T10:02:51.465055,DEBIT,329.5,LOW,0.0
2026-02-04T10:02:53.767956,CASH_IN,9428.92,HIGH,0.81
2026-02-04T10:02:55.994053,CASH_IN,8474.51,MEDIUM,0.66
2026-02-04T10:02:58.228178,PAYMENT,2342.83,MEDIUM,0.61
2026-02-04T10:03:00.476851,PAYMENT,5109.15,LOW,0.0
2026-02-04T10:03:02.717491,TRANSFER,9279.91,LOW,0.01
2026-02-04T10:03:04.942664,CASH_OUT,3535.21,MEDIUM,0.68
2026-02-04T10:03:07.172283,TRANSFER,3101.05,MEDIUM,0.78
2026-02-04T10:03:09.361588,CASH_OUT,980.24,MEDIUM,0.76
2026-02-04T10:03:11.606639,CASH_OUT,4412.82,MEDIUM,0.72
2026-02-04T10:03:13.868070,DEBIT,9598.0,HIGH,0.84
2026-02-04T10:03:16.130594,PAYMENT,1830.29,MEDIUM,0.61
2026-02-04T10:03:18.372136,DEBIT,6848.52,LOW,0.0
2026-02-04T10:03:20.657471,DEBIT,8962.62,MEDIUM,0.66
2026-02-04T10:03:22.919051,PAYMENT,5854.17,MEDIUM,0.54
2026-02-04T10:03:25.163821,TRANSFER,1836.47,MEDIUM,0.68
2026-02-04T10:03:27.434767,TRANSFER,2552.66,HIGH,0.81
2026-02-04T10:07:52.848948,DEBIT,748.76,MEDIUM,0.72
2026-02-04T10:07:56.671194,CASH_IN,4010.02,HIGH,0.81
2026-02-04T10:07:58.960765,DEBIT,4394.49,LOW,0.0
2026-02-04T10:08:01.221519,TRANSFER,3623.58,MEDIUM,0.75
2026-02-04T10:08:03.495071,TRANSFER,3871.83,MEDIUM,0.74
2026-02-04T10:08:05.770257,TRANSFER,3316.7,MEDIUM,0.68
2026-02-04T10:08:08.045499,CASH_IN,934.44,MEDIUM,0.66
2026-02-04T10:08:10.306523,PAYMENT,141.18,MEDIUM,0.58
2026-02-04T10:08:12.567962,CASH_OUT,7930.29,MEDIUM,0.73
2026-02-04T10:08:14.827760,PAYMENT,8048.54,MEDIUM,0.62
2026-02-04T10:08:17.083479,CASH_OUT,1613.47,MEDIUM,0.77
2026-02-04T10:08:19.332465,CASH_OUT,1294.5,HIGH,0.87
2026-02-04T10:08:21.634428,PAYMENT,8364.35,LOW,0.0
2026-02-04T10:08:23.892499,PAYMENT,796.01,MEDIUM,0.67
2026-02-04T10:08:26.170665,PAYMENT,9579.35,MEDIUM,0.58
2026-02-04T10:08:28.428415,TRANSFER,2558.86,LOW,0.08
2026-02-04T10:08:30.750287,DEBIT,493.47,MEDIUM,0.76
2026-02-04T10:08:33.018587,PAYMENT,2431.1,MEDIUM,0.71
2026-02-04T10:08:35.255311,CASH_OUT,3243.76,LOW,0.08
2026-02-04T10:08:37.548171,PAYMENT,9507.46,LOW,0.0
2026-02-04T10:08:39.808151,PAYMENT,4066.94,MEDIUM,0.71
2026-02-04T10:08:42.098043,TRANSFER,4376.01,LOW,0.01
2026-02-04T10:08:44.326899,CASH_IN,5718.36,LOW,0.0
2026-02-04T10:08:46.618048,PAYMENT,7800.46,LOW,0.0
2026-02-04T10:08:48.898691,CASH_OUT,8736.26,MEDIUM,0.75
2026-02-04T10:08:51.211430,PAYMENT,7639.06,LOW,0.0
2026-02-04T10:08:53.435234,DEBIT,1507.14,LOW,0.04
2026-02-04T10:08:55.708473,DEBIT,8240.36,MEDIUM,0.72
2026-02-04T10:08:57.989390,CASH_OUT,8320.5,MEDIUM,0.75
2026-02-04T10:09:00.222785,DEBIT,6454.88,MEDIUM,0.73
2026-02-04T10:09:02.570482,DEBIT,6800.33,LOW,0.03
2026-02-04T10:09:04.805615,DEBIT,4955.88,MEDIUM,0.71
2026-02-04T10:09:06.993187,CASH_OUT,8121.95,MEDIUM,0.68
2026-02-04T10:09:09.272755,CASH_IN,4822.29,LOW,0.0
2026-02-04T10:09:11.526032,TRANSFER,2950.16,HIGH,0.81
2026-02-04T10:09:13.776177,TRANSFER,3536.49,HIGH,0.9
2026-02-04T10:09:16.037245,CASH_IN,6425.72,HIGH,0.81
2026-02-04T10:09:18.289773,DEBIT,163.24,MEDIUM,0.71
2026-02-04T10:09:20.582663,TRANSFER,1272.99,MEDIUM,0.7
2026-02-04T10:09:22.785863,CASH_OUT,9665.81,MEDIUM,0.75
2026-02-04T10:09:25.084257,DEBIT,6671.84,LOW,0.0
2026-02-04T10:09:27.330389,CASH_IN,8232.18,MEDIUM,0.62
2026-02-04T10:09:29.527536,CASH_OUT,1896.6,LOW,0.08
2026-02-04T10:09:31.760284,CASH_IN,2358.74,LOW,0.04
2026-02-04T10:09:34.072442,DEBIT,1507.25,MEDIUM,0.67
2026-02-04T10:09:36.365475,CASH_OUT,6520.07,HIGH,0.84
2026-02-04T10:09:38.660617,DEBIT,7607.61,HIGH,0.84
2026-02-04T10:09:40.977784,TRANSFER,1795.42,MEDIUM,0.74
2026-02-04T10:09:43.251820,CASH_IN,6408.9,MEDIUM,0.8
2026-02-04T10:09:45.583694,PAYMENT,3541.63,MEDIUM,0.63
2026-02-04T10:09:47.835781,TRANSFER,3479.19,MEDIUM,0.74
2026-02-04T10:09:50.090522,DEBIT,8784.48,LOW,0.0
2026-02-04T10:09:52.363470,TRANSFER,9139.13,MEDIUM,0.78
2026-02-04T10:09:54.664897,PAYMENT,7296.23,MEDIUM,0.62
2026-02-04T10:09:56.915000,DEBIT,4548.86,MEDIUM,0.7
2026-02-04T10:09:59.176766,TRANSFER,6813.82,MEDIUM,0.72
2026-02-04T10:10:01.428914,CASH_IN,5977.88,MEDIUM,0.62
2026-02-04T10:10:03.705754,PAYMENT,4617.22,MEDIUM,0.63
2026-02-04T10:10:05.967100,CASH_OUT,5562.62,HIGH,0.86
2026-02-04T10:10:08.244234,DEBIT,5153.25,MEDIUM,0.7
2026-02-04T10:10:10.519881,DEBIT,1679.32,LOW,0.0
2026-02-04T10:10:12.770224,CASH_IN,9384.68,MEDIUM,0.67
2026-02-04T10:10:15.060648,CASH_IN,5134.58,MEDIUM,0.69
2026-02-04T10:10:17.318372,DEBIT,2340.81,HIGH,0.85
2026-02-04T10:10:19.600893,DEBIT,9410.33,MEDIUM,0.71
2026-02-04T10:10:21.890746,TRANSFER,1416.56,LOW,0.06
2026-02-04T10:10:24.164796,CASH_OUT,690.99,LOW,0.09
2026-02-04T10:10:26.421922,CASH_IN,7772.33,MEDIUM,0.66
2026-02-04T10:10:28.706168,CASH_IN,1424.14,LOW,0.0
2026-02-04T10:10:31.015988,CASH_OUT,5478.8,MEDIUM,0.79
2026-02-04T10:10:33.286357,DEBIT,4134.18,MEDIUM,0.67
2026-02-04T10:10:35.486446,CASH_IN,8234.11,MEDIUM,0.69
2026-02-04T10:10:37.762391,PAYMENT,8316.05,MEDIUM,0.59
2026-02-04T10:10:40.027841,CASH_IN,4978.1,MEDIUM,0.61
2026-02-04T10:10:42.375372,PAYMENT,9292.5,MEDIUM,0.71
2026-02-04T10:10:44.613349,PAYMENT,4701.31,LOW,0.0
2026-02-04T10:10:46.894972,DEBIT,1678.22,MEDIUM,0.8
2026-02-04T10:10:49.112545,DEBIT,7951.58,MEDIUM,0.8
2026-02-04T10:10:51.410454,PAYMENT,3319.33,MEDIUM,0.62
2026-02-04T10:10:53.652456,PAYMENT,7940.15,MEDIUM,0.7
2026-02-04T10:10:55.963642,PAYMENT,5754.74,LOW,0.0
2026-02-04T10:10:58.234651,PAYMENT,4752.24,MEDIUM,0.63
2026-02-04T10:11:00.528415,DEBIT,6593.11,MEDIUM,0.7
2026-02-04T10:11:02.832981,TRANSFER,9123.87,MEDIUM,0.79
2026-02-04T10:11:05.111102,DEBIT,1633.96,LOW,0.0
2026-02-04T10:11:07.389195,PAYMENT,1719.45,MEDIUM,0.71
2026-02-04T10:11:09.635808,DEBIT,4232.53,HIGH,0.84
2026-02-04T10:11:11.881413,PAYMENT,7916.54,MEDIUM,0.62
2026-02-04T10:11:14.156478,DEBIT,915.9,MEDIUM,0.65
2026-02-04T10:11:16.427755,PAYMENT,7847.17,MEDIUM,0.54
2026-02-04T10:11:18.722378,CASH_IN,9857.65,MEDIUM,0.62
2026-02-04T10:11:20.967932,TRANSFER,6679.7,MEDIUM,0.74
2026-02-04T10:11:23.226515,TRANSFER,4344.36,MEDIUM,0.74
2026-02-04T10:11:25.453180,TRANSFER,7457.22,MEDIUM,0.72
2026-02-04T10:11:27.696072,DEBIT,9658.4,LOW,0.0
2026-02-04T10:11:29.945713,DEBIT,2249.08,MEDIUM,0.73
2026-02-04T10:11:32.225667,CASH_IN,4306.86,LOW,0.07
2026-02-04T10:11:34.507217,PAYMENT,4169.28,MEDIUM,0.59
2026-02-04T10:11:36.755371,DEBIT,336.6,LOW,0.0
2026-02-04T10:11:39.003506,CASH_IN,4428.63,MEDIUM,0.68
2026-02-04T10:11:41.267778,DEBIT,8936.35,LOW,0.0
2026-02-04T10:11:43.549678,TRANSFER,5327.69,LOW,0.0
2026-02-04T10:11:45.808066,DEBIT,1576.98,HIGH,0.85
2026-02-04T10:11:48.063210,DEBIT,8778.74,LOW,0.0
2026-02-04T10:11:50.389432,PAYMENT,3412.56,MEDIUM,0.6
2026-02-04T10:11:52.674180,CASH_IN,3987.92,HIGH,0.81
2026-02-04T10:11:54.918949,TRANSFER,3020.8,HIGH,0.84
2026-02-04T10:11:57.218156,PAYMENT,4578.43,MEDIUM,0.62
2026-02-04T10:11:59.563615,DEBIT,8740.05,HIGH,0.84
2026-02-04T10:12:01.853839,TRANSFER,5803.66,HIGH,0.9
2026-02-04T10:12:04.120609,CASH_OUT,3112.18,MEDIUM,0.72
2026-02-04T10:12:06.401823,CASH_IN,9281.0,LOW,0.0
2026-02-04T10:12:08.681114,PAYMENT,1739.7,MEDIUM,0.6
2026-02-04T10:12:10.929943,CASH_IN,9454.47,LOW,0.0
2026-02-04T10:12:13.250017,PAYMENT,463.11,MEDIUM,0.61
2026-02-04T10:12:15.550216,TRANSFER,8145.14,LOW,0.0
2026-02-04T10:12:17.812448,TRANSFER,1613.25,MEDIUM,0.7
2026-02-04T10:12:20.133123,CASH_IN,2898.98,MEDIUM,0.64
2026-02-04T10:12:22.404576,TRANSFER,5534.12,HIGH,0.81
2026-02-04T10:12:24.696609,CASH_OUT,9134.85,MEDIUM,0.73
2026-02-04T10:12:26.994279,DEBIT,8573.88,MEDIUM,0.72
2026-02-04T10:12:29.377690,CASH_OUT,5715.75,MEDIUM,0.74
2026-02-04T10:12:31.713764,DEBIT,9654.81,HIGH,0.84
2026-02-04T10:12:33.950224,CASH_OUT,7315.0,MEDIUM,0.79
2026-02-04T10:12:36.260425,DEBIT,5583.98,MEDIUM,0.71
2026-02-04T10:12:38.557955,CASH_OUT,7960.48,MEDIUM,0.75
2026-02-04T10:12:40.816201,CASH_IN,1628.4,LOW,0.0
2026-02-04T10:12:43.121472,TRANSFER,8586.03,MEDIUM,0.8
2026-02-04T10:12:45.413059,CASH_OUT,6803.56,MEDIUM,0.77
2026-02-04T10:12:47.743181,CASH_OUT,8756.66,MEDIUM,0.75
2026-02-04T10:12:50.016202,TRANSFER,2607.55,MEDIUM,0.72
2026-02-04T10:12:52.335669,DEBIT,5260.08,HIGH,0.84
2026-02-04T10:12:54.702380,CASH_OUT,3608.68,MEDIUM,0.76
2026-02-04T10:12:56.995389,CASH_IN,3952.07,HIGH,0.81
2026-02-04T10:12:59.315958,PAYMENT,9216.33,LOW,0.02
2026-02-04T10:13:01.616833,CASH_IN,7200.56,LOW,0.0
2026-02-04T10:13:03.906317,CASH_OUT,282.45,MEDIUM,0.73
2026-02-04T10:13:06.162886,CASH_IN,7819.18,LOW,0.0
2026-02-04T10:13:08.424395,CASH_OUT,3175.31,LOW,0.01
2026-02-04T10:13:10.715480,CASH_OUT,3857.73,MEDIUM,0.69
2026-02-04T10:13:13.020243,PAYMENT,4889.51,MEDIUM,0.6
2026-02-04T10:13:15.336910,PAYMENT,2014.39,LOW,0.0
2026-02-04T10:13:17.637432,CASH_IN,8231.46,MEDIUM,0.66
2026-02-04T10:13:19.911739,CASH_IN,5932.02,MEDIUM,0.8
2026-02-04T10:13:22.255509,TRANSFER,2747.94,LOW,0.09
2026-02-04T10:13:24.564111,CASH_OUT,1150.45,MEDIUM,0.64
2026-02-04T10:13:26.801137,DEBIT,6820.61,MEDIUM,0.8
2026-02-04T10:13:29.073122,CASH_OUT,7073.39,LOW,0.03
2026-02-04T10:13:31.300356,CASH_OUT,3034.64,LOW,0.01
2026-02-04T10:13:33.507287,TRANSFER,1431.55,MEDIUM,0.75
2026-02-04T10:13:35.768591,PAYMENT,672.04,MEDIUM,0.62
2026-02-04T10:13:38.031721,CASH_IN,8255.19,LOW,0.0
2026-02-04T10:13:40.251823,TRANSFER,3193.85,MEDIUM,0.79
2026-02-04T10:13:42.565712,TRANSFER,6554.9,MEDIUM,0.77
2026-02-04T10:13:44.832370,PAYMENT,5288.92,LOW,0.0
2026-02-04T10:13:47.140122,CASH_OUT,2936.38,HIGH,0.87
2026-02-04T10:13:49.388535,TRANSFER,7216.05,MEDIUM,0.76
2026-02-04T10:13:51.682324,DEBIT,3751.31,MEDIUM,0.74
2026-02-04T10:13:53.966910,TRANSFER,4373.58,MEDIUM,0.71
2026-02-04T10:13:56.231370,CASH_OUT,1881.54,LOW,0.02
2026-02-04T10:13:58.475098,DEBIT,3423.5,LOW,0.0
2026-02-04T10:14:00.789672,TRANSFER,2563.04,MEDIUM,0.78
2026-02-04T10:14:03.014440,PAYMENT,5616.3,LOW,0.0
2026-02-04T10:22:49.773452,CASH_IN,5114.47,LOW,0.0
2026-02-04T10:22:52.574912,CASH_IN,2185.82,MEDIUM,0.67
2026-02-04T10:22:54.760463,CASH_OUT,3352.45,MEDIUM,0.75
2026-02-04T10:27:53.248376,TRANSFER,6526.04,LOW,0.01
2026-02-04T10:27:55.847358,CASH_OUT,7973.1,LOW,0.03
2026-02-04T10:27:58.057045,CASH_OUT,4575.18,MEDIUM,0.72
2026-02-04T10:28:00.303399,CASH_IN,6853.85,MEDIUM,0.62
2026-02-04T10:28:02.552880,PAYMENT,7339.4,MEDIUM,0.58
2026-02-04T10:28:04.749480,DEBIT,4420.83,MEDIUM,0.8
2026-02-04T10:28:06.926671,CASH_IN,3482.64,LOW,0.01
2026-02-04T10:28:09.166400,TRANSFER,301.27,HIGH,0.9
2026-02-04T10:28:11.370172,TRANSFER,1081.36,MEDIUM,0.78
2026-02-04T10:28:13.547145,DEBIT,52.09,MEDIUM,0.79
2026-02-04T10:28:15.791266,CASH_IN,9944.22,MEDIUM,0.79
2026-02-04T10:28:17.984973,TRANSFER,3273.87,HIGH,0.81
2026-02-04T10:28:20.191155,DEBIT,2314.74,MEDIUM,0.75
2026-02-04T10:28:22.341309,CASH_IN,5833.78,MEDIUM,0.67
2026-02-04T10:28:24.561784,TRANSFER,1060.94,MEDIUM,0.75
2026-02-04T10:28:26.808356,TRANSFER,8314.19,MEDIUM,0.79
2026-02-04T10:28:28.981073,CASH_IN,4259.37,MEDIUM,0.73
2026-02-04T10:28:31.255098,DEBIT,7783.82,HIGH,0.84
2026-02-04T10:28:33.528265,CASH_IN,1409.15,MEDIUM,0.72
2026-02-04T10:28:35.719214,CASH_IN,5511.31,LOW,0.4
2026-02-04T10:28:37.962341,CASH_OUT,6700.79,MEDIUM,0.68
2026-02-04T10:28:40.205769,CASH_OUT,7458.72,HIGH,0.86
2026-02-04T10:28:42.428981,CASH_IN,295.02,MEDIUM,0.69
2026-02-04T10:28:44.686584,DEBIT,4433.82,LOW,0.03
2026-02-04T10:28:46.885076,CASH_IN,5035.66,MEDIUM,0.69
2026-02-04T10:28:49.055928,TRANSFER,311.16,MEDIUM,0.74
2026-02-04T10:28:51.214871,CASH_OUT,9367.62,MEDIUM,0.73
2026-02-04T10:28:53.428478,TRANSFER,4146.93,LOW,0.03
2026-02-04T10:28:55.604638,DEBIT,3675.08,MEDIUM,0.75
2026-02-04T10:28:57.892416,PAYMENT,6552.08,MEDIUM,0.71
2026-02-04T10:29:00.135013,DEBIT,2151.32,LOW,0.0
2026-02-04T10:29:02.361544,DEBIT,6394.94,MEDIUM,0.8
2026-02-04T10:29:04.561497,CASH_IN,5109.0,LOW,0.01
2026-02-04T10:29:06.767546,PAYMENT,4466.0,MEDIUM,0.71
2026-02-04T10:29:08.992082,CASH_OUT,9182.76,HIGH,0.87
2026-02-04T10:29:11.237404,CASH_OUT,9729.71,LOW,0.02
2026-02-04T10:29:13.427779,DEBIT,4512.47,MEDIUM,0.67
2026-02-04T10:29:15.652818,CASH_OUT,8339.97,MEDIUM,0.76
2026-02-04T10:29:17.804405,TRANSFER,9719.69,LOW,0.01
2026-02-04T10:29:20.059565,DEBIT,1398.01,LOW,0.0
2026-02-04T10:29:22.252853,DEBIT,8083.3,LOW,0.0
2026-02-04T10:29:24.510365,PAYMENT,8948.91,LOW,0.02
2026-02-04T10:29:26.674006,PAYMENT,3388.91,MEDIUM,0.61
2026-02-04T10:29:28.827348,TRANSFER,4661.23,MEDIUM,0.79
2026-02-04T10:29:31.052463,DEBIT,5764.04,MEDIUM,0.71
2026-02-04T10:29:33.233000,TRANSFER,8641.76,MEDIUM,0.75
2026-02-04T10:29:35.439344,DEBIT,8186.29,MEDIUM,0.72
2026-02-04T10:29:37.651857,TRANSFER,721.14,MEDIUM,0.79
2026-02-04T10:29:39.908766,PAYMENT,4032.58,MEDIUM,0.58
2026-02-04T10:29:42.064500,PAYMENT,362.86,MEDIUM,0.58
2026-02-04T10:29:44.233932,DEBIT,593.12,MEDIUM,0.76
2026-02-04T10:29:46.412294,DEBIT,6022.73,MEDIUM,0.71
2026-02-04T10:29:48.630311,CASH_OUT,6401.18,HIGH,0.86
2026-02-04T10:29:50.851408,PAYMENT,6023.61,MEDIUM,0.58
2026-02-04T10:29:53.045971,TRANSFER,3895.62,MEDIUM,0.74
2026-02-04T10:29:55.245441,CASH_OUT,7154.0,LOW,0.02
2026-02-04T10:29:57.440791,CASH_OUT,3091.49,MEDIUM,0.67
2026-02-04T10:29:59.671830,DEBIT,9657.33,HIGH,0.84
2026-02-04T10:30:01.884067,CASH_OUT,77.99,MEDIUM,0.79
2026-02-04T10:30:04.105592,CASH_OUT,6960.22,LOW,0.01
2026-02-04T10:30:06.289832,DEBIT,9885.16,MEDIUM,0.73
2026-02-04T10:30:08.522100,CASH_IN,5520.72,MEDIUM,0.59
2026-02-04T10:30:10.739318,PAYMENT,1274.78,MEDIUM,0.54
2026-02-04T10:30:12.949196,CASH_OUT,2945.08,MEDIUM,0.72
2026-02-04T10:30:15.167133,CASH_OUT,9872.25,LOW,0.01
2026-02-04T10:30:17.381139,CASH_IN,3364.52,MEDIUM,0.62
2026-02-04T10:30:19.570245,TRANSFER,3720.61,LOW,0.0
2026-02-04T10:30:21.822882,DEBIT,1469.6,MEDIUM,0.66
2026-02-04T10:30:24.022423,PAYMENT,4057.86,LOW,0.02
2026-02-04T10:30:26.242227,PAYMENT,7416.21,MEDIUM,0.6
2026-02-04T10:30:28.502633,CASH_IN,4627.93,MEDIUM,0.79
2026-02-04T10:30:30.761683,DEBIT,3624.42,MEDIUM,0.74
2026-02-04T10:30:32.955617,TRANSFER,156.73,MEDIUM,0.78
2026-02-04T10:30:35.180338,CASH_OUT,6697.49,HIGH,0.84
2026-02-04T10:30:37.439414,CASH_OUT,73.12,HIGH,0.84
2026-02-04T10:30:39.649424,PAYMENT,9506.4,LOW,0.0
2026-02-04T10:30:41.850534,CASH_OUT,4001.53,HIGH,0.86
2026-02-04T10:30:44.059422,TRANSFER,5130.52,LOW,0.0
2026-02-04T10:30:46.238247,PAYMENT,3164.99,MEDIUM,0.58
2026-02-04T10:30:48.447289,TRANSFER,6506.67,MEDIUM,0.71
2026-02-04T10:30:50.678399,PAYMENT,5053.7,MEDIUM,0.54
2026-02-04T10:30:52.815739,PAYMENT,3034.51,LOW,0.0
2026-02-04T10:30:55.003018,CASH_IN,1849.96,MEDIUM,0.8
2026-02-04T10:30:57.193166,CASH_IN,8107.43,LOW,0.0
2026-02-04T10:30:59.393519,DEBIT,3749.93,LOW,0.03
2026-02-04T10:31:01.621811,TRANSFER,7430.98,MEDIUM,0.75
2026-02-04T10:31:03.873633,CASH_IN,4461.02,MEDIUM,0.67
2026-02-04T10:31:06.071464,PAYMENT,5465.55,MEDIUM,0.7
2026-02-04T10:31:08.323309,CASH_IN,3772.55,HIGH,0.81
2026-02-04T10:31:10.518076,TRANSFER,9097.55,MEDIUM,0.78
2026-02-04T10:31:12.740412,DEBIT,9818.92,MEDIUM,0.7
2026-02-04T10:31:14.966025,CASH_IN,8158.96,MEDIUM,0.69
2026-02-04T10:31:17.204823,CASH_IN,6707.63,MEDIUM,0.67
2026-02-04T10:31:19.423604,DEBIT,4261.36,HIGH,0.83
2026-02-04T10:31:21.645673,CASH_IN,4542.97,HIGH,0.81
2026-02-04T10:31:23.891280,CASH_IN,7988.14,HIGH,0.81
2026-02-04T10:31:26.099992,TRANSFER,7484.01,LOW,0.01
2026-02-04T10:31:28.296255,PAYMENT,1732.4,LOW,0.0
2026-02-04T10:31:30.504621,CASH_IN,6398.14,MEDIUM,0.69
2026-02-04T10:31:32.645977,TRANSFER,4896.49,MEDIUM,0.78
2026-02-04T10:31:34.853625,DEBIT,5277.53,LOW,0.0
2026-02-04T10:31:37.055719,TRANSFER,1929.39,MEDIUM,0.73
2026-02-04T10:31:39.304613,CASH_OUT,4970.36,LOW,0.01
2026-02-04T10:31:41.494583,DEBIT,9147.83,MEDIUM,0.72
2026-02-04T10:31:43.730392,CASH_OUT,5159.38,MEDIUM,0.68
2026-02-04T10:31:45.936289,PAYMENT,961.12,LOW,0.02
2026-02-04T10:31:48.153692,CASH_OUT,7706.96,HIGH,0.86
2026-02-04T10:31:50.373368,DEBIT,2085.49,HIGH,0.84
2026-02-04T10:31:52.600054,PAYMENT,6214.99,MEDIUM,0.68
2026-02-04T10:31:54.866057,PAYMENT,2163.65,MEDIUM,0.68
2026-02-04T10:31:57.081116,CASH_IN,9423.97,LOW,0.06
2026-02-04T10:31:59.297488,PAYMENT,9683.52,LOW,0.0
2026-02-04T10:32:01.555724,PAYMENT,622.05,MEDIUM,0.6
2026-02-04T10:32:03.755718,CASH_OUT,5929.25,MEDIUM,0.72
2026-02-04T10:32:05.944133,DEBIT,6113.23,HIGH,0.84
2026-02-04T10:32:08.209898,PAYMENT,1186.87,MEDIUM,0.71
2026-02-04T10:32:10.378892,TRANSFER,9518.04,LOW,0.06
2026-02-04T10:32:12.568116,CASH_IN,6921.86,MEDIUM,0.69
2026-02-04T10:32:14.769147,CASH_OUT,5959.75,HIGH,0.82
2026-02-04T10:32:16.994247,DEBIT,8412.31,MEDIUM,0.8
2026-02-04T10:32:19.178754,DEBIT,7676.81,MEDIUM,0.8
2026-02-04T10:32:21.436217,TRANSFER,574.72,MEDIUM,0.7
2026-02-04T10:32:23.730352,CASH_IN,1502.66,MEDIUM,0.65
2026-02-04T10:32:25.996433,CASH_IN,9626.83,MEDIUM,0.73
2026-02-04T10:32:28.195016,TRANSFER,2002.96,LOW,0.01
2026-02-04T10:32:30.432022,CASH_OUT,9831.98,MEDIUM,0.76
2026-02-04T10:32:32.622964,TRANSFER,9952.44,MEDIUM,0.78
2026-02-04T10:32:34.824581,PAYMENT,3424.19,MEDIUM,0.54
2026-02-04T10:32:37.031486,CASH_IN,5835.98,LOW,0.0
2026-02-04T10:32:39.237399,CASH_IN,8802.33,MEDIUM,0.79
2026-02-04T10:32:41.443693,TRANSFER,3372.44,LOW,0.06
2026-02-04T10:32:43.698459,CASH_IN,2762.03,LOW,0.0
2026-02-04T10:32:45.930923,PAYMENT,3554.76,MEDIUM,0.61
2026-02-04T10:32:48.166488,CASH_IN,7880.41,MEDIUM,0.62
2026-02-04T10:32:50.388480,PAYMENT,171.39,MEDIUM,0.62
2026-02-04T10:32:52.647788,PAYMENT,7713.14,MEDIUM,0.62
2026-02-04T10:32:54.853457,PAYMENT,4557.96,MEDIUM,0.71
2026-02-04T10:32:57.106467,CASH_OUT,8143.15,MEDIUM,0.77
2026-02-04T10:32:59.334117,CASH_IN,6010.09,MEDIUM,0.67
2026-02-04T10:33:01.580913,PAYMENT,2667.0,MEDIUM,0.62
2026-02-04T10:33:03.815946,CASH_IN,4955.83,LOW,0.0
2026-02-04T10:33:06.045180,CASH_IN,9082.64,MEDIUM,0.69
2026-02-04T10:33:08.260428,CASH_OUT,5714.11,MEDIUM,0.75
2026-02-04T10:33:10.465276,DEBIT,1619.6,MEDIUM,0.73
2026-02-04T10:33:12.691258,DEBIT,9891.93,MEDIUM,0.75
2026-02-04T10:33:14.903717,TRANSFER,7439.64,MEDIUM,0.73
2026-02-04T10:33:17.114155,CASH_OUT,6593.2,LOW,0.05
2026-02-04T10:33:19.295620,CASH_OUT,163.21,LOW,0.01
2026-02-04T10:33:21.511524,TRANSFER,9898.54,LOW,0.01
2026-02-04T10:33:23.710825,DEBIT,3770.56,MEDIUM,0.7
2026-02-04T10:33:25.966071,PAYMENT,2557.76,MEDIUM,0.6
2026-02-04T10:33:28.153409,TRANSFER,962.42,LOW,0.01
2026-02-04T10:33:30.391942,TRANSFER,4296.75,LOW,0.01
2026-02-04T10:33:32.616874,PAYMENT,5366.86,MEDIUM,0.54
2026-02-04T10:33:34.851819,CASH_IN,3394.21,LOW,0.0
2026-02-04T10:33:37.069321,TRANSFER,4614.6,HIGH,0.83
2026-02-04T10:33:39.293603,PAYMENT,9937.41,LOW,0.0
2026-02-04T10:33:41.469611,PAYMENT,5514.61,LOW,0.02
2026-02-04T10:33:43.667299,PAYMENT,7553.68,LOW,0.02
2026-02-04T10:33:45.844606,CASH_OUT,5959.38,MEDIUM,0.73
2026-02-04T10:33:48.000009,TRANSFER,2949.2,LOW,0.1
2026-02-04T10:33:50.222787,PAYMENT,7338.35,MEDIUM,0.62
2026-02-04T10:33:52.480991,CASH_OUT,1199.96,HIGH,0.84
2026-02-04T10:33:54.664043,PAYMENT,3243.62,MEDIUM,0.61
2026-02-04T10:33:56.841644,DEBIT,4975.4,MEDIUM,0.73
2026-02-04T10:33:59.046509,CASH_OUT,4878.34,LOW,0.04
2026-02-04T10:34:01.329150,TRANSFER,2811.06,MEDIUM,0.72
2026-02-04T10:34:03.512973,DEBIT,2068.01,LOW,0.0
2026-02-04T10:34:05.754809,PAYMENT,1514.28,LOW,0.0
2026-02-04T10:34:08.014620,CASH_IN,6120.63,MEDIUM,0.69
2026-02-04T10:34:10.258521,PAYMENT,9668.32,MEDIUM,0.62
2026-02-04T10:34:12.473765,PAYMENT,6472.75,LOW,0.0
2026-02-04T10:34:14.684488,DEBIT,8248.31,LOW,0.0
2026-02-04T10:34:16.928903,CASH_OUT,1660.34,LOW,0.11
2026-02-04T10:34:19.175285,PAYMENT,5101.5,MEDIUM,0.6
2026-02-04T10:34:21.452173,CASH_IN,2644.26,LOW,0.0
2026-02-04T10:34:23.717657,TRANSFER,448.47,HIGH,0.85
2026-02-04T10:34:25.972496,PAYMENT,1343.1,MEDIUM,0.71
2026-02-04T10:34:28.209252,TRANSFER,6961.37,LOW,0.01
2026-02-04T10:34:30.436122,PAYMENT,6279.18,MEDIUM,0.71
2026-02-04T10:34:32.644918,CASH_OUT,6083.49,MEDIUM,0.75
2026-02-04T10:34:34.894341,DEBIT,674.61,HIGH,0.83
2026-02-04T10:34:37.098445,DEBIT,5656.68,MEDIUM,0.8
2026-02-04T10:34:39.297549,CASH_OUT,9715.74,MEDIUM,0.67
2026-02-04T10:34:41.574106,TRANSFER,7559.76,MEDIUM,0.74
2026-02-04T10:34:43.855558,CASH_OUT,4753.52,LOW,0.02
2026-02-04T10:34:46.094494,TRANSFER,8249.66,LOW,0.05
2026-02-04T10:34:48.341797,PAYMENT,5728.74,MEDIUM,0.62
2026-02-04T10:34:50.512616,CASH_IN,1337.58,HIGH,0.81
2026-02-04T10:34:52.760796,CASH_IN,9091.71,LOW,0.0
2026-02-04T10:34:55.027584,CASH_IN,7772.48,MEDIUM,0.77
2026-02-04T10:34:57.238653,TRANSFER,2794.49,HIGH,0.9
2026-02-04T10:34:59.427607,TRANSFER,8501.08,MEDIUM,0.73
2026-02-04T10:35:01.656516,PAYMENT,698.62,MEDIUM,0.71
2026-02-04T10:35:03.848490,CASH_IN,5617.87,LOW,0.04
2026-02-04T10:35:06.052460,CASH_OUT,9807.69,LOW,0.03
2026-02-04T10:35:08.319775,CASH_OUT,9967.18,MEDIUM,0.75
2026-02-04T10:35:10.594465,TRANSFER,7481.63,MEDIUM,0.78
2026-02-04T10:35:12.843920,CASH_IN,9984.39,MEDIUM,0.69
2026-02-04T10:35:15.056980,CASH_IN,4611.3,MEDIUM,0.67
2026-02-04T10:35:17.288628,CASH_OUT,5476.0,MEDIUM,0.75
2026-02-04T10:35:19.577097,PAYMENT,938.32,MEDIUM,0.6
2026-02-04T10:35:21.802863,PAYMENT,9558.41,MEDIUM,0.58
2026-02-04T10:35:24.022557,PAYMENT,5195.57,MEDIUM,0.63
2026-02-04T10:35:26.241334,CASH_OUT,5232.21,LOW,0.02
2026-02-04T10:35:28.441029,CASH_IN,6624.34,MEDIUM,0.7
2026-02-04T10:35:30.660025,CASH_IN,3891.69,LOW,0.0
2026-02-04T10:35:32.917964,PAYMENT,2703.66,MEDIUM,0.62
2026-02-04T10:35:35.133570,PAYMENT,8984.59,MEDIUM,0.58
2026-02-04T10:35:37.384354,CASH_IN,8219.84,MEDIUM,0.8
2026-02-04T10:35:39.647591,CASH_IN,2319.89,LOW,0.0
2026-02-04T10:35:41.886285,CASH_OUT,380.21,LOW,0.02
2026-02-04T10:35:44.139202,DEBIT,3344.83,MEDIUM,0.73
2026-02-04T10:35:46.388202,CASH_IN,5189.22,MEDIUM,0.67
2026-02-04T10:35:48.597595,CASH_IN,5630.11,MEDIUM,0.76
2026-02-04T10:35:50.789874,CASH_OUT,7150.73,MEDIUM,0.74
2026-02-04T10:35:53.008413,DEBIT,4817.93,MEDIUM,0.78
2026-02-04T10:35:55.215859,CASH_IN,7025.87,MEDIUM,0.65
2026-02-04T10:35:57.418899,DEBIT,8153.25,HIGH,0.84
2026-02-04T10:35:59.614653,CASH_OUT,2538.95,HIGH,0.84
2026-02-04T10:36:01.868116,CASH_OUT,1898.4,LOW,0.06
2026-02-04T10:36:04.109794,TRANSFER,6418.06,LOW,0.02
2026-02-04T10:36:06.298723,CASH_IN,820.65,LOW,0.0
2026-02-04T10:36:08.525454,CASH_IN,2242.88,MEDIUM,0.63
2026-02-04T10:36:10.768046,TRANSFER,2482.87,LOW,0.01
2026-02-04T10:36:12.990853,PAYMENT,3102.59,MEDIUM,0.71
2026-02-04T10:36:15.219325,CASH_OUT,275.99,MEDIUM,0.75
2026-02-04T10:36:17.478463,TRANSFER,3910.43,MEDIUM,0.78
2026-02-04T10:36:19.644752,PAYMENT,3182.26,MEDIUM,0.58
2026-02-04T10:36:21.890465,DEBIT,2676.96,HIGH,0.82
2026-02-04T10:36:24.095572,TRANSFER,278.65,MEDIUM,0.76
2026-02-04T10:36:26.311010,CASH_IN,6627.07,LOW,0.0
2026-02-04T10:36:28.532002,DEBIT,2147.29,LOW,0.0
2026-02-04T10:36:30.781162,CASH_IN,3928.76,MEDIUM,0.69
2026-02-04T10:36:32.982208,CASH_OUT,2163.06,MEDIUM,0.75
2026-02-04T10:36:35.190432,DEBIT,6443.49,MEDIUM,0.79
2026-02-04T10:36:37.428263,CASH_OUT,6415.48,LOW,0.04
2026-02-04T10:36:39.676130,CASH_OUT,5103.63,LOW,0.01
2026-02-04T10:36:41.869886,PAYMENT,7219.6,MEDIUM,0.71
2026-02-04T10:36:44.072877,TRANSFER,2227.73,LOW,0.15
2026-02-04T10:36:46.301075,DEBIT,6341.24,MEDIUM,0.8
2026-02-04T10:36:48.538626,CASH_OUT,5700.4,LOW,0.01
2026-02-04T10:36:50.729546,CASH_IN,8945.76,MEDIUM,0.66
2026-02-04T10:36:53.003528,DEBIT,1848.13,LOW,0.03
2026-02-04T10:36:55.239721,CASH_IN,4773.95,MEDIUM,0.67
2026-02-04T10:36:57.461531,CASH_IN,3566.74,LOW,0.0
2026-02-04T10:36:59.734325,CASH_IN,5382.18,LOW,0.07
2026-02-04T10:37:01.942544,DEBIT,5455.23,HIGH,0.84
2026-02-04T10:37:04.165056,TRANSFER,551.31,HIGH,0.81
2026-02-04T10:37:06.410225,CASH_OUT,199.06,MEDIUM,0.74
2026-02-04T10:37:08.597015,CASH_IN,4795.39,MEDIUM,0.69
2026-02-04T10:37:10.809052,PAYMENT,5733.54,MEDIUM,0.59
2026-02-04T10:37:13.059940,DEBIT,4471.71,LOW,0.0
2026-02-04T10:37:15.293496,TRANSFER,6031.66,LOW,0.09
2026-02-04T10:37:17.557243,PAYMENT,5042.42,MEDIUM,0.67
2026-02-04T10:37:19.774270,PAYMENT,5039.01,MEDIUM,0.59
2026-02-04T10:37:21.928981,CASH_OUT,9465.98,HIGH,0.86
2026-02-04T10:37:24.162123,PAYMENT,7251.98,MEDIUM,0.59
2026-02-04T10:37:26.400686,TRANSFER,9418.45,HIGH,0.83
2026-02-04T10:37:28.603764,TRANSFER,1225.58,MEDIUM,0.74
2026-02-04T10:37:30.863228,PAYMENT,1914.6,MEDIUM,0.67
2026-02-04T10:37:33.083005,DEBIT,3747.33,LOW,0.0
2026-02-04T10:37:35.379355,TRANSFER,2679.07,MEDIUM,0.73
2026-02-04T10:37:37.598152,CASH_IN,2106.69,MEDIUM,0.8
2026-02-04T10:37:39.775313,CASH_OUT,2440.74,MEDIUM,0.72
2026-02-04T10:37:42.004949,TRANSFER,9900.62,MEDIUM,0.79
2026-02-04T10:37:44.249478,CASH_OUT,2555.85,LOW,0.0
2026-02-04T10:37:46.538347,CASH_IN,6668.38,HIGH,0.81
2026-02-04T10:37:48.816187,DEBIT,658.49,LOW,0.0
2026-02-04T10:37:51.068474,CASH_OUT,728.64,MEDIUM,0.72
2026-02-04T10:37:53.306660,PAYMENT,9588.89,MEDIUM,0.61
2026-02-04T10:37:55.584772,CASH_IN,7330.66,MEDIUM,0.62
2026-02-04T10:37:57.865217,CASH_OUT,5703.18,HIGH,0.85
2026-02-04T10:38:00.113757,PAYMENT,4151.56,MEDIUM,0.67
2026-02-04T10:38:02.332580,PAYMENT,6035.39,MEDIUM,0.62
2026-02-04T10:38:04.500880,CASH_OUT,7606.5,MEDIUM,0.72
2026-02-04T10:38:06.742139,CASH_OUT,4128.7,LOW,0.03
2026-02-04T10:38:08.999521,TRANSFER,7566.6,MEDIUM,0.68
2026-02-04T10:38:11.249770,TRANSFER,3361.47,LOW,0.01
2026-02-04T10:38:13.467467,PAYMENT,2598.89,MEDIUM,0.54
2026-02-04T10:38:15.696527,DEBIT,3319.89,LOW,0.0
2026-02-04T10:38:17.908800,CASH_OUT,2558.98,MEDIUM,0.75
2026-02-04T10:38:20.106618,CASH_OUT,6349.03,MEDIUM,0.77
2026-02-04T10:38:22.365999,DEBIT,1659.35,HIGH,0.84
2026-02-04T10:38:24.624492,CASH_OUT,5418.46,LOW,0.02
2026-02-04T10:38:26.847955,DEBIT,4915.96,MEDIUM,0.73
2026-02-04T10:38:29.067294,CASH_IN,3861.87,LOW,0.0
2026-02-04T10:38:31.278787,PAYMENT,392.11,MEDIUM,0.66
2026-02-04T10:38:33.502681,TRANSFER,3700.24,MEDIUM,0.73
2026-02-04T10:38:35.700305,CASH_IN,4905.56,LOW,0.03
2026-02-04T10:38:37.924816,DEBIT,6054.72,LOW,0.01
2026-02-04T10:38:40.145952,CASH_IN,9364.48,MEDIUM,0.76
2026-02-04T10:38:42.351862,CASH_IN,3898.11,LOW,0.0
2026-02-04T10:38:44.598130,PAYMENT,9740.55,MEDIUM,0.62
2026-02-04T10:38:46.782290,CASH_IN,4792.63,MEDIUM,0.62
2026-02-04T10:38:48.972343,DEBIT,9287.12,LOW,0.0
2026-02-04T10:38:51.176585,CASH_IN,5006.82,LOW,0.01
2026-02-04T10:38:53.359906,CASH_OUT,6035.48,MEDIUM,0.75
2026-02-04T10:38:55.566739,TRANSFER,6174.52,LOW,0.01
2026-02-04T10:38:57.763600,CASH_IN,7531.22,HIGH,0.81
2026-02-04T10:38:59.949533,DEBIT,7191.17,MEDIUM,0.72
2026-02-04T10:39:02.159089,CASH_OUT,9595.01,HIGH,0.82
2026-02-04T10:39:04.350319,PAYMENT,6997.19,LOW,0.0
2026-02-04T10:39:06.534680,PAYMENT,4296.29,MEDIUM,0.68
2026-02-04T10:39:08.742466,TRANSFER,7174.52,MEDIUM,0.79
2026-02-04T10:39:10.950033,TRANSFER,7780.01,MEDIUM,0.79
2026-02-04T10:39:13.193862,TRANSFER,7195.65,HIGH,0.84
2026-02-04T10:39:15.395382,TRANSFER,1354.39,MEDIUM,0.75
2026-02-04T10:39:17.641005,TRANSFER,2978.98,MEDIUM,0.79
2026-02-04T10:39:19.885182,CASH_OUT,871.73,HIGH,0.85
2026-02-04T10:39:22.118006,CASH_IN,3960.19,MEDIUM,0.66
2026-02-04T10:39:24.340447,DEBIT,5636.21,MEDIUM,0.66
2026-02-04T10:39:26.597009,CASH_IN,2118.27,MEDIUM,0.64
2026-02-04T10:39:28.826816,TRANSFER,1756.55,MEDIUM,0.74
2026-02-04T10:39:31.061527,PAYMENT,3425.8,LOW,0.0
2026-02-04T10:39:33.286952,TRANSFER,5073.8,MEDIUM,0.8
2026-02-04T10:39:35.464813,TRANSFER,150.46,LOW,0.04
2026-02-04T10:39:37.644445,CASH_IN,5352.98,HIGH,0.81
2026-02-04T10:39:39.866168,CASH_IN,5908.75,LOW,0.0
2026-02-04T10:39:42.044557,TRANSFER,1213.88,MEDIUM,0.67
2026-02-04T10:39:44.260727,PAYMENT,9682.34,MEDIUM,0.61
2026-02-04T10:39:46.525571,DEBIT,3085.98,LOW,0.0
2026-02-04T10:39:48.802779,DEBIT,3839.05,MEDIUM,0.71
2026-02-04T10:39:51.011649,PAYMENT,9749.48,LOW,0.0
2026-02-04T10:39:53.233834,CASH_IN,6837.56,MEDIUM,0.68
2026-02-04T10:39:55.456535,TRANSFER,2623.3,MEDIUM,0.73
2026-02-04T10:39:57.676087,TRANSFER,6408.82,MEDIUM,0.78
2026-02-04T10:39:59.945566,DEBIT,8219.27,MEDIUM,0.73
2026-02-04T10:40:02.139954,CASH_OUT,9190.47,HIGH,0.84
2026-02-04T10:40:04.389890,TRANSFER,4312.31,MEDIUM,0.79
2026-02-04T10:40:06.583814,TRANSFER,7167.6,MEDIUM,0.78
2026-02-04T10:40:08.833501,PAYMENT,9866.15,MEDIUM,0.61
2026-02-04T10:40:11.047519,CASH_OUT,374.29,HIGH,0.82
2026-02-04T10:40:13.246558,PAYMENT,130.94,LOW,0.0
2026-02-04T10:40:15.429905,TRANSFER,7290.74,MEDIUM,0.79
2026-02-04T10:40:17.641263,TRANSFER,881.1,HIGH,0.81
2026-02-04T10:40:19.850012,DEBIT,6711.59,HIGH,0.81
2026-02-04T10:40:22.043883,TRANSFER,4755.99,MEDIUM,0.79
2026-02-04T10:40:24.277854,PAYMENT,7383.87,MEDIUM,0.62
2026-02-04T10:40:26.537160,TRANSFER,2893.71,LOW,0.02
2026-02-04T10:40:28.775357,CASH_OUT,2176.27,LOW,0.0
2026-02-04T10:40:30.983217,CASH_IN,1848.26,LOW,0.0
2026-02-04T10:40:33.188194,CASH_IN,2769.13,MEDIUM,0.62
2026-02-04T10:40:35.407274,PAYMENT,357.54,MEDIUM,0.62
2026-02-04T10:40:37.601700,CASH_OUT,9489.4,LOW,0.01
2026-02-04T10:40:39.815194,DEBIT,9892.12,MEDIUM,0.71
2026-02-04T10:40:41.991346,DEBIT,7417.41,MEDIUM,0.73
2026-02-04T10:40:44.153967,DEBIT,1584.07,MEDIUM,0.71
2026-02-04T10:40:46.323143,DEBIT,1388.37,MEDIUM,0.76
2026-02-04T10:40:48.568599,DEBIT,7957.87,MEDIUM,0.72
2026-02-04T10:40:50.777006,PAYMENT,1342.0,LOW,0.02
2026-02-04T10:40:52.969808,PAYMENT,4964.29,LOW,0.02
2026-02-04T10:40:55.190968,CASH_IN,8901.69,LOW,0.0
2026-02-04T10:40:57.376867,TRANSFER,1562.36,LOW,0.0
2026-02-04T10:40:59.566834,TRANSFER,1076.54,HIGH,0.87
2026-02-04T10:41:01.796126,TRANSFER,6749.0,MEDIUM,0.79
2026-02-04T10:41:04.021622,DEBIT,2980.94,MEDIUM,0.8
2026-02-04T10:41:06.303038,DEBIT,3112.79,HIGH,0.85
2026-02-04T10:41:08.568602,DEBIT,2210.19,LOW,0.0
2026-02-04T10:41:10.780336,TRANSFER,2402.49,MEDIUM,0.78
2026-02-04T10:41:12.985859,PAYMENT,7464.67,MEDIUM,0.71
2026-02-04T10:41:15.180273,TRANSFER,7631.72,MEDIUM,0.75
2026-02-04T10:41:17.415944,TRANSFER,4637.68,MEDIUM,0.7
2026-02-04T10:41:19.606325,TRANSFER,5899.79,MEDIUM,0.73
2026-02-04T10:41:21.811739,DEBIT,8297.79,LOW,0.0
2026-02-04T10:41:24.039325,DEBIT,3975.4,MEDIUM,0.8
2026-02-04T10:41:26.253850,PAYMENT,7146.99,MEDIUM,0.71
2026-02-04T10:41:28.502009,CASH_IN,6022.36,LOW,0.0
2026-02-04T10:41:30.692451,PAYMENT,1173.86,MEDIUM,0.66
2026-02-04T10:41:32.906531,CASH_IN,4061.66,MEDIUM,0.77
2026-02-04T10:41:35.169975,PAYMENT,9242.84,MEDIUM,0.71
2026-02-04T10:41:37.370951,TRANSFER,5852.36,MEDIUM,0.73
2026-02-04T10:41:39.603021,CASH_IN,6152.75,MEDIUM,0.62
2026-02-04T10:41:41.828918,TRANSFER,9633.45,MEDIUM,0.77
2026-02-04T10:41:44.044884,CASH_IN,7705.7,HIGH,0.81
2026-02-04T10:41:46.248193,CASH_OUT,5338.56,LOW,0.02
2026-02-04T10:41:48.491706,CASH_OUT,3298.05,MEDIUM,0.67
2026-02-04T10:41:50.727994,PAYMENT,9925.48,LOW,0.0
2026-02-04T10:41:52.982633,PAYMENT,1556.23,MEDIUM,0.67
2026-02-04T10:41:55.231647,CASH_OUT,8677.72,MEDIUM,0.72
2026-02-04T10:41:57.505277,CASH_OUT,7017.34,MEDIUM,0.75
2026-02-04T10:41:59.784914,DEBIT,9440.9,LOW,0.0
2026-02-04T10:42:02.005023,CASH_IN,7849.98,MEDIUM,0.66
2026-02-04T10:42:04.213739,CASH_IN,1690.97,HIGH,0.81
2026-02-04T10:42:06.471486,CASH_OUT,9356.24,MEDIUM,0.72
2026-02-04T10:42:08.684709,DEBIT,1903.53,MEDIUM,0.74
2026-02-04T10:42:10.898877,DEBIT,1136.65,LOW,0.0
2026-02-04T10:42:13.154840,CASH_OUT,4140.63,MEDIUM,0.74
2026-02-04T10:42:15.336626,CASH_OUT,9470.05,MEDIUM,0.75
2026-02-04T10:42:17.532531,CASH_IN,1597.0,LOW,0.0
2026-02-04T10:42:19.741634,CASH_IN,3391.48,LOW,0.0
2026-02-04T10:42:21.938742,PAYMENT,2980.07,MEDIUM,0.49
2026-02-04T10:42:24.177254,CASH_IN,1007.38,LOW,0.07
2026-02-04T10:42:26.384786,CASH_IN,7513.92,MEDIUM,0.7
2026-02-04T10:42:28.557783,PAYMENT,7913.27,LOW,0.0
2026-02-04T10:42:30.760183,CASH_IN,8373.13,MEDIUM,0.73
2026-02-04T10:42:32.990512,DEBIT,1333.25,MEDIUM,0.77
2026-02-04T10:42:35.210861,TRANSFER,3729.26,MEDIUM,0.66
2026-02-04T10:42:37.447805,DEBIT,8178.66,MEDIUM,0.79
2026-02-04T10:42:39.620649,TRANSFER,1514.7,MEDIUM,0.78
2026-02-04T10:42:41.899071,DEBIT,3026.17,MEDIUM,0.74
2026-02-04T10:42:44.098044,DEBIT,765.39,LOW,0.0
2026-02-04T10:42:46.343863,CASH_OUT,4249.69,LOW,0.05
2026-02-04T10:42:48.561133,TRANSFER,2440.98,MEDIUM,0.78
2026-02-04T10:42:50.752366,TRANSFER,585.92,MEDIUM,0.75
2026-02-04T10:42:53.021606,DEBIT,7903.33,MEDIUM,0.8
2026-02-04T10:42:55.277306,CASH_OUT,2277.66,HIGH,0.85
2026-02-04T10:42:57.532598,CASH_IN,4411.85,MEDIUM,0.66
2026-02-04T10:42:59.762031,CASH_OUT,9695.97,MEDIUM,0.73
2026-02-04T10:43:01.994375,PAYMENT,3410.71,LOW,0.0
2026-02-04T10:43:04.228755,TRANSFER,1504.65,MEDIUM,0.78
2026-02-04T10:43:06.513617,PAYMENT,8102.25,MEDIUM,0.62
2026-02-04T10:43:08.731124,CASH_IN,6130.2,HIGH,0.81
2026-02-04T10:43:10.926472,CASH_OUT,6720.56,MEDIUM,0.72
2026-02-04T10:43:13.174698,DEBIT,6205.79,LOW,0.0
2026-02-04T10:43:15.398420,CASH_IN,1449.56,MEDIUM,0.75
2026-02-04T10:43:17.620498,CASH_OUT,8465.93,HIGH,0.84
2026-02-04T10:43:19.860683,PAYMENT,4066.52,MEDIUM,0.66
2026-02-04T10:43:22.078049,PAYMENT,6091.35,MEDIUM,0.58
2026-02-04T10:43:24.290963,DEBIT,8581.07,MEDIUM,0.74
2026-02-04T10:43:26.509537,TRANSFER,9672.89,MEDIUM,0.79
2026-02-04T10:43:28.747130,CASH_IN,8699.58,MEDIUM,0.67
2026-02-04T10:43:30.946794,TRANSFER,8757.83,LOW,0.0
2026-02-04T10:43:33.206226,CASH_OUT,6741.68,MEDIUM,0.75
2026-02-04T10:43:35.463426,CASH_OUT,6571.46,HIGH,0.81
2026-02-04T10:43:37.744498,CASH_OUT,1463.66,MEDIUM,0.77
2026-02-04T10:43:39.993619,PAYMENT,8185.9,MEDIUM,0.59
2026-02-04T10:43:42.252390,PAYMENT,709.7,LOW,0.02
2026-02-04T10:43:44.564753,CASH_IN,9678.79,MEDIUM,0.69
2026-02-04T10:43:47.119534,PAYMENT,2275.32,MEDIUM,0.61
2026-02-04T10:43:49.520724,DEBIT,5369.11,MEDIUM,0.79
2026-02-04T10:43:51.857931,CASH_IN,6078.55,MEDIUM,0.67
2026-02-04T10:43:54.228205,TRANSFER,9245.93,MEDIUM,0.72
2026-02-04T10:43:56.594935,TRANSFER,2649.96,LOW,0.02
2026-02-04T10:43:58.923119,TRANSFER,7233.47,LOW,0.01
2026-02-04T10:44:01.246139,TRANSFER,6774.8,LOW,0.09
2026-02-04T10:44:03.654809,DEBIT,4264.12,LOW,0.0
2026-02-04T10:44:06.129527,TRANSFER,5225.14,HIGH,0.81
2026-02-04T10:44:08.370441,TRANSFER,7908.52,MEDIUM,0.79
2026-02-04T10:44:10.629256,PAYMENT,3784.67,LOW,0.0
2026-02-04T10:44:12.893759,DEBIT,313.94,HIGH,0.85
2026-02-04T10:44:15.155540,CASH_OUT,8437.77,HIGH,0.86
2026-02-04T10:44:17.333860,CASH_OUT,8250.66,HIGH,0.87
2026-02-04T10:44:19.540236,CASH_IN,4775.79,MEDIUM,0.73
2026-02-04T10:44:21.757631,CASH_OUT,3073.91,LOW,0.02
2026-02-04T10:44:23.919556,CASH_OUT,1484.52,HIGH,0.84
2026-02-04T10:44:26.150861,PAYMENT,8753.85,MEDIUM,0.71
2026-02-04T10:44:28.402767,CASH_IN,6956.09,LOW,0.01
2026-02-04T10:44:30.622201,TRANSFER,701.7,LOW,0.1
2026-02-04T10:44:32.852697,TRANSFER,5973.38,MEDIUM,0.73
2026-02-04T10:44:35.066092,TRANSFER,7148.99,HIGH,0.9
2026-02-04T10:44:37.278783,DEBIT,6675.73,HIGH,0.84
2026-02-04T10:44:39.455938,CASH_IN,8159.66,MEDIUM,0.72
2026-02-04T10:44:41.626494,PAYMENT,8066.04,LOW,0.0
2026-02-04T10:44:43.818098,DEBIT,3372.58,MEDIUM,0.7
2026-02-04T10:44:45.998976,CASH_OUT,9161.27,HIGH,0.84
2026-02-04T10:44:48.385794,CASH_OUT,596.65,LOW,0.01
2026-02-04T10:44:50.727352,PAYMENT,6673.0,LOW,0.0
2026-02-04T10:44:53.076678,PAYMENT,6607.67,MEDIUM,0.54
2026-02-04T10:44:55.468929,CASH_IN,3878.48,MEDIUM,0.79
2026-02-04T10:44:57.787192,CASH_OUT,6621.15,MEDIUM,0.75
2026-02-04T10:45:00.078586,TRANSFER,8139.5,MEDIUM,0.77
2026-02-04T10:45:02.365182,CASH_IN,9660.84,MEDIUM,0.66
2026-02-04T10:45:04.630683,CASH_IN,3449.98,MEDIUM,0.75
2026-02-04T10:45:06.887907,CASH_OUT,7065.06,MEDIUM,0.73
2026-02-04T10:45:09.199846,CASH_OUT,8123.39,LOW,0.01
2026-02-04T10:45:11.470665,CASH_OUT,7086.19,HIGH,0.87
2026-02-04T10:45:13.820716,CASH_IN,4488.0,MEDIUM,0.69
2026-02-04T10:45:16.126369,CASH_OUT,2761.71,LOW,0.07
2026-02-04T10:45:18.455559,DEBIT,2902.92,HIGH,0.85
2026-02-04T10:45:20.724540,TRANSFER,5088.18,MEDIUM,0.73
2026-02-04T10:45:23.017336,PAYMENT,6821.34,LOW,0.02
2026-02-04T10:45:25.311041,PAYMENT,4773.74,MEDIUM,0.67
2026-02-04T10:45:27.570844,PAYMENT,6077.33,LOW,0.01
2026-02-04T10:45:29.871577,CASH_OUT,1694.87,LOW,0.04
2026-02-04T10:45:32.151587,PAYMENT,3782.52,LOW,0.02
2026-02-04T10:45:34.460837,CASH_OUT,6391.14,HIGH,0.86
2026-02-04T10:45:36.737349,TRANSFER,8080.36,HIGH,0.9
2026-02-04T10:45:39.095844,PAYMENT,5775.51,LOW,0.0
2026-02-04T10:45:41.383762,TRANSFER,8971.67,MEDIUM,0.79
2026-02-04T10:45:43.652948,CASH_IN,7669.8,MEDIUM,0.66
2026-02-04T10:45:45.944438,PAYMENT,114.42,MEDIUM,0.67
2026-02-04T10:45:48.308448,CASH_OUT,8035.22,MEDIUM,0.74
2026-02-04T10:45:50.605373,PAYMENT,3589.89,MEDIUM,0.58
2026-02-04T10:45:52.868586,TRANSFER,5526.76,LOW,0.0
2026-02-04T10:45:55.144118,CASH_OUT,1935.13,LOW,0.01
2026-02-04T10:45:57.458315,DEBIT,8005.2,LOW,0.0
2026-02-04T10:45:59.741638,CASH_OUT,1302.3,HIGH,0.83
2026-02-04T10:46:02.032380,DEBIT,2343.46,MEDIUM,0.73
2026-02-04T10:46:04.368902,DEBIT,1061.39,LOW,0.0
2026-02-04T10:46:06.641619,CASH_IN,6760.66,LOW,0.0
2026-02-04T10:46:08.900290,DEBIT,1069.25,MEDIUM,0.75
2026-02-04T10:46:11.192846,DEBIT,5575.66,LOW,0.0
2026-02-04T10:46:13.486710,DEBIT,3033.48,LOW,0.0
2026-02-04T10:46:15.774229,DEBIT,6739.6,MEDIUM,0.7
2026-02-04T10:46:18.118194,CASH_IN,3160.39,MEDIUM,0.67
2026-02-04T10:46:20.417498,PAYMENT,5302.74,MEDIUM,0.59
2026-02-04T10:46:22.710105,TRANSFER,7365.88,MEDIUM,0.78
2026-02-04T10:46:25.010726,CASH_OUT,5210.07,HIGH,0.86
2026-02-04T10:46:27.339053,TRANSFER,9633.39,LOW,0.01
2026-02-04T10:46:29.663043,PAYMENT,469.72,MEDIUM,0.62
2026-02-04T10:46:31.993318,PAYMENT,7206.65,LOW,0.0
2026-02-04T10:46:34.285992,CASH_IN,9950.64,MEDIUM,0.66
2026-02-04T10:46:36.649069,TRANSFER,2242.35,LOW,0.07
2026-02-04T10:46:38.991023,CASH_OUT,4243.95,HIGH,0.86
2026-02-04T10:46:41.303559,DEBIT,4986.63,LOW,0.0
2026-02-04T10:46:43.618877,TRANSFER,3619.99,LOW,0.01
2026-02-04T10:46:45.934359,DEBIT,1470.84,MEDIUM,0.76
2026-02-04T10:46:48.204914,DEBIT,4052.06,LOW,0.04
2026-02-04T10:46:50.508945,CASH_IN,6083.85,LOW,0.0
2026-02-04T10:46:52.819682,DEBIT,2601.26,MEDIUM,0.71
2026-02-04T10:46:55.130218,TRANSFER,3459.37,HIGH,0.9
2026-02-04T10:46:57.491700,CASH_OUT,1447.3,HIGH,0.84
2026-02-04T10:46:59.802411,PAYMENT,5120.94,LOW,0.0
2026-02-04T10:47:02.113278,CASH_IN,5192.14,LOW,0.08
2026-02-04T10:47:04.381833,CASH_OUT,138.27,HIGH,0.84
2026-02-04T10:47:06.554390,CASH_OUT,8186.97,MEDIUM,0.72
2026-02-04T10:47:08.798360,TRANSFER,6503.86,MEDIUM,0.7
2026-02-04T10:47:11.076326,CASH_IN,7998.12,MEDIUM,0.67
2026-02-04T10:47:13.272185,PAYMENT,874.22,LOW,0.01
2026-02-04T10:47:15.538147,CASH_OUT,7001.78,HIGH,0.84
2026-02-04T10:47:17.865079,DEBIT,3795.59,LOW,0.0
2026-02-04T10:47:20.169989,DEBIT,8990.57,MEDIUM,0.75
2026-02-04T10:47:22.524191,TRANSFER,8417.94,HIGH,0.82
2026-02-04T10:47:24.855635,CASH_IN,9549.14,LOW,0.0
2026-02-04T10:47:27.128476,DEBIT,7642.75,MEDIUM,0.79
2026-02-04T10:47:29.367414,CASH_IN,9583.39,MEDIUM,0.62
2026-02-04T10:47:31.654938,CASH_IN,8159.58,MEDIUM,0.79
2026-02-04T10:47:33.877226,PAYMENT,8000.5,MEDIUM,0.62
2026-02-04T10:47:36.130351,DEBIT,7944.65,MEDIUM,0.71
2026-02-04T10:47:38.381034,TRANSFER,9621.83,HIGH,0.9
2026-02-04T10:47:40.654794,TRANSFER,5479.41,LOW,0.01
2026-02-04T10:47:42.906151,CASH_OUT,1319.46,LOW,0.09
2026-02-04T10:47:45.164562,DEBIT,3220.34,LOW,0.03
2026-02-04T10:47:47.404090,DEBIT,1568.77,MEDIUM,0.66
2026-02-04T10:47:49.663966,CASH_IN,5077.4,MEDIUM,0.69
2026-02-04T10:47:51.947324,CASH_OUT,2301.96,MEDIUM,0.75
2026-02-04T10:47:54.173817,TRANSFER,1935.71,MEDIUM,0.65
2026-02-04T10:47:56.363311,DEBIT,2772.66,MEDIUM,0.76
2026-02-04T10:47:58.577775,CASH_IN,8149.6,MEDIUM,0.79
2026-02-04T10:48:00.853944,TRANSFER,1798.37,LOW,0.01
2026-02-04T10:48:03.135489,TRANSFER,7749.7,MEDIUM,0.79
2026-02-04T10:48:05.374608,TRANSFER,3145.49,LOW,0.01
2026-02-04T10:48:07.604591,CASH_OUT,6101.77,MEDIUM,0.75
2026-02-04T10:48:09.876131,CASH_IN,1424.49,MEDIUM,0.76
2026-02-04T10:48:12.135852,CASH_IN,6146.86,MEDIUM,0.75
2026-02-04T10:48:14.379507,PAYMENT,4670.99,MEDIUM,0.67
2026-02-04T10:48:16.638940,TRANSFER,823.16,HIGH,0.81
2026-02-04T10:48:18.848619,TRANSFER,8375.76,HIGH,0.87
2026-02-04T10:48:21.055823,PAYMENT,1257.69,MEDIUM,0.67
2026-02-04T10:48:23.341071,DEBIT,820.99,MEDIUM,0.79
2026-02-04T10:48:25.580292,CASH_OUT,7705.27,LOW,0.01
2026-02-04T10:48:27.804401,PAYMENT,2240.92,LOW,0.0
2026-02-04T10:48:30.023028,DEBIT,4814.91,HIGH,0.85
2026-02-04T10:48:32.261556,TRANSFER,1224.91,HIGH,0.9
2026-02-04T10:48:34.467079,CASH_OUT,7549.84,MEDIUM,0.74
2026-02-04T10:48:36.696782,DEBIT,3470.12,MEDIUM,0.7
2026-02-04T10:48:38.952309,DEBIT,1180.06,LOW,0.03
2026-02-04T10:48:41.202567,DEBIT,5910.71,MEDIUM,0.73
2026-02-04T10:48:43.479908,TRANSFER,9279.24,HIGH,0.9
2026-02-04T10:48:45.662351,PAYMENT,3878.13,MEDIUM,0.7
2026-02-04T10:48:47.931603,PAYMENT,1938.18,LOW,0.0
2026-02-04T10:48:50.226413,CASH_OUT,6517.23,HIGH,0.81
2026-02-04T10:48:52.499368,PAYMENT,3549.53,MEDIUM,0.62
2026-02-04T10:48:54.790979,PAYMENT,4762.18,MEDIUM,0.58
2026-02-04T10:48:57.040439,PAYMENT,3180.79,MEDIUM,0.61
2026-02-04T10:48:59.295997,PAYMENT,9727.16,MEDIUM,0.71
2026-02-04T10:49:01.549687,CASH_OUT,2109.98,HIGH,0.81
2026-02-04T10:49:03.775528,CASH_IN,147.97,MEDIUM,0.73
2026-02-04T10:49:06.003720,CASH_IN,6039.96,MEDIUM,0.62
2026-02-04T10:49:08.256945,CASH_IN,5611.43,MEDIUM,0.78
2026-02-04T10:49:10.497986,DEBIT,5768.08,MEDIUM,0.71
2026-02-04T10:49:12.724360,TRANSFER,5745.5,MEDIUM,0.79
2026-02-04T10:49:14.958779,DEBIT,8156.56,MEDIUM,0.76
2026-02-04T10:49:17.278238,PAYMENT,5674.81,MEDIUM,0.62
2026-02-04T10:49:19.499426,DEBIT,6164.63,LOW,0.0
2026-02-04T10:49:21.726046,TRANSFER,7406.83,HIGH,0.84
2026-02-04T10:49:23.933285,CASH_OUT,423.6,HIGH,0.85
2026-02-04T10:49:26.165199,PAYMENT,5405.79,MEDIUM,0.67
2026-02-04T10:49:28.372456,PAYMENT,6178.22,MEDIUM,0.61
2026-02-04T10:49:30.645151,CASH_OUT,1302.22,MEDIUM,0.74
2026-02-04T10:49:32.899726,TRANSFER,1075.1,LOW,0.0
2026-02-04T10:49:35.190045,CASH_OUT,8523.58,HIGH,0.86
2026-02-04T10:49:37.431757,TRANSFER,8597.52,LOW,0.01
2026-02-04T10:49:39.679565,TRANSFER,8799.66,LOW,0.01
2026-02-04T10:49:41.956705,PAYMENT,1683.35,MEDIUM,0.64
2026-02-04T10:49:44.247219,TRANSFER,2190.61,MEDIUM,0.73
2026-02-04T10:49:46.482762,CASH_OUT,1912.19,HIGH,0.84
2026-02-04T10:49:48.720167,CASH_OUT,470.98,LOW,0.06
2026-02-04T10:49:50.996226,DEBIT,5937.92,MEDIUM,0.7
2026-02-04T10:49:53.262508,PAYMENT,8728.53,MEDIUM,0.67
2026-02-04T10:49:55.511935,TRANSFER,4909.08,MEDIUM,0.69
2026-02-04T10:49:57.785459,CASH_IN,1028.93,HIGH,0.81
2026-02-04T10:50:00.066859,PAYMENT,3392.84,MEDIUM,0.54
2026-02-04T10:50:02.307640,TRANSFER,5010.81,MEDIUM,0.73
2026-02-04T10:50:04.510682,DEBIT,8777.99,MEDIUM,0.74
2026-02-04T10:50:06.791215,CASH_OUT,5350.94,MEDIUM,0.68
2026-02-04T10:50:09.034225,PAYMENT,4861.21,MEDIUM,0.62
2026-02-04T10:50:11.273777,TRANSFER,8869.81,HIGH,0.9
2026-02-04T10:50:13.544929,TRANSFER,6387.47,LOW,0.03
2026-02-04T10:50:15.739116,TRANSFER,8798.85,HIGH,0.9
2026-02-04T10:50:18.084847,CASH_OUT,5211.22,MEDIUM,0.63
2026-02-04T10:50:20.369040,PAYMENT,1312.49,MEDIUM,0.71
2026-02-04T10:50:22.594085,CASH_IN,559.38,MEDIUM,0.69
2026-02-04T10:50:24.831179,TRANSFER,6520.94,LOW,0.01
2026-02-04T10:50:27.065469,CASH_IN,8835.36,HIGH,0.81
2026-02-04T10:50:29.361774,PAYMENT,1580.99,MEDIUM,0.62
2026-02-04T10:50:31.626772,DEBIT,3496.46,MEDIUM,0.8
2026-02-04T10:50:33.842961,CASH_IN,320.7,MEDIUM,0.67
2026-02-04T10:50:36.043879,DEBIT,5977.03,MEDIUM,0.73
2026-02-04T10:50:38.250572,CASH_IN,8738.22,MEDIUM,0.79
2026-02-04T10:50:40.533984,PAYMENT,9926.55,MEDIUM,0.62
2026-02-04T10:50:42.796914,CASH_IN,8550.5,MEDIUM,0.75
2026-02-04T10:50:45.067633,PAYMENT,9425.41,MEDIUM,0.71
2026-02-04T10:50:47.275211,DEBIT,782.45,LOW,0.0
2026-02-04T10:50:49.507859,CASH_IN,2435.09,LOW,0.03
2026-02-04T10:50:51.789567,CASH_IN,2560.6,LOW,0.0
2026-02-04T10:50:54.041754,DEBIT,6074.48,MEDIUM,0.79
2026-02-04T10:50:56.293593,DEBIT,9121.23,MEDIUM,0.71
2026-02-04T10:50:58.560462,CASH_OUT,6124.17,HIGH,0.88
2026-02-04T10:51:00.810302,PAYMENT,1542.75,MEDIUM,0.67
2026-02-04T10:51:03.049585,TRANSFER,6890.66,MEDIUM,0.78
2026-02-04T10:51:05.312756,PAYMENT,3958.61,LOW,0.0
2026-02-04T10:51:07.534307,DEBIT,6645.63,HIGH,0.84
2026-02-04T10:51:09.809636,DEBIT,4099.97,LOW,0.0
2026-02-04T10:51:12.062600,DEBIT,4535.82,LOW,0.0
2026-02-04T10:51:14.303558,CASH_OUT,702.82,MEDIUM,0.68
2026-02-04T10:51:16.542156,CASH_OUT,740.34,MEDIUM,0.67
2026-02-04T10:51:18.741236,TRANSFER,3309.15,HIGH,0.9
2026-02-04T10:51:20.941838,PAYMENT,9762.27,LOW,0.0
2026-02-04T10:51:23.191753,TRANSFER,1121.25,MEDIUM,0.68
2026-02-04T10:51:25.458994,TRANSFER,8958.43,MEDIUM,0.67
2026-02-04T10:51:27.716004,DEBIT,1902.49,MEDIUM,0.73
2026-02-04T10:51:29.894374,CASH_IN,3057.93,MEDIUM,0.67
2026-02-04T10:51:32.094535,PAYMENT,6410.01,LOW,0.0
2026-02-04T10:51:34.343986,CASH_OUT,6477.94,MEDIUM,0.72
2026-02-04T10:51:36.596806,CASH_IN,3829.38,MEDIUM,0.68
2026-02-04T10:51:38.830347,PAYMENT,7497.57,LOW,0.0
2026-02-04T10:51:41.056443,TRANSFER,797.96,MEDIUM,0.74
2026-02-04T10:51:43.315809,CASH_OUT,1918.81,MEDIUM,0.75
2026-02-04T10:51:45.521156,CASH_OUT,2520.41,MEDIUM,0.76
2026-02-04T10:51:47.793729,TRANSFER,4907.05,LOW,0.01
2026-02-04T10:51:50.048314,CASH_IN,59.32,HIGH,0.81
2026-02-04T10:51:52.261308,CASH_IN,990.86,LOW,0.07
2026-02-04T10:51:54.490768,CASH_OUT,8497.67,HIGH,0.82
2026-02-04T10:51:56.737361,DEBIT,2510.71,MEDIUM,0.8
2026-02-04T10:51:58.982068,TRANSFER,772.89,HIGH,0.82
2026-02-04T10:52:01.231831,TRANSFER,9617.74,HIGH,0.85
2026-02-04T10:52:03.464771,DEBIT,3838.59,MEDIUM,0.7
2026-02-04T10:52:05.669996,PAYMENT,3454.79,MEDIUM,0.5
2026-02-04T10:52:07.909855,CASH_IN,7874.36,LOW,0.0
2026-02-04T10:52:10.128904,CASH_IN,5757.27,MEDIUM,0.67
2026-02-04T10:52:12.359586,DEBIT,438.79,MEDIUM,0.71
2026-02-04T10:52:14.621316,CASH_IN,3883.8,MEDIUM,0.69
2026-02-04T10:52:16.862484,CASH_IN,3856.78,MEDIUM,0.75
2026-02-04T10:52:19.093801,TRANSFER,4731.48,MEDIUM,0.73
2026-02-04T10:52:21.323266,PAYMENT,3839.05,MEDIUM,0.59
2026-02-04T10:52:23.513030,DEBIT,5972.29,LOW,0.0
2026-02-04T10:52:25.746946,TRANSFER,7897.71,HIGH,0.82
2026-02-04T10:52:27.973799,PAYMENT,9593.78,MEDIUM,0.61
2026-02-04T10:52:30.154619,PAYMENT,5295.95,MEDIUM,0.59
2026-02-04T10:52:32.350801,CASH_OUT,3045.25,MEDIUM,0.69
2026-02-04T10:52:34.519102,DEBIT,8995.63,HIGH,0.85
2026-02-04T10:52:36.775190,TRANSFER,8246.47,HIGH,0.9
2026-02-04T10:52:39.000011,TRANSFER,4486.66,HIGH,0.83
2026-02-04T10:52:41.270716,PAYMENT,6564.41,LOW,0.0
2026-02-04T10:52:43.531782,TRANSFER,3306.88,MEDIUM,0.76
2026-02-04T10:52:45.699387,PAYMENT,879.76,MEDIUM,0.62
2026-02-04T10:52:47.947616,CASH_IN,1795.59,LOW,0.0
2026-02-04T10:52:50.148692,DEBIT,6972.66,MEDIUM,0.71
2026-02-04T10:52:52.355957,CASH_OUT,1817.21,LOW,0.06
2026-02-04T10:52:54.599504,CASH_OUT,2119.79,LOW,0.05
2026-02-04T10:52:56.825181,TRANSFER,5598.24,MEDIUM,0.78
2026-02-04T10:52:59.053453,CASH_OUT,4698.39,LOW,0.04
2026-02-04T10:53:01.253974,PAYMENT,8370.94,MEDIUM,0.62
2026-02-04T10:53:03.496380,CASH_OUT,3293.78,MEDIUM,0.76
2026-02-04T10:53:05.693643,TRANSFER,9552.29,MEDIUM,0.73
2026-02-04T10:53:07.877879,TRANSFER,9890.07,MEDIUM,0.75
2026-02-04T10:53:10.178496,TRANSFER,1243.08,HIGH,0.84
2026-02-04T10:53:12.393106,CASH_IN,4495.6,LOW,0.03
2026-02-04T10:53:14.652694,CASH_OUT,2947.4,HIGH,0.84
2026-02-04T10:53:16.869612,DEBIT,2235.92,LOW,0.0
2026-02-04T10:53:19.069992,CASH_IN,1121.14,MEDIUM,0.62
2026-02-04T10:53:21.300900,PAYMENT,5490.49,MEDIUM,0.71
2026-02-04T10:53:23.507229,DEBIT,5417.99,MEDIUM,0.66
2026-02-04T10:53:25.751324,CASH_OUT,583.06,HIGH,0.84
2026-02-04T10:53:27.977025,CASH_IN,5456.69,MEDIUM,0.64
2026-02-04T10:53:30.240946,CASH_OUT,2837.91,MEDIUM,0.79
2026-02-04T10:53:32.465398,DEBIT,342.15,LOW,0.0
2026-02-04T10:53:34.683009,CASH_OUT,6918.93,MEDIUM,0.72
2026-02-04T10:53:36.937770,TRANSFER,1621.0,MEDIUM,0.75
2026-02-04T10:53:39.127411,PAYMENT,840.87,LOW,0.0
2026-02-04T10:53:41.303728,CASH_OUT,8944.2,MEDIUM,0.75
2026-02-04T10:53:43.532462,PAYMENT,9638.84,MEDIUM,0.71
2026-02-04T10:53:45.784260,PAYMENT,4792.63,MEDIUM,0.62
2026-02-04T10:53:47.973709,CASH_IN,8600.53,HIGH,0.81
2026-02-04T10:53:50.155419,CASH_OUT,2698.2,LOW,0.19
2026-02-04T10:53:52.318977,DEBIT,5313.03,MEDIUM,0.76
2026-02-04T10:53:54.484120,CASH_IN,1895.49,MEDIUM,0.73
2026-02-04T10:53:56.663500,DEBIT,5977.94,LOW,0.0
2026-02-04T10:53:58.875243,CASH_IN,8213.71,MEDIUM,0.75
2026-02-04T10:54:01.100860,CASH_OUT,1486.52,HIGH,0.87
2026-02-04T10:54:03.296717,PAYMENT,7498.42,LOW,0.0
2026-02-04T10:54:05.482831,CASH_OUT,3204.83,LOW,0.04
2026-02-04T10:54:07.701590,CASH_OUT,5087.83,HIGH,0.86
2026-02-04T10:54:09.947767,DEBIT,3522.99,MEDIUM,0.72
2026-02-04T10:54:12.139754,CASH_IN,5180.69,HIGH,0.81
2026-02-04T10:54:14.358778,CASH_IN,8873.66,MEDIUM,0.76
2026-02-04T10:54:16.590371,CASH_OUT,623.88,LOW,0.02
2026-02-04T10:54:18.763477,DEBIT,6335.14,MEDIUM,0.72
2026-02-04T10:54:20.983942,DEBIT,1524.22,MEDIUM,0.8
2026-02-04T10:54:23.222213,CASH_IN,7678.78,MEDIUM,0.68
2026-02-04T10:54:25.450417,CASH_IN,7391.64,MEDIUM,0.65
2026-02-04T10:54:27.722119,PAYMENT,2186.88,MEDIUM,0.6
2026-02-04T10:54:29.903945,CASH_IN,7405.84,MEDIUM,0.67
2026-02-04T10:54:32.093164,TRANSFER,6908.73,MEDIUM,0.78
2026-02-04T10:54:34.324323,PAYMENT,1233.86,MEDIUM,0.59
2026-02-04T10:54:36.501963,CASH_OUT,9477.77,MEDIUM,0.72
2026-02-04T10:54:38.713639,DEBIT,1397.48,MEDIUM,0.77
2026-02-04T10:54:40.970183,TRANSFER,737.9,MEDIUM,0.77
2026-02-04T10:54:43.193163,PAYMENT,9013.0,MEDIUM,0.54
2026-02-04T10:54:45.432482,DEBIT,761.89,MEDIUM,0.76
2026-02-04T10:54:47.631584,CASH_IN,2370.64,LOW,0.04
2026-02-04T10:54:49.849466,CASH_OUT,8971.19,MEDIUM,0.7
2026-02-04T10:54:52.073308,CASH_OUT,9514.58,HIGH,0.87
2026-02-04T10:54:54.291778,CASH_OUT,1717.2,MEDIUM,0.67
2026-02-04T10:54:56.549483,TRANSFER,7141.72,MEDIUM,0.8
2026-02-04T10:54:58.719598,PAYMENT,3260.91,MEDIUM,0.62
2026-02-04T10:55:00.969786,CASH_IN,4876.02,MEDIUM,0.62
2026-02-04T10:55:03.225903,PAYMENT,1843.11,MEDIUM,0.61
2026-02-04T10:55:05.448594,DEBIT,2252.73,MEDIUM,0.76
2026-02-04T10:55:07.628516,DEBIT,3979.29,MEDIUM,0.7
2026-02-04T10:55:09.818125,CASH_OUT,3985.15,LOW,0.0
2026-02-04T10:55:12.053803,TRANSFER,8439.86,MEDIUM,0.78
2026-02-04T10:55:14.233254,TRANSFER,2209.71,MEDIUM,0.8
2026-02-04T10:55:16.428415,CASH_IN,5870.78,HIGH,0.81
2026-02-04T10:55:18.631511,CASH_OUT,321.21,HIGH,0.85
2026-02-04T10:55:20.814011,PAYMENT,1991.65,MEDIUM,0.6
2026-02-04T10:55:22.991377,CASH_OUT,731.55,HIGH,0.86
2026-02-04T10:55:25.199898,CASH_OUT,8262.13,MEDIUM,0.73
2026-02-04T10:55:27.443321,TRANSFER,8007.85,LOW,0.0
2026-02-04T10:55:29.701660,DEBIT,2477.72,LOW,0.03
2026-02-04T10:55:31.954172,DEBIT,428.42,LOW,0.03
2026-02-04T10:55:34.171643,TRANSFER,8336.61,MEDIUM,0.73
2026-02-04T10:55:36.395656,CASH_IN,4682.83,MEDIUM,0.69
2026-02-04T10:55:38.626274,PAYMENT,7646.35,MEDIUM,0.62
2026-02-04T10:55:40.815082,DEBIT,3859.66,MEDIUM,0.73
2026-02-04T10:55:43.014637,TRANSFER,7950.04,HIGH,0.9
2026-02-04T10:55:45.227178,DEBIT,5697.07,MEDIUM,0.8
2026-02-04T10:55:47.441690,CASH_OUT,2049.8,MEDIUM,0.79
2026-02-04T10:55:49.649226,DEBIT,3642.76,LOW,0.05
2026-02-04T10:55:51.848483,CASH_IN,719.86,MEDIUM,0.73
2026-02-04T10:55:54.059586,TRANSFER,3370.34,LOW,0.0
2026-02-04T10:55:56.272629,PAYMENT,116.92,MEDIUM,0.6
2026-02-04T10:55:58.505006,PAYMENT,4654.25,MEDIUM,0.6
2026-02-04T10:56:00.762723,TRANSFER,299.63,HIGH,0.81
2026-02-04T10:56:02.938441,PAYMENT,4599.01,MEDIUM,0.5
2026-02-04T10:56:05.145128,DEBIT,4188.31,LOW,0.0
2026-02-04T10:56:07.328706,PAYMENT,7125.25,MEDIUM,0.62
2026-02-04T10:56:09.551404,PAYMENT,822.86,MEDIUM,0.7
2026-02-04T10:56:11.821073,TRANSFER,5533.43,MEDIUM,0.78
2026-02-04T10:56:14.099789,PAYMENT,5511.44,MEDIUM,0.62
2026-02-04T10:56:16.282257,DEBIT,5892.95,LOW,0.0
2026-02-04T10:56:18.486863,DEBIT,9342.31,LOW,0.0
2026-02-04T10:56:20.714082,TRANSFER,8911.87,MEDIUM,0.79
2026-02-04T10:56:22.897291,TRANSFER,5142.76,HIGH,0.81
2026-02-04T10:56:25.090369,TRANSFER,684.17,HIGH,0.82
2026-02-04T10:56:27.321965,CASH_OUT,8766.51,HIGH,0.84
2026-02-04T10:56:29.562685,PAYMENT,1525.4,MEDIUM,0.63
2026-02-04T10:56:31.768321,CASH_OUT,1874.43,HIGH,0.81
2026-02-04T10:56:34.012991,CASH_IN,1481.55,MEDIUM,0.7
2026-02-04T10:56:36.221101,DEBIT,8323.68,LOW,0.0
2026-02-04T10:56:38.408562,PAYMENT,9890.46,LOW,0.0
2026-02-04T10:56:40.669843,DEBIT,4843.53,MEDIUM,0.73
2026-02-04T10:56:42.857754,PAYMENT,4408.46,LOW,0.02
2026-02-04T10:56:45.111841,TRANSFER,5963.56,LOW,0.0
2026-02-04T10:56:47.308915,TRANSFER,6186.18,LOW,0.01
2026-02-04T10:56:49.529960,DEBIT,6464.55,LOW,0.0
2026-02-04T10:56:51.771248,CASH_OUT,8679.11,LOW,0.01
2026-02-04T10:56:53.968780,TRANSFER,2155.22,MEDIUM,0.78
2026-02-04T10:56:56.187282,TRANSFER,3669.94,HIGH,0.85
2026-02-04T10:56:58.403197,TRANSFER,522.57,MEDIUM,0.79
2026-02-04T10:57:00.613232,TRANSFER,8475.79,HIGH,0.9
2026-02-04T10:57:02.888783,CASH_IN,4757.46,MEDIUM,0.69
2026-02-04T10:57:05.100568,TRANSFER,4284.48,MEDIUM,0.78
2026-02-04T10:57:07.349144,TRANSFER,2922.86,MEDIUM,0.76
2026-02-04T10:57:09.598613,PAYMENT,3007.33,MEDIUM,0.71
2026-02-04T10:57:11.865244,PAYMENT,5854.72,LOW,0.0
2026-02-04T10:57:14.083866,DEBIT,4866.04,LOW,0.03
2026-02-04T10:57:16.310646,TRANSFER,6632.33,MEDIUM,0.78
2026-02-04T10:57:18.553096,CASH_IN,7090.03,MEDIUM,0.62
2026-02-04T10:57:20.755041,CASH_OUT,220.07,MEDIUM,0.78
2026-02-04T10:57:22.966210,DEBIT,9726.08,MEDIUM,0.72
2026-02-04T10:57:25.192737,TRANSFER,5118.15,MEDIUM,0.75
2026-02-04T10:57:27.438464,DEBIT,3157.21,LOW,0.0
2026-02-04T10:57:29.662783,DEBIT,5786.1,LOW,0.0
2026-02-04T10:57:31.826753,CASH_IN,1988.96,MEDIUM,0.72
2026-02-04T10:57:34.078381,CASH_OUT,9029.13,LOW,0.02
2026-02-04T10:57:36.295221,CASH_OUT,6319.68,MEDIUM,0.75
2026-02-04T10:57:38.516287,CASH_OUT,427.58,MEDIUM,0.75
2026-02-04T10:57:40.742518,CASH_IN,3310.6,MEDIUM,0.69
2026-02-04T10:57:42.953338,DEBIT,9637.35,LOW,0.0
2026-02-04T10:57:45.140581,PAYMENT,9593.49,MEDIUM,0.61
2026-02-04T10:57:47.370803,CASH_IN,7490.0,LOW,0.0
2026-02-04T10:57:49.584701,CASH_IN,7196.16,MEDIUM,0.79
2026-02-04T10:57:51.816261,CASH_IN,7270.87,LOW,0.0
2026-02-04T10:57:54.059267,TRANSFER,5472.26,HIGH,0.9
2026-02-04T10:57:56.270699,TRANSFER,4317.64,MEDIUM,0.74
2026-02-04T10:57:58.554130,PAYMENT,9297.93,MEDIUM,0.71
2026-02-04T10:58:00.755937,DEBIT,8006.74,LOW,0.0
2026-02-04T10:58:02.961146,CASH_IN,4746.98,HIGH,0.81
2026-02-04T10:58:05.198876,CASH_OUT,6396.51,LOW,0.02
2026-02-04T10:58:07.397967,PAYMENT,9784.72,MEDIUM,0.59
2026-02-04T10:58:09.618308,DEBIT,2774.0,MEDIUM,0.72
2026-02-04T10:58:11.834545,CASH_IN,2863.1,MEDIUM,0.75
2026-02-04T10:58:14.052231,DEBIT,970.17,MEDIUM,0.8
2026-02-04T10:58:16.331519,CASH_IN,8363.61,MEDIUM,0.76
2026-02-04T10:58:18.625048,CASH_IN,8685.74,MEDIUM,0.62
2026-02-04T10:58:20.910815,PAYMENT,8069.03,MEDIUM,0.54
2026-02-04T10:58:23.150023,PAYMENT,5869.14,LOW,0.0
2026-02-04T10:58:25.384647,DEBIT,2453.97,MEDIUM,0.73
2026-02-04T10:58:27.660382,DEBIT,2469.41,MEDIUM,0.71
2026-02-04T10:58:29.920579,CASH_OUT,8816.01,MEDIUM,0.75
2026-02-04T10:58:32.146561,PAYMENT,6049.31,LOW,0.0
2026-02-04T10:58:34.365608,CASH_IN,6662.72,LOW,0.0
2026-02-04T10:58:36.624488,PAYMENT,4739.5,MEDIUM,0.61
2026-02-04T10:58:38.887780,TRANSFER,2457.61,LOW,0.1
2026-02-04T10:58:41.132760,CASH_IN,5031.2,LOW,0.05
2026-02-04T10:58:43.306231,CASH_OUT,7819.73,MEDIUM,0.73
2026-02-04T10:58:45.572737,CASH_OUT,4354.31,MEDIUM,0.75
2026-02-04T10:58:47.826265,PAYMENT,4426.14,MEDIUM,0.71
2026-02-04T10:58:50.057402,TRANSFER,105.6,LOW,0.06
2026-02-04T10:58:52.282364,DEBIT,2682.04,LOW,0.0
2026-02-04T10:58:54.507350,TRANSFER,9111.27,MEDIUM,0.73
2026-02-04T10:58:56.738094,DEBIT,3807.17,MEDIUM,0.71
2026-02-04T10:58:58.904646,PAYMENT,1581.12,LOW,0.0
2026-02-04T10:59:01.107130,PAYMENT,8530.34,MEDIUM,0.71
2026-02-04T10:59:03.303080,PAYMENT,1926.62,MEDIUM,0.58
2026-02-04T10:59:05.544955,CASH_IN,8505.24,MEDIUM,0.68
2026-02-04T10:59:07.746745,CASH_OUT,6279.18,HIGH,0.84
2026-02-04T10:59:09.971578,DEBIT,587.55,MEDIUM,0.8
2026-02-04T10:59:12.239970,DEBIT,4562.64,LOW,0.0
2026-02-04T10:59:14.448842,CASH_OUT,4924.07,LOW,0.01
2026-02-04T10:59:16.670756,DEBIT,552.12,MEDIUM,0.72
2026-02-04T10:59:18.881334,CASH_IN,6277.98,LOW,0.0
2026-02-04T10:59:21.116985,TRANSFER,2981.8,LOW,0.04
2026-02-04T10:59:23.376367,CASH_IN,1033.18,MEDIUM,0.78
2026-02-04T10:59:25.601119,CASH_OUT,5101.11,LOW,0.01
2026-02-04T10:59:27.816322,DEBIT,6667.36,LOW,0.0
2026-02-04T10:59:29.997769,DEBIT,6987.32,MEDIUM,0.73
2026-02-04T10:59:32.240498,PAYMENT,3120.03,LOW,0.03
2026-02-04T10:59:34.472060,TRANSFER,9743.63,HIGH,0.9
2026-02-04T10:59:36.674153,DEBIT,9003.26,MEDIUM,0.7
2026-02-04T10:59:38.917032,DEBIT,8117.93,HIGH,0.84
2026-02-04T10:59:41.110495,PAYMENT,6796.45,LOW,0.0
2026-02-04T10:59:43.312568,DEBIT,1860.03,LOW,0.0
2026-02-04T10:59:45.551834,CASH_OUT,3635.9,LOW,0.03
2026-02-04T10:59:47.749035,CASH_IN,1530.88,LOW,0.0
2026-02-04T10:59:49.988920,TRANSFER,762.1,HIGH,0.81
2026-02-04T10:59:52.206193,TRANSFER,3111.6,MEDIUM,0.74
2026-02-04T10:59:54.398658,DEBIT,4626.02,MEDIUM,0.71
2026-02-04T10:59:56.628534,PAYMENT,6132.17,LOW,0.0
2026-02-04T10:59:58.871628,DEBIT,6517.45,LOW,0.0
2026-02-04T11:00:01.104538,CASH_OUT,7495.68,HIGH,0.86
2026-02-04T11:00:03.291118,CASH_IN,8163.25,MEDIUM,0.69
2026-02-04T11:00:05.458689,DEBIT,4501.6,HIGH,0.84
2026-02-04T11:00:07.683764,CASH_IN,7458.74,LOW,0.05
2026-02-04T11:00:09.866040,PAYMENT,1930.74,LOW,0.02
2026-02-04T11:00:12.126630,DEBIT,5981.72,LOW,0.0
2026-02-04T11:00:14.346161,PAYMENT,1024.35,MEDIUM,0.67
2026-02-04T11:00:16.546735,PAYMENT,9541.32,MEDIUM,0.71
2026-02-04T11:00:18.784229,PAYMENT,2263.93,LOW,0.0
2026-02-04T11:00:20.983067,PAYMENT,2695.29,LOW,0.0
2026-02-04T11:00:23.229435,DEBIT,6378.34,MEDIUM,0.7
2026-02-04T11:00:25.434485,CASH_IN,1881.17,MEDIUM,0.67
2026-02-04T11:00:27.618188,DEBIT,1116.25,LOW,0.0
2026-02-04T11:00:29.840788,DEBIT,1297.88,MEDIUM,0.77
2026-02-04T11:00:32.048388,DEBIT,4975.03,MEDIUM,0.8
2026-02-04T11:00:34.289439,DEBIT,9629.07,LOW,0.01
2026-02-04T11:00:36.491449,CASH_OUT,8986.76,MEDIUM,0.73
2026-02-04T11:00:38.693519,TRANSFER,6593.63,LOW,0.05
2026-02-04T11:00:40.973552,DEBIT,7464.01,MEDIUM,0.73
2026-02-04T11:00:43.188711,TRANSFER,949.69,MEDIUM,0.7
2026-02-04T11:00:45.403855,PAYMENT,268.45,MEDIUM,0.59
2026-02-04T11:00:47.608479,DEBIT,2191.79,MEDIUM,0.73
2026-02-04T11:00:49.809899,DEBIT,5135.77,LOW,0.0
2026-02-04T11:00:52.047166,CASH_OUT,4658.58,LOW,0.03
2026-02-04T11:00:54.277347,PAYMENT,3244.25,LOW,0.01
2026-02-04T11:00:56.456071,CASH_IN,3347.21,MEDIUM,0.67
2026-02-04T11:00:58.642730,TRANSFER,4994.94,LOW,0.01
2026-02-04T11:01:00.898355,CASH_OUT,3962.48,HIGH,0.86
2026-02-04T11:01:03.155545,CASH_IN,2950.2,MEDIUM,0.8
2026-02-04T11:01:05.376271,TRANSFER,1612.03,MEDIUM,0.71
2026-02-04T11:01:07.598075,PAYMENT,3453.2,MEDIUM,0.61
2026-02-04T11:01:09.809711,TRANSFER,5907.89,HIGH,0.82
2026-02-04T11:01:12.002454,PAYMENT,686.44,MEDIUM,0.58
2026-02-04T11:01:14.235044,CASH_IN,9820.26,MEDIUM,0.79
2026-02-04T11:01:16.428728,TRANSFER,6743.04,MEDIUM,0.78
2026-02-04T11:01:18.679170,CASH_OUT,9966.46,LOW,0.02
2026-02-04T11:01:20.897495,CASH_IN,5553.14,MEDIUM,0.68
2026-02-04T11:01:23.171479,DEBIT,3619.01,MEDIUM,0.71
2026-02-04T11:01:25.415069,TRANSFER,6014.2,MEDIUM,0.79
2026-02-04T11:01:27.628704,CASH_OUT,166.28,MEDIUM,0.76
2026-02-04T11:01:29.854130,CASH_IN,3166.43,MEDIUM,0.72
2026-02-04T11:01:32.094448,CASH_OUT,7817.51,HIGH,0.84
2026-02-04T11:01:34.312638,CASH_IN,4547.15,MEDIUM,0.79
2026-02-04T11:01:36.546887,PAYMENT,3128.25,LOW,0.0
2026-02-04T11:01:38.704539,CASH_IN,6165.54,MEDIUM,0.69
2026-02-04T11:01:40.921438,DEBIT,6733.36,LOW,0.0
2026-02-04T11:01:43.164905,DEBIT,9651.28,MEDIUM,0.8
2026-02-04T11:01:45.379113,DEBIT,9664.79,MEDIUM,0.79
2026-02-04T11:01:47.605503,CASH_IN,4918.4,MEDIUM,0.68
2026-02-04T11:01:49.794902,PAYMENT,3061.11,MEDIUM,0.71
2026-02-04T11:01:51.982745,CASH_IN,9868.05,LOW,0.0
2026-02-04T11:01:54.212768,CASH_IN,8059.65,MEDIUM,0.66
2026-02-04T11:01:56.435660,PAYMENT,4772.37,LOW,0.0
2026-02-04T11:01:58.658238,CASH_OUT,2038.98,LOW,0.06
2026-02-04T11:02:00.918610,CASH_OUT,9443.42,LOW,0.0
2026-02-04T11:02:03.148345,CASH_IN,6462.15,MEDIUM,0.64
2026-02-04T11:02:05.402984,PAYMENT,7772.35,LOW,0.0
2026-02-04T11:02:07.583472,PAYMENT,6624.2,MEDIUM,0.7
2026-02-04T11:02:09.846441,DEBIT,8032.05,MEDIUM,0.66
2026-02-04T11:02:12.038067,CASH_IN,2750.47,HIGH,0.81
2026-02-04T11:02:14.276057,CASH_OUT,5245.53,MEDIUM,0.71
2026-02-04T11:02:16.485940,DEBIT,8775.16,MEDIUM,0.73
2026-02-04T11:02:18.686878,CASH_IN,3396.16,LOW,0.02
2026-02-04T11:02:20.909422,TRANSFER,8791.41,LOW,0.01
2026-02-04T11:02:23.124360,PAYMENT,9692.5,LOW,0.02
2026-02-04T11:02:25.360618,CASH_OUT,5149.51,MEDIUM,0.72
2026-02-04T11:02:27.623763,PAYMENT,5797.78,LOW,0.0
2026-02-04T11:02:29.859996,PAYMENT,8736.54,MEDIUM,0.71
2026-02-04T11:02:32.057304,PAYMENT,4944.82,MEDIUM,0.71
2026-02-04T11:02:34.339148,CASH_OUT,2876.29,LOW,0.15
2026-02-04T11:02:36.621939,PAYMENT,4311.34,MEDIUM,0.59
2026-02-04T11:02:38.891014,DEBIT,4397.09,MEDIUM,0.76
2026-02-04T11:02:41.127880,CASH_OUT,192.44,LOW,0.01
2026-02-04T11:02:43.349108,DEBIT,9850.37,MEDIUM,0.7
2026-02-04T11:02:45.568562,PAYMENT,8549.02,LOW,0.0
2026-02-04T11:02:47.782264,CASH_OUT,8371.75,LOW,0.03
2026-02-04T11:02:50.060927,PAYMENT,5558.77,LOW,0.0
2026-02-04T11:02:52.292180,PAYMENT,2344.79,MEDIUM,0.71
2026-02-04T11:02:54.505255,CASH_IN,1589.13,LOW,0.04
2026-02-04T11:02:56.751676,TRANSFER,7668.79,HIGH,0.84
2026-02-04T11:02:58.988598,TRANSFER,3277.01,LOW,0.1
2026-02-04T11:03:01.211475,TRANSFER,2104.15,MEDIUM,0.75
2026-02-04T11:03:03.454640,DEBIT,4196.79,MEDIUM,0.71
2026-02-04T11:03:05.686907,CASH_IN,9306.51,MEDIUM,0.69
2026-02-04T11:03:07.877312,TRANSFER,4882.98,MEDIUM,0.73
2026-02-04T11:03:10.118581,PAYMENT,8747.38,MEDIUM,0.6
2026-02-04T11:03:12.327716,PAYMENT,9358.04,MEDIUM,0.6
2026-02-04T11:03:14.559063,DEBIT,8425.78,MEDIUM,0.73
2026-02-04T11:03:16.760789,DEBIT,9431.88,MEDIUM,0.73
2026-02-04T11:03:18.940054,CASH_OUT,7864.27,LOW,0.0
2026-02-04T11:03:21.155128,TRANSFER,3900.03,LOW,0.1
2026-02-04T11:03:23.371452,CASH_OUT,6837.15,MEDIUM,0.76
2026-02-04T11:03:25.576029,PAYMENT,7215.82,MEDIUM,0.62
2026-02-04T11:03:27.794268,CASH_OUT,148.35,MEDIUM,0.69
2026-02-04T11:03:29.996303,CASH_IN,7043.68,MEDIUM,0.69
2026-02-04T11:03:32.251711,PAYMENT,6658.89,MEDIUM,0.62
2026-02-04T11:03:34.407857,PAYMENT,3572.4,LOW,0.0
2026-02-04T11:03:36.576872,TRANSFER,8275.26,LOW,0.01
2026-02-04T11:03:38.747766,DEBIT,9224.87,MEDIUM,0.8
2026-02-04T11:03:40.948156,CASH_OUT,717.19,LOW,0.09
2026-02-04T11:03:43.133600,PAYMENT,3355.0,MEDIUM,0.58
2026-02-04T11:03:45.355931,CASH_OUT,3150.55,LOW,0.05
2026-02-04T11:03:47.572220,DEBIT,9451.42,LOW,0.0
2026-02-04T11:03:49.732605,PAYMENT,3458.78,MEDIUM,0.71
2026-02-04T11:03:51.942084,CASH_IN,2568.63,MEDIUM,0.65
2026-02-04T11:03:54.105272,PAYMENT,3307.72,MEDIUM,0.59
2026-02-04T11:03:56.333437,TRANSFER,3137.92,LOW,0.05
2026-02-04T11:03:58.520950,PAYMENT,4101.92,LOW,0.02
2026-02-04T11:04:00.726436,DEBIT,7886.08,LOW,0.0
2026-02-04T11:04:02.918173,PAYMENT,6993.77,LOW,0.02
2026-02-04T11:04:05.169490,CASH_IN,5340.68,MEDIUM,0.69
2026-02-04T11:04:07.334370,CASH_IN,7712.91,LOW,0.0
2026-02-04T11:04:09.526002,TRANSFER,73.73,MEDIUM,0.72
2026-02-04T11:04:11.689060,CASH_IN,895.58,MEDIUM,0.69
2026-02-04T11:04:13.862894,CASH_OUT,9304.23,MEDIUM,0.77
2026-02-04T11:04:16.055624,TRANSFER,672.87,HIGH,0.9
2026-02-04T11:04:18.260826,TRANSFER,6708.08,LOW,0.05
2026-02-04T11:04:20.463814,CASH_OUT,4909.71,LOW,0.01
2026-02-04T11:04:22.659198,CASH_IN,8747.18,HIGH,0.81
2026-02-04T11:04:24.839372,DEBIT,9962.51,MEDIUM,0.65
2026-02-04T11:04:27.034636,CASH_IN,6651.02,HIGH,0.81
2026-02-04T11:04:29.227740,CASH_IN,1369.03,LOW,0.0
2026-02-04T11:04:31.423363,CASH_IN,9422.2,MEDIUM,0.76
2026-02-04T11:04:33.638924,PAYMENT,858.48,MEDIUM,0.62
2026-02-04T11:04:35.808533,DEBIT,7955.81,MEDIUM,0.72
2026-02-04T11:04:38.035583,CASH_IN,6007.67,MEDIUM,0.64
2026-02-04T11:04:40.267690,TRANSFER,8138.86,MEDIUM,0.7
2026-02-04T11:04:42.490273,DEBIT,7730.34,MEDIUM,0.7
2026-02-04T11:04:44.735401,CASH_OUT,6656.46,HIGH,0.86
2026-02-04T11:04:46.991490,CASH_OUT,2075.99,LOW,0.02
2026-02-04T11:04:49.212932,PAYMENT,9983.61,MEDIUM,0.59
2026-02-04T11:04:51.516790,DEBIT,8732.75,MEDIUM,0.73
2026-02-04T11:04:53.753178,CASH_IN,4687.11,LOW,0.0
2026-02-04T11:04:55.950530,CASH_IN,568.68,MEDIUM,0.66
2026-02-04T11:04:58.195983,DEBIT,4900.42,MEDIUM,0.76
2026-02-04T11:05:00.380531,TRANSFER,4562.48,LOW,0.01
2026-02-04T11:05:02.596582,PAYMENT,9621.79,LOW,0.0
2026-02-04T11:05:04.838502,TRANSFER,6416.98,HIGH,0.9
2026-02-04T11:05:07.059213,TRANSFER,4826.2,MEDIUM,0.79
2026-02-04T11:05:09.283536,PAYMENT,8703.45,MEDIUM,0.61
2026-02-04T11:05:11.503893,CASH_IN,7234.83,HIGH,0.81
2026-02-04T11:05:13.739552,CASH_IN,2696.02,LOW,0.06
2026-02-04T11:05:15.946067,CASH_IN,9605.28,MEDIUM,0.75
2026-02-04T11:05:18.199544,DEBIT,9879.65,MEDIUM,0.7
2026-02-04T11:05:20.407279,CASH_OUT,8569.17,MEDIUM,0.75
2026-02-04T11:05:22.628535,PAYMENT,3857.32,MEDIUM,0.58
2026-02-04T11:05:24.848973,CASH_IN,7318.04,MEDIUM,0.76
2026-02-04T11:05:27.039953,CASH_OUT,6660.51,MEDIUM,0.75
2026-02-04T11:05:29.267780,PAYMENT,9983.7,MEDIUM,0.61
2026-02-04T11:05:31.505961,CASH_IN,5437.51,MEDIUM,0.69
2026-02-04T11:05:33.692205,DEBIT,2989.27,MEDIUM,0.73
2026-02-04T11:05:35.875447,DEBIT,5681.45,MEDIUM,0.71
2026-02-04T11:05:38.052920,PAYMENT,2255.43,MEDIUM,0.61
2026-02-04T11:05:40.273386,PAYMENT,4793.54,MEDIUM,0.62
2026-02-04T11:05:42.506169,PAYMENT,5221.24,MEDIUM,0.71
2026-02-04T11:05:44.712665,CASH_IN,8810.15,MEDIUM,0.69
2026-02-04T11:05:46.936433,TRANSFER,5508.65,MEDIUM,0.8
2026-02-04T11:05:49.134798,CASH_IN,22.92,HIGH,0.81
2026-02-04T11:05:51.336738,TRANSFER,312.87,HIGH,0.85
2026-02-04T11:05:53.544484,PAYMENT,5708.13,MEDIUM,0.67
2026-02-04T11:05:55.739954,DEBIT,2299.98,HIGH,0.85
2026-02-04T11:05:57.979452,CASH_IN,8806.83,MEDIUM,0.64
2026-02-04T11:06:00.219153,CASH_OUT,5236.98,MEDIUM,0.79
2026-02-04T11:06:02.422227,TRANSFER,263.5,HIGH,0.84
2026-02-04T11:06:04.609232,TRANSFER,8236.86,HIGH,0.9
2026-02-04T11:06:06.856663,CASH_IN,8151.71,MEDIUM,0.68
2026-02-04T11:06:09.030381,DEBIT,801.99,HIGH,0.84
2026-02-04T11:06:11.223613,DEBIT,8930.91,HIGH,0.85
2026-02-04T11:06:13.459364,PAYMENT,1403.91,MEDIUM,0.6
2026-02-04T11:06:15.680941,TRANSFER,9854.82,MEDIUM,0.73
2026-02-04T11:06:17.911038,CASH_IN,4413.87,MEDIUM,0.66
2026-02-04T11:06:20.193070,CASH_OUT,4142.65,LOW,0.03
2026-02-04T11:06:22.405245,TRANSFER,8759.57,LOW,0.05
2026-02-04T11:06:24.655317,CASH_OUT,3164.15,HIGH,0.81
2026-02-04T11:06:26.839933,CASH_OUT,7328.22,MEDIUM,0.72
2026-02-04T11:06:29.069097,PAYMENT,7310.56,MEDIUM,0.62
2026-02-04T11:06:31.292405,TRANSFER,2368.6,LOW,0.13
2026-02-04T11:06:33.514311,CASH_OUT,6683.0,MEDIUM,0.75
2026-02-04T11:06:35.741765,CASH_OUT,5186.92,HIGH,0.84
2026-02-04T11:06:37.949228,CASH_IN,7986.47,HIGH,0.81
2026-02-04T11:06:40.203367,CASH_IN,3302.37,MEDIUM,0.62
2026-02-04T11:06:42.467211,CASH_IN,1916.67,LOW,0.0
2026-02-04T11:06:44.694997,CASH_OUT,8207.69,HIGH,0.86
2026-02-04T11:06:46.938059,CASH_IN,9425.57,LOW,0.0
2026-02-04T11:06:49.183286,DEBIT,4674.67,MEDIUM,0.72
2026-02-04T11:06:51.431568,PAYMENT,2624.24,MEDIUM,0.54
2026-02-04T11:06:53.671047,CASH_IN,7886.35,HIGH,0.81
2026-02-04T11:06:55.880496,DEBIT,858.56,LOW,0.03
2026-02-04T11:06:58.160681,TRANSFER,4708.96,MEDIUM,0.78
2026-02-04T11:07:00.393542,CASH_OUT,7154.09,MEDIUM,0.68
2026-02-04T11:07:02.641311,TRANSFER,1060.69,MEDIUM,0.72
2026-02-04T11:07:04.904392,CASH_IN,4991.75,LOW,0.0
2026-02-04T11:07:07.147905,PAYMENT,5762.39,MEDIUM,0.61
2026-02-04T11:07:09.378439,DEBIT,6066.08,MEDIUM,0.72
2026-02-04T11:07:11.613121,CASH_IN,7284.9,HIGH,0.81
2026-02-04T11:07:13.883194,TRANSFER,9721.41,MEDIUM,0.69
2026-02-04T11:07:16.111882,PAYMENT,1739.23,MEDIUM,0.55
2026-02-04T11:07:18.398048,CASH_OUT,5462.18,LOW,0.02
2026-02-04T11:07:20.609241,CASH_IN,3540.64,LOW,0.0
2026-02-04T11:07:22.847962,DEBIT,2187.44,HIGH,0.85
2026-02-04T11:07:25.060813,DEBIT,948.05,LOW,0.03
2026-02-04T11:07:27.383963,CASH_OUT,1361.17,HIGH,0.81
2026-02-04T11:07:29.654824,CASH_OUT,2372.96,HIGH,0.86
2026-02-04T11:07:31.895377,PAYMENT,8395.23,MEDIUM,0.71
2026-02-04T11:07:34.185295,DEBIT,5951.1,MEDIUM,0.8
2026-02-04T11:07:36.457464,TRANSFER,4337.97,HIGH,0.86
2026-02-04T11:07:38.666979,CASH_IN,7098.36,MEDIUM,0.69
2026-02-04T11:07:40.899424,PAYMENT,7071.93,LOW,0.02
2026-02-04T11:07:43.167458,DEBIT,1002.6,LOW,0.0
2026-02-04T11:07:45.403421,CASH_IN,7120.09,MEDIUM,0.69
2026-02-04T11:07:47.681652,CASH_OUT,2926.2,MEDIUM,0.78
2026-02-04T11:07:50.802192,DEBIT,3769.05,MEDIUM,0.72
2026-02-10T11:09:50.724968,PAYMENT,100.0,LOW,0.01
2026-02-10T11:09:54.859516,PAYMENT,1000.0,LOW,0.0
2026-02-10T11:10:10.596466,TRANSFER,8590.13,HIGH,0.85
2026-02-10T11:10:14.979981,CASH_OUT,8741.36,MEDIUM,0.67
2026-02-10T11:10:17.399554,CASH_OUT,2667.76,MEDIUM,0.76
2026-02-10T11:10:19.967288,CASH_OUT,2177.27,MEDIUM,0.77
2026-02-10T11:10:22.349454,CASH_IN,5805.65,LOW,0.03
2026-02-10T11:10:24.849498,TRANSFER,1042.4,MEDIUM,0.69
2026-02-10T11:21:17.946438,PAYMENT,100.0,LOW,0.01
2026-02-10T11:21:24.554610,PAYMENT,1000.0,LOW,0.0
2026-02-10T11:21:36.961918,CASH_IN,6404.44,MEDIUM,0.69
2026-02-10T11:21:39.634918,TRANSFER,5443.67,MEDIUM,0.77
2026-02-10T11:21:42.250358,DEBIT,2419.62,LOW,0.0
2026-02-10T11:21:44.733003,CASH_OUT,6745.61,LOW,0.14
2026-02-10T11:21:47.238501,DEBIT,3379.98,MEDIUM,0.65
2026-02-10T11:22:14.849514,PAYMENT,100.0,LOW,0.01
2026-02-10T11:22:23.472483,PAYMENT,100.0,LOW,0.01
2026-02-10T11:22:28.661067,PAYMENT,100.0,LOW,0.01
2026-02-10T11:45:17.348303,TRANSFER,5000.0,LOW,0.08
2026-02-10T12:05:56.855537,CASH_IN,9272.21,MEDIUM,0.69
2026-02-10T12:05:59.420429,CASH_OUT,8239.58,LOW,0.06
2026-02-10T12:06:01.942329,CASH_IN,6293.89,MEDIUM,0.69
2026-02-10T12:06:04.613553,PAYMENT,112.97,LOW,0.0
2026-02-10T12:06:07.214567,TRANSFER,4816.26,MEDIUM,0.74
2026-02-10T12:06:09.677437,TRANSFER,9348.15,HIGH,0.83
2026-02-10T12:06:12.285496,TRANSFER,4751.11,HIGH,0.81
2026-02-10T12:06:14.836953,TRANSFER,5787.75,LOW,0.01
2026-02-10T12:06:17.506997,CASH_IN,6972.44,LOW,0.06
2026-02-10T12:06:20.143417,CASH_OUT,775.61,MEDIUM,0.69
2026-02-10T12:06:22.665200,CASH_IN,665.99,LOW,0.0
2026-02-10T12:06:25.499351,CASH_IN,448.61,MEDIUM,0.66
2026-02-10T12:06:28.053100,PAYMENT,5205.32,MEDIUM,0.61
2026-02-10T12:06:30.564483,TRANSFER,8032.81,LOW,0.12
2026-02-10T12:06:33.149410,TRANSFER,321.57,HIGH,0.82
2026-02-10T12:06:35.807375,CASH_OUT,4486.64,HIGH,0.86
2026-02-10T12:06:38.354120,TRANSFER,2161.42,HIGH,0.83
2026-02-10T12:06:41.021572,PAYMENT,1610.21,LOW,0.0
2026-02-10T12:06:43.683281,CASH_IN,3486.69,LOW,0.09
2026-02-10T12:06:46.294059,PAYMENT,4409.2,MEDIUM,0.7
2026-02-10T12:06:48.811598,CASH_IN,8073.58,HIGH,0.81
2026-02-10T12:06:51.314406,TRANSFER,2704.08,MEDIUM,0.74
2026-02-10T12:06:53.895233,DEBIT,7316.93,LOW,0.0
2026-02-10T12:06:56.502317,CASH_IN,844.8,MEDIUM,0.73
2026-02-10T12:06:59.132384,TRANSFER,7300.42,HIGH,0.9
2026-02-10T12:07:01.893486,CASH_IN,6625.79,LOW,0.0
2026-02-10T12:07:04.644285,TRANSFER,2002.21,HIGH,0.82
2026-02-10T12:07:07.375246,CASH_OUT,469.74,HIGH,0.85
2026-02-10T12:07:09.956228,PAYMENT,355.67,MEDIUM,0.62
2026-02-10T12:07:12.477459,DEBIT,3997.29,MEDIUM,0.73
2026-02-10T12:07:15.093861,PAYMENT,2067.06,MEDIUM,0.63
2026-02-10T12:07:17.675788,TRANSFER,6262.81,HIGH,0.82
2026-02-10T12:07:20.284279,PAYMENT,3890.46,MEDIUM,0.6
2026-02-10T12:07:22.814706,PAYMENT,9293.13,MEDIUM,0.59
2026-02-10T12:07:25.686492,CASH_IN,9199.45,MEDIUM,0.72
2026-02-10T12:07:28.293203,CASH_IN,4728.83,MEDIUM,0.8
2026-02-10T12:07:31.011418,TRANSFER,3283.29,LOW,0.0
2026-02-10T12:07:33.646356,DEBIT,9074.16,LOW,0.0
2026-02-10T12:07:36.308558,PAYMENT,6711.69,LOW,0.0
2026-02-10T12:07:38.936407,PAYMENT,2956.72,MEDIUM,0.61
2026-02-10T12:07:41.537609,DEBIT,51.0,MEDIUM,0.68
2026-02-10T12:07:44.217292,CASH_IN,7572.48,LOW,0.0
2026-02-10T12:07:46.883213,CASH_OUT,3313.13,HIGH,0.84
2026-02-10T12:07:49.459651,TRANSFER,1115.13,HIGH,0.84
2026-02-10T12:07:51.978217,DEBIT,8729.5,LOW,0.0
2026-02-10T12:07:54.644548,CASH_OUT,9419.3,MEDIUM,0.68
2026-02-10T12:07:57.526425,CASH_IN,1801.45,LOW,0.0
2026-02-10T12:08:00.167410,DEBIT,2101.22,LOW,0.03
2026-02-10T12:08:03.129401,TRANSFER,3571.71,MEDIUM,0.73
2026-02-10T12:08:05.884343,CASH_IN,4302.15,MEDIUM,0.69
2026-02-10T12:08:09.944865,DEBIT,656.9,MEDIUM,0.72
2026-02-10T12:08:12.903724,DEBIT,1762.12,HIGH,0.84
2026-02-10T12:08:15.677209,PAYMENT,7803.3,MEDIUM,0.61
2026-02-10T12:08:18.707453,DEBIT,6858.33,MEDIUM,0.74
2026-02-10T12:08:21.472572,PAYMENT,5823.57,MEDIUM,0.62
2026-02-10T12:08:24.280952,CASH_IN,796.39,LOW,0.04
2026-02-10T12:08:27.150703,TRANSFER,523.49,LOW,0.0
2026-02-10T12:08:29.948786,CASH_OUT,9484.88,MEDIUM,0.75
2026-02-10T12:08:32.559802,DEBIT,867.53,MEDIUM,0.74
2026-02-10T12:08:35.298441,TRANSFER,7411.48,HIGH,0.9
2026-02-10T12:08:38.172722,TRANSFER,378.01,MEDIUM,0.78
2026-02-10T12:08:41.020146,CASH_OUT,3039.49,MEDIUM,0.75
2026-02-10T12:08:43.818942,CASH_OUT,1667.2,HIGH,0.87
2026-02-10T12:08:46.467594,PAYMENT,721.58,MEDIUM,0.6
2026-02-10T12:08:49.300713,CASH_IN,3183.96,MEDIUM,0.69
2026-02-10T12:08:52.226495,DEBIT,2377.29,LOW,0.0
2026-02-10T12:08:55.166065,DEBIT,7812.03,MEDIUM,0.73
2026-02-10T12:08:58.251424,CASH_IN,3013.0,HIGH,0.81
2026-02-10T12:09:01.089931,TRANSFER,6748.82,LOW,0.01
2026-02-10T12:09:04.059125,DEBIT,8355.25,LOW,0.0
2026-02-10T12:09:06.751644,PAYMENT,8229.0,MEDIUM,0.7
2026-02-10T12:09:09.469628,PAYMENT,2250.74,LOW,0.0
2026-02-10T12:09:12.330987,CASH_IN,1037.69,MEDIUM,0.78
2026-02-10T12:09:15.477611,DEBIT,6297.49,MEDIUM,0.67
2026-02-10T12:09:18.297272,CASH_OUT,5345.04,MEDIUM,0.75
2026-02-10T12:09:21.714386,CASH_IN,3500.73,LOW,0.0
2026-02-10T12:09:24.570308,TRANSFER,7006.71,MEDIUM,0.73
2026-02-10T12:09:27.463530,TRANSFER,9765.32,HIGH,0.89
2026-02-10T12:09:30.044660,CASH_IN,6529.28,HIGH,0.81
2026-02-10T12:09:32.788292,DEBIT,2215.99,MEDIUM,0.75
2026-02-10T12:09:35.600442,CASH_IN,2672.66,LOW,0.0
2026-02-10T12:09:38.437891,DEBIT,768.7,MEDIUM,0.71
2026-02-10T12:09:41.258935,PAYMENT,5541.25,LOW,0.0
2026-02-10T12:09:44.055380,DEBIT,7296.98,HIGH,0.83
2026-02-10T12:09:46.966809,CASH_OUT,5077.17,HIGH,0.86
2026-02-10T12:09:49.669184,TRANSFER,3231.93,LOW,0.01
2026-02-10T12:09:52.376070,CASH_IN,2392.51,MEDIUM,0.62
2026-02-10T12:09:55.471885,PAYMENT,7811.21,LOW,0.0
2026-02-10T12:09:58.386874,CASH_IN,1672.17,MEDIUM,0.78
2026-02-10T12:10:01.406694,TRANSFER,7257.64,MEDIUM,0.78
2026-02-10T12:10:04.314777,PAYMENT,4482.2,MEDIUM,0.59
2026-02-10T12:10:07.291940,TRANSFER,2034.2,LOW,0.0
2026-02-10T12:10:10.047063,CASH_OUT,4684.85,MEDIUM,0.74
2026-02-10T12:10:12.843451,DEBIT,2500.51,MEDIUM,0.72
2026-02-10T12:10:15.666875,PAYMENT,8633.18,MEDIUM,0.62
2026-02-10T12:10:18.645093,PAYMENT,2474.8,MEDIUM,0.55
2026-02-10T12:10:21.545414,DEBIT,3715.35,LOW,0.0
2026-02-10T12:10:24.778160,CASH_OUT,2334.08,MEDIUM,0.78
2026-02-10T12:10:27.545621,CASH_OUT,3837.51,HIGH,0.84
2026-02-10T12:10:30.401193,TRANSFER,2146.93,HIGH,0.81
2026-02-10T12:10:33.082586,DEBIT,9896.44,LOW,0.0
2026-02-10T12:10:35.972289,TRANSFER,4052.03,MEDIUM,0.78
2026-02-10T12:10:38.844215,TRANSFER,3419.54,MEDIUM,0.72
2026-02-10T12:10:41.791455,PAYMENT,7456.1,LOW,0.01
2026-02-10T12:10:44.612255,CASH_OUT,3380.77,MEDIUM,0.72
2026-02-10T12:10:47.329932,CASH_IN,3741.75,HIGH,0.81
2026-02-10T12:10:50.183952,CASH_IN,5131.63,MEDIUM,0.73
2026-02-10T12:10:53.057200,DEBIT,3698.55,LOW,0.03
2026-02-10T12:10:55.951668,PAYMENT,3263.66,LOW,0.0
2026-02-10T12:10:58.815914,CASH_IN,79.79,MEDIUM,0.67
2026-02-10T12:11:01.721936,CASH_OUT,3702.86,MEDIUM,0.74
2026-02-10T12:11:04.639769,CASH_IN,5905.37,LOW,0.0
2026-02-10T12:11:07.547455,PAYMENT,408.72,LOW,0.0
2026-02-10T12:11:10.407270,PAYMENT,6599.91,MEDIUM,0.58
2026-02-10T12:11:13.824028,CASH_IN,7375.53,MEDIUM,0.69
2026-02-10T12:11:16.694521,DEBIT,9061.75,MEDIUM,0.72
2026-02-10T12:11:19.870410,CASH_IN,3968.96,MEDIUM,0.8
2026-02-10T12:11:22.645755,DEBIT,9622.35,MEDIUM,0.73
2026-02-10T12:11:26.953634,CASH_IN,2264.79,MEDIUM,0.64
2026-02-10T12:11:29.839774,CASH_OUT,5151.74,MEDIUM,0.76
2026-02-10T12:11:32.688284,TRANSFER,2375.84,LOW,0.12
2026-02-10T12:11:35.454730,CASH_IN,2519.44,MEDIUM,0.7
2026-02-10T12:11:38.086899,TRANSFER,7356.24,HIGH,0.85
2026-02-10T12:11:40.890424,DEBIT,9740.6,LOW,0.0
2026-02-10T12:11:43.483587,DEBIT,6603.61,MEDIUM,0.73
2026-02-10T12:11:46.127672,TRANSFER,3322.74,MEDIUM,0.71
2026-02-10T12:11:48.788551,DEBIT,4243.61,MEDIUM,0.74
2026-02-10T12:11:51.544911,PAYMENT,9538.74,MEDIUM,0.67
2026-02-10T12:11:54.186982,CASH_IN,259.05,MEDIUM,0.69
2026-02-10T12:11:57.156691,PAYMENT,1427.76,MEDIUM,0.61
2026-02-10T12:11:59.877875,TRANSFER,9642.96,MEDIUM,0.74
2026-02-10T12:12:03.993525,CASH_IN,4292.67,MEDIUM,0.8
2026-02-10T12:12:06.659316,PAYMENT,7438.9,MEDIUM,0.62
2026-02-12T11:05:42.450959,TRANSFER,5000.0,LOW,0.08
2026-02-12T11:06:00.313575,PAYMENT,100.0,LOW,0.01
2026-02-12T11:06:06.242027,PAYMENT,1000.0,LOW,0.0
2026-02-12T11:07:18.669063,CASH_OUT,6944.92,MEDIUM,0.65
2026-02-12T11:07:22.074351,CASH_OUT,5860.9,LOW,0.01
2026-02-12T11:07:24.567361,CASH_IN,8307.05,MEDIUM,0.66
2026-02-12T11:07:27.101409,PAYMENT,1594.33,MEDIUM,0.6
2026-02-12T11:15:36.607012,PAYMENT,100.0,LOW,0.01
2026-02-12T11:15:52.182179,PAYMENT,1000.0,LOW,0.0
2026-02-12T11:16:42.850496,TRANSFER,181.0,HIGH,0.94
2026-02-12T11:16:42.958129,CASH_OUT,181.0,MEDIUM,0.67
2026-02-12T11:16:43.040627,TRANSFER,2806.0,HIGH,0.97
2026-02-12T11:16:43.111686,CASH_OUT,2806.0,HIGH,0.83
2026-02-12T11:16:43.197649,TRANSFER,20128.0,HIGH,0.98
2026-02-12T11:16:43.305765,CASH_OUT,20128.0,HIGH,0.97
2026-02-12T11:16:43.379879,CASH_OUT,416001.33,LOW,0.07
2026-02-12T11:16:43.449105,TRANSFER,1277212.77,HIGH,0.98
2026-02-12T11:16:43.518009,CASH_OUT,1277212.77,HIGH,0.96
2026-02-12T11:16:43.617223,TRANSFER,35063.63,HIGH,0.96
2026-02-12T11:16:43.683099,CASH_OUT,35063.63,HIGH,0.91
2026-02-12T11:16:43.752532,TRANSFER,25071.46,HIGH,0.95
2026-02-12T11:16:43.836276,CASH_OUT,25071.46,HIGH,0.97
2026-02-12T11:16:43.904810,CASH_OUT,132842.64,MEDIUM,0.61
2026-02-12T11:16:43.995553,TRANSFER,235238.66,HIGH,0.98
2026-02-12T11:16:44.076654,CASH_OUT,235238.66,HIGH,0.89
2026-02-12T11:16:44.139078,TRANSFER,1096187.24,HIGH,0.98
2026-02-12T11:16:44.219627,CASH_OUT,1096187.24,HIGH,0.98
2026-02-12T11:16:44.308792,TRANSFER,963532.14,HIGH,0.99
2026-02-12T11:16:44.412684,CASH_OUT,963532.14,HIGH,0.93
2026-02-12T11:16:44.505047,TRANSFER,14949.84,HIGH,0.97
2026-02-12T11:16:44.595691,CASH_OUT,14949.84,HIGH,0.96
2026-02-12T11:16:44.670019,TRANSFER,18627.02,HIGH,0.97
2026-02-12T11:16:44.751810,CASH_OUT,18627.02,HIGH,0.88
2026-02-12T11:16:44.835356,TRANSFER,10539.37,HIGH,0.95
2026-02-12T11:16:44.900662,CASH_OUT,10539.37,HIGH,0.95
2026-02-12T11:16:44.962488,TRANSFER,22877.0,HIGH,0.99
2026-02-12T11:16:45.041522,CASH_OUT,22877.0,HIGH,0.92
2026-02-12T11:16:45.110235,TRANSFER,10000000.0,MEDIUM,0.69
2026-02-12T11:16:45.185425,CASH_OUT,10000000.0,HIGH,0.95
2026-02-12T11:16:45.249857,TRANSFER,2930418.44,HIGH,0.99
2026-02-12T11:16:45.326157,CASH_OUT,2930418.44,MEDIUM,0.75
2026-02-12T11:16:45.533951,TRANSFER,169941.73,HIGH,0.97
2026-02-12T11:16:45.607856,CASH_OUT,169941.73,HIGH,0.93
2026-02-12T11:16:45.716941,TRANSFER,13707.11,HIGH,0.99
2026-02-12T11:16:45.787726,CASH_OUT,13707.11,HIGH,0.99
2026-02-12T11:16:45.876223,TRANSFER,86070.17,HIGH,0.96
2026-02-12T11:16:46.022241,CASH_OUT,86070.17,HIGH,0.83
2026-02-12T11:16:46.116802,TRANSFER,120074.73,HIGH,0.96
2026-02-12T11:16:46.195393,CASH_OUT,120074.73,HIGH,0.9
2026-02-12T11:16:46.256725,TRANSFER,60726.57,HIGH,0.9
2026-02-12T11:16:46.316517,CASH_OUT,60726.57,MEDIUM,0.8
2026-02-12T11:16:46.394381,TRANSFER,10119.47,HIGH,0.96
2026-02-12T11:16:46.459251,CASH_OUT,10119.47,HIGH,0.9
2026-02-12T11:16:46.550149,TRANSFER,33332.86,HIGH,0.93
2026-02-12T11:16:46.625912,CASH_OUT,33332.86,HIGH,0.84
2026-02-12T11:16:46.700671,TRANSFER,25975.86,HIGH,0.91
2026-02-12T11:16:46.768962,CASH_OUT,25975.86,HIGH,0.94
2026-02-12T11:16:46.835655,TRANSFER,26768.5,HIGH,0.91
2026-02-12T11:16:46.910743,CASH_OUT,26768.5,HIGH,0.92
2026-02-12T11:16:46.986229,TRANSFER,30521.02,HIGH,0.91
2026-02-12T11:16:47.055198,CASH_OUT,30521.02,HIGH,0.89
2026-02-12T11:16:47.125033,TRANSFER,216422.0,HIGH,0.96
2026-02-12T11:16:47.216154,CASH_OUT,216422.0,HIGH,0.95
2026-02-12T11:16:47.285797,TRANSFER,17320.91,HIGH,0.96
2026-02-12T11:16:47.353151,CASH_OUT,17320.91,HIGH,0.87
2026-02-12T11:16:47.425751,TRANSFER,17246.0,MEDIUM,0.73
2026-02-12T11:16:47.555347,CASH_OUT,17246.0,HIGH,0.98
2026-02-12T11:16:47.625726,TRANSFER,10565.0,HIGH,0.92
2026-02-12T11:16:47.690274,CASH_OUT,10565.0,MEDIUM,0.78
2026-02-12T11:16:47.752741,TRANSFER,10224.0,HIGH,0.94
2026-02-12T11:16:47.824033,CASH_OUT,10224.0,HIGH,0.93
2026-02-12T11:16:47.887001,TRANSFER,85354.69,HIGH,0.9
2026-02-12T11:16:47.954902,CASH_OUT,85354.69,HIGH,0.92
2026-02-12T11:16:48.022944,TRANSFER,13704.0,HIGH,0.81
2026-02-12T11:16:48.083895,CASH_OUT,13704.0,HIGH,0.9
2026-02-12T11:16:48.150739,TRANSFER,262434.54,HIGH,0.93
2026-02-12T11:16:48.220341,CASH_OUT,262434.54,MEDIUM,0.74
2026-02-12T11:16:48.294262,TRANSFER,21729.0,HIGH,0.95
2026-02-12T11:16:48.358926,CASH_OUT,21729.0,MEDIUM,0.79
2026-02-12T11:16:48.422338,TRANSFER,5460002.91,HIGH,0.96
2026-02-12T11:16:48.504313,CASH_OUT,5460002.91,HIGH,0.81
2026-02-12T11:16:48.574594,TRANSFER,164.0,HIGH,0.89
2026-02-12T11:16:48.639489,CASH_OUT,164.0,MEDIUM,0.58
2026-02-12T11:16:48.705292,TRANSFER,21571.0,HIGH,0.95
2026-02-12T11:16:48.771437,CASH_OUT,21571.0,HIGH,0.88
2026-02-12T11:16:48.836490,TRANSFER,441445.58,HIGH,0.97
2026-02-12T11:16:48.900098,CASH_OUT,441445.58,HIGH,0.94
2026-02-12T11:16:48.963154,CASH_OUT,181728.11,HIGH,0.88
2026-02-12T11:16:49.034557,TRANSFER,222.0,HIGH,0.89
2026-02-12T11:16:49.117101,CASH_OUT,222.0,HIGH,0.92
2026-02-12T11:16:49.203086,TRANSFER,1996.17,HIGH,0.98
2026-02-12T11:16:49.275217,CASH_OUT,1996.17,HIGH,0.99
2026-02-12T11:16:49.359251,TRANSFER,1078013.76,HIGH,0.87
2026-02-12T11:16:49.452615,TRANSFER,89631.24,HIGH,1.0
2026-02-12T11:16:49.524873,CASH_OUT,89631.24,HIGH,0.97
2026-02-12T11:16:49.607926,TRANSFER,29707.86,HIGH,1.0
2026-02-12T11:16:49.679787,CASH_OUT,29707.86,HIGH,0.99
2026-02-12T11:16:49.748301,TRANSFER,43092.0,HIGH,1.0
2026-02-12T11:16:49.845532,CASH_OUT,43092.0,HIGH,0.92
2026-02-12T11:16:49.906404,TRANSFER,556218.01,HIGH,1.0
2026-02-12T11:16:49.979520,CASH_OUT,556218.01,HIGH,1.0
2026-02-12T11:16:50.057691,TRANSFER,11308.0,HIGH,1.0
2026-02-12T11:16:50.127279,CASH_OUT,11308.0,HIGH,0.99
2026-02-12T11:16:50.205116,TRANSFER,350705.74,HIGH,0.98
2026-02-12T11:16:50.282522,CASH_OUT,350705.74,HIGH,1.0
2026-02-12T11:16:50.863599,TRANSFER,2539898.07,HIGH,0.99
2026-02-12T11:16:50.932263,CASH_OUT,2539898.07,HIGH,0.99
2026-02-12T11:16:51.016407,TRANSFER,361559.69,HIGH,0.98
2026-02-12T11:16:51.110590,CASH_OUT,361559.69,HIGH,0.99
2026-02-12T11:16:51.192353,TRANSFER,1154353.99,HIGH,1.0
2026-02-12T11:16:51.446735,CASH_OUT,1154353.99,HIGH,1.0
2026-02-12T11:16:51.552624,TRANSFER,21922.0,HIGH,1.0
2026-02-12T11:16:51.638200,CASH_OUT,21922.0,HIGH,1.0
2026-02-12T11:16:51.713242,TRANSFER,994453.2,HIGH,0.86
2026-02-12T11:16:51.799814,TRANSFER,1055.0,HIGH,0.98
2026-02-12T11:16:51.916455,CASH_OUT,1055.0,HIGH,0.98
2026-02-12T11:16:51.998652,TRANSFER,244068.01,HIGH,1.0
2026-02-12T11:16:52.077665,CASH_OUT,244068.01,HIGH,1.0
2026-02-12T11:16:52.152426,TRANSFER,59835.0,HIGH,1.0
2026-02-12T11:16:52.231602,CASH_OUT,59835.0,HIGH,1.0
2026-02-12T11:16:52.339707,CASH_OUT,277970.88,HIGH,0.89
2026-02-12T11:16:52.419476,TRANSFER,93810.76,HIGH,1.0
2026-02-12T11:16:52.504182,CASH_OUT,93810.76,HIGH,0.99
2026-02-12T11:16:52.582317,TRANSFER,503405.88,HIGH,1.0
2026-02-12T11:16:52.657799,CASH_OUT,503405.88,HIGH,1.0
2026-02-12T11:16:52.744666,TRANSFER,2662734.59,HIGH,1.0
2026-02-12T11:16:52.911928,CASH_OUT,2662734.59,HIGH,1.0
2026-02-12T11:16:52.983579,TRANSFER,9217.19,HIGH,0.96
2026-02-12T11:16:53.049112,CASH_OUT,9217.19,HIGH,0.99
2026-02-12T11:17:07.245371,PAYMENT,5820.43,MEDIUM,0.71
2026-02-12T11:17:09.636516,PAYMENT,9581.97,MEDIUM,0.54
2026-02-12T11:17:12.023517,CASH_OUT,1231.89,HIGH,0.87
2026-02-12T11:17:14.461197,CASH_OUT,9053.34,MEDIUM,0.75
2026-02-12T11:17:16.870742,CASH_IN,2829.48,MEDIUM,0.69
2026-02-12T11:17:19.419366,PAYMENT,8454.72,MEDIUM,0.7
2026-02-12T11:17:21.859767,CASH_IN,3320.81,MEDIUM,0.69
2026-02-12T11:17:24.297628,TRANSFER,8557.31,HIGH,0.89
2026-02-12T11:17:26.905865,CASH_OUT,4129.41,MEDIUM,0.72
2026-02-12T11:17:29.377803,PAYMENT,1706.09,MEDIUM,0.55
2026-02-12T11:17:31.825553,TRANSFER,9956.9,LOW,0.01
2026-02-12T11:17:34.316893,TRANSFER,7289.38,LOW,0.01
2026-02-12T11:17:36.737803,CASH_IN,9909.17,MEDIUM,0.69
2026-02-12T11:17:39.107573,CASH_OUT,6107.59,HIGH,0.86
2026-02-12T11:17:41.613976,CASH_IN,5619.55,MEDIUM,0.66
2026-02-12T11:17:44.025374,PAYMENT,5622.28,MEDIUM,0.62
2026-02-12T11:17:46.569960,CASH_OUT,3260.55,MEDIUM,0.75
2026-02-12T11:17:49.104163,TRANSFER,6786.93,HIGH,0.89
2026-02-12T11:17:51.490611,CASH_IN,6521.92,MEDIUM,0.69
2026-02-12T11:17:53.914046,CASH_IN,5411.3,MEDIUM,0.8
2026-02-12T11:17:56.455270,CASH_OUT,9010.48,LOW,0.02
2026-02-12T11:17:58.867705,CASH_OUT,728.17,LOW,0.03
2026-02-12T11:18:02.173489,TRANSFER,1730.29,MEDIUM,0.74
2026-02-12T11:18:04.783170,CASH_IN,1115.57,LOW,0.0
2026-02-12T11:18:07.251294,DEBIT,2245.06,MEDIUM,0.76
2026-02-12T11:18:09.716160,DEBIT,572.98,LOW,0.0
2026-02-12T11:18:12.203457,DEBIT,112.73,MEDIUM,0.7
2026-02-12T11:18:15.805539,TRANSFER,7354.2,HIGH,0.9
2026-02-12T11:18:18.754980,PAYMENT,9871.46,LOW,0.0
2026-02-12T11:18:30.260075,TRANSFER,930.32,LOW,0.02
2026-02-12T11:18:35.075537,CASH_OUT,6573.68,HIGH,0.85
2026-02-12T11:18:39.360717,DEBIT,4730.25,MEDIUM,0.74
2026-02-12T11:18:42.965507,CASH_IN,5585.41,MEDIUM,0.66
2026-02-12T11:18:45.512164,CASH_IN,8343.79,HIGH,0.81
2026-02-12T11:18:47.952553,PAYMENT,4894.89,MEDIUM,0.54
2026-02-12T11:18:50.604850,DEBIT,3640.93,HIGH,0.81
2026-02-12T11:18:54.306049,CASH_OUT,5014.07,MEDIUM,0.79
2026-02-12T11:18:56.799136,PAYMENT,9190.64,MEDIUM,0.62
2026-02-12T11:18:59.273406,TRANSFER,6693.66,MEDIUM,0.75
2026-02-12T11:19:02.073368,PAYMENT,9094.02,MEDIUM,0.61
2026-02-12T11:19:04.525256,CASH_OUT,6627.05,LOW,0.08
2026-02-12T11:19:07.157142,PAYMENT,6129.76,MEDIUM,0.61
2026-02-12T11:19:09.647571,DEBIT,5066.48,MEDIUM,0.66
2026-02-12T11:19:12.168861,PAYMENT,2195.17,MEDIUM,0.61
2026-02-12T11:19:14.607418,TRANSFER,4529.53,LOW,0.01
2026-02-12T11:19:17.188364,CASH_OUT,5682.41,HIGH,0.86
2026-02-12T11:19:19.600652,CASH_IN,1029.11,MEDIUM,0.68
2026-02-12T11:19:22.138658,CASH_IN,7733.63,MEDIUM,0.66
2026-02-12T11:19:24.574201,DEBIT,6581.82,MEDIUM,0.76
2026-02-12T11:19:27.058932,TRANSFER,935.22,HIGH,0.86
2026-02-12T11:19:29.519681,DEBIT,1051.69,MEDIUM,0.77
2026-02-12T11:19:31.928943,DEBIT,1743.76,LOW,0.01
2026-02-12T11:19:34.479078,TRANSFER,9190.19,MEDIUM,0.74
2026-02-12T11:19:36.933999,CASH_IN,8400.32,HIGH,0.81
2026-02-12T11:19:39.394281,TRANSFER,3143.82,LOW,0.01
2026-02-12T11:19:41.797198,DEBIT,7088.89,MEDIUM,0.73
2026-02-12T11:19:44.292447,CASH_IN,5197.1,MEDIUM,0.69
2026-02-12T11:19:46.694495,CASH_IN,5240.79,HIGH,0.81
2026-02-12T11:19:49.313244,TRANSFER,9427.7,MEDIUM,0.78
2026-02-12T11:19:51.845656,DEBIT,6947.79,LOW,0.03
2026-02-12T11:19:54.317291,CASH_OUT,886.85,MEDIUM,0.73
2026-02-12T11:19:56.789366,CASH_OUT,6360.16,LOW,0.15
2026-02-12T11:19:59.230570,PAYMENT,8301.88,MEDIUM,0.62
2026-02-12T11:20:01.658934,TRANSFER,2496.94,HIGH,0.82
2026-02-12T11:20:04.146305,CASH_OUT,9016.25,MEDIUM,0.69
2026-02-12T11:20:06.542731,TRANSFER,2533.19,LOW,0.01
2026-02-12T11:20:09.026823,DEBIT,2768.74,HIGH,0.84
2026-02-12T11:20:11.480986,PAYMENT,284.38,LOW,0.0
2026-02-12T11:20:13.998365,PAYMENT,5980.71,MEDIUM,0.59
2026-02-12T11:20:16.901536,DEBIT,2624.69,LOW,0.0
2026-02-12T11:20:19.293612,DEBIT,6900.88,MEDIUM,0.72
2026-02-12T11:20:21.698278,CASH_IN,45.02,LOW,0.04
2026-02-12T11:20:24.102929,TRANSFER,5464.69,MEDIUM,0.79
2026-02-12T11:20:26.767273,TRANSFER,2257.01,MEDIUM,0.79
2026-02-12T11:20:29.267542,CASH_IN,4896.76,MEDIUM,0.79
2026-02-12T11:20:31.732111,PAYMENT,6900.08,MEDIUM,0.61
2026-02-12T11:20:34.192716,TRANSFER,1784.8,LOW,0.01
2026-02-12T11:20:36.710416,PAYMENT,4302.38,MEDIUM,0.7
2026-02-12T11:20:39.308680,CASH_OUT,9031.88,MEDIUM,0.75
2026-02-12T11:20:41.709312,CASH_IN,5495.97,LOW,0.0
2026-02-12T11:20:44.161700,DEBIT,9923.12,MEDIUM,0.73
2026-02-12T11:20:46.526372,CASH_IN,6026.42,MEDIUM,0.66
2026-02-12T11:20:48.934796,CASH_OUT,8423.36,LOW,0.01
2026-02-12T11:20:51.413882,CASH_OUT,7721.66,LOW,0.02
2026-02-12T11:20:53.930397,CASH_OUT,2599.91,MEDIUM,0.75
2026-02-12T11:20:56.352630,DEBIT,1118.38,MEDIUM,0.71
2026-02-12T11:20:59.068922,CASH_IN,6259.39,LOW,0.0
2026-02-12T11:21:01.569475,CASH_IN,9091.56,MEDIUM,0.66
2026-02-12T11:21:04.066797,PAYMENT,7299.49,LOW,0.0
2026-02-12T11:21:06.540162,DEBIT,7637.35,MEDIUM,0.8
2026-02-12T11:21:08.990963,DEBIT,8809.22,HIGH,0.84
2026-02-12T11:21:11.412187,PAYMENT,4906.15,MEDIUM,0.58
2026-02-12T11:21:13.806799,TRANSFER,6775.68,LOW,0.01
2026-02-12T11:21:16.355391,TRANSFER,6615.22,LOW,0.04
2026-02-12T11:21:18.809027,PAYMENT,2844.47,LOW,0.0
2026-02-12T11:21:21.293032,CASH_IN,2769.46,MEDIUM,0.66
2026-02-12T11:21:24.373806,DEBIT,1895.83,MEDIUM,0.62
2026-02-12T11:21:26.805998,CASH_IN,3534.97,MEDIUM,0.63
2026-02-12T11:21:29.159537,TRANSFER,5009.42,MEDIUM,0.68
2026-02-12T11:21:31.690659,DEBIT,603.81,MEDIUM,0.77
2026-02-12T11:21:34.182961,TRANSFER,2705.53,MEDIUM,0.77
2026-02-12T11:21:36.663185,CASH_IN,7702.84,MEDIUM,0.69
2026-02-12T11:21:39.096574,PAYMENT,5086.04,MEDIUM,0.58
2026-02-12T11:21:41.546525,TRANSFER,2575.08,MEDIUM,0.79
2026-02-12T11:21:44.322236,PAYMENT,5963.58,LOW,0.0
2026-02-12T11:21:47.590834,CASH_IN,6832.73,LOW,0.04
2026-02-12T11:21:51.775566,DEBIT,9308.8,MEDIUM,0.72
2026-02-12T11:21:55.118268,PAYMENT,1128.54,MEDIUM,0.67
2026-02-12T11:21:58.969407,PAYMENT,7028.28,MEDIUM,0.61
2026-02-12T11:22:02.151552,CASH_OUT,3066.08,LOW,0.02
2026-02-12T11:22:07.972842,PAYMENT,4748.4,LOW,0.0
2026-02-12T11:22:11.539884,CASH_IN,5276.6,MEDIUM,0.75
2026-02-12T11:22:14.293744,TRANSFER,4931.21,MEDIUM,0.73
2026-02-12T11:22:17.658851,CASH_IN,2171.46,MEDIUM,0.69
2026-02-12T11:22:21.877792,TRANSFER,6739.52,MEDIUM,0.73
2026-02-12T11:22:26.422311,TRANSFER,7546.19,MEDIUM,0.79
2026-02-12T11:22:29.648212,DEBIT,2470.5,LOW,0.0
2026-02-12T11:22:32.351215,DEBIT,3815.4,MEDIUM,0.66
2026-02-12T11:22:35.982306,CASH_OUT,2256.55,HIGH,0.87
2026-02-12T11:22:39.349222,PAYMENT,656.97,LOW,0.02
2026-02-12T11:22:42.816022,DEBIT,6746.67,MEDIUM,0.71
2026-02-12T11:22:46.272241,PAYMENT,681.46,MEDIUM,0.71
2026-02-12T11:22:49.817976,CASH_IN,8916.94,MEDIUM,0.66
2026-02-12T11:22:53.725848,CASH_OUT,6240.39,HIGH,0.86
2026-02-12T11:22:56.175661,TRANSFER,1481.11,MEDIUM,0.78
2026-02-12T11:22:58.675060,CASH_OUT,6090.72,HIGH,0.84
2026-02-12T11:23:01.155768,CASH_OUT,114.89,MEDIUM,0.76
2026-02-12T11:23:03.702311,CASH_IN,3561.87,HIGH,0.81
2026-02-12T11:23:06.320002,CASH_IN,2286.94,LOW,0.0
2026-02-12T11:23:08.746193,TRANSFER,8914.25,MEDIUM,0.75
2026-02-12T11:23:11.156952,PAYMENT,4965.82,MEDIUM,0.61
2026-02-12T11:23:13.620064,CASH_IN,1335.2,MEDIUM,0.75
2026-02-12T11:23:16.155564,CASH_IN,4555.09,MEDIUM,0.68
2026-02-12T11:23:18.665510,DEBIT,5822.99,MEDIUM,0.74
2026-02-12T11:23:21.143193,CASH_IN,993.46,LOW,0.01
2026-02-12T11:23:23.591879,CASH_IN,3312.24,HIGH,0.81
2026-02-12T11:23:26.064362,CASH_OUT,3984.22,LOW,0.02
2026-02-12T11:23:28.522057,PAYMENT,8375.6,MEDIUM,0.59
2026-02-12T11:23:31.021240,CASH_IN,4572.67,LOW,0.0
2026-02-12T11:23:33.627805,PAYMENT,8538.67,LOW,0.0
2026-02-12T11:23:36.069412,TRANSFER,3776.41,LOW,0.0
2026-02-12T11:23:38.527406,PAYMENT,7133.19,MEDIUM,0.61
2026-02-12T11:23:40.918202,DEBIT,8533.87,LOW,0.02
2026-02-12T11:23:43.424438,DEBIT,7405.07,LOW,0.0
2026-02-12T11:23:45.977406,CASH_OUT,9080.81,LOW,0.04
2026-02-12T11:23:48.479609,CASH_OUT,7551.32,LOW,0.02
2026-02-12T11:23:50.960353,DEBIT,4832.15,MEDIUM,0.72
2026-02-12T11:23:53.476239,CASH_IN,7625.46,LOW,0.0
2026-02-12T11:23:55.943238,DEBIT,6148.05,LOW,0.0
2026-02-12T11:23:58.454833,TRANSFER,8872.07,MEDIUM,0.79
2026-02-12T11:24:00.940811,TRANSFER,2669.3,MEDIUM,0.79
2026-02-12T11:24:03.573385,TRANSFER,9323.07,LOW,0.09
2026-02-12T11:24:06.060990,PAYMENT,3898.13,MEDIUM,0.62
2026-02-12T11:24:08.592475,DEBIT,2380.54,MEDIUM,0.72
2026-02-12T11:24:11.141693,TRANSFER,3342.41,MEDIUM,0.68
2026-02-12T11:24:13.612350,TRANSFER,8928.28,LOW,0.01
2026-02-12T11:24:16.078860,DEBIT,6402.64,MEDIUM,0.71
2026-02-12T11:24:18.563402,TRANSFER,4558.89,LOW,0.01
2026-02-12T11:24:20.951951,DEBIT,5864.63,MEDIUM,0.73
2026-02-12T11:24:23.388539,DEBIT,2256.98,MEDIUM,0.72
2026-02-12T11:24:26.199823,PAYMENT,6626.95,MEDIUM,0.6
2026-02-12T11:24:31.508480,TRANSFER,3303.97,MEDIUM,0.75
2026-02-12T11:24:34.578051,CASH_IN,3409.13,HIGH,0.81
2026-02-12T11:24:38.668470,CASH_IN,1148.76,LOW,0.0
2026-02-12T11:24:42.130282,PAYMENT,5951.86,MEDIUM,0.67
2026-02-12T11:24:44.750951,TRANSFER,9632.45,LOW,0.03
2026-02-12T11:24:47.908486,PAYMENT,2223.51,MEDIUM,0.71
2026-02-12T11:24:51.690745,CASH_OUT,1358.49,HIGH,0.84
2026-02-12T11:24:54.759807,TRANSFER,433.23,HIGH,0.84
2026-02-12T11:24:57.401028,CASH_OUT,7195.49,MEDIUM,0.72
2026-02-12T11:25:00.745553,PAYMENT,87.64,MEDIUM,0.59
2026-02-12T11:25:04.275223,TRANSFER,5747.93,MEDIUM,0.75
2026-02-12T11:25:07.734879,DEBIT,7065.24,LOW,0.0
2026-02-12T11:25:12.135967,CASH_IN,3301.54,LOW,0.0
2026-02-12T11:25:15.655237,CASH_OUT,273.47,MEDIUM,0.73
2026-02-12T11:25:18.261752,CASH_IN,3668.59,MEDIUM,0.8
2026-02-12T11:25:21.197663,DEBIT,9990.33,LOW,0.01
2026-02-12T11:25:24.611584,CASH_OUT,4522.11,HIGH,0.86
2026-02-12T11:25:28.453521,TRANSFER,5518.0,MEDIUM,0.72
2026-02-12T11:25:31.782628,PAYMENT,8782.22,MEDIUM,0.6
2026-02-12T11:25:35.609091,CASH_IN,2697.05,MEDIUM,0.78
2026-02-12T11:25:39.276723,TRANSFER,4112.39,MEDIUM,0.79
2026-02-12T11:25:43.425192,CASH_IN,3092.45,MEDIUM,0.75
2026-02-12T11:25:46.864249,DEBIT,2070.3,LOW,0.0
2026-02-12T11:25:50.183215,DEBIT,4441.84,MEDIUM,0.8
2026-02-12T11:25:53.266181,TRANSFER,4064.44,HIGH,0.9
2026-02-12T11:25:56.278323,DEBIT,5378.51,MEDIUM,0.8
2026-02-12T11:25:59.438000,CASH_IN,6278.68,LOW,0.0
2026-02-12T11:26:03.136202,CASH_OUT,8578.69,LOW,0.01
2026-02-12T11:26:06.334022,CASH_OUT,2620.78,MEDIUM,0.72
2026-02-12T11:26:12.954347,DEBIT,9019.8,MEDIUM,0.7
2026-02-12T11:26:15.984268,CASH_OUT,3316.54,MEDIUM,0.73
2026-02-12T11:26:19.181139,PAYMENT,4337.58,MEDIUM,0.62
2026-02-12T11:26:23.045784,PAYMENT,3138.48,MEDIUM,0.68
2026-02-12T11:26:26.114607,PAYMENT,7299.65,MEDIUM,0.67
2026-02-12T11:26:29.178727,CASH_IN,8358.72,LOW,0.04
2026-02-12T11:26:31.959121,CASH_OUT,4803.13,MEDIUM,0.67
2026-02-12T11:26:35.042427,DEBIT,7273.29,MEDIUM,0.7
2026-02-12T11:26:38.602458,CASH_IN,4793.31,MEDIUM,0.66
2026-02-12T11:26:42.127292,PAYMENT,1673.99,MEDIUM,0.64
2026-02-12T11:26:46.851740,DEBIT,3850.78,LOW,0.0
2026-02-12T11:26:49.768078,CASH_OUT,3698.36,MEDIUM,0.74
2026-02-12T11:26:53.424436,PAYMENT,3913.0,MEDIUM,0.61
2026-02-12T11:26:58.909665,TRANSFER,7547.56,MEDIUM,0.75
2026-02-12T11:27:01.933378,TRANSFER,8079.38,MEDIUM,0.74
2026-02-12T11:27:05.273595,TRANSFER,4787.39,MEDIUM,0.69
2026-02-12T11:27:08.100264,CASH_OUT,4115.16,MEDIUM,0.75
2026-02-12T11:27:11.566755,CASH_IN,362.95,MEDIUM,0.79
2026-02-12T11:27:15.781585,DEBIT,522.89,HIGH,0.85
2026-02-12T11:27:21.960163,DEBIT,1863.8,HIGH,0.84
2026-02-12T11:27:26.078136,PAYMENT,8265.67,LOW,0.0
2026-02-12T11:27:29.886186,CASH_OUT,2927.42,LOW,0.0
2026-02-12T11:27:32.871352,DEBIT,2532.65,MEDIUM,0.73
2026-02-12T11:27:42.568284,CASH_IN,6024.13,MEDIUM,0.66
2026-02-12T11:27:46.449573,PAYMENT,8154.51,LOW,0.0
2026-02-12T11:27:50.200309,PAYMENT,4641.76,MEDIUM,0.6
2026-02-12T11:27:54.308181,CASH_IN,6224.85,MEDIUM,0.68
2026-02-12T11:27:58.030924,CASH_OUT,6971.56,MEDIUM,0.75
2026-02-12T11:28:05.222040,CASH_OUT,6095.09,MEDIUM,0.72
2026-02-12T11:28:08.223131,CASH_OUT,3346.99,MEDIUM,0.75
2026-02-12T11:28:12.498851,DEBIT,8593.67,MEDIUM,0.73
2026-02-12T11:28:17.429792,TRANSFER,1659.06,LOW,0.06
2026-02-12T11:28:20.764455,CASH_OUT,7102.67,HIGH,0.82
2026-02-12T11:28:24.276435,PAYMENT,4079.51,LOW,0.02
2026-02-12T11:28:27.874150,TRANSFER,9983.46,MEDIUM,0.73
2026-02-12T11:28:33.797637,CASH_OUT,7383.14,MEDIUM,0.75
2026-02-12T11:28:37.566162,CASH_IN,382.98,MEDIUM,0.72
2026-02-12T11:28:45.288868,DEBIT,5242.99,MEDIUM,0.73
2026-02-12T11:28:49.485223,TRANSFER,8400.95,LOW,0.01
2026-02-12T11:28:53.365880,CASH_IN,5907.37,LOW,0.0
2026-02-12T11:28:56.869834,TRANSFER,9647.26,MEDIUM,0.73
2026-02-12T11:29:02.334668,CASH_IN,5608.15,LOW,0.0
2026-02-12T11:29:06.487891,CASH_OUT,2397.78,LOW,0.06
2026-02-12T11:29:11.876511,DEBIT,7499.42,MEDIUM,0.76
2026-02-12T11:29:16.610552,PAYMENT,5509.13,LOW,0.0
2026-02-12T11:29:23.619543,PAYMENT,8522.56,LOW,0.0
2026-02-12T11:29:27.710080,TRANSFER,1260.99,HIGH,0.81
2026-02-12T11:29:31.398378,PAYMENT,7569.43,MEDIUM,0.7
2026-02-12T11:29:35.089743,CASH_OUT,9440.68,LOW,0.02
2026-02-12T11:29:39.157485,CASH_OUT,2227.6,LOW,0.03
2026-02-12T11:29:43.106585,DEBIT,2917.77,MEDIUM,0.8
2026-02-12T11:29:47.673398,CASH_IN,3537.89,MEDIUM,0.6
2026-02-12T11:29:50.924244,CASH_IN,2026.45,MEDIUM,0.64
2026-02-12T11:29:54.507414,DEBIT,7321.82,MEDIUM,0.71
2026-02-12T11:29:57.557489,CASH_OUT,4112.24,HIGH,0.87
2026-02-12T11:30:01.494288,DEBIT,2097.83,MEDIUM,0.71
2026-02-12T11:30:06.114405,TRANSFER,7834.27,LOW,0.13
2026-02-12T11:30:12.320558,CASH_IN,3282.25,MEDIUM,0.67
2026-02-12T11:30:15.521249,TRANSFER,6896.51,MEDIUM,0.74
2026-02-12T11:30:19.942411,TRANSFER,8225.9,MEDIUM,0.76
2026-02-12T11:30:25.241273,TRANSFER,2807.3,LOW,0.01
2026-02-12T11:30:29.019365,TRANSFER,4091.5,HIGH,0.81
2026-02-12T11:30:32.297360,DEBIT,4975.39,LOW,0.01
2026-02-12T11:30:35.909304,DEBIT,9617.01,HIGH,0.84
2026-02-12T11:30:40.734636,CASH_IN,1510.48,LOW,0.01
2026-02-12T11:30:48.787567,PAYMENT,6230.08,LOW,0.0
2026-02-12T11:30:52.394435,CASH_OUT,4750.15,LOW,0.01
2026-02-12T11:30:56.383922,CASH_OUT,2333.84,MEDIUM,0.77
2026-02-12T11:30:59.846954,CASH_IN,2383.22,LOW,0.04
2026-02-12T11:31:07.790142,CASH_OUT,3648.59,MEDIUM,0.75
2026-02-12T11:31:11.533184,DEBIT,8131.67,MEDIUM,0.71
