step,type,amount,oldbalanceOrg,newbalanceOrig,oldbalanceDest,newbalanceDest,source_account,destination_account,graph_score,ring_detected,triangle_cycle_detected,hub_flag,mule_flag,burst_cluster_flag,suspicious_connection_count,shared_counterparties,source_out_degree,destination_in_degree,bridge_flag,destination_repeat_rate,source_repeat_rate,prior_risk_hits,client_id,timestamp,predicted_risk,predicted_probability,anomaly_score,confirmed_label,isFraud
23,DEBIT,1490.13,19922.5,18432.37,14109.75,15599.88,user-8049,merchant-750,0.2,False,False,True,False,False,0,0,2,30,False,0.0,0.0,0,background-stream,2026-03-30T02:40:59.303797,MEDIUM,0.76769,0.143722,,0
19,TRANSFER,9796.64,15147.36,5350.72,15132.97,24929.61,user-2013,merchant-958,0.2,False,False,True,False,False,0,0,4,30,False,0.0,0.0,0,background-stream,2026-03-30T02:41:01.522308,MEDIUM,0.765,0.16219,,0
20,DEBIT,1456.64,10656.84,9200.2,602.37,2059.01,user-6733,merchant-260,0.25,False,False,True,False,False,0,0,0,23,False,0.0,0.0,1,background-stream,2026-03-30T02:41:03.780605,MEDIUM,0.776541,0.128903,,0
4,CASH_IN,9408.28,28733.38,19325.1,582.96,9991.24,user-2029,merchant-658,0.2,False,False,True,False,False,0,0,7,34,False,0.0,0.0,0,background-stream,2026-03-30T02:41:06.055237,LOW,0.065,0.212017,,0
23,CASH_OUT,2171.93,8106.24,5934.31,8741.09,10913.02,user-8079,merchant-548,0.2,False,False,True,False,False,0,0,2,22,False,0.0,0.0,0,background-stream,2026-03-30T02:41:08.303237,MEDIUM,0.765,0.187855,,0
22,DEBIT,450.29,3496.21,3045.92,11551.01,12001.3,user-6788,merchant-182,0.2,False,False,True,False,False,0,0,1,32,False,0.0,0.0,0,background-stream,2026-03-30T02:41:10.558338,MEDIUM,0.772954,0.131439,,0
4,DEBIT,2586.37,4054.97,1468.6,17916.64,20503.01,user-1023,merchant-965,0.25,False,False,True,False,False,0,0,6,29,False,0.0,0.0,1,background-stream,2026-03-30T02:41:12.808460,LOW,0.0675,0.181467,,0
3,PAYMENT,6438.3,23889.35,17451.05,12129.95,18568.25,user-3751,merchant-854,0.2,False,False,True,False,False,0,0,0,38,False,0.0,0.0,0,background-stream,2026-03-30T02:41:15.079999,LOW,0.065,0.265295,,0
23,PAYMENT,3007.94,3052.82,44.88,5938.19,8946.13,user-5307,merchant-274,0.2,False,False,True,False,False,0,0,2,30,False,0.0,0.0,0,background-stream,2026-03-30T02:41:17.321809,MEDIUM,0.765,0.233638,,0
13,CASH_IN,8110.16,24604.99,16494.83,16922.17,25032.33,user-9915,merchant-114,0.2,False,False,True,False,False,0,0,3,24,False,0.0,0.0,0,background-stream,2026-03-30T02:41:19.642391,MEDIUM,0.765017,0.14996,,0
19,CASH_OUT,2256.91,16561.93,14305.02,19053.08,21309.99,user-8742,merchant-712,0.25,False,False,True,False,False,0,0,2,37,False,0.0,0.0,1,background-stream,2026-03-30T02:41:21.890842,MEDIUM,0.7675,0.171294,,0
4,CASH_IN,2039.38,20820.21,18780.83,361.48,2400.86,user-7782,merchant-414,0.2,False,False,True,False,False,0,0,2,34,False,0.0,0.0,0,background-stream,2026-03-30T02:41:24.123022,LOW,0.065,0.21204,,0
1,CASH_IN,5896.38,20701.34,14804.96,17854.83,23751.21,user-3400,merchant-656,0.3,False,False,True,False,False,0,0,5,33,False,0.0,0.0,2,background-stream,2026-03-30T02:41:26.338496,LOW,0.07,0.21219,,0
17,CASH_IN,1894.32,16891.89,14997.57,8779.42,10673.74,user-6784,merchant-373,0.2,False,False,True,False,False,0,0,0,28,False,0.0,0.0,0,background-stream,2026-03-30T02:41:28.556468,MEDIUM,0.765,0.154085,,0
13,CASH_OUT,4411.29,18723.52,14312.23,13840.29,18251.58,user-9520,merchant-483,0.25,False,False,True,False,False,0,0,6,33,False,0.0,0.0,1,background-stream,2026-03-30T02:41:30.868784,MEDIUM,0.7675,0.164063,,0
10,CASH_OUT,241.35,1199.01,957.66,15945.27,16186.62,user-7734,merchant-882,0.2,False,False,True,False,False,0,0,4,37,False,0.0,0.0,0,background-stream,2026-03-30T02:41:33.107333,MEDIUM,0.765,0.199032,,0
8,TRANSFER,8106.89,10140.58,2033.69,7588.9,15695.79,user-6971,merchant-372,0.2,False,False,True,False,False,0,0,3,37,False,0.0,0.0,0,background-stream,2026-03-30T02:41:35.356391,MEDIUM,0.764999,0.208092,,0
20,CASH_IN,7767.6,10081.55,2313.95,1639.9,9407.5,user-6204,merchant-795,0.25,False,False,True,False,False,0,0,5,35,False,0.0,0.0,1,background-stream,2026-03-30T02:41:37.546473,MEDIUM,0.7675,0.162114,,0
17,PAYMENT,3858.83,10843.24,6984.41,40.28,3899.11,user-3236,merchant-270,0.2,False,False,True,False,False,0,0,4,28,False,0.0,0.0,0,background-stream,2026-03-30T02:41:39.780331,MEDIUM,0.765,0.215371,,0
24,DEBIT,6398.84,21464.31,15065.47,11017.5,17416.34,user-6351,merchant-999,0.2,False,False,True,False,False,0,0,1,31,False,0.0,0.0,0,background-stream,2026-03-30T02:41:42.091097,MEDIUM,0.765,0.153388,,0
22,CASH_OUT,2966.05,15729.92,12763.87,1246.82,4212.87,user-4774,merchant-167,0.2,False,False,True,False,False,0,0,2,20,False,0.0,0.0,0,background-stream,2026-03-30T02:41:44.352541,MEDIUM,0.765,0.177477,,0
17,CASH_IN,1846.18,19154.05,17307.87,7106.88,8953.06,user-8850,merchant-801,0.25,False,False,True,False,False,0,0,4,42,False,0.0,0.0,1,background-stream,2026-03-30T02:41:46.597283,MEDIUM,0.7675,0.154085,,0
18,CASH_OUT,4757.56,7784.92,3027.36,14957.78,19715.34,user-7607,merchant-414,0.2,False,False,True,False,False,0,0,3,35,False,0.0,0.0,0,background-stream,2026-03-30T02:41:48.820166,MEDIUM,0.765,0.175994,,0
3,CASH_IN,1142.67,13453.35,12310.68,17870.56,19013.23,user-4742,merchant-194,0.25,False,False,True,False,False,0,0,0,25,False,0.0,0.0,1,background-stream,2026-03-30T02:41:51.066902,LOW,0.0675,0.212139,,0
17,CASH_IN,2425.02,2681.19,256.17,14867.62,17292.64,user-7106,merchant-491,0.2,False,False,True,False,False,0,0,0,33,False,0.0,0.0,0,background-stream,2026-03-30T02:41:53.381150,MEDIUM,0.765,0.153975,,0
1,DEBIT,9944.9,29189.15,19244.25,6348.27,16293.17,user-8125,merchant-552,0.2,False,False,True,False,False,0,0,5,28,False,0.0,0.0,0,background-stream,2026-03-30T02:41:55.613302,LOW,0.065,0.18904,,0
18,CASH_IN,9593.27,17019.76,7426.49,7490.1,17083.37,user-1808,merchant-979,0.2,False,False,True,False,False,0,0,3,31,False,0.0,0.0,0,background-stream,2026-03-30T02:41:57.855322,MEDIUM,0.765,0.156859,,0
5,TRANSFER,3866.64,10618.71,6752.07,15179.38,19046.02,user-8306,merchant-765,0.2,False,False,True,False,False,0,0,4,34,False,0.0,0.0,0,background-stream,2026-03-30T02:42:00.121128,LOW,0.065,0.22657,,0
21,PAYMENT,910.23,11069.09,10158.86,1572.46,2482.69,user-6214,merchant-549,0.2,False,False,True,False,False,0,0,5,26,False,0.0,0.0,0,background-stream,2026-03-30T02:42:02.365290,MEDIUM,0.765,0.218078,,0
20,DEBIT,7445.71,9112.74,1667.03,19649.75,27095.46,user-7349,merchant-487,0.3,False,False,True,False,False,0,0,2,34,False,0.0,0.0,2,background-stream,2026-03-30T02:42:04.658986,MEDIUM,0.779569,0.127672,,0
4,CASH_OUT,381.52,2963.55,2582.03,10770.0,11151.52,user-3448,merchant-903,0.2,False,False,True,False,False,0,0,3,28,False,0.0,0.0,0,background-stream,2026-03-30T02:42:06.883703,LOW,0.084387,0.234878,,0
22,CASH_OUT,8219.54,24655.91,16436.37,1491.17,9710.71,user-3067,merchant-773,0.2,False,False,True,False,False,0,0,0,33,False,0.0,0.0,0,background-stream,2026-03-30T02:42:09.119348,MEDIUM,0.765,0.177001,,0
6,CASH_IN,7051.71,7352.44,300.73,5451.92,12503.63,user-3634,merchant-980,0.2,False,False,True,False,False,0,0,3,29,False,0.0,0.0,0,background-stream,2026-03-30T02:42:11.335036,LOW,0.065,0.216674,,0
3,CASH_IN,8092.29,8276.36,184.07,448.18,8540.47,user-1346,merchant-990,0.2,False,False,True,False,False,0,0,2,23,False,0.0,0.0,0,background-stream,2026-03-30T02:42:13.566468,LOW,0.065,0.212523,,0
4,CASH_OUT,6665.52,13462.28,6796.76,8862.86,15528.38,user-6077,merchant-417,0.2,False,False,True,False,False,0,0,3,21,False,0.0,0.0,0,background-stream,2026-03-30T02:42:15.877144,LOW,0.065016,0.231724,,0
12,PAYMENT,2788.31,21639.88,18851.57,6682.98,9471.29,user-7821,merchant-424,0.2,False,False,True,False,False,0,0,3,25,False,0.0,0.0,0,background-stream,2026-03-30T02:42:18.120064,MEDIUM,0.765,0.219729,,0
16,CASH_IN,3547.29,5097.42,1550.13,13658.65,17205.94,user-5499,merchant-643,0.25,False,False,True,False,False,0,0,1,32,False,0.0,0.0,1,background-stream,2026-03-30T02:42:20.340354,MEDIUM,0.770405,0.143222,,0
14,PAYMENT,522.75,5762.82,5240.07,11391.67,11914.42,user-1320,merchant-594,0.2,False,False,True,False,False,0,0,8,22,False,0.0,0.0,0,background-stream,2026-03-30T02:42:22.575483,MEDIUM,0.765,0.204062,,0
17,TRANSFER,5154.02,15569.78,10415.76,14744.93,19898.95,user-6307,merchant-369,0.2,False,False,True,False,False,0,0,2,28,False,0.0,0.0,0,background-stream,2026-03-30T02:42:24.808331,MEDIUM,0.765,0.162027,,0
17,CASH_IN,4993.53,19677.04,14683.51,13010.43,18003.96,user-7493,merchant-894,0.2,False,False,True,False,False,0,0,4,21,False,0.0,0.0,0,background-stream,2026-03-30T02:42:27.132440,MEDIUM,0.765,0.154305,,0
21,CASH_OUT,2529.94,18125.03,15595.09,4079.98,6609.92,user-8941,merchant-897,0.2,False,False,True,False,False,0,0,2,32,False,0.0,0.0,0,background-stream,2026-03-30T02:42:29.381413,MEDIUM,0.765,0.171728,,0
23,PAYMENT,2559.96,12524.02,9964.06,766.31,3326.27,user-9881,merchant-678,0.2,False,False,True,False,False,0,0,5,37,False,0.0,0.0,0,background-stream,2026-03-30T02:42:31.628210,MEDIUM,0.765,0.233868,,0
17,CASH_IN,374.14,19815.13,19440.99,14100.8,14474.94,user-5764,merchant-408,0.2,False,False,True,False,False,0,0,4,27,False,0.0,0.0,0,background-stream,2026-03-30T02:42:33.860165,MEDIUM,0.765,0.154085,,0
14,DEBIT,2924.17,9368.58,6444.41,18219.3,21143.47,user-1897,merchant-336,0.2,False,False,True,False,False,0,0,6,33,False,0.0,0.0,0,background-stream,2026-03-30T02:42:36.123591,MEDIUM,0.781948,0.110454,,0
20,CASH_IN,337.47,2620.7,2283.23,8697.74,9035.21,user-6559,merchant-765,0.2,False,False,True,False,False,0,0,5,35,False,0.0,0.0,0,background-stream,2026-03-30T02:42:38.374786,MEDIUM,0.765,0.161933,,0
7,DEBIT,2638.37,19377.97,16739.6,19546.66,22185.03,user-2634,merchant-329,0.2,False,False,True,False,False,0,0,3,28,False,0.0,0.0,0,background-stream,2026-03-30T02:42:40.608487,LOW,0.065,0.177331,,0
16,DEBIT,4014.35,6986.33,2971.98,14782.89,18797.24,user-8900,merchant-228,0.2,False,False,True,False,False,0,0,5,27,False,0.0,0.0,0,background-stream,2026-03-30T02:42:42.856604,MEDIUM,0.781284,0.112004,,0
21,TRANSFER,4845.45,21844.73,16999.28,11676.47,16521.92,user-6217,merchant-978,0.2,False,False,True,False,False,0,0,3,26,False,0.0,0.0,0,background-stream,2026-03-30T02:42:45.118995,MEDIUM,0.765,0.164634,,0
24,PAYMENT,8189.48,20700.51,12511.03,14287.73,22477.21,user-8960,merchant-106,0.2,False,False,True,False,False,0,0,3,32,False,0.0,0.0,0,background-stream,2026-03-30T02:42:47.351921,MEDIUM,0.765,0.241225,,0
3,CASH_OUT,7332.39,14508.22,7175.83,12496.81,19829.2,user-7724,merchant-599,0.2,False,False,True,False,False,0,0,2,32,False,0.0,0.0,0,background-stream,2026-03-30T02:42:49.665441,LOW,0.065001,0.232043,,0
10,CASH_IN,8823.2,27932.73,19109.53,11390.1,20213.3,user-5839,merchant-721,0.2,False,False,True,False,False,0,0,2,25,False,0.0,0.0,0,background-stream,2026-03-30T02:42:51.971701,MEDIUM,0.765,0.17663,,0
5,CASH_IN,5015.03,8725.91,3710.88,1720.5,6735.53,user-9334,merchant-572,0.2,False,False,True,False,False,0,0,3,21,False,0.0,0.0,0,background-stream,2026-03-30T02:42:54.224628,LOW,0.065,0.216467,,0
16,CASH_OUT,4864.87,6586.98,1722.11,15887.64,20752.51,user-4086,merchant-832,0.2,False,False,True,False,False,0,0,1,23,False,0.0,0.0,0,background-stream,2026-03-30T02:42:56.463118,MEDIUM,0.765,0.163115,,0
24,TRANSFER,863.97,15228.53,14364.56,6476.4,7340.37,user-1742,merchant-581,0.2,False,False,True,False,False,0,0,0,26,False,0.0,0.0,0,background-stream,2026-03-30T02:42:58.700239,MEDIUM,0.765,0.18939,,0
8,CASH_OUT,683.08,13401.14,12718.06,14055.51,14738.59,user-2460,merchant-154,0.2,False,False,True,False,False,0,0,3,42,False,0.0,0.0,0,background-stream,2026-03-30T02:43:00.976633,MEDIUM,0.764999,0.215723,,0
1,DEBIT,5962.62,14834.9,8872.28,16510.8,22473.42,user-7749,merchant-152,0.2,False,False,True,False,False,0,0,4,23,False,0.0,0.0,0,background-stream,2026-03-30T02:43:03.202161,LOW,0.065,0.190384,,0
7,PAYMENT,7289.37,16756.24,9466.87,4189.73,11479.1,user-2992,merchant-596,0.25,False,False,True,False,False,0,0,2,28,False,0.0,0.0,1,background-stream,2026-03-30T02:43:05.872835,LOW,0.0675,0.281314,,0
10,CASH_OUT,6035.57,13603.51,7567.94,14552.13,20587.7,user-6627,merchant-587,0.2,False,False,True,False,False,0,0,1,22,False,0.0,0.0,0,background-stream,2026-03-30T02:43:08.068099,MEDIUM,0.765,0.194453,,0
3,PAYMENT,1825.08,2407.56,582.48,7645.75,9470.83,user-7503,merchant-782,0.2,False,False,True,False,False,0,0,2,30,False,0.0,0.0,0,background-stream,2026-03-30T02:43:10.286596,LOW,0.065,0.266404,,0
10,CASH_OUT,9872.67,20454.91,10582.24,11596.28,21468.95,user-1312,merchant-381,0.2,False,False,True,False,False,0,0,3,39,False,0.0,0.0,0,background-stream,2026-03-30T02:43:12.553819,MEDIUM,0.765,0.193261,,0
24,DEBIT,8176.9,22359.01,14182.11,18891.67,27068.57,user-8951,merchant-295,0.2,False,False,True,False,False,0,0,1,29,False,0.0,0.0,0,background-stream,2026-03-30T02:43:14.815834,MEDIUM,0.765,0.153485,,0
15,CASH_IN,2641.71,6376.57,3734.86,13725.89,16367.6,user-1333,merchant-503,0.2,False,False,True,False,False,0,0,2,21,False,0.0,0.0,0,background-stream,2026-03-30T02:43:17.111671,MEDIUM,0.76802,0.142951,,0
24,TRANSFER,3594.96,22465.44,18870.48,4871.13,8466.09,user-6309,merchant-482,0.2,False,False,True,False,False,0,0,2,27,False,0.0,0.0,0,background-stream,2026-03-30T02:43:19.349790,MEDIUM,0.765,0.187844,,0
19,DEBIT,3892.23,19702.04,15809.81,11512.66,15404.89,user-3171,merchant-649,0.2,False,False,True,False,False,0,0,2,28,False,0.0,0.0,0,background-stream,2026-03-30T02:43:21.553270,MEDIUM,0.776931,0.122161,,0
18,PAYMENT,7900.27,10738.13,2837.86,19355.86,27256.13,user-1160,merchant-151,0.2,False,False,True,False,False,0,0,2,28,False,0.0,0.0,0,background-stream,2026-03-30T02:43:23.857836,MEDIUM,0.765,0.215546,,0
15,CASH_OUT,2481.83,14460.76,11978.93,19934.81,22416.64,user-5231,merchant-302,0.2,False,False,True,False,False,0,0,3,32,False,0.0,0.0,0,background-stream,2026-03-30T02:43:26.191023,MEDIUM,0.765,0.154444,,0
12,CASH_OUT,487.32,16259.49,15772.17,13758.18,14245.5,user-8393,merchant-910,0.2,False,False,True,False,False,0,0,1,30,False,0.0,0.0,0,background-stream,2026-03-30T02:43:28.433973,MEDIUM,0.765,0.171807,,0
18,DEBIT,4587.2,14135.19,9547.99,7597.13,12184.33,user-8622,merchant-870,0.2,False,False,True,False,False,0,0,4,34,False,0.0,0.0,0,background-stream,2026-03-30T02:43:30.717149,MEDIUM,0.776916,0.122196,,0
22,TRANSFER,3007.95,22396.46,19388.51,7120.53,10128.48,user-9240,merchant-211,0.2,False,False,True,False,False,0,0,3,37,False,0.0,0.0,0,background-stream,2026-03-30T02:43:33.143585,MEDIUM,0.765,0.167407,,0
12,DEBIT,1642.38,15867.07,14224.69,10968.82,12611.2,user-7275,merchant-453,0.2,False,False,True,False,False,0,0,2,27,False,0.0,0.0,0,background-stream,2026-03-30T02:43:36.673649,MEDIUM,0.775051,0.126547,,0
20,DEBIT,2044.41,11191.58,9147.17,5874.25,7918.66,user-3469,merchant-961,0.3,False,False,True,False,False,0,0,2,28,False,0.0,0.0,2,background-stream,2026-03-30T02:43:39.467280,MEDIUM,0.778992,0.129018,,0
8,CASH_IN,1010.49,13571.97,12561.48,17302.5,18312.99,user-8936,merchant-228,0.2,False,False,True,False,False,0,0,3,28,False,0.0,0.0,0,background-stream,2026-03-30T02:43:41.727782,MEDIUM,0.764999,0.198187,,0
1,TRANSFER,2916.54,10978.64,8062.1,11432.75,14349.29,user-7443,merchant-356,0.2,False,False,True,False,False,0,0,4,21,False,0.0,0.0,0,background-stream,2026-03-30T02:43:44.020335,LOW,0.065,0.219447,,0
10,TRANSFER,5053.8,11311.32,6257.52,7993.02,13046.82,user-3929,merchant-284,0.2,False,False,True,False,False,0,0,3,20,False,0.0,0.0,0,background-stream,2026-03-30T02:43:46.315226,MEDIUM,0.764999,0.185859,,0
8,DEBIT,466.34,17711.13,17244.79,4866.89,5333.23,user-9953,merchant-670,0.2,False,False,True,False,False,0,0,4,23,False,0.0,0.0,0,background-stream,2026-03-30T02:43:48.631843,MEDIUM,0.765,0.159654,,0
1,TRANSFER,7544.07,10021.39,2477.32,17498.51,25042.58,user-4193,merchant-318,0.2,False,False,True,False,False,0,0,1,20,False,0.0,0.0,0,background-stream,2026-03-30T02:43:50.940206,LOW,0.065,0.220951,,0
7,DEBIT,4402.63,20871.83,16469.2,1580.14,5982.77,user-4466,merchant-145,0.2,False,False,True,False,False,0,0,3,32,False,0.0,0.0,0,background-stream,2026-03-30T02:43:53.249172,LOW,0.065,0.177407,,0
12,DEBIT,893.28,12333.4,11440.12,6972.77,7866.05,user-6012,merchant-131,0.2,False,False,True,False,False,0,0,3,23,False,0.0,0.0,0,background-stream,2026-03-30T02:43:55.530412,MEDIUM,0.775143,0.126332,,0
6,CASH_IN,7224.72,22764.31,15539.59,3800.95,11025.67,user-2589,merchant-720,0.2,False,False,True,False,False,0,0,2,30,False,0.0,0.0,0,background-stream,2026-03-30T02:43:57.819377,LOW,0.065,0.216395,,0
14,DEBIT,723.13,3397.21,2674.08,9589.35,10312.48,user-2037,merchant-932,0.2,False,False,True,False,False,0,0,2,31,False,0.0,0.0,0,background-stream,2026-03-30T02:44:00.253079,MEDIUM,0.78194,0.110471,,0
17,CASH_IN,4325.91,19711.59,15385.68,6385.65,10711.56,user-6309,merchant-619,0.2,False,False,True,False,False,0,0,3,30,False,0.0,0.0,0,background-stream,2026-03-30T02:44:02.520294,MEDIUM,0.765,0.154085,,0
11,TRANSFER,5101.79,8371.69,3269.9,317.75,5419.54,user-7378,merchant-158,0.2,False,False,True,False,False,0,0,2,30,False,0.0,0.0,0,background-stream,2026-03-30T02:44:04.751519,MEDIUM,0.765,0.174859,,0
18,PAYMENT,5383.11,11518.62,6135.51,19081.67,24464.78,user-3844,merchant-737,0.2,False,False,True,False,False,0,0,3,26,False,0.0,0.0,0,background-stream,2026-03-30T02:44:06.944902,MEDIUM,0.765,0.216629,,0
16,CASH_OUT,7516.8,26781.82,19265.02,14294.28,21811.08,user-1722,merchant-835,0.2,False,False,True,False,False,0,0,1,27,False,0.0,0.0,0,background-stream,2026-03-30T02:44:09.269216,MEDIUM,0.765,0.155144,,0
3,PAYMENT,9915.42,9964.01,48.59,8852.09,18767.51,user-7793,merchant-771,0.2,False,False,True,False,False,0,0,1,24,False,0.0,0.0,0,background-stream,2026-03-30T02:44:11.576318,HIGH,0.11,0.265724,,1
20,CASH_IN,6693.11,9024.1,2330.99,15822.2,22515.31,user-6271,merchant-291,0.25,False,False,True,False,False,0,0,3,28,False,0.0,0.0,1,background-stream,2026-03-30T02:44:14.094457,MEDIUM,0.7675,0.162114,,0
2,CASH_IN,9819.39,26594.26,16774.87,11034.69,20854.08,user-4446,merchant-498,0.2,False,False,True,False,False,0,0,2,26,False,0.0,0.0,0,background-stream,2026-03-30T02:44:16.341685,LOW,0.065,0.208694,,0
13,PAYMENT,588.39,10478.19,9889.8,5128.55,5716.94,user-3455,merchant-494,0.2,False,False,True,False,False,0,0,3,36,False,0.0,0.0,0,background-stream,2026-03-30T02:44:18.593154,MEDIUM,0.765,0.207318,,0
9,CASH_OUT,7749.31,15186.19,7436.88,6099.36,13848.67,user-6928,merchant-527,0.2,False,False,True,False,False,0,0,2,26,False,0.0,0.0,0,background-stream,2026-03-30T02:44:20.858895,MEDIUM,0.765,0.207622,,0
1,PAYMENT,3349.83,6037.62,2687.79,1970.51,5320.34,user-4108,merchant-681,0.2,False,False,True,False,False,0,0,1,32,False,0.0,0.0,0,background-stream,2026-03-30T02:44:23.222987,LOW,0.065,0.271692,,0
4,CASH_IN,2753.24,21188.88,18435.64,5125.55,7878.79,user-5559,merchant-792,0.25,False,False,True,False,False,0,0,2,28,False,0.0,0.0,1,background-stream,2026-03-30T02:44:25.483746,LOW,0.0675,0.212137,,0
10,TRANSFER,8394.1,9383.16,989.06,8874.4,17268.5,user-1771,merchant-134,0.2,False,False,True,False,False,0,0,2,32,False,0.0,0.0,0,background-stream,2026-03-30T02:44:27.705849,MEDIUM,0.765,0.188698,,0
5,CASH_IN,8257.28,27670.37,19413.09,8354.31,16611.59,user-3250,merchant-525,0.2,False,False,True,False,False,0,0,2,28,False,0.0,0.0,0,background-stream,2026-03-30T02:44:29.967565,LOW,0.065,0.216157,,0
21,PAYMENT,9207.13,23114.17,13907.04,3832.17,13039.3,user-3552,merchant-118,0.2,False,False,True,False,False,0,0,1,27,False,0.0,0.0,0,background-stream,2026-03-30T02:44:32.226872,MEDIUM,0.765,0.216931,,0
24,CASH_OUT,8709.43,18318.72,9609.29,3958.71,12668.14,user-4607,merchant-880,0.2,False,False,True,False,False,0,0,4,29,False,0.0,0.0,0,background-stream,2026-03-30T02:44:34.532461,MEDIUM,0.765,0.196668,,0
5,PAYMENT,7069.25,9346.34,2277.09,8175.32,15244.57,user-7832,merchant-425,0.2,False,False,True,False,False,0,0,3,17,False,0.0,0.0,0,background-stream,2026-03-30T02:44:36.784034,LOW,0.065,0.274581,,0
23,TRANSFER,2849.71,12256.1,9406.39,6286.8,9136.51,user-7346,merchant-500,0.2,False,False,True,False,False,0,0,3,31,False,0.0,0.0,0,background-stream,2026-03-30T02:44:38.988081,MEDIUM,0.765,0.181371,,0
22,CASH_IN,2730.73,15365.16,12634.43,16500.68,19231.41,user-5203,merchant-932,0.2,False,False,True,False,False,0,0,8,32,False,0.0,0.0,0,background-stream,2026-03-30T02:44:41.230355,MEDIUM,0.765,0.166491,,0
20,PAYMENT,4394.55,12861.98,8467.43,7974.31,12368.86,user-6383,merchant-441,0.2,False,False,True,False,False,0,0,3,28,False,0.0,0.0,0,background-stream,2026-03-30T02:44:43.472028,MEDIUM,0.765,0.218078,,0
7,CASH_IN,8597.16,24572.14,15974.98,3758.73,12355.89,user-4382,merchant-168,0.2,False,False,True,False,False,0,0,3,39,False,0.0,0.0,0,background-stream,2026-03-30T02:44:45.770325,LOW,0.065,0.216903,,0
19,DEBIT,7205.46,10992.15,3786.69,16598.57,23804.03,user-1586,merchant-838,0.2,False,False,True,False,False,0,0,2,29,False,0.0,0.0,0,background-stream,2026-03-30T02:44:48.022335,MEDIUM,0.777348,0.121186,,0
7,TRANSFER,1197.48,6535.28,5337.8,18439.64,19637.12,user-5984,merchant-368,0.2,False,False,True,False,False,0,0,1,26,False,0.0,0.0,0,background-stream,2026-03-30T02:44:50.265501,LOW,0.065,0.228666,,0
23,TRANSFER,138.67,11591.49,11452.82,1144.19,1282.86,user-5156,merchant-572,0.2,False,False,True,False,False,0,0,1,22,False,0.0,0.0,0,background-stream,2026-03-30T02:44:52.494780,MEDIUM,0.765,0.180329,,0
4,PAYMENT,7034.27,11773.96,4739.69,11720.74,18755.01,user-9714,merchant-938,0.25,False,False,True,False,False,0,0,4,24,False,0.0,0.0,1,background-stream,2026-03-30T02:44:54.727539,LOW,0.0675,0.268794,,0
18,CASH_OUT,1454.33,15467.68,14013.35,3685.75,5140.08,user-3295,merchant-976,0.2,False,False,True,False,False,0,0,2,35,False,0.0,0.0,0,background-stream,2026-03-30T02:44:57.021740,MEDIUM,0.765,0.170297,,0
10,PAYMENT,7751.21,14699.48,6948.27,963.78,8714.99,user-1933,merchant-701,0.2,False,False,True,False,False,0,0,3,32,False,0.0,0.0,0,background-stream,2026-03-30T02:44:59.259499,MEDIUM,0.764999,0.240335,,0
24,DEBIT,6020.45,20788.55,14768.1,10553.75,16574.2,user-6136,merchant-814,0.2,False,False,True,False,False,0,0,5,28,False,0.0,0.0,0,background-stream,2026-03-30T02:45:01.497953,MEDIUM,0.765,0.153918,,0
17,PAYMENT,1758.06,18864.16,17106.1,14420.61,16178.67,user-3369,merchant-329,0.2,False,False,True,False,False,0,0,2,29,False,0.0,0.0,0,background-stream,2026-03-30T02:45:03.768914,MEDIUM,0.765,0.213655,,0
21,CASH_OUT,4666.17,14259.37,9593.2,17775.96,22442.13,user-2957,merchant-237,0.2,False,False,True,False,False,0,0,3,31,False,0.0,0.0,0,background-stream,2026-03-30T02:45:06.088591,MEDIUM,0.765,0.17266,,0
17,DEBIT,9491.55,14339.57,4848.02,10342.59,19834.14,user-4011,merchant-426,0.2,False,False,True,False,False,0,0,3,26,False,0.0,0.0,0,background-stream,2026-03-30T02:45:08.360491,MEDIUM,0.778321,0.118916,,0
18,TRANSFER,7465.47,19522.35,12056.88,5718.43,13183.9,user-3928,merchant-140,0.2,False,False,True,False,False,0,0,0,34,False,0.0,0.0,0,background-stream,2026-03-30T02:45:10.607143,MEDIUM,0.765,0.160713,,0
2,PAYMENT,3803.36,11642.85,7839.49,3710.24,7513.6,user-9540,merchant-682,0.2,False,False,True,False,False,0,0,4,27,False,0.0,0.0,0,background-stream,2026-03-30T02:45:12.888030,LOW,0.065,0.268138,,0
20,PAYMENT,8337.21,27363.64,19026.43,18431.63,26768.84,user-4317,merchant-681,0.2,False,False,True,False,False,0,0,1,33,False,0.0,0.0,0,background-stream,2026-03-30T02:45:15.180310,MEDIUM,0.765,0.216551,,0
7,DEBIT,920.14,2520.7,1600.56,15425.26,16345.4,user-2530,merchant-811,0.2,False,False,True,False,False,0,0,1,23,False,0.0,0.0,0,background-stream,2026-03-30T02:45:17.467916,LOW,0.065,0.177068,,0
9,CASH_IN,3288.28,12309.54,9021.26,1094.1,4382.38,user-9980,merchant-450,0.2,False,False,True,False,False,0,0,3,30,False,0.0,0.0,0,background-stream,2026-03-30T02:45:19.966143,MEDIUM,0.765,0.188244,,0
13,PAYMENT,7189.1,15043.56,7854.46,5718.94,12908.04,user-6241,merchant-258,0.2,False,False,True,False,False,0,0,1,31,False,0.0,0.0,0,background-stream,2026-03-30T02:45:23.279817,MEDIUM,0.765,0.210617,,0
16,PAYMENT,9837.59,14523.1,4685.51,5901.97,15739.56,user-2551,merchant-993,0.2,False,False,True,False,False,0,0,0,36,False,0.0,0.0,0,background-stream,2026-03-30T02:45:26.495605,MEDIUM,0.765,0.204394,,0
11,CASH_OUT,3111.41,4210.07,1098.66,11325.25,14436.66,user-4577,merchant-812,0.2,False,False,True,False,False,0,0,2,35,False,0.0,0.0,0,background-stream,2026-03-30T02:45:29.405167,MEDIUM,0.765,0.189484,,0
6,TRANSFER,2888.45,15772.25,12883.8,12211.31,15099.76,user-6483,merchant-710,0.2,False,False,True,False,False,0,0,3,28,False,0.0,0.0,0,background-stream,2026-03-30T02:45:32.162588,LOW,0.065,0.22817,,0
14,CASH_OUT,4208.17,11155.69,6947.52,8408.86,12617.03,user-1738,merchant-442,0.2,False,False,True,False,False,0,0,3,21,False,0.0,0.0,0,background-stream,2026-03-30T02:45:34.542632,MEDIUM,0.765,0.157521,,0
14,DEBIT,4200.44,7581.3,3380.86,14303.9,18504.34,user-9690,merchant-292,0.2,False,False,True,False,False,0,0,2,26,False,0.0,0.0,0,background-stream,2026-03-30T02:45:37.159015,MEDIUM,0.782153,0.109975,,0
7,TRANSFER,6085.59,23989.55,17903.96,17601.14,23686.73,user-8481,merchant-810,0.2,False,False,True,False,False,0,0,3,37,False,0.0,0.0,0,background-stream,2026-03-30T02:45:39.888908,LOW,0.065,0.223426,,0
17,TRANSFER,467.67,10658.17,10190.5,14065.92,14533.59,user-6284,merchant-413,0.25,False,False,True,False,False,0,0,2,31,False,0.0,0.0,1,background-stream,2026-03-30T02:45:42.378141,MEDIUM,0.7675,0.162461,,0
20,CASH_OUT,995.09,18285.26,17290.17,14557.56,15552.65,user-3519,merchant-170,0.2,False,False,True,False,False,0,0,2,31,False,0.0,0.0,0,background-stream,2026-03-30T02:45:44.698885,MEDIUM,0.765,0.169987,,0
9,DEBIT,8274.51,17282.51,9008.0,10822.6,19097.11,user-6872,merchant-974,0.2,False,False,True,False,False,0,0,2,34,False,0.0,0.0,0,background-stream,2026-03-30T02:45:47.210200,MEDIUM,0.764999,0.152851,,0
1,DEBIT,4564.32,13341.61,8777.29,11937.1,16501.42,user-1815,merchant-675,0.2,False,False,True,False,False,0,0,3,27,False,0.0,0.0,0,background-stream,2026-03-30T02:45:49.575778,LOW,0.065,0.190891,,0
12,PAYMENT,1687.96,4360.61,2672.65,1473.71,3161.67,user-7165,merchant-674,0.2,False,False,True,False,False,0,0,1,35,False,0.0,0.0,0,background-stream,2026-03-30T02:45:52.265189,MEDIUM,0.765,0.218488,,0
20,CASH_IN,1609.53,8744.24,7134.71,18145.24,19754.77,user-2701,merchant-926,0.2,False,False,True,False,False,0,0,1,22,False,0.0,0.0,0,background-stream,2026-03-30T02:45:54.874470,MEDIUM,0.765,0.161933,,0
19,TRANSFER,2024.7,2273.95,249.25,14508.11,16532.81,user-6907,merchant-140,0.2,False,False,True,False,False,0,0,3,35,False,0.0,0.0,0,background-stream,2026-03-30T02:45:57.157099,MEDIUM,0.765,0.164753,,0
12,PAYMENT,8198.74,24478.93,16280.19,6381.26,14580.0,user-7352,merchant-514,0.2,False,False,True,False,False,0,0,0,35,False,0.0,0.0,0,background-stream,2026-03-30T02:45:59.688693,MEDIUM,0.765,0.218816,,0
11,PAYMENT,1570.65,7676.18,6105.53,4072.03,5642.68,user-3794,merchant-953,0.2,False,False,True,False,False,0,0,1,37,False,0.0,0.0,0,background-stream,2026-03-30T02:46:02.115742,MEDIUM,0.765,0.228003,,0
3,CASH_IN,4443.31,10055.12,5611.81,3707.76,8151.07,user-7746,merchant-584,0.2,False,False,True,False,False,0,0,2,28,False,0.0,0.0,0,background-stream,2026-03-30T02:46:04.639632,LOW,0.065,0.212139,,0
24,CASH_IN,7093.14,8411.27,1318.13,13076.74,20169.88,user-5168,merchant-318,0.2,False,False,True,False,False,0,0,1,21,False,0.0,0.0,0,background-stream,2026-03-30T02:46:06.947397,MEDIUM,0.765,0.184522,,0
13,CASH_IN,8419.11,10108.84,1689.73,13525.77,21944.88,user-4102,merchant-717,0.2,False,False,True,False,False,0,0,1,23,False,0.0,0.0,0,background-stream,2026-03-30T02:46:09.371123,MEDIUM,0.765,0.150237,,0
5,PAYMENT,4863.81,17139.57,12275.76,18155.53,23019.34,user-8302,merchant-403,0.2,False,False,True,False,False,0,0,4,34,False,0.0,0.0,0,background-stream,2026-03-30T02:46:12.918506,LOW,0.065,0.273909,,0
19,PAYMENT,4460.64,24096.32,19635.68,10945.45,15406.09,user-5232,merchant-922,0.2,False,False,True,False,False,0,0,0,35,False,0.0,0.0,0,background-stream,2026-03-30T02:46:16.434924,MEDIUM,0.765,0.215528,,0
5,TRANSFER,286.95,15724.55,15437.6,14019.43,14306.38,user-2268,merchant-992,0.2,False,False,True,False,False,0,0,4,37,False,0.0,0.0,0,background-stream,2026-03-30T02:46:19.708739,LOW,0.065,0.223509,,0
16,TRANSFER,6127.57,10896.8,4769.23,10573.01,16700.58,user-4092,merchant-113,0.3,False,False,True,False,False,0,0,5,31,False,0.0,0.0,2,background-stream,2026-03-30T02:46:23.167898,MEDIUM,0.77,0.153203,,0
15,CASH_OUT,6129.75,20718.05,14588.3,11995.27,18125.02,user-5348,merchant-670,0.2,False,False,True,False,False,0,0,5,24,False,0.0,0.0,0,background-stream,2026-03-30T02:46:25.791152,MEDIUM,0.765,0.15344,,0
6,CASH_OUT,8618.59,16699.53,8080.94,4870.62,13489.21,user-5598,merchant-849,0.2,False,False,True,False,False,0,0,2,34,False,0.0,0.0,0,background-stream,2026-03-30T02:46:28.296274,LOW,0.065014,0.238627,,0
14,CASH_IN,147.27,15267.86,15120.59,744.86,892.13,user-3748,merchant-270,0.2,False,False,True,False,False,0,0,3,29,False,0.0,0.0,0,background-stream,2026-03-30T02:46:30.618123,MEDIUM,0.766956,0.145435,,0
24,CASH_OUT,1883.35,14591.34,12707.99,16755.03,18638.38,user-3682,merchant-868,0.2,False,False,True,False,False,0,0,3,27,False,0.0,0.0,0,background-stream,2026-03-30T02:46:32.849436,MEDIUM,0.765,0.196725,,0
9,TRANSFER,9431.11,15244.09,5812.98,18807.25,28238.36,user-6364,merchant-827,0.2,False,False,True,False,False,0,0,2,34,False,0.0,0.0,0,background-stream,2026-03-30T02:46:35.092883,MEDIUM,0.765,0.197896,,0
16,DEBIT,2891.98,6358.02,3466.04,18319.2,21211.18,user-3212,merchant-179,0.2,False,False,True,False,False,0,0,3,28,False,0.0,0.0,0,background-stream,2026-03-30T02:46:37.263001,MEDIUM,0.781079,0.112481,,0
1,CASH_OUT,9248.12,11106.52,1858.4,13955.11,23203.23,user-6787,merchant-128,0.2,False,False,True,False,False,0,0,5,30,False,0.0,0.0,0,background-stream,2026-03-30T02:46:39.537306,LOW,0.065011,0.234828,,0
19,TRANSFER,2347.99,16382.55,14034.56,13709.47,16057.46,user-2662,merchant-932,0.2,False,False,True,False,False,0,0,3,33,False,0.0,0.0,0,background-stream,2026-03-30T02:46:41.763417,MEDIUM,0.765,0.160323,,0
14,DEBIT,4665.72,5741.78,1076.06,7298.8,11964.52,user-3785,merchant-848,0.25,False,False,True,False,False,0,0,6,25,False,0.0,0.0,1,background-stream,2026-03-30T02:46:43.981323,MEDIUM,0.784334,0.110719,,0
10,PAYMENT,9851.89,12447.82,2595.93,15508.63,25360.52,user-7773,merchant-270,0.2,False,False,True,False,False,0,0,4,30,False,0.0,0.0,0,background-stream,2026-03-30T02:46:46.184744,MEDIUM,0.765,0.239443,,0
20,CASH_IN,8459.15,26909.82,18450.67,19761.59,28220.74,user-7417,merchant-921,0.2,False,False,True,False,False,0,0,3,36,False,0.0,0.0,0,background-stream,2026-03-30T02:46:48.430861,MEDIUM,0.765,0.161844,,0
20,CASH_OUT,5690.6,18562.61,12872.01,11873.06,17563.66,user-8619,merchant-351,0.2,False,False,True,False,False,0,0,4,31,False,0.0,0.0,0,background-stream,2026-03-30T02:46:50.721307,MEDIUM,0.765,0.169368,,0
3,DEBIT,768.68,10514.03,9745.35,1885.0,2653.68,user-8187,merchant-522,0.25,False,False,True,False,False,0,0,4,35,False,0.0,0.0,1,background-stream,2026-03-30T02:46:52.949618,LOW,0.0675,0.184115,,0
4,PAYMENT,6810.63,10017.7,3207.07,2353.32,9163.95,user-8135,merchant-511,0.25,False,False,True,False,False,0,0,3,23,False,0.0,0.0,1,background-stream,2026-03-30T02:46:55.153983,LOW,0.0675,0.269325,,0
22,CASH_OUT,197.22,3163.12,2965.9,810.58,1007.8,user-3283,merchant-332,0.2,False,False,True,False,False,0,0,0,37,False,0.0,0.0,0,background-stream,2026-03-30T02:46:57.372326,MEDIUM,0.765,0.181887,,0
14,PAYMENT,4666.58,7873.46,3206.88,3226.37,7892.95,user-5329,merchant-855,0.2,False,False,True,False,False,0,0,2,25,False,0.0,0.0,0,background-stream,2026-03-30T02:46:59.594344,MEDIUM,0.765,0.208212,,0
18,DEBIT,2057.03,19594.58,17537.55,15254.12,17311.15,user-5817,merchant-680,0.25,False,False,True,False,False,0,0,8,31,False,0.0,0.0,1,background-stream,2026-03-30T02:47:01.978533,MEDIUM,0.779165,0.12278,,0
1,TRANSFER,5753.26,10146.27,4393.01,491.6,6244.86,user-8538,merchant-802,0.2,False,False,True,False,False,0,0,5,31,False,0.0,0.0,0,background-stream,2026-03-30T02:47:04.189313,LOW,0.065,0.220057,,0
11,CASH_IN,423.84,2259.43,1835.59,9605.6,10029.44,user-7030,merchant-648,0.2,False,False,True,False,False,0,0,3,36,False,0.0,0.0,0,background-stream,2026-03-30T02:47:06.403681,MEDIUM,0.765,0.166754,,0
1,TRANSFER,3171.53,17476.03,14304.5,6595.88,9767.41,user-3897,merchant-842,0.2,False,False,True,False,False,0,0,5,31,False,0.0,0.0,0,background-stream,2026-03-30T02:47:08.566208,LOW,0.065,0.21647,,0
14,CASH_IN,2352.46,10646.06,8293.6,13463.85,15816.31,user-8600,merchant-446,0.2,False,False,True,False,False,0,0,9,39,False,0.0,0.0,0,background-stream,2026-03-30T02:47:10.793316,MEDIUM,0.766956,0.145435,,0
11,DEBIT,7284.52,10259.32,2974.8,14529.44,21813.96,user-7663,merchant-750,0.2,False,False,True,False,False,0,0,5,31,False,0.0,0.0,0,background-stream,2026-03-30T02:47:13.085572,MEDIUM,0.771603,0.134592,,0
1,PAYMENT,9251.76,27674.85,18423.09,11271.16,20522.92,user-1903,merchant-863,0.2,False,False,True,False,False,0,0,1,27,False,0.0,0.0,0,background-stream,2026-03-30T02:47:15.293466,LOW,0.065,0.26863,,0
6,TRANSFER,9198.45,20485.04,11286.59,497.66,9696.11,user-2824,merchant-760,0.2,False,False,True,False,False,0,0,6,25,False,0.0,0.0,0,background-stream,2026-03-30T02:47:17.532864,LOW,0.065,0.2289,,0
17,CASH_OUT,3886.63,17731.31,13844.68,14425.79,18312.42,user-2621,merchant-644,0.2,False,False,True,False,False,0,0,3,45,False,0.0,0.0,0,background-stream,2026-03-30T02:47:19.764531,MEDIUM,0.765,0.168584,,0
4,TRANSFER,6888.18,20654.36,13766.18,13014.71,19902.89,user-5619,merchant-427,0.2,False,False,True,False,False,0,0,3,22,False,0.0,0.0,0,background-stream,2026-03-30T02:47:22.005271,LOW,0.065001,0.218927,,0
3,PAYMENT,4912.45,14309.07,9396.62,3141.06,8053.51,user-2998,merchant-438,0.2,False,False,True,False,False,0,0,3,19,False,0.0,0.0,0,background-stream,2026-03-30T02:47:24.288622,LOW,0.065,0.267274,,0
9,CASH_OUT,6405.05,8867.37,2462.32,9459.82,15864.87,user-6954,merchant-247,0.2,False,False,True,False,False,0,0,1,33,False,0.0,0.0,0,background-stream,2026-03-30T02:47:26.518574,MEDIUM,0.765,0.21075,,0
2,DEBIT,3299.56,18687.99,15388.43,5584.85,8884.41,user-4960,merchant-583,0.2,False,False,True,False,False,0,0,1,12,False,0.0,0.0,0,background-stream,2026-03-30T02:47:28.773791,LOW,0.065,0.189917,,0
13,DEBIT,7659.39,20763.33,13103.94,5834.92,13494.31,user-9842,merchant-774,0.2,False,False,True,False,False,0,0,3,22,False,0.0,0.0,0,background-stream,2026-03-30T02:47:30.986331,MEDIUM,0.779578,0.115984,,0
17,DEBIT,3426.15,10659.15,7233.0,14981.31,18407.46,user-5437,merchant-899,0.2,False,False,True,False,False,0,0,3,29,False,0.0,0.0,0,background-stream,2026-03-30T02:47:33.221272,MEDIUM,0.778002,0.11966,,0
17,PAYMENT,3283.24,18471.83,15188.59,10618.41,13901.65,user-2492,merchant-245,0.25,False,False,True,False,False,0,0,2,33,False,0.0,0.0,1,background-stream,2026-03-30T02:47:35.501796,MEDIUM,0.7675,0.214133,,0
10,PAYMENT,7552.53,27122.03,19569.5,16884.01,24436.54,user-6484,merchant-609,0.2,False,False,True,False,False,0,0,3,41,False,0.0,0.0,0,background-stream,2026-03-30T02:47:37.720423,MEDIUM,0.764999,0.240752,,0
13,TRANSFER,6902.29,6949.87,47.58,4490.19,11392.48,user-7809,merchant-764,0.2,False,False,True,False,False,0,0,4,34,False,0.0,0.0,0,background-stream,2026-03-30T02:47:39.947295,MEDIUM,0.765,0.156237,,0
15,CASH_IN,1511.71,19303.36,17791.65,18859.28,20370.99,user-1535,merchant-545,0.2,False,False,True,False,False,0,0,2,27,False,0.0,0.0,0,background-stream,2026-03-30T02:47:42.169483,MEDIUM,0.767924,0.143176,,0
11,TRANSFER,8167.47,16027.7,7860.23,18920.21,27087.68,user-8523,merchant-245,0.25,False,False,True,False,False,0,0,2,34,False,0.0,0.0,1,background-stream,2026-03-30T02:47:44.400018,MEDIUM,0.7675,0.172012,,0
11,TRANSFER,5404.19,21800.35,16396.16,691.75,6095.94,user-2340,merchant-109,0.2,False,False,True,False,False,0,0,1,30,False,0.0,0.0,0,background-stream,2026-03-30T02:47:46.670349,MEDIUM,0.765,0.170178,,0
22,TRANSFER,1485.43,11229.42,9743.99,1556.89,3042.32,user-1207,merchant-237,0.2,False,False,True,False,False,0,0,5,32,False,0.0,0.0,0,background-stream,2026-03-30T02:47:48.891283,MEDIUM,0.765,0.171495,,0
10,DEBIT,3135.94,22483.37,19347.43,9735.24,12871.18,user-9634,merchant-801,0.25,False,False,True,False,False,0,0,2,43,False,0.0,0.0,1,background-stream,2026-03-30T02:47:51.129016,MEDIUM,0.769731,0.144794,,0
17,CASH_IN,5583.56,17395.75,11812.19,2104.38,7687.94,user-9167,merchant-881,0.2,False,False,True,False,False,0,0,5,33,False,0.0,0.0,0,background-stream,2026-03-30T02:47:53.379093,MEDIUM,0.765,0.154305,,0
20,DEBIT,5827.34,23044.88,17217.54,5376.13,11203.47,user-7806,merchant-478,0.25,False,False,True,False,False,0,0,2,26,False,0.0,0.0,1,background-stream,2026-03-30T02:47:55.595052,MEDIUM,0.776739,0.128441,,0
24,CASH_IN,9670.08,9690.74,20.66,578.17,10248.25,user-4544,merchant-379,0.25,False,False,True,False,False,0,0,6,38,False,0.0,0.0,1,background-stream,2026-03-30T02:47:57.882029,MEDIUM,0.7675,0.184761,,0
9,PAYMENT,567.28,14239.6,13672.32,6330.04,6897.32,user-9343,merchant-460,0.2,False,False,True,False,False,0,0,3,31,False,0.0,0.0,0,background-stream,2026-03-30T02:48:00.109142,MEDIUM,0.765,0.248826,,0
5,TRANSFER,9021.01,28211.22,19190.21,14468.84,23489.85,user-1148,merchant-150,0.2,False,False,True,False,False,0,0,2,19,False,0.0,0.0,0,background-stream,2026-03-30T02:48:02.364176,LOW,0.065,0.221624,,0
20,CASH_IN,3196.96,14117.6,10920.64,6327.72,9524.68,user-9645,merchant-305,0.25,False,False,True,False,False,0,0,3,29,False,0.0,0.0,1,background-stream,2026-03-30T02:48:04.581460,MEDIUM,0.7675,0.162041,,0
8,TRANSFER,1771.16,15241.67,13470.51,16386.23,18157.39,user-8314,merchant-159,0.2,False,False,True,False,False,0,0,4,31,False,0.0,0.0,0,background-stream,2026-03-30T02:48:06.755223,MEDIUM,0.764999,0.202736,,0
15,DEBIT,5897.57,22928.25,17030.68,7401.03,13298.6,user-8380,merchant-749,0.2,False,False,True,False,False,0,0,5,20,False,0.0,0.0,0,background-stream,2026-03-30T02:48:09.030798,MEDIUM,0.781842,0.110701,,0
23,CASH_IN,2656.07,15542.41,12886.34,8963.58,11619.65,user-1429,merchant-808,0.2,False,False,True,False,False,0,0,1,32,False,0.0,0.0,0,background-stream,2026-03-30T02:48:11.242726,MEDIUM,0.765,0.173556,,0
9,DEBIT,8863.49,21375.82,12512.33,6743.98,15607.47,user-8766,merchant-392,0.25,False,False,True,False,False,0,0,2,32,False,0.0,0.0,1,background-stream,2026-03-30T02:48:13.465738,MEDIUM,0.7675,0.153458,,0
21,DEBIT,7072.68,25856.57,18783.89,3715.67,10788.35,user-4355,merchant-144,0.25,False,False,True,False,False,0,0,3,30,False,0.0,0.0,1,background-stream,2026-03-30T02:48:15.690830,MEDIUM,0.776958,0.127932,,0
21,CASH_IN,5340.84,14610.45,9269.61,19861.59,25202.43,user-9083,merchant-379,0.25,False,False,True,False,False,0,0,7,39,False,0.0,0.0,1,background-stream,2026-03-30T02:48:17.908409,MEDIUM,0.7675,0.162305,,0
9,CASH_IN,9377.04,11734.27,2357.23,17702.69,27079.73,user-4304,merchant-888,0.2,False,False,True,False,False,0,0,2,37,False,0.0,0.0,0,background-stream,2026-03-30T02:48:20.186972,MEDIUM,0.765,0.188517,,0
21,DEBIT,626.27,7112.3,6486.03,11293.47,11919.74,user-4382,merchant-742,0.2,False,False,True,False,False,0,0,4,28,False,0.0,0.0,0,background-stream,2026-03-30T02:48:22.403265,MEDIUM,0.774459,0.127929,,0
9,DEBIT,1852.43,14187.21,12334.78,1687.04,3539.47,user-3991,merchant-842,0.2,False,False,True,False,False,0,0,2,32,False,0.0,0.0,0,background-stream,2026-03-30T02:48:24.618760,MEDIUM,0.764999,0.154862,,0
12,DEBIT,6441.76,26382.73,19940.97,19306.92,25748.68,user-8663,merchant-409,0.2,False,False,True,False,False,0,0,3,37,False,0.0,0.0,0,background-stream,2026-03-30T02:48:26.815259,MEDIUM,0.775449,0.125619,,0
19,CASH_IN,2849.73,11630.49,8780.76,6247.73,9097.46,user-4287,merchant-893,0.2,False,False,True,False,False,0,0,4,31,False,0.0,0.0,0,background-stream,2026-03-30T02:48:29.056730,MEDIUM,0.765,0.158849,,0
5,CASH_IN,4541.89,7213.12,2671.23,13541.69,18083.58,user-2716,merchant-295,0.2,False,False,True,False,False,0,0,3,30,False,0.0,0.0,0,background-stream,2026-03-30T02:48:31.357964,LOW,0.065,0.216275,,0
2,TRANSFER,8497.72,13417.85,4920.13,18401.47,26899.19,user-5085,merchant-143,0.3,False,False,True,False,False,0,0,3,33,False,0.0,0.0,2,background-stream,2026-03-30T02:48:33.592707,LOW,0.07,0.214451,,0
17,CASH_OUT,6263.61,10132.08,3868.47,19383.62,25647.23,user-4235,merchant-139,0.3,False,False,True,False,False,0,0,3,22,False,0.0,0.0,2,background-stream,2026-03-30T02:48:35.827850,MEDIUM,0.77,0.171985,,0
4,DEBIT,9559.13,27567.62,18008.49,905.58,10464.71,user-5171,merchant-138,0.25,False,False,True,False,False,0,0,2,31,False,0.0,0.0,1,background-stream,2026-03-30T02:48:37.994931,LOW,0.0675,0.180442,,0
10,CASH_OUT,481.67,14496.3,14014.63,5904.37,6386.04,user-9006,merchant-536,0.2,False,False,True,False,False,0,0,7,28,False,0.0,0.0,0,background-stream,2026-03-30T02:48:40.242109,MEDIUM,0.765,0.192375,,0
17,CASH_IN,9429.64,27520.6,18090.96,19908.2,29337.84,user-7053,merchant-818,0.2,False,False,True,False,False,0,0,2,27,False,0.0,0.0,0,background-stream,2026-03-30T02:48:42.515393,MEDIUM,0.765,0.153995,,0
14,PAYMENT,6212.42,12488.0,6275.58,13657.49,19869.91,user-4449,merchant-431,0.25,False,False,True,False,False,0,0,5,29,False,0.0,0.0,1,background-stream,2026-03-30T02:48:44.732592,MEDIUM,0.7675,0.208139,,0
23,TRANSFER,3357.28,14959.85,11602.57,10970.58,14327.86,user-6128,merchant-812,0.2,False,False,True,False,False,0,0,3,36,False,0.0,0.0,0,background-stream,2026-03-30T02:48:46.931541,MEDIUM,0.765,0.179848,,0
24,DEBIT,3408.37,19949.47,16541.1,19488.83,22897.2,user-9372,merchant-145,0.2,False,False,True,False,False,0,0,2,33,False,0.0,0.0,0,background-stream,2026-03-30T02:48:49.243860,MEDIUM,0.765,0.154796,,0
1,CASH_OUT,3972.89,10615.74,6642.85,10763.39,14736.28,user-5261,merchant-685,0.2,False,False,True,False,False,0,0,5,35,False,0.0,0.0,0,background-stream,2026-03-30T02:48:51.466567,LOW,0.065001,0.23086,,0
6,TRANSFER,8029.85,17521.2,9491.35,267.51,8297.36,user-5072,merchant-275,0.2,False,False,True,False,False,0,0,4,42,False,0.0,0.0,0,background-stream,2026-03-30T02:48:53.732053,LOW,0.065,0.230625,,0
14,CASH_IN,2200.53,17392.49,15191.96,8429.2,10629.73,user-9360,merchant-931,0.2,False,False,True,False,False,0,0,5,28,False,0.0,0.0,0,background-stream,2026-03-30T02:48:55.934047,MEDIUM,0.766908,0.145547,,0
13,CASH_OUT,4367.42,10653.36,6285.94,13467.55,17834.97,user-1014,merchant-700,0.25,False,False,True,False,False,0,0,1,29,False,0.0,0.0,1,background-stream,2026-03-30T02:48:58.142859,MEDIUM,0.7675,0.166066,,0
14,PAYMENT,4153.63,5701.67,1548.04,1318.46,5472.09,user-1437,merchant-869,0.2,False,False,True,False,False,0,0,7,31,False,0.0,0.0,0,background-stream,2026-03-30T02:49:00.375962,MEDIUM,0.765,0.208165,,0
15,CASH_OUT,2244.7,20634.26,18389.56,552.04,2796.74,user-2302,merchant-860,0.2,False,False,True,False,False,0,0,9,29,False,0.0,0.0,0,background-stream,2026-03-30T02:49:02.591600,MEDIUM,0.765,0.153024,,0
13,DEBIT,5128.15,18034.83,12906.68,10048.2,15176.35,user-3335,merchant-170,0.2,False,False,True,False,False,0,0,1,32,False,0.0,0.0,0,background-stream,2026-03-30T02:49:04.946704,MEDIUM,0.779581,0.115977,,0
4,PAYMENT,9491.26,29474.98,19983.72,11117.91,20609.17,user-4326,merchant-374,0.25,False,False,True,False,False,0,0,6,24,False,0.0,0.0,1,background-stream,2026-03-30T02:49:07.125995,LOW,0.0675,0.267994,,0
18,CASH_IN,4140.39,10080.05,5939.66,1675.13,5815.52,user-2220,merchant-520,0.2,False,False,True,False,False,0,0,1,28,False,0.0,0.0,0,background-stream,2026-03-30T02:49:09.337596,MEDIUM,0.765,0.156567,,0
3,TRANSFER,6942.12,19750.06,12807.94,12939.27,19881.39,user-2984,merchant-308,0.25,False,False,True,False,False,0,0,3,32,False,0.0,0.0,1,background-stream,2026-03-30T02:49:11.554745,LOW,0.0675,0.217151,,0
7,CASH_OUT,2554.16,13100.23,10546.07,1907.33,4461.49,user-9709,merchant-841,0.2,False,False,True,False,False,0,0,2,33,False,0.0,0.0,0,background-stream,2026-03-30T02:49:13.780903,LOW,0.065007,0.237496,,0
17,DEBIT,2905.53,12778.36,9872.83,1493.9,4399.43,user-5888,merchant-544,0.2,False,False,True,False,False,0,0,2,36,False,0.0,0.0,0,background-stream,2026-03-30T02:49:16.043137,MEDIUM,0.777801,0.12013,,0
13,PAYMENT,5863.0,9393.43,3530.43,15793.8,21656.8,user-1401,merchant-226,0.2,False,False,True,False,False,0,0,4,32,False,0.0,0.0,0,background-stream,2026-03-30T02:49:18.259136,MEDIUM,0.765,0.211246,,0
22,DEBIT,1202.87,10581.9,9379.03,7060.92,8263.79,user-7919,merchant-948,0.2,False,False,True,False,False,0,0,5,28,False,0.0,0.0,0,background-stream,2026-03-30T02:49:20.484535,MEDIUM,0.772698,0.132037,,0
2,DEBIT,7799.81,22400.46,14600.65,16830.66,24630.47,user-4544,merchant-882,0.2,False,False,True,False,False,0,0,7,38,False,0.0,0.0,0,background-stream,2026-03-30T02:49:22.717338,LOW,0.065,0.187302,,0
13,DEBIT,8835.32,19578.13,10742.81,5756.15,14591.47,user-9295,merchant-822,0.2,False,False,True,False,False,0,0,2,26,False,0.0,0.0,0,background-stream,2026-03-30T02:49:24.938924,MEDIUM,0.779629,0.115866,,0
8,DEBIT,9808.01,26419.34,16611.33,9488.77,19296.78,user-9853,merchant-210,0.3,False,False,True,False,False,0,0,4,27,False,0.0,0.0,2,background-stream,2026-03-30T02:49:27.214643,MEDIUM,0.769999,0.159522,,0
21,CASH_IN,4461.22,24050.96,19589.74,2212.61,6673.83,user-8428,merchant-127,0.2,False,False,True,False,False,0,0,7,36,False,0.0,0.0,0,background-stream,2026-03-30T02:49:29.431032,MEDIUM,0.765,0.162089,,0
16,DEBIT,2361.28,15924.01,13562.73,7040.3,9401.58,user-1370,merchant-203,0.2,False,False,True,False,False,0,0,5,32,False,0.0,0.0,0,background-stream,2026-03-30T02:49:31.654882,MEDIUM,0.780824,0.113076,,0
21,DEBIT,7551.53,16396.47,8844.94,3915.02,11466.55,user-7953,merchant-941,0.2,False,False,True,False,False,0,0,5,28,False,0.0,0.0,0,background-stream,2026-03-30T02:49:33.896178,MEDIUM,0.774439,0.127976,,0
13,TRANSFER,1386.77,10434.57,9047.8,126.46,1513.23,user-8110,merchant-289,0.2,False,False,True,False,False,0,0,3,26,False,0.0,0.0,0,background-stream,2026-03-30T02:49:36.103228,MEDIUM,0.765,0.152651,,0
10,PAYMENT,6639.9,8308.59,1668.69,6298.64,12938.54,user-7209,merchant-823,0.25,False,False,True,False,False,0,0,5,38,False,0.0,0.0,1,background-stream,2026-03-30T02:49:38.364545,MEDIUM,0.7675,0.240871,,0
20,PAYMENT,6842.91,22474.58,15631.67,14432.34,21275.25,user-6511,merchant-255,0.25,False,False,True,False,False,0,0,4,29,False,0.0,0.0,1,background-stream,2026-03-30T02:49:40.617147,MEDIUM,0.7675,0.217621,,0
7,CASH_OUT,2914.28,21267.29,18353.01,8654.57,11568.85,user-9446,merchant-149,0.2,False,False,True,False,False,0,0,5,33,False,0.0,0.0,0,background-stream,2026-03-30T02:49:42.845553,LOW,0.065007,0.235435,,0
19,CASH_OUT,4586.19,8942.69,4356.5,7953.0,12539.19,user-2490,merchant-908,0.2,False,False,True,False,False,0,0,4,42,False,0.0,0.0,0,background-stream,2026-03-30T02:49:45.056125,MEDIUM,0.765,0.173451,,0
17,CASH_OUT,8672.65,15491.72,6819.07,18907.02,27579.67,user-6848,merchant-126,0.2,False,False,True,False,False,0,0,4,24,False,0.0,0.0,0,background-stream,2026-03-30T02:49:47.257696,MEDIUM,0.765,0.170629,,0
17,CASH_IN,5592.23,13355.5,7763.27,1174.4,6766.63,user-6051,merchant-972,0.2,False,False,True,False,False,0,0,3,29,False,0.0,0.0,0,background-stream,2026-03-30T02:49:49.522485,MEDIUM,0.765,0.154305,,0
11,CASH_IN,4013.57,10378.87,6365.3,10919.96,14933.53,user-7898,merchant-724,0.2,False,False,True,False,False,0,0,7,28,False,0.0,0.0,0,background-stream,2026-03-30T02:49:51.757097,MEDIUM,0.765,0.166754,,0
14,TRANSFER,1466.05,10319.07,8853.02,15308.36,16774.41,user-1654,merchant-740,0.25,False,False,True,False,False,0,0,5,31,False,0.0,0.0,1,background-stream,2026-03-30T02:49:53.975739,MEDIUM,0.7675,0.150337,,0
8,DEBIT,2312.98,16291.14,13978.16,8583.1,10896.08,user-8653,merchant-731,0.2,False,False,True,False,False,0,0,3,18,False,0.0,0.0,0,background-stream,2026-03-30T02:49:56.194803,MEDIUM,0.764999,0.161038,,0
6,CASH_IN,8202.1,17363.16,9161.06,16018.94,24221.04,user-3004,merchant-416,0.2,False,False,True,False,False,0,0,1,42,False,0.0,0.0,0,background-stream,2026-03-30T02:49:58.421645,LOW,0.065,0.216674,,0
23,CASH_OUT,6485.51,20495.93,14010.42,3542.31,10027.82,user-5541,merchant-965,0.2,False,False,True,False,False,0,0,1,30,False,0.0,0.0,0,background-stream,2026-03-30T02:50:00.707827,MEDIUM,0.765,0.185695,,0
8,CASH_OUT,5393.19,17893.17,12499.98,13049.4,18442.59,user-8299,merchant-911,0.2,False,False,True,False,False,0,0,1,30,False,0.0,0.0,0,background-stream,2026-03-30T02:50:02.960440,MEDIUM,0.764999,0.21556,,0
24,TRANSFER,1550.15,10149.15,8599.0,17625.26,19175.41,user-8815,merchant-745,0.2,False,False,True,False,False,0,0,5,29,False,0.0,0.0,0,background-stream,2026-03-30T02:50:05.176394,MEDIUM,0.765,0.191252,,0
12,PAYMENT,7538.92,22367.83,14828.91,2284.61,9823.53,user-6133,merchant-589,0.2,False,False,True,False,False,0,0,3,34,False,0.0,0.0,0,background-stream,2026-03-30T02:50:07.360495,MEDIUM,0.765,0.218,,0
18,PAYMENT,4093.39,17030.36,12936.97,10671.72,14765.11,user-4874,merchant-407,0.25,False,False,True,False,False,0,0,3,43,False,0.0,0.0,1,background-stream,2026-03-30T02:50:09.588575,MEDIUM,0.7675,0.216483,,0
15,PAYMENT,1338.08,3049.02,1710.94,3342.1,4680.18,user-2759,merchant-680,0.25,False,False,True,False,False,0,0,2,32,False,0.0,0.0,1,background-stream,2026-03-30T02:50:11.874022,MEDIUM,0.7675,0.202939,,0
6,CASH_OUT,6777.56,20959.0,14181.44,9416.26,16193.82,user-8400,merchant-733,0.2,False,False,True,False,False,0,0,3,27,False,0.0,0.0,0,background-stream,2026-03-30T02:50:14.124701,LOW,0.065,0.237605,,0
23,CASH_OUT,8298.02,8503.08,205.06,19974.06,28272.08,user-6497,merchant-543,0.25,False,False,True,False,False,0,0,0,25,False,0.0,0.0,1,background-stream,2026-03-30T02:50:16.350348,MEDIUM,0.7675,0.191577,,0
12,TRANSFER,3916.9,17632.18,13715.28,10107.14,14024.04,user-5709,merchant-449,0.25,False,False,True,False,False,0,0,4,28,False,0.0,0.0,1,background-stream,2026-03-30T02:50:18.555780,MEDIUM,0.7675,0.1602,,0
6,PAYMENT,5583.19,20224.68,14641.49,3046.02,8629.21,user-2391,merchant-564,0.25,False,False,True,False,False,0,0,2,32,False,0.0,0.0,1,background-stream,2026-03-30T02:50:20.778948,LOW,0.0675,0.279642,,0
3,CASH_OUT,979.19,5561.05,4581.86,12741.64,13720.83,user-6708,merchant-357,0.2,False,False,True,False,False,0,0,1,29,False,0.0,0.0,0,background-stream,2026-03-30T02:50:23.046602,LOW,0.065017,0.23294,,0
7,TRANSFER,8627.48,13118.74,4491.26,5997.78,14625.26,user-9280,merchant-594,0.2,False,False,True,False,False,0,0,3,23,False,0.0,0.0,0,background-stream,2026-03-30T02:50:25.258292,LOW,0.065,0.228149,,0
6,CASH_OUT,9121.08,25829.1,16708.02,11685.84,20806.92,user-7485,merchant-187,0.25,False,False,True,False,False,0,0,2,41,False,0.0,0.0,1,background-stream,2026-03-30T02:50:27.474790,LOW,0.0675,0.237517,,0
22,TRANSFER,2907.67,6016.63,3108.96,168.78,3076.45,user-4792,merchant-587,0.2,False,False,True,False,False,0,0,2,23,False,0.0,0.0,0,background-stream,2026-03-30T02:50:29.704656,MEDIUM,0.765,0.174719,,0
13,CASH_OUT,3356.13,14642.1,11285.97,17707.18,21063.31,user-5696,merchant-233,0.2,False,False,True,False,False,0,0,2,25,False,0.0,0.0,0,background-stream,2026-03-30T02:50:31.914877,MEDIUM,0.765,0.164688,,0
4,PAYMENT,1849.64,11532.07,9682.43,9271.85,11121.49,user-1487,merchant-686,0.2,False,False,True,False,False,0,0,2,26,False,0.0,0.0,0,background-stream,2026-03-30T02:50:34.293130,LOW,0.065,0.269019,,0
6,TRANSFER,3905.38,7316.97,3411.59,4019.96,7925.34,user-4305,merchant-293,0.2,False,False,True,False,False,0,0,2,25,False,0.0,0.0,0,background-stream,2026-03-30T02:50:36.473599,LOW,0.065001,0.23225,,0
22,DEBIT,1083.33,13507.79,12424.46,7805.08,8888.41,user-5821,merchant-180,0.2,False,False,True,False,False,0,0,2,27,False,0.0,0.0,0,background-stream,2026-03-30T02:50:38.700956,MEDIUM,0.772551,0.132381,,0
8,CASH_OUT,1592.1,12967.37,11375.27,12595.92,14188.02,user-1235,merchant-248,0.2,False,False,True,False,False,0,0,8,38,False,0.0,0.0,0,background-stream,2026-03-30T02:50:40.908750,MEDIUM,0.765,0.215723,,0
24,DEBIT,5902.57,12030.29,6127.72,16295.46,22198.03,user-2799,merchant-673,0.25,False,False,True,False,False,0,0,4,31,False,0.0,0.0,1,background-stream,2026-03-30T02:50:43.108438,MEDIUM,0.7675,0.153478,,0
6,CASH_IN,1281.79,6824.92,5543.13,1133.75,2415.54,user-1929,merchant-353,0.2,False,False,True,False,False,0,0,2,19,False,0.0,0.0,0,background-stream,2026-03-30T02:50:45.372523,LOW,0.065,0.216514,,0
4,CASH_IN,2288.27,5659.9,3371.63,16564.03,18852.3,user-4433,merchant-430,0.25,False,False,True,False,False,0,0,4,29,False,0.0,0.0,1,background-stream,2026-03-30T02:50:47.593882,LOW,0.0675,0.212265,,0
18,DEBIT,979.1,1747.06,767.96,17111.41,18090.51,user-4269,merchant-825,0.2,False,False,True,False,False,0,0,2,30,False,0.0,0.0,0,background-stream,2026-03-30T02:50:49.825085,MEDIUM,0.776997,0.122005,,0
23,CASH_IN,8573.04,14783.23,6210.19,11452.82,20025.86,user-8131,merchant-326,0.2,False,False,True,False,False,0,0,0,28,False,0.0,0.0,0,background-stream,2026-03-30T02:50:52.054578,MEDIUM,0.765,0.173733,,0
12,PAYMENT,7432.27,21074.22,13641.95,1051.4,8483.67,user-3191,merchant-637,0.2,False,False,True,False,False,0,0,3,23,False,0.0,0.0,0,background-stream,2026-03-30T02:50:54.267065,MEDIUM,0.765,0.219027,,0
3,TRANSFER,7829.77,15914.99,8085.22,19829.85,27659.62,user-7598,merchant-499,0.2,False,False,True,False,False,0,0,1,26,False,0.0,0.0,0,background-stream,2026-03-30T02:50:56.548400,LOW,0.065,0.218704,,0
4,TRANSFER,7130.09,10914.58,3784.49,11499.47,18629.56,user-3204,merchant-288,0.2,False,False,True,False,False,0,0,1,19,False,0.0,0.0,0,background-stream,2026-03-30T02:50:58.763099,LOW,0.065001,0.221636,,0
3,TRANSFER,6675.25,20758.89,14083.64,8872.56,15547.81,user-8990,merchant-429,0.2,False,False,True,False,False,0,0,7,27,False,0.0,0.0,0,background-stream,2026-03-30T02:51:00.986786,LOW,0.065001,0.216849,,0
19,DEBIT,7829.62,18333.24,10503.62,7962.45,15792.07,user-6341,merchant-576,0.2,False,False,True,False,False,0,0,1,31,False,0.0,0.0,0,background-stream,2026-03-30T02:51:03.192820,MEDIUM,0.777098,0.121771,,0
16,TRANSFER,7228.25,7314.1,85.85,16269.24,23497.49,user-8871,merchant-683,0.2,False,False,True,False,False,0,0,3,34,False,0.0,0.0,0,background-stream,2026-03-30T02:51:05.405879,MEDIUM,0.765,0.155342,,0
19,PAYMENT,613.86,3840.43,3226.57,19343.06,19956.92,user-9014,merchant-990,0.2,False,False,True,False,False,0,0,0,24,False,0.0,0.0,0,background-stream,2026-03-30T02:51:07.659338,MEDIUM,0.765,0.213758,,0
24,CASH_IN,3111.67,20793.47,17681.8,12891.76,16003.43,user-5882,merchant-386,0.2,False,False,True,False,False,0,0,2,29,False,0.0,0.0,0,background-stream,2026-03-30T02:51:09.881637,MEDIUM,0.765,0.184349,,0
8,CASH_OUT,9117.05,26403.08,17286.03,12048.23,21165.28,user-7634,merchant-250,0.25,False,False,True,False,False,0,0,4,36,False,0.0,0.0,1,background-stream,2026-03-30T02:51:12.104577,MEDIUM,0.7675,0.215805,,0
11,CASH_IN,4883.91,5013.57,129.66,19833.97,24717.88,user-5802,merchant-691,0.2,False,False,True,False,False,0,0,3,24,False,0.0,0.0,0,background-stream,2026-03-30T02:51:14.323075,MEDIUM,0.765,0.166754,,0
12,DEBIT,9315.58,18789.58,9474.0,14577.28,23892.86,user-5364,merchant-152,0.2,False,False,True,False,False,0,0,5,24,False,0.0,0.0,0,background-stream,2026-03-30T02:51:16.558968,MEDIUM,0.775421,0.125683,,0
1,CASH_IN,3582.6,12651.93,9069.33,2677.59,6260.19,user-6121,merchant-302,0.2,False,False,True,False,False,0,0,3,33,False,0.0,0.0,0,background-stream,2026-03-30T02:51:18.839555,LOW,0.065,0.211774,,0
17,CASH_OUT,2426.68,10700.63,8273.95,12702.26,15128.94,user-2329,merchant-147,0.2,False,False,True,False,False,0,0,1,19,False,0.0,0.0,0,background-stream,2026-03-30T02:51:21.067745,MEDIUM,0.765,0.169496,,0
1,DEBIT,2143.05,2450.09,307.04,5037.57,7180.62,user-1431,merchant-451,0.2,False,False,True,False,False,0,0,1,28,False,0.0,0.0,0,background-stream,2026-03-30T02:51:23.308545,LOW,0.065,0.191279,,0
8,TRANSFER,3573.23,10680.46,7107.23,16158.98,19732.21,user-6841,merchant-299,0.2,False,False,True,False,False,0,0,2,27,False,0.0,0.0,0,background-stream,2026-03-30T02:51:25.538930,MEDIUM,0.764999,0.205374,,0
24,PAYMENT,7033.53,8054.91,1021.38,14538.29,21571.82,user-1299,merchant-190,0.2,False,False,True,False,False,0,0,2,22,False,0.0,0.0,0,background-stream,2026-03-30T02:51:27.774851,MEDIUM,0.765,0.242488,,0
23,PAYMENT,908.61,6064.96,5156.35,7858.47,8767.08,user-9580,merchant-206,0.2,False,False,True,False,False,0,0,0,26,False,0.0,0.0,0,background-stream,2026-03-30T02:51:30.067588,MEDIUM,0.765,0.23132,,0
21,CASH_OUT,5425.48,8007.67,2582.19,3501.18,8926.66,user-1512,merchant-265,0.25,False,False,True,False,False,0,0,4,35,False,0.0,0.0,1,background-stream,2026-03-30T02:51:32.282294,MEDIUM,0.7675,0.176883,,0
7,TRANSFER,2478.95,20974.15,18495.2,4077.97,6556.92,user-4206,merchant-210,0.25,False,False,True,False,False,0,0,2,28,False,0.0,0.0,1,background-stream,2026-03-30T02:51:34.505539,LOW,0.0675,0.223819,,0
12,CASH_OUT,2979.44,20381.14,17401.7,4168.96,7148.4,user-8455,merchant-380,0.2,False,False,True,False,False,0,0,2,40,False,0.0,0.0,0,background-stream,2026-03-30T02:51:36.677764,MEDIUM,0.765,0.171561,,0
6,PAYMENT,2572.45,14748.72,12176.27,9926.7,12499.15,user-3399,merchant-821,0.2,False,False,True,False,False,0,0,3,31,False,0.0,0.0,0,background-stream,2026-03-30T02:51:38.910499,LOW,0.065,0.279316,,0
14,CASH_OUT,5269.53,18727.74,13458.21,13132.74,18402.27,user-9353,merchant-138,0.2,False,False,True,False,False,0,0,3,32,False,0.0,0.0,0,background-stream,2026-03-30T02:51:41.184804,MEDIUM,0.765,0.156259,,0
16,CASH_IN,4547.13,10727.87,6180.74,6237.41,10784.54,user-8828,merchant-388,0.25,False,False,True,False,False,0,0,0,29,False,0.0,0.0,1,background-stream,2026-03-30T02:51:43.397919,MEDIUM,0.770405,0.143222,,0
2,PAYMENT,2572.17,21774.82,19202.65,3986.88,6559.05,user-7759,merchant-811,0.2,False,False,True,False,False,0,0,1,24,False,0.0,0.0,0,background-stream,2026-03-30T02:51:45.616007,LOW,0.065,0.267491,,0
4,CASH_OUT,3578.47,13131.85,9553.38,17308.42,20886.89,user-4775,merchant-190,0.2,False,False,True,False,False,0,0,5,23,False,0.0,0.0,0,background-stream,2026-03-30T02:51:47.837113,LOW,0.065019,0.231813,,0
22,TRANSFER,1473.96,4295.55,2821.59,19312.25,20786.21,user-6913,merchant-256,0.2,False,False,True,False,False,0,0,4,33,False,0.0,0.0,0,background-stream,2026-03-30T02:51:50.063518,MEDIUM,0.765,0.173997,,0
1,CASH_IN,9298.63,19937.43,10638.8,10504.19,19802.82,user-2664,merchant-922,0.2,False,False,True,False,False,0,0,2,36,False,0.0,0.0,0,background-stream,2026-03-30T02:51:52.392528,LOW,0.065,0.212158,,0
23,DEBIT,8907.32,28810.38,19903.06,7846.16,16753.48,user-3476,merchant-511,0.25,False,False,True,False,False,0,0,2,24,False,0.0,0.0,1,background-stream,2026-03-30T02:51:54.625681,MEDIUM,0.770476,0.143055,,0
5,CASH_OUT,3543.05,11959.93,8416.88,15164.87,18707.92,user-7130,merchant-720,0.2,False,False,True,False,False,0,0,7,31,False,0.0,0.0,0,background-stream,2026-03-30T02:51:56.835847,LOW,0.065011,0.237003,,0
23,PAYMENT,1280.99,13036.9,11755.91,8972.03,10253.02,user-3151,merchant-432,0.2,False,False,True,False,False,0,0,2,24,False,0.0,0.0,0,background-stream,2026-03-30T02:51:59.051054,MEDIUM,0.765,0.232688,,0
4,CASH_OUT,9494.8,16415.69,6920.89,15911.94,25406.74,user-3908,merchant-368,0.2,False,False,True,False,False,0,0,0,27,False,0.0,0.0,0,background-stream,2026-03-30T02:52:01.269142,LOW,0.065015,0.232494,,0
7,CASH_OUT,6979.62,25520.09,18540.47,19774.0,26753.62,user-4699,merchant-654,0.25,False,False,True,False,False,0,0,6,29,False,0.0,0.0,1,background-stream,2026-03-30T02:52:03.521329,LOW,0.0675,0.236482,,0
13,CASH_OUT,2287.57,11657.95,9370.38,10293.43,12581.0,user-3672,merchant-995,0.2,False,False,True,False,False,0,0,1,23,False,0.0,0.0,0,background-stream,2026-03-30T02:52:05.740224,MEDIUM,0.765,0.164643,,0
18,TRANSFER,618.88,6247.9,5629.02,11343.07,11961.95,user-9757,merchant-112,0.2,False,False,True,False,False,0,0,1,28,False,0.0,0.0,0,background-stream,2026-03-30T02:52:07.933339,MEDIUM,0.765,0.162569,,0
23,CASH_IN,388.0,4690.75,4302.75,19387.24,19775.24,user-1746,merchant-709,0.2,False,False,True,False,False,0,0,1,24,False,0.0,0.0,0,background-stream,2026-03-30T02:52:10.152727,MEDIUM,0.765,0.173451,,0
12,PAYMENT,3682.29,11092.75,7410.46,7329.08,11011.37,user-5748,merchant-742,0.2,False,False,True,False,False,0,0,3,29,False,0.0,0.0,0,background-stream,2026-03-30T02:52:12.376560,MEDIUM,0.765,0.21926,,0
17,CASH_OUT,5511.58,7076.42,1564.84,4905.7,10417.28,user-2830,merchant-147,0.2,False,False,True,False,False,0,0,4,20,False,0.0,0.0,0,background-stream,2026-03-30T02:52:14.751351,MEDIUM,0.765,0.174805,,0
18,CASH_OUT,334.86,18725.01,18390.15,9115.78,9450.64,user-2622,merchant-339,0.2,False,False,True,False,False,0,0,2,25,False,0.0,0.0,0,background-stream,2026-03-30T02:52:16.975369,MEDIUM,0.765,0.168913,,0
14,PAYMENT,3297.67,16612.93,13315.26,1708.88,5006.55,user-6289,merchant-684,0.2,False,False,True,False,False,0,0,4,25,False,0.0,0.0,0,background-stream,2026-03-30T02:52:19.246301,MEDIUM,0.765,0.207229,,0
15,CASH_OUT,2218.56,5354.48,3135.92,2053.63,4272.19,user-2455,merchant-780,0.2,False,False,True,False,False,0,0,4,29,False,0.0,0.0,0,background-stream,2026-03-30T02:52:21.461753,MEDIUM,0.765,0.15836,,0
13,CASH_IN,265.76,8635.16,8369.4,2276.48,2542.24,user-9529,merchant-279,0.2,False,False,True,False,False,0,0,6,28,False,0.0,0.0,0,background-stream,2026-03-30T02:52:23.677645,MEDIUM,0.765025,0.149941,,0
2,TRANSFER,8252.98,10790.35,2537.37,12449.09,20702.07,user-3237,merchant-144,0.25,False,False,True,False,False,0,0,3,31,False,0.0,0.0,1,background-stream,2026-03-30T02:52:25.969803,LOW,0.0675,0.217074,,0
5,DEBIT,7176.92,19515.77,12338.85,16284.55,23461.47,user-8752,merchant-391,0.2,False,False,True,False,False,0,0,1,33,False,0.0,0.0,0,background-stream,2026-03-30T02:52:28.197646,LOW,0.065,0.177779,,0
14,CASH_IN,7393.63,26848.58,19454.95,9008.49,16402.12,user-1971,merchant-282,0.2,False,False,True,False,False,0,0,5,29,False,0.0,0.0,0,background-stream,2026-03-30T02:52:30.449116,MEDIUM,0.766995,0.145343,,0
10,CASH_OUT,3136.78,3200.46,63.68,5403.41,8540.19,user-7945,merchant-792,0.25,False,False,True,False,False,0,0,1,29,False,0.0,0.0,1,background-stream,2026-03-30T02:52:32.676064,MEDIUM,0.7675,0.197678,,0
19,CASH_IN,7309.17,14102.17,6793.0,17306.43,24615.6,user-4507,merchant-787,0.2,False,False,True,False,False,0,0,4,25,False,0.0,0.0,0,background-stream,2026-03-30T02:52:34.891611,MEDIUM,0.765,0.159139,,0
7,DEBIT,3045.6,6112.72,3067.12,931.45,3977.05,user-5818,merchant-735,0.3,False,False,True,False,False,0,0,4,29,False,0.0,0.0,2,background-stream,2026-03-30T02:52:37.160641,LOW,0.07,0.177481,,0
5,TRANSFER,5073.09,22524.85,17451.76,5260.16,10333.25,user-2247,merchant-839,0.2,False,False,True,False,False,0,0,4,34,False,0.0,0.0,0,background-stream,2026-03-30T02:52:39.365369,LOW,0.065,0.223204,,0
18,CASH_OUT,5079.12,5919.11,839.99,9965.42,15044.54,user-4295,merchant-782,0.2,False,False,True,False,False,0,0,6,31,False,0.0,0.0,0,background-stream,2026-03-30T02:52:41.574207,MEDIUM,0.765,0.176338,,0
1,CASH_IN,9889.72,19640.61,9750.89,16387.62,26277.34,user-9732,merchant-491,0.25,False,False,True,False,False,0,0,3,34,False,0.0,0.0,1,background-stream,2026-03-30T02:52:43.785611,HIGH,0.1125,0.212158,,1
20,CASH_OUT,5913.4,9136.39,3222.99,4284.98,10198.38,user-6352,merchant-478,0.25,False,False,True,False,False,0,0,1,27,False,0.0,0.0,1,background-stream,2026-03-30T02:52:46.147760,MEDIUM,0.7675,0.173385,,0
23,PAYMENT,686.25,14867.57,14181.32,3535.71,4221.96,user-7387,merchant-891,0.2,False,False,True,False,False,0,0,3,32,False,0.0,0.0,0,background-stream,2026-03-30T02:52:48.424541,MEDIUM,0.765,0.231744,,0
3,CASH_IN,5273.37,7469.12,2195.75,15630.07,20903.44,user-3409,merchant-878,0.2,False,False,True,False,False,0,0,4,25,False,0.0,0.0,0,background-stream,2026-03-30T02:52:50.654542,LOW,0.065,0.212555,,0
18,CASH_IN,7267.72,22020.1,14752.38,10492.73,17760.45,user-9295,merchant-445,0.2,False,False,True,False,False,0,0,3,37,False,0.0,0.0,0,background-stream,2026-03-30T02:52:52.939835,MEDIUM,0.765,0.156477,,0
3,CASH_IN,7899.53,25845.4,17945.87,10514.24,18413.77,user-3776,merchant-863,0.2,False,False,True,False,False,0,0,3,28,False,0.0,0.0,0,background-stream,2026-03-30T02:52:55.153615,LOW,0.065,0.212148,,0
24,CASH_OUT,5021.29,11917.34,6896.05,16023.46,21044.75,user-4378,merchant-904,0.2,False,False,True,False,False,0,0,3,34,False,0.0,0.0,0,background-stream,2026-03-30T02:52:57.368010,MEDIUM,0.765,0.198167,,0
7,TRANSFER,8894.14,13784.99,4890.85,4555.2,13449.34,user-1482,merchant-677,0.25,False,False,True,False,False,0,0,4,30,False,0.0,0.0,1,background-stream,2026-03-30T02:52:59.637735,LOW,0.0675,0.228401,,0
3,TRANSFER,1108.58,20172.99,19064.41,7669.96,8778.54,user-2292,merchant-943,0.25,False,False,True,False,False,0,0,3,33,False,0.0,0.0,1,background-stream,2026-03-30T02:53:01.847067,LOW,0.067501,0.215146,,0
23,CASH_OUT,892.81,6179.99,5287.18,6006.09,6898.9,user-5447,merchant-807,0.25,False,False,True,False,False,0,0,0,23,False,0.0,0.0,1,background-stream,2026-03-30T02:53:04.058517,MEDIUM,0.7675,0.18792,,0
11,CASH_OUT,7746.74,10074.28,2327.54,11397.57,19144.31,user-7377,merchant-627,0.2,False,False,True,False,False,0,0,2,38,False,0.0,0.0,0,background-stream,2026-03-30T02:53:06.307986,MEDIUM,0.765,0.189762,,0
16,TRANSFER,917.71,7517.29,6599.58,15442.54,16360.25,user-5200,merchant-230,0.2,False,False,True,False,False,0,0,2,26,False,0.0,0.0,0,background-stream,2026-03-30T02:53:08.587293,MEDIUM,0.765,0.152575,,0
24,CASH_IN,929.71,17527.42,16597.71,12780.16,13709.87,user-3279,merchant-289,0.2,False,False,True,False,False,0,0,2,27,False,0.0,0.0,0,background-stream,2026-03-30T02:53:10.860754,MEDIUM,0.765,0.184349,,0
20,TRANSFER,4432.94,7700.83,3267.89,12867.06,17300.0,user-7013,merchant-521,0.2,False,False,True,False,False,0,0,3,29,False,0.0,0.0,0,background-stream,2026-03-30T02:53:13.080602,MEDIUM,0.765,0.167535,,0
4,DEBIT,9787.85,24357.48,14569.63,11215.93,21003.78,user-6311,merchant-102,0.2,False,False,True,False,False,0,0,2,26,False,0.0,0.0,0,background-stream,2026-03-30T02:53:15.306190,LOW,0.065,0.179577,,0
14,PAYMENT,3519.73,7346.88,3827.15,8319.05,11838.78,user-2271,merchant-278,0.2,False,False,True,False,False,0,0,5,22,False,0.0,0.0,0,background-stream,2026-03-30T02:53:17.527146,MEDIUM,0.765,0.207783,,0
22,PAYMENT,9937.64,26226.95,16289.31,13315.59,23253.23,user-1424,merchant-750,0.2,False,False,True,False,False,0,0,3,32,False,0.0,0.0,0,background-stream,2026-03-30T02:53:19.778103,HIGH,0.81,0.218239,,1
20,DEBIT,1202.02,17811.61,16609.59,13546.85,14748.87,user-5612,merchant-646,0.2,False,False,True,False,False,0,0,2,29,False,0.0,0.0,0,background-stream,2026-03-30T02:53:22.223117,MEDIUM,0.774133,0.128689,,0
14,PAYMENT,9372.01,15126.87,5754.86,12126.13,21498.14,user-3614,merchant-261,0.25,False,False,True,False,False,0,0,2,40,False,0.0,0.0,1,background-stream,2026-03-30T02:53:24.466278,MEDIUM,0.7675,0.205533,,0
2,CASH_IN,1317.7,18823.36,17505.66,13515.47,14833.17,user-1139,merchant-504,0.25,False,False,True,False,False,0,0,4,27,False,0.0,0.0,1,background-stream,2026-03-30T02:53:26.687343,LOW,0.0675,0.208803,,0
15,CASH_IN,702.83,18349.25,17646.42,19091.9,19794.73,user-6817,merchant-147,0.2,False,False,True,False,False,0,0,3,21,False,0.0,0.0,0,background-stream,2026-03-30T02:53:28.901749,MEDIUM,0.767924,0.143176,,0
8,PAYMENT,3680.12,5970.82,2290.7,1274.63,4954.75,user-6366,merchant-658,0.2,False,False,True,False,False,0,0,5,35,False,0.0,0.0,0,background-stream,2026-03-30T02:53:31.123153,MEDIUM,0.765,0.261021,,0
19,CASH_OUT,1791.82,5945.18,4153.36,5922.48,7714.3,user-9917,merchant-526,0.2,False,False,True,False,False,0,0,6,29,False,0.0,0.0,0,background-stream,2026-03-30T02:53:33.402965,MEDIUM,0.765,0.173519,,0
15,CASH_IN,3592.66,18051.5,14458.84,13898.28,17490.94,user-1089,merchant-685,0.2,False,False,True,False,False,0,0,1,36,False,0.0,0.0,0,background-stream,2026-03-30T02:53:35.610806,MEDIUM,0.767972,0.143064,,0
18,CASH_OUT,3974.18,15677.96,11703.78,2727.02,6701.2,user-5367,merchant-279,0.2,False,False,True,False,False,0,0,3,29,False,0.0,0.0,0,background-stream,2026-03-30T02:53:37.780822,MEDIUM,0.765,0.170297,,0
9,CASH_IN,8002.15,15332.72,7330.57,5857.26,13859.41,user-2205,merchant-597,0.25,False,False,True,False,False,0,0,1,35,False,0.0,0.0,1,background-stream,2026-03-30T02:53:40.000227,MEDIUM,0.7675,0.188415,,0
9,DEBIT,4401.87,4673.36,271.49,18058.25,22460.12,user-5911,merchant-107,0.2,False,False,True,False,False,0,0,3,37,False,0.0,0.0,0,background-stream,2026-03-30T02:53:42.218780,MEDIUM,0.765,0.153694,,0
8,DEBIT,8533.56,23967.64,15434.08,1134.08,9667.64,user-8736,merchant-493,0.2,False,False,True,False,False,0,0,6,20,False,0.0,0.0,0,background-stream,2026-03-30T02:53:44.485891,MEDIUM,0.765,0.160794,,0
9,CASH_OUT,4670.55,17140.54,12469.99,5711.16,10381.71,user-6974,merchant-545,0.2,False,False,True,False,False,0,0,1,28,False,0.0,0.0,0,background-stream,2026-03-30T02:53:46.707677,MEDIUM,0.765,0.205301,,0
8,CASH_OUT,716.38,2339.72,1623.34,55.23,771.61,user-6061,merchant-481,0.2,False,False,True,False,False,0,0,3,26,False,0.0,0.0,0,background-stream,2026-03-30T02:53:48.921124,MEDIUM,0.765,0.221615,,0
19,CASH_IN,3312.18,18199.44,14887.26,19985.01,23297.19,user-8794,merchant-189,0.2,False,False,True,False,False,0,0,2,33,False,0.0,0.0,0,background-stream,2026-03-30T02:53:51.169110,MEDIUM,0.765,0.158957,,0
13,CASH_OUT,3576.34,11206.68,7630.34,2678.52,6254.86,user-5016,merchant-903,0.2,False,False,True,False,False,0,0,0,29,False,0.0,0.0,0,background-stream,2026-03-30T02:53:53.448492,MEDIUM,0.765,0.165563,,0
19,DEBIT,6595.41,24076.07,17480.66,15567.52,22162.93,user-7755,merchant-170,0.2,False,False,True,False,False,0,0,2,33,False,0.0,0.0,0,background-stream,2026-03-30T02:53:55.759913,MEDIUM,0.777072,0.12183,,0
21,DEBIT,9076.16,13296.46,4220.3,3787.96,12864.12,user-2852,merchant-726,0.25,False,False,True,False,False,0,0,2,37,False,0.0,0.0,1,background-stream,2026-03-30T02:53:58.003783,MEDIUM,0.777271,0.1272,,0
12,CASH_OUT,8575.05,8882.9,307.85,1621.39,10196.44,user-6136,merchant-952,0.2,False,False,True,False,False,0,0,6,27,False,0.0,0.0,0,background-stream,2026-03-30T02:54:00.239277,MEDIUM,0.765,0.177898,,0
9,DEBIT,1547.06,14285.83,12738.77,15058.79,16605.85,user-8276,merchant-452,0.2,False,False,True,False,False,0,0,5,33,False,0.0,0.0,0,background-stream,2026-03-30T02:54:02.451046,MEDIUM,0.764999,0.153873,,0
12,CASH_IN,5530.94,9929.12,4398.18,19728.43,25259.37,user-4876,merchant-717,0.2,False,False,True,False,False,0,0,2,24,False,0.0,0.0,0,background-stream,2026-03-30T02:54:04.664147,MEDIUM,0.765,0.157102,,0
23,DEBIT,8886.46,12293.75,3407.29,4186.4,13072.86,user-5044,merchant-336,0.2,False,False,True,False,False,0,0,2,34,False,0.0,0.0,0,background-stream,2026-03-30T02:54:06.894671,MEDIUM,0.768193,0.142549,,0
9,CASH_IN,7088.08,17683.94,10595.86,11330.75,18418.83,user-2083,merchant-976,0.2,False,False,True,False,False,0,0,4,36,False,0.0,0.0,0,background-stream,2026-03-30T02:54:09.131431,MEDIUM,0.764999,0.188415,,0
20,CASH_OUT,1421.31,9558.42,8137.11,17797.52,19218.83,user-1124,merchant-408,0.2,False,False,True,False,False,0,0,1,28,False,0.0,0.0,0,background-stream,2026-03-30T02:54:11.370028,MEDIUM,0.765,0.170895,,0
7,PAYMENT,9090.35,22735.54,13645.19,14856.99,23947.34,user-1195,merchant-602,0.25,False,False,True,False,False,0,0,2,42,False,0.0,0.0,1,background-stream,2026-03-30T02:54:13.612236,LOW,0.0675,0.280018,,0
9,CASH_IN,6498.71,21644.59,15145.88,5630.11,12128.82,user-9496,merchant-167,0.2,False,False,True,False,False,0,0,3,21,False,0.0,0.0,0,background-stream,2026-03-30T02:54:15.828051,MEDIUM,0.765,0.188058,,0
20,DEBIT,8752.66,9239.78,487.12,13588.28,22340.94,user-2754,merchant-106,0.2,False,False,True,False,False,0,0,1,33,False,0.0,0.0,0,background-stream,2026-03-30T02:54:18.181111,MEDIUM,0.774618,0.127556,,0
9,CASH_OUT,9055.6,13410.57,4354.97,3836.49,12892.09,user-1653,merchant-518,0.2,False,False,True,False,False,0,0,6,36,False,0.0,0.0,0,background-stream,2026-03-30T02:54:20.413529,MEDIUM,0.765,0.208374,,0
4,CASH_IN,977.64,11762.72,10785.08,19875.03,20852.67,user-3785,merchant-503,0.2,False,False,True,False,False,0,0,7,22,False,0.0,0.0,0,background-stream,2026-03-30T02:54:22.741990,LOW,0.065,0.212265,,0
2,CASH_IN,3616.24,4768.74,1152.5,1512.27,5128.51,user-9632,merchant-682,0.2,False,False,True,False,False,0,0,2,28,False,0.0,0.0,0,background-stream,2026-03-30T02:54:24.969413,LOW,0.065,0.208897,,0
23,PAYMENT,6555.24,23986.01,17430.77,9789.79,16345.03,user-2200,merchant-371,0.25,False,False,True,False,False,0,0,1,36,False,0.0,0.0,1,background-stream,2026-03-30T02:54:27.189572,MEDIUM,0.7675,0.232771,,0
12,CASH_IN,3874.15,14008.0,10133.85,4232.56,8106.71,user-8448,merchant-357,0.2,False,False,True,False,False,0,0,4,30,False,0.0,0.0,0,background-stream,2026-03-30T02:54:29.454844,MEDIUM,0.765,0.156883,,0
3,PAYMENT,4510.29,20303.32,15793.03,6262.45,10772.74,user-4414,merchant-169,0.2,False,False,True,False,False,0,0,1,40,False,0.0,0.0,0,background-stream,2026-03-30T02:54:31.684911,LOW,0.065,0.267055,,0
16,CASH_OUT,9692.29,20531.07,10838.78,234.48,9926.77,user-9771,merchant-128,0.2,False,False,True,False,False,0,0,1,31,False,0.0,0.0,0,background-stream,2026-03-30T02:54:33.913331,MEDIUM,0.765,0.157013,,0
3,CASH_IN,6052.49,15665.85,9613.36,13317.59,19370.08,user-2552,merchant-114,0.2,False,False,True,False,False,0,0,5,25,False,0.0,0.0,0,background-stream,2026-03-30T02:54:36.136999,LOW,0.065,0.212523,,0
16,PAYMENT,5848.87,7309.71,1460.84,6311.42,12160.29,user-9980,merchant-930,0.25,False,False,True,False,False,0,0,4,30,False,0.0,0.0,1,background-stream,2026-03-30T02:54:38.351274,MEDIUM,0.7675,0.207043,,0
3,CASH_OUT,1826.26,19110.31,17284.05,12162.43,13988.69,user-3079,merchant-542,0.25,False,False,True,False,False,0,0,1,31,False,0.0,0.0,1,background-stream,2026-03-30T02:54:40.603479,LOW,0.067516,0.229889,,0
3,PAYMENT,3055.37,6550.84,3495.47,15922.28,18977.65,user-9709,merchant-520,0.2,False,False,True,False,False,0,0,3,29,False,0.0,0.0,0,background-stream,2026-03-30T02:54:42.819655,LOW,0.065,0.267196,,0
16,CASH_OUT,3086.17,7923.1,4836.93,4619.11,7705.28,user-4320,merchant-904,0.2,False,False,True,False,False,0,0,3,35,False,0.0,0.0,0,background-stream,2026-03-30T02:54:45.028462,MEDIUM,0.765,0.158297,,0
17,TRANSFER,3730.7,5040.09,1309.39,16356.96,20087.66,user-4715,merchant-668,0.25,False,False,True,False,False,0,0,4,41,False,0.0,0.0,1,background-stream,2026-03-30T02:54:47.268786,MEDIUM,0.7675,0.165958,,0
5,CASH_OUT,8650.09,27114.77,18464.68,10168.7,18818.79,user-7457,merchant-662,0.2,False,False,True,False,False,0,0,4,21,False,0.0,0.0,0,background-stream,2026-03-30T02:54:49.479290,LOW,0.065014,0.234451,,0
14,PAYMENT,3891.94,6136.73,2244.79,12585.56,16477.5,user-1086,merchant-822,0.2,False,False,True,False,False,0,0,3,27,False,0.0,0.0,0,background-stream,2026-03-30T02:54:51.756583,MEDIUM,0.765,0.208249,,0
21,PAYMENT,1603.71,16592.1,14988.39,11930.3,13534.01,user-6547,merchant-121,0.2,False,False,True,False,False,0,0,3,24,False,0.0,0.0,0,background-stream,2026-03-30T02:54:53.968913,MEDIUM,0.765,0.218808,,0
2,CASH_IN,3894.97,11495.32,7600.35,9161.79,13056.76,user-6384,merchant-611,0.25,False,False,True,False,False,0,0,2,28,False,0.0,0.0,1,background-stream,2026-03-30T02:54:56.200932,LOW,0.0675,0.208803,,0
4,CASH_IN,7213.28,15300.19,8086.91,16333.61,23546.89,user-2030,merchant-253,0.25,False,False,True,False,False,0,0,3,30,False,0.0,0.0,1,background-stream,2026-03-30T02:54:58.427247,LOW,0.0675,0.212299,,0
7,CASH_OUT,2920.47,19277.13,16356.66,6810.77,9731.24,user-8342,merchant-510,0.2,False,False,True,False,False,0,0,3,24,False,0.0,0.0,0,background-stream,2026-03-30T02:55:00.676795,LOW,0.065007,0.23659,,0
11,CASH_IN,5416.0,22600.48,17184.48,16122.53,21538.53,user-3897,merchant-872,0.25,False,False,True,False,False,0,0,6,24,False,0.0,0.0,1,background-stream,2026-03-30T02:55:02.971457,MEDIUM,0.7675,0.166967,,0
2,PAYMENT,5921.22,21221.06,15299.84,3659.41,9580.63,user-1242,merchant-114,0.2,False,False,True,False,False,0,0,3,26,False,0.0,0.0,0,background-stream,2026-03-30T02:55:05.196375,LOW,0.065,0.267214,,0
5,PAYMENT,6130.73,19655.46,13524.73,17206.3,23337.03,user-7903,merchant-788,0.2,False,False,True,False,False,0,0,3,28,False,0.0,0.0,0,background-stream,2026-03-30T02:55:07.373537,LOW,0.065,0.273765,,0
23,TRANSFER,5247.73,8323.98,3076.25,3576.85,8824.58,user-4126,merchant-340,0.2,False,False,True,False,False,0,0,1,36,False,0.0,0.0,0,background-stream,2026-03-30T02:55:09.625898,MEDIUM,0.765,0.18367,,0
18,PAYMENT,876.65,1312.73,436.08,19333.57,20210.22,user-1343,merchant-203,0.2,False,False,True,False,False,0,0,3,33,False,0.0,0.0,0,background-stream,2026-03-30T02:55:11.869952,MEDIUM,0.765,0.214144,,0
5,PAYMENT,4280.18,16813.04,12532.86,9776.01,14056.19,user-2346,merchant-214,0.25,False,False,True,False,False,0,0,3,25,False,0.0,0.0,1,background-stream,2026-03-30T02:55:14.134535,LOW,0.0675,0.27421,,0
6,DEBIT,1423.08,15038.0,13614.92,3904.08,5327.16,user-7795,merchant-507,0.2,False,False,True,False,False,0,0,4,33,False,0.0,0.0,0,background-stream,2026-03-30T02:55:16.342380,LOW,0.065,0.181977,,0
7,CASH_OUT,8047.74,21696.12,13648.38,13376.78,21424.52,user-8298,merchant-347,0.2,False,False,True,False,False,0,0,5,22,False,0.0,0.0,0,background-stream,2026-03-30T02:55:18.570250,LOW,0.065006,0.237115,,0
6,DEBIT,3531.78,17557.39,14025.61,10220.25,13752.03,user-4589,merchant-544,0.2,False,False,True,False,False,0,0,2,37,False,0.0,0.0,0,background-stream,2026-03-30T02:55:20.794422,LOW,0.065,0.18085,,0
16,CASH_OUT,6706.69,13491.92,6785.23,16780.02,23486.71,user-3882,merchant-333,0.2,False,False,True,False,False,0,0,0,36,False,0.0,0.0,0,background-stream,2026-03-30T02:55:23.034374,MEDIUM,0.765,0.15831,,0
5,DEBIT,9084.93,22299.93,13215.0,10761.54,19846.47,user-8124,merchant-275,0.2,False,False,True,False,False,0,0,2,43,False,0.0,0.0,0,background-stream,2026-03-30T02:55:25.303580,LOW,0.065,0.177454,,0
7,TRANSFER,9582.84,16530.21,6947.37,2023.21,11606.05,user-6631,merchant-160,0.2,False,False,True,False,False,0,0,3,29,False,0.0,0.0,0,background-stream,2026-03-30T02:55:27.528599,LOW,0.065,0.228401,,0
4,DEBIT,2963.93,22554.25,19590.32,5183.66,8147.59,user-8417,merchant-567,0.2,False,False,True,False,False,0,0,1,31,False,0.0,0.0,0,background-stream,2026-03-30T02:55:29.754671,LOW,0.065,0.18224,,0
11,CASH_IN,2918.96,17358.89,14439.93,1991.94,4910.9,user-3293,merchant-485,0.25,False,False,True,False,False,0,0,6,26,False,0.0,0.0,1,background-stream,2026-03-30T02:55:31.979853,MEDIUM,0.7675,0.166754,,0
14,CASH_OUT,2975.92,11525.68,8549.76,7099.75,10075.67,user-9712,merchant-415,0.3,False,False,True,False,False,0,0,1,32,False,0.0,0.0,2,background-stream,2026-03-30T02:55:34.205406,MEDIUM,0.77,0.156587,,0
3,CASH_OUT,2530.1,16288.98,13758.88,15342.73,17872.83,user-8152,merchant-878,0.2,False,False,True,False,False,0,0,3,26,False,0.0,0.0,0,background-stream,2026-03-30T02:55:36.446252,LOW,0.065016,0.230428,,0
8,CASH_OUT,9365.09,27907.73,18542.64,13566.47,22931.56,user-7937,merchant-867,0.25,False,False,True,False,False,0,0,1,32,False,0.0,0.0,1,background-stream,2026-03-30T02:55:38.665456,MEDIUM,0.7675,0.214426,,0
19,TRANSFER,2290.94,11285.29,8994.35,16828.54,19119.48,user-7028,merchant-205,0.2,False,False,True,False,False,0,0,1,29,False,0.0,0.0,0,background-stream,2026-03-30T02:55:40.888222,MEDIUM,0.765,0.162301,,0
19,CASH_OUT,9469.86,18320.86,8851.0,11795.02,21264.88,user-2936,merchant-113,0.3,False,False,True,False,False,0,0,3,32,False,0.0,0.0,2,background-stream,2026-03-30T02:55:43.106996,MEDIUM,0.77,0.170995,,0
5,PAYMENT,4480.59,5504.03,1023.44,7150.99,11631.58,user-9101,merchant-839,0.2,False,False,True,False,False,0,0,2,35,False,0.0,0.0,0,background-stream,2026-03-30T02:55:45.323794,LOW,0.065,0.274986,,0
16,TRANSFER,5783.04,18130.19,12347.15,10587.65,16370.69,user-5918,merchant-962,0.2,False,False,True,False,False,0,0,0,27,False,0.0,0.0,0,background-stream,2026-03-30T02:55:47.599796,MEDIUM,0.765,0.151311,,0
4,CASH_IN,9568.78,17698.5,8129.72,3540.95,13109.73,user-7008,merchant-858,0.2,False,False,True,False,False,0,0,2,26,False,0.0,0.0,0,background-stream,2026-03-30T02:55:49.822133,LOW,0.065,0.212299,,0
4,CASH_IN,876.42,3240.83,2364.41,6957.98,7834.4,user-7466,merchant-460,0.2,False,False,True,False,False,0,0,2,32,False,0.0,0.0,0,background-stream,2026-03-30T02:55:52.048071,LOW,0.065,0.212265,,0
9,PAYMENT,9747.77,11629.34,1881.57,18218.31,27966.08,user-5058,merchant-163,0.2,False,False,True,False,False,0,0,2,31,False,0.0,0.0,0,background-stream,2026-03-30T02:55:54.262749,MEDIUM,0.765,0.249856,,0
9,CASH_OUT,9387.58,12756.72,3369.14,973.3,10360.88,user-2443,merchant-359,0.2,False,False,True,False,False,0,0,6,18,False,0.0,0.0,0,background-stream,2026-03-30T02:55:56.502117,MEDIUM,0.765,0.210538,,0
7,PAYMENT,7293.29,25089.16,17795.87,4051.99,11345.28,user-8082,merchant-565,0.2,False,False,True,False,False,0,0,3,22,False,0.0,0.0,0,background-stream,2026-03-30T02:55:58.804410,LOW,0.065,0.280938,,0
17,DEBIT,5580.35,19813.33,14232.98,18299.63,23879.98,user-8481,merchant-858,0.2,False,False,True,False,False,0,0,4,27,False,0.0,0.0,0,background-stream,2026-03-30T02:56:01.021482,MEDIUM,0.778204,0.11919,,0
23,CASH_IN,8759.72,18496.63,9736.91,13430.38,22190.1,user-8309,merchant-886,0.2,False,False,True,False,False,0,0,3,30,False,0.0,0.0,0,background-stream,2026-03-30T02:56:03.253758,MEDIUM,0.765,0.173733,,0
3,PAYMENT,4984.53,10983.9,5999.37,7851.79,12836.32,user-8269,merchant-392,0.25,False,False,True,False,False,0,0,1,33,False,0.0,0.0,1,background-stream,2026-03-30T02:56:05.478641,LOW,0.0675,0.267308,,0
7,CASH_IN,984.08,2714.25,1730.17,15646.46,16630.54,user-8565,merchant-646,0.2,False,False,True,False,False,0,0,2,30,False,0.0,0.0,0,background-stream,2026-03-30T02:56:07.649244,LOW,0.065,0.217078,,0
5,TRANSFER,722.67,18176.36,17453.69,16746.03,17468.7,user-3790,merchant-507,0.2,False,False,True,False,False,0,0,2,34,False,0.0,0.0,0,background-stream,2026-03-30T02:56:09.919865,LOW,0.065,0.222572,,0
24,TRANSFER,6180.8,10586.03,4405.23,99.92,6280.72,user-8367,merchant-328,0.25,False,False,True,False,False,0,0,4,31,False,0.0,0.0,1,background-stream,2026-03-30T02:56:12.145633,MEDIUM,0.7675,0.193206,,0
15,CASH_IN,5987.36,24299.91,18312.55,3314.9,9302.26,user-1661,merchant-266,0.2,False,False,True,False,False,0,0,2,24,False,0.0,0.0,0,background-stream,2026-03-30T02:56:14.361587,MEDIUM,0.767876,0.143288,,0
21,TRANSFER,7565.06,25351.0,17785.94,1742.27,9307.33,user-3238,merchant-818,0.25,False,False,True,False,False,0,0,5,28,False,0.0,0.0,1,background-stream,2026-03-30T02:56:16.579263,MEDIUM,0.7675,0.163146,,0
12,CASH_IN,9916.34,23752.75,13836.41,9924.58,19840.92,user-1038,merchant-870,0.2,False,False,True,False,False,0,0,3,35,False,0.0,0.0,0,background-stream,2026-03-30T02:56:18.798106,HIGH,0.81,0.156684,,1
8,CASH_OUT,6839.13,22899.89,16060.76,550.46,7389.59,user-2540,merchant-528,0.25,False,False,True,False,False,0,0,3,30,False,0.0,0.0,1,background-stream,2026-03-30T02:56:21.328732,MEDIUM,0.7675,0.215391,,0
7,CASH_OUT,6288.81,21500.96,15212.15,17320.39,23609.2,user-7945,merchant-543,0.25,False,False,True,False,False,0,0,2,26,False,0.0,0.0,1,background-stream,2026-03-30T02:56:23.544175,LOW,0.0675,0.2372,,0
18,CASH_OUT,1626.98,2463.54,836.56,3924.37,5551.35,user-2141,merchant-505,0.3,False,False,True,False,False,0,0,2,29,False,0.0,0.0,2,background-stream,2026-03-30T02:56:25.768448,MEDIUM,0.77,0.176655,,0
22,DEBIT,260.14,898.8,638.66,16749.33,17009.47,user-6792,merchant-453,0.2,False,False,True,False,False,0,0,2,28,False,0.0,0.0,0,background-stream,2026-03-30T02:56:28.008157,MEDIUM,0.773102,0.131094,,0
10,CASH_IN,9373.0,25933.26,16560.26,18283.05,27656.05,user-6994,merchant-610,0.2,False,False,True,False,False,0,0,3,34,False,0.0,0.0,0,background-stream,2026-03-30T02:56:30.231930,MEDIUM,0.765,0.176421,,0
16,PAYMENT,1475.98,9952.75,8476.77,15555.09,17031.07,user-9992,merchant-767,0.2,False,False,True,False,False,0,0,1,28,False,0.0,0.0,0,background-stream,2026-03-30T02:56:32.522525,MEDIUM,0.765,0.204865,,0
7,PAYMENT,3980.51,11601.22,7620.71,8812.51,12793.02,user-3922,merchant-629,0.2,False,False,True,False,False,0,0,5,23,False,0.0,0.0,0,background-stream,2026-03-30T02:56:34.752368,LOW,0.065,0.281007,,0
21,CASH_OUT,9818.68,20600.17,10781.49,15272.97,25091.65,user-5261,merchant-384,0.2,False,False,True,False,False,0,0,6,42,False,0.0,0.0,0,background-stream,2026-03-30T02:56:36.957609,MEDIUM,0.765,0.172719,,0
23,CASH_IN,206.26,8850.41,8644.15,403.12,609.38,user-7616,merchant-118,0.2,False,False,True,False,False,0,0,1,28,False,0.0,0.0,0,background-stream,2026-03-30T02:56:39.179656,MEDIUM,0.765,0.173591,,0
12,CASH_IN,6658.06,6769.33,111.27,1847.89,8505.95,user-4713,merchant-394,0.2,False,False,True,False,False,0,0,3,24,False,0.0,0.0,0,background-stream,2026-03-30T02:56:41.429077,MEDIUM,0.765,0.157066,,0
10,PAYMENT,5166.62,24539.33,19372.71,17737.81,22904.43,user-2212,merchant-515,0.3,False,False,True,False,False,0,0,2,41,False,0.0,0.0,2,background-stream,2026-03-30T02:56:43.821392,MEDIUM,0.77,0.240917,,0
20,TRANSFER,6111.18,25543.18,19432.0,14759.37,20870.55,user-4834,merchant-875,0.25,False,False,True,False,False,0,0,4,30,False,0.0,0.0,1,background-stream,2026-03-30T02:56:46.649209,MEDIUM,0.7675,0.162472,,0
14,PAYMENT,5930.97,8146.86,2215.89,12315.03,18246.0,user-3100,merchant-254,0.25,False,False,True,False,False,0,0,7,32,False,0.0,0.0,1,background-stream,2026-03-30T02:56:49.158427,MEDIUM,0.7675,0.208074,,0
6,PAYMENT,3542.69,5072.95,1530.26,17114.7,20657.39,user-2258,merchant-477,0.25,False,False,True,False,False,0,0,3,24,False,0.0,0.0,1,background-stream,2026-03-30T02:56:51.573082,LOW,0.0675,0.279467,,0
8,TRANSFER,5198.89,6477.48,1278.59,5438.48,10637.37,user-8129,merchant-826,0.25,False,False,True,False,False,0,0,5,23,False,0.0,0.0,1,background-stream,2026-03-30T02:56:54.315397,MEDIUM,0.767499,0.20868,,0
11,CASH_IN,3715.21,8421.84,4706.63,8219.15,11934.36,user-3655,merchant-772,0.2,False,False,True,False,False,0,0,3,26,False,0.0,0.0,0,background-stream,2026-03-30T02:56:57.675013,MEDIUM,0.765,0.166754,,0
8,TRANSFER,7547.79,19153.57,11605.78,4563.03,12110.82,user-6169,merchant-339,0.2,False,False,True,False,False,0,0,2,26,False,0.0,0.0,0,background-stream,2026-03-30T02:57:00.979909,MEDIUM,0.764999,0.203511,,0
20,TRANSFER,4162.67,23452.7,19290.03,3896.16,8058.83,user-6844,merchant-393,0.25,False,False,True,False,False,0,0,2,33,False,0.0,0.0,1,background-stream,2026-03-30T02:57:03.463744,MEDIUM,0.7675,0.163087,,0
21,CASH_OUT,3394.59,20728.39,17333.8,9924.9,13319.49,user-9585,merchant-563,0.25,False,False,True,False,False,0,0,2,27,False,0.0,0.0,1,background-stream,2026-03-30T02:57:05.757704,MEDIUM,0.7675,0.171084,,0
23,CASH_IN,5107.67,8387.02,3279.35,1917.37,7025.04,user-5050,merchant-579,0.25,False,False,True,False,False,0,0,3,35,False,0.0,0.0,1,background-stream,2026-03-30T02:57:08.007973,MEDIUM,0.7675,0.173662,,0
5,DEBIT,2183.46,21620.71,19437.25,6962.97,9146.43,user-1732,merchant-896,0.25,False,False,True,False,False,0,0,3,37,False,0.0,0.0,1,background-stream,2026-03-30T02:57:10.377678,LOW,0.0675,0.180321,,0
10,PAYMENT,9113.71,23557.18,14443.47,10614.8,19728.51,user-9806,merchant-263,0.25,False,False,True,False,False,0,0,4,27,False,0.0,0.0,1,background-stream,2026-03-30T02:57:12.654114,MEDIUM,0.7675,0.239554,,0
13,TRANSFER,4832.8,14087.01,9254.21,2426.15,7258.95,user-1234,merchant-623,0.2,False,False,True,False,False,0,0,4,28,False,0.0,0.0,0,background-stream,2026-03-30T02:57:14.900287,MEDIUM,0.765,0.151955,,0
5,DEBIT,5215.77,6347.45,1131.68,14418.77,19634.54,user-9512,merchant-528,0.2,False,False,True,False,False,0,0,4,31,False,0.0,0.0,0,background-stream,2026-03-30T02:57:17.160631,LOW,0.065,0.177782,,0
21,CASH_OUT,6379.1,25338.52,18959.42,19531.91,25911.01,user-8581,merchant-354,0.2,False,False,True,False,False,0,0,3,37,False,0.0,0.0,0,background-stream,2026-03-30T02:57:19.406910,MEDIUM,0.765,0.171005,,0
2,PAYMENT,9082.09,24060.19,14978.1,16004.79,25086.88,user-4138,merchant-643,0.25,False,False,True,False,False,0,0,5,33,False,0.0,0.0,1,background-stream,2026-03-30T02:57:21.726283,LOW,0.0675,0.264914,,0
19,DEBIT,3028.7,12089.08,9060.38,10707.92,13736.62,user-7028,merchant-848,0.25,False,False,True,False,False,0,0,2,26,False,0.0,0.0,1,background-stream,2026-03-30T02:57:23.954689,MEDIUM,0.779431,0.122161,,0
22,DEBIT,6014.58,8484.61,2470.03,7483.4,13497.98,user-4789,merchant-773,0.2,False,False,True,False,False,0,0,9,34,False,0.0,0.0,0,background-stream,2026-03-30T02:57:26.172133,MEDIUM,0.77305,0.131216,,0
6,CASH_IN,9411.92,19564.52,10152.6,7506.36,16918.28,user-3805,merchant-528,0.2,False,False,True,False,False,0,0,4,32,False,0.0,0.0,0,background-stream,2026-03-30T02:57:28.390203,LOW,0.065,0.216674,,0
7,PAYMENT,9317.55,20825.76,11508.21,11284.36,20601.91,user-4259,merchant-552,0.2,False,False,True,False,False,0,0,4,29,False,0.0,0.0,0,background-stream,2026-03-30T02:57:30.606329,LOW,0.065,0.280018,,0
10,DEBIT,9072.29,26293.12,17220.83,2318.19,11390.48,user-8282,merchant-230,0.2,False,False,True,False,False,0,0,1,27,False,0.0,0.0,0,background-stream,2026-03-30T02:57:32.883237,MEDIUM,0.766962,0.145421,,0
9,CASH_OUT,3516.4,17506.09,13989.69,3372.06,6888.46,user-5495,merchant-359,0.2,False,False,True,False,False,0,0,3,19,False,0.0,0.0,0,background-stream,2026-03-30T02:57:35.106917,MEDIUM,0.765,0.205301,,0
23,PAYMENT,6027.1,23223.73,17196.63,433.25,6460.35,user-4851,merchant-393,0.25,False,False,True,False,False,0,0,3,34,False,0.0,0.0,1,background-stream,2026-03-30T02:57:37.291887,MEDIUM,0.7675,0.233627,,0
22,DEBIT,3830.79,9589.33,5758.54,2355.86,6186.65,user-1408,merchant-330,0.25,False,False,True,False,False,0,0,2,20,False,0.0,0.0,1,background-stream,2026-03-30T02:57:39.499731,MEDIUM,0.775205,0.13202,,0
8,PAYMENT,6219.77,12006.84,5787.07,8641.83,14861.6,user-5639,merchant-373,0.2,False,False,True,False,False,0,0,2,29,False,0.0,0.0,0,background-stream,2026-03-30T02:57:41.723513,MEDIUM,0.765,0.260765,,0
14,DEBIT,7700.07,25419.96,17719.89,5766.75,13466.82,user-5896,merchant-170,0.2,False,False,True,False,False,0,0,4,34,False,0.0,0.0,0,background-stream,2026-03-30T02:57:43.998782,MEDIUM,0.782056,0.110201,,0
18,CASH_IN,4879.64,21742.71,16863.07,14988.76,19868.4,user-6791,merchant-262,0.2,False,False,True,False,False,0,0,5,23,False,0.0,0.0,0,background-stream,2026-03-30T02:57:46.237053,MEDIUM,0.765,0.156676,,0
22,TRANSFER,1567.99,15463.27,13895.28,12199.0,13766.99,user-7305,merchant-176,0.2,False,False,True,False,False,0,0,5,28,False,0.0,0.0,0,background-stream,2026-03-30T02:57:48.480960,MEDIUM,0.765,0.169301,,0
20,TRANSFER,4983.37,24766.73,19783.36,3102.52,8085.89,user-8516,merchant-909,0.2,False,False,True,False,False,0,0,3,24,False,0.0,0.0,0,background-stream,2026-03-30T02:57:50.755272,MEDIUM,0.765,0.163087,,0
13,CASH_IN,7065.98,24299.17,17233.19,19839.73,26905.71,user-3838,merchant-762,0.2,False,False,True,False,False,0,0,2,22,False,0.0,0.0,0,background-stream,2026-03-30T02:57:53.034769,MEDIUM,0.765017,0.14996,,0
11,TRANSFER,2886.94,7430.94,4544.0,3130.38,6017.32,user-5375,merchant-207,0.25,False,False,True,False,False,0,0,3,24,False,0.0,0.0,1,background-stream,2026-03-30T02:57:55.291809,MEDIUM,0.7675,0.17322,,0
15,CASH_OUT,8067.67,13117.52,5049.85,10994.15,19061.82,user-9313,merchant-709,0.2,False,False,True,False,False,0,0,3,25,False,0.0,0.0,0,background-stream,2026-03-30T02:57:57.503657,MEDIUM,0.765,0.156123,,0
2,DEBIT,2644.81,3777.39,1132.58,14811.15,17455.96,user-2928,merchant-397,0.2,False,False,True,False,False,0,0,3,33,False,0.0,0.0,0,background-stream,2026-03-30T02:57:59.712505,LOW,0.065,0.189663,,0
16,PAYMENT,5155.86,7238.3,2082.44,13151.64,18307.5,user-7417,merchant-237,0.2,False,False,True,False,False,0,0,4,33,False,0.0,0.0,0,background-stream,2026-03-30T02:58:01.930509,MEDIUM,0.765,0.207014,,0
7,DEBIT,6929.05,7612.89,683.84,14763.0,21692.05,user-7698,merchant-116,0.25,False,False,True,False,False,0,0,1,22,False,0.0,0.0,1,background-stream,2026-03-30T02:58:04.163453,LOW,0.0675,0.176421,,0
2,PAYMENT,9201.31,28433.41,19232.1,9070.1,18271.41,user-7796,merchant-267,0.2,False,False,True,False,False,0,0,3,32,False,0.0,0.0,0,background-stream,2026-03-30T02:58:06.494788,LOW,0.065,0.265558,,0
20,DEBIT,8659.25,9686.46,1027.21,19804.62,28463.87,user-4123,merchant-627,0.2,False,False,True,False,False,0,0,4,39,False,0.0,0.0,0,background-stream,2026-03-30T02:58:08.721740,MEDIUM,0.774618,0.127556,,0
2,DEBIT,6714.64,20064.35,13349.71,12730.24,19444.88,user-6727,merchant-447,0.2,False,False,True,False,False,0,0,1,37,False,0.0,0.0,0,background-stream,2026-03-30T02:58:10.948335,LOW,0.065,0.187416,,0
18,TRANSFER,771.81,5500.86,4729.05,9242.99,10014.8,user-5394,merchant-909,0.2,False,False,True,False,False,0,0,1,25,False,0.0,0.0,0,background-stream,2026-03-30T02:58:13.180440,MEDIUM,0.765,0.162569,,0
11,DEBIT,5744.53,7208.82,1464.29,12257.16,18001.69,user-7794,merchant-148,0.2,False,False,True,False,False,0,0,5,24,False,0.0,0.0,0,background-stream,2026-03-30T02:58:15.401537,MEDIUM,0.771381,0.13511,,0
24,TRANSFER,957.25,16424.37,15467.12,5949.58,6906.83,user-9590,merchant-821,0.2,False,False,True,False,False,0,0,2,32,False,0.0,0.0,0,background-stream,2026-03-30T02:58:17.680505,MEDIUM,0.765,0.18939,,0
10,CASH_OUT,760.32,15268.97,14508.65,16771.58,17531.9,user-9678,merchant-410,0.2,False,False,True,False,False,0,0,3,35,False,0.0,0.0,0,background-stream,2026-03-30T02:58:19.902530,MEDIUM,0.764999,0.193287,,0
19,PAYMENT,6293.68,22893.95,16600.27,17599.47,23893.15,user-4381,merchant-560,0.2,False,False,True,False,False,0,0,0,28,False,0.0,0.0,0,background-stream,2026-03-30T02:58:22.167964,MEDIUM,0.765,0.215018,,0
12,PAYMENT,6220.27,24068.29,17848.02,2690.01,8910.28,user-4913,merchant-222,0.25,False,False,True,False,False,0,0,2,28,False,0.0,0.0,1,background-stream,2026-03-30T02:58:24.501671,MEDIUM,0.7675,0.219912,,0
16,DEBIT,8234.34,9326.25,1091.91,14753.57,22987.91,user-3373,merchant-160,0.2,False,False,True,False,False,0,0,3,30,False,0.0,0.0,0,background-stream,2026-03-30T02:58:26.818673,MEDIUM,0.781244,0.112097,,0
21,CASH_OUT,5449.4,22092.24,16642.84,1481.69,6931.09,user-7075,merchant-844,0.25,False,False,True,False,False,0,0,0,33,False,0.0,0.0,1,background-stream,2026-03-30T02:58:29.306558,MEDIUM,0.7675,0.171481,,0
16,TRANSFER,6468.16,25251.84,18783.68,5612.49,12080.65,user-3002,merchant-137,0.2,False,False,True,False,False,0,0,1,36,False,0.0,0.0,0,background-stream,2026-03-30T02:58:31.595076,MEDIUM,0.76528,0.149345,,0
3,CASH_OUT,3125.19,16804.98,13679.79,10455.94,13581.13,user-5550,merchant-406,0.2,False,False,True,False,False,0,0,1,22,False,0.0,0.0,0,background-stream,2026-03-30T02:58:33.867175,LOW,0.065,0.229889,,0
3,CASH_IN,4187.34,8541.39,4354.05,17504.71,21692.05,user-7695,merchant-952,0.2,False,False,True,False,False,0,0,1,28,False,0.0,0.0,0,background-stream,2026-03-30T02:58:36.042175,LOW,0.065,0.212139,,0
14,CASH_IN,7716.92,23330.84,15613.92,17548.26,25265.18,user-6275,merchant-549,0.2,False,False,True,False,False,0,0,5,27,False,0.0,0.0,0,background-stream,2026-03-30T02:58:38.260532,MEDIUM,0.766995,0.145343,,0
7,TRANSFER,2151.68,14742.15,12590.47,18273.98,20425.66,user-4345,merchant-483,0.25,False,False,True,False,False,0,0,3,34,False,0.0,0.0,1,background-stream,2026-03-30T02:58:40.536650,LOW,0.0675,0.225839,,0
4,TRANSFER,6528.0,21009.41,14481.41,14324.34,20852.34,user-3725,merchant-609,0.2,False,False,True,False,False,0,0,5,42,False,0.0,0.0,0,background-stream,2026-03-30T02:58:42.763719,LOW,0.065001,0.218178,,0
3,DEBIT,9184.48,22043.01,12858.53,14875.44,24059.92,user-6642,merchant-609,0.2,False,False,True,False,False,0,0,3,43,False,0.0,0.0,0,background-stream,2026-03-30T02:58:44.981580,LOW,0.065,0.181807,,0
23,CASH_IN,9043.94,11748.08,2704.14,16558.97,25602.91,user-1817,merchant-862,0.3,False,False,True,False,False,0,0,2,40,False,0.0,0.0,2,background-stream,2026-03-30T02:58:47.197634,MEDIUM,0.77,0.173627,,0
15,CASH_IN,3228.49,14831.37,11602.88,11798.33,15026.82,user-3858,merchant-422,0.25,False,False,True,False,False,0,0,0,33,False,0.0,0.0,1,background-stream,2026-03-30T02:58:49.413828,MEDIUM,0.770472,0.143064,,0
23,TRANSFER,878.19,6785.67,5907.48,137.54,1015.73,user-9489,merchant-158,0.2,False,False,True,False,False,0,0,3,31,False,0.0,0.0,0,background-stream,2026-03-30T02:58:51.695983,MEDIUM,0.765,0.181938,,0
1,CASH_IN,3613.29,22536.56,18923.27,12518.21,16131.5,user-2957,merchant-364,0.2,False,False,True,False,False,0,0,4,23,False,0.0,0.0,0,background-stream,2026-03-30T02:58:53.986654,LOW,0.065,0.211774,,0
22,CASH_IN,8239.29,15218.35,6979.06,10758.1,18997.39,user-1694,merchant-782,0.2,False,False,True,False,False,0,0,0,32,False,0.0,0.0,0,background-stream,2026-03-30T02:58:56.233353,MEDIUM,0.765,0.16667,,0
7,DEBIT,5456.43,11835.43,6379.0,4572.69,10029.12,user-7312,merchant-800,0.2,False,False,True,False,False,0,0,5,26,False,0.0,0.0,0,background-stream,2026-03-30T02:58:58.456852,LOW,0.065,0.176958,,0
16,DEBIT,8168.82,13478.21,5309.39,14955.53,23124.35,user-5475,merchant-619,0.2,False,False,True,False,False,0,0,1,31,False,0.0,0.0,0,background-stream,2026-03-30T02:59:00.688023,MEDIUM,0.781306,0.111951,,0
16,CASH_OUT,6897.8,15245.45,8347.65,5376.76,12274.56,user-9559,merchant-462,0.2,False,False,True,False,False,0,0,5,20,False,0.0,0.0,0,background-stream,2026-03-30T02:59:02.986415,MEDIUM,0.765,0.156929,,0
19,TRANSFER,824.38,14071.42,13247.04,17153.73,17978.11,user-9193,merchant-290,0.2,False,False,True,False,False,0,0,3,29,False,0.0,0.0,0,background-stream,2026-03-30T02:59:05.210870,MEDIUM,0.765,0.160444,,0
18,TRANSFER,1013.94,10989.0,9975.06,4881.69,5895.63,user-9944,merchant-902,0.2,False,False,True,False,False,0,0,4,26,False,0.0,0.0,0,background-stream,2026-03-30T02:59:07.400936,MEDIUM,0.765,0.161921,,0
5,CASH_IN,3447.13,8946.72,5499.59,13528.61,16975.74,user-6588,merchant-854,0.2,False,False,True,False,False,0,0,3,39,False,0.0,0.0,0,background-stream,2026-03-30T02:59:09.632680,LOW,0.065,0.216275,,0
23,PAYMENT,3806.78,11754.8,7948.02,2433.14,6239.92,user-2621,merchant-101,0.2,False,False,True,False,False,0,0,4,31,False,0.0,0.0,0,background-stream,2026-03-30T02:59:11.858163,MEDIUM,0.765,0.233172,,0
21,DEBIT,895.58,15248.86,14353.28,19876.44,20772.02,user-6009,merchant-229,0.2,False,False,True,False,False,0,0,2,24,False,0.0,0.0,0,background-stream,2026-03-30T02:59:14.117940,MEDIUM,0.774508,0.127813,,0
22,CASH_IN,1819.29,20598.88,18779.59,5494.1,7313.39,user-7216,merchant-705,0.2,False,False,True,False,False,0,0,4,40,False,0.0,0.0,0,background-stream,2026-03-30T02:59:16.337838,MEDIUM,0.765,0.166491,,0
21,TRANSFER,2333.49,10090.45,7756.96,10137.06,12470.55,user-7636,merchant-553,0.2,False,False,True,False,False,0,0,2,46,False,0.0,0.0,0,background-stream,2026-03-30T02:59:18.579721,MEDIUM,0.765,0.166698,,0
22,CASH_OUT,1268.65,14068.25,12799.6,18290.41,19559.06,user-3929,merchant-939,0.25,False,False,True,False,False,0,0,4,30,False,0.0,0.0,1,background-stream,2026-03-30T02:59:20.789959,MEDIUM,0.7675,0.177551,,0
17,CASH_IN,3222.83,9119.78,5896.95,12969.91,16192.74,user-5635,merchant-507,0.2,False,False,True,False,False,0,0,5,35,False,0.0,0.0,0,background-stream,2026-03-30T02:59:23.018198,MEDIUM,0.765,0.153975,,0
14,CASH_IN,7190.7,8792.21,1601.51,17181.38,24372.08,user-9684,merchant-167,0.2,False,False,True,False,False,0,0,6,22,False,0.0,0.0,0,background-stream,2026-03-30T02:59:25.317018,MEDIUM,0.766876,0.145623,,0
9,DEBIT,9667.58,12189.8,2522.22,2539.31,12206.89,user-2995,merchant-792,0.25,False,False,True,False,False,0,0,1,30,False,0.0,0.0,1,background-stream,2026-03-30T02:59:27.674695,MEDIUM,0.7675,0.153843,,0
5,CASH_IN,9857.09,25071.36,15214.27,569.22,10426.31,user-5543,merchant-638,0.25,False,False,True,False,False,0,0,1,28,False,0.0,0.0,1,background-stream,2026-03-30T02:59:30.377964,LOW,0.0675,0.216157,,0
1,CASH_OUT,1916.79,7411.46,5494.67,5008.78,6925.57,user-7139,merchant-890,0.2,False,False,True,False,False,0,0,1,31,False,0.0,0.0,0,background-stream,2026-03-30T02:59:33.353435,LOW,0.065017,0.231354,,0
7,TRANSFER,3920.26,15732.3,11812.04,15064.5,18984.76,user-4290,merchant-286,0.2,False,False,True,False,False,0,0,2,31,False,0.0,0.0,0,background-stream,2026-03-30T02:59:37.062306,LOW,0.065,0.225839,,0
13,CASH_OUT,5440.02,6438.24,998.22,19819.7,25259.72,user-8859,merchant-303,0.25,False,False,True,False,False,0,0,2,29,False,0.0,0.0,1,background-stream,2026-03-30T02:59:40.688720,MEDIUM,0.7675,0.170476,,0
7,CASH_OUT,8939.16,13607.39,4668.23,15966.17,24905.33,user-7242,merchant-264,0.2,False,False,True,False,False,0,0,3,23,False,0.0,0.0,0,background-stream,2026-03-30T02:59:43.373499,LOW,0.065006,0.239895,,0
19,CASH_IN,8018.67,27766.32,19747.65,4006.67,12025.34,user-4201,merchant-627,0.2,False,False,True,False,False,0,0,2,40,False,0.0,0.0,0,background-stream,2026-03-30T02:59:45.958617,MEDIUM,0.765,0.158759,,0
16,TRANSFER,3644.25,7294.76,3650.51,2193.01,5837.26,user-3348,merchant-585,0.2,False,False,True,False,False,0,0,3,36,False,0.0,0.0,0,background-stream,2026-03-30T02:59:48.819369,MEDIUM,0.765,0.153313,,0
16,TRANSFER,1699.85,8478.13,6778.28,2034.97,3734.82,user-6748,merchant-550,0.2,False,False,True,False,False,0,0,4,40,False,0.0,0.0,0,background-stream,2026-03-30T02:59:52.497138,MEDIUM,0.765,0.153093,,0
13,PAYMENT,7682.58,11278.71,3596.13,3860.26,11542.84,user-6661,merchant-221,0.2,False,False,True,False,False,0,0,2,28,False,0.0,0.0,0,background-stream,2026-03-30T02:59:56.116184,MEDIUM,0.765,0.209833,,0
3,CASH_IN,3013.4,16250.04,13236.64,3958.24,6971.64,user-1087,merchant-969,0.2,False,False,True,False,False,0,0,5,30,False,0.0,0.0,0,background-stream,2026-03-30T02:59:58.892252,LOW,0.065,0.212139,,0
12,CASH_OUT,7057.92,18916.78,11858.86,3716.27,10774.19,user-8124,merchant-708,0.2,False,False,True,False,False,0,0,3,29,False,0.0,0.0,0,background-stream,2026-03-30T03:00:02.370185,MEDIUM,0.765,0.171807,,0
5,CASH_IN,7811.87,8055.41,243.54,18716.47,26528.34,user-8505,merchant-155,0.2,False,False,True,False,False,0,0,2,26,False,0.0,0.0,0,background-stream,2026-03-30T03:00:05.600204,LOW,0.065,0.216436,,0
13,TRANSFER,898.39,13316.49,12418.1,16123.46,17021.85,user-4931,merchant-546,0.35,False,False,True,False,False,0,0,4,38,False,0.0,0.0,3,background-stream,2026-03-30T03:00:07.864638,MEDIUM,0.772871,0.149133,,0
22,PAYMENT,1906.54,15521.51,13614.97,18295.14,20201.68,user-2214,merchant-121,0.2,False,False,True,False,False,0,0,2,25,False,0.0,0.0,0,background-stream,2026-03-30T03:00:10.189764,MEDIUM,0.765,0.222164,,0
22,CASH_OUT,5853.58,12401.22,6547.64,3714.3,9567.88,user-9400,merchant-839,0.2,False,False,True,False,False,0,0,2,36,False,0.0,0.0,0,background-stream,2026-03-30T03:00:12.476996,MEDIUM,0.765,0.178449,,0
24,TRANSFER,3181.32,7265.56,4084.24,6174.22,9355.54,user-2905,merchant-607,0.2,False,False,True,False,False,0,0,2,28,False,0.0,0.0,0,background-stream,2026-03-30T03:00:14.773944,MEDIUM,0.765,0.193057,,0
6,CASH_OUT,8414.88,11132.39,2717.51,10650.8,19065.68,user-5979,merchant-528,0.2,False,False,True,False,False,0,0,4,33,False,0.0,0.0,0,background-stream,2026-03-30T03:00:17.023375,LOW,0.065014,0.242089,,0
19,TRANSFER,6408.26,18130.58,11722.32,4529.3,10937.56,user-1036,merchant-397,0.2,False,False,True,False,False,0,0,3,34,False,0.0,0.0,0,background-stream,2026-03-30T03:00:19.289819,MEDIUM,0.765,0.161387,,0
14,CASH_OUT,1834.98,10860.25,9025.27,15118.22,16953.2,user-3217,merchant-489,0.2,False,False,True,False,False,0,0,2,23,False,0.0,0.0,0,background-stream,2026-03-30T03:00:21.662174,MEDIUM,0.765,0.157222,,0
23,DEBIT,5225.02,9229.44,4004.42,11855.88,17080.9,user-6293,merchant-217,0.25,False,False,True,False,False,0,0,6,33,False,0.0,0.0,1,background-stream,2026-03-30T03:00:23.910709,MEDIUM,0.770768,0.142374,,0
9,TRANSFER,5290.83,11594.47,6303.64,6899.05,12189.88,user-5450,merchant-713,0.25,False,False,True,False,False,0,0,1,31,False,0.0,0.0,1,background-stream,2026-03-30T03:00:26.144938,MEDIUM,0.767499,0.198779,,0
1,CASH_IN,7748.44,27720.52,19972.08,8427.19,16175.63,user-6669,merchant-864,0.25,False,False,True,False,False,0,0,1,34,False,0.0,0.0,1,background-stream,2026-03-30T03:00:28.375135,LOW,0.0675,0.211737,,0
9,CASH_OUT,9457.95,11517.5,2059.55,10179.46,19637.41,user-5770,merchant-142,0.25,False,False,True,False,False,0,0,3,39,False,0.0,0.0,1,background-stream,2026-03-30T03:00:30.608259,MEDIUM,0.7675,0.211536,,0
6,CASH_OUT,5952.3,15249.97,9297.67,16723.2,22675.5,user-9950,merchant-702,0.25,False,False,True,False,False,0,0,5,34,False,0.0,0.0,1,background-stream,2026-03-30T03:00:32.894165,LOW,0.0675,0.239338,,0
23,DEBIT,5819.25,25124.63,19305.38,17496.75,23316.0,user-2095,merchant-207,0.25,False,False,True,False,False,0,0,0,25,False,0.0,0.0,1,background-stream,2026-03-30T03:00:35.135119,MEDIUM,0.770383,0.143273,,0
4,DEBIT,4608.25,15156.26,10548.01,3363.86,7972.11,user-9417,merchant-856,0.2,False,False,True,False,False,0,0,3,30,False,0.0,0.0,0,background-stream,2026-03-30T03:00:37.329092,LOW,0.065,0.180997,,0
10,CASH_IN,7116.15,9054.49,1938.34,9495.38,16611.53,user-4220,merchant-155,0.2,False,False,True,False,False,0,0,3,27,False,0.0,0.0,0,background-stream,2026-03-30T03:00:39.544494,MEDIUM,0.765,0.176787,,0
7,CASH_IN,9454.42,17854.2,8399.78,805.08,10259.5,user-1688,merchant-569,0.2,False,False,True,False,False,0,0,5,33,False,0.0,0.0,0,background-stream,2026-03-30T03:00:41.772851,LOW,0.065,0.217238,,0
3,CASH_IN,9091.25,11436.64,2345.39,513.4,9604.65,user-6293,merchant-542,0.25,False,False,True,False,False,0,0,7,32,False,0.0,0.0,1,background-stream,2026-03-30T03:00:44.086495,LOW,0.0675,0.212523,,0
17,DEBIT,8763.62,26152.17,17388.55,15475.97,24239.59,user-5229,merchant-413,0.25,False,False,True,False,False,0,0,2,32,False,0.0,0.0,1,background-stream,2026-03-30T03:00:46.342341,MEDIUM,0.780735,0.119118,,0
7,TRANSFER,7269.15,14761.46,7492.31,7800.06,15069.21,user-1316,merchant-396,0.2,False,False,True,False,False,0,0,0,24,False,0.0,0.0,0,background-stream,2026-03-30T03:00:48.570978,LOW,0.065,0.228149,,0
21,DEBIT,9537.16,11876.19,2339.03,3852.98,13390.14,user-3949,merchant-530,0.2,False,False,True,False,False,0,0,4,23,False,0.0,0.0,0,background-stream,2026-03-30T03:00:50.843283,MEDIUM,0.774821,0.127084,,0
1,TRANSFER,7179.06,7844.51,665.45,7365.99,14545.05,user-2232,merchant-120,0.2,False,False,True,False,False,0,0,5,40,False,0.0,0.0,0,background-stream,2026-03-30T03:00:53.102333,LOW,0.065,0.222407,,0
20,DEBIT,8628.23,20708.02,12079.79,13030.28,21658.51,user-9475,merchant-595,0.25,False,False,True,False,False,0,0,1,35,False,0.0,0.0,1,background-stream,2026-03-30T03:00:55.485134,MEDIUM,0.776935,0.127985,,0
6,PAYMENT,6440.91,9689.11,3248.2,7349.36,13790.27,user-7375,merchant-158,0.2,False,False,True,False,False,0,0,3,32,False,0.0,0.0,0,background-stream,2026-03-30T03:00:57.785432,LOW,0.065,0.280269,,0
9,CASH_OUT,8609.1,17330.12,8721.02,13680.47,22289.57,user-5977,merchant-507,0.2,False,False,True,False,False,0,0,3,36,False,0.0,0.0,0,background-stream,2026-03-30T03:01:00.031357,MEDIUM,0.765,0.206903,,0
22,PAYMENT,692.52,1471.19,778.67,14665.08,15357.6,user-7236,merchant-988,0.2,False,False,True,False,False,0,0,1,28,False,0.0,0.0,0,background-stream,2026-03-30T03:01:02.495611,MEDIUM,0.765,0.220934,,0
6,CASH_OUT,7268.31,19638.27,12369.96,18574.84,25843.15,user-7993,merchant-791,0.2,False,False,True,False,False,0,0,4,26,False,0.0,0.0,0,background-stream,2026-03-30T03:01:05.558025,LOW,0.065011,0.238225,,0
24,DEBIT,9217.65,17868.5,8650.85,2414.92,11632.57,user-3873,merchant-292,0.2,False,False,True,False,False,0,0,1,27,False,0.0,0.0,0,background-stream,2026-03-30T03:01:08.176492,MEDIUM,0.765,0.153659,,0
5,TRANSFER,8160.64,13088.72,4928.08,17493.16,25653.8,user-2055,merchant-922,0.2,False,False,True,False,False,0,0,6,37,False,0.0,0.0,0,background-stream,2026-03-30T03:01:10.433814,LOW,0.065,0.226194,,0
11,CASH_IN,6602.86,10597.71,3994.85,412.55,7015.41,user-7242,merchant-771,0.25,False,False,True,False,False,0,0,4,25,False,0.0,0.0,1,background-stream,2026-03-30T03:01:12.678183,MEDIUM,0.7675,0.166933,,0
1,DEBIT,6686.14,19760.11,13073.97,5115.95,11802.09,user-5990,merchant-987,0.2,False,False,True,False,False,0,0,2,20,False,0.0,0.0,0,background-stream,2026-03-30T03:01:14.921271,LOW,0.065,0.19001,,0
10,DEBIT,5258.15,14698.22,9440.07,17549.04,22807.19,user-4168,merchant-800,0.2,False,False,True,False,False,0,0,7,27,False,0.0,0.0,0,background-stream,2026-03-30T03:01:17.201372,MEDIUM,0.767581,0.143977,,0
10,TRANSFER,8587.63,20181.94,11594.31,4232.48,12820.11,user-6112,merchant-341,0.2,False,False,True,False,False,0,0,1,24,False,0.0,0.0,0,background-stream,2026-03-30T03:01:19.547893,MEDIUM,0.765,0.184319,,0
10,DEBIT,1743.24,16686.51,14943.27,17055.61,18798.85,user-1402,merchant-606,0.25,False,False,True,False,False,0,0,1,32,False,0.0,0.0,1,background-stream,2026-03-30T03:01:21.793390,MEDIUM,0.769464,0.145415,,0
3,PAYMENT,4039.99,23534.47,19494.48,13777.24,17817.23,user-7880,merchant-662,0.2,False,False,True,False,False,0,0,6,22,False,0.0,0.0,0,background-stream,2026-03-30T03:01:24.044254,LOW,0.065,0.266757,,0
22,CASH_OUT,5026.53,24462.11,19435.58,6994.85,12021.38,user-6431,merchant-784,0.2,False,False,True,False,False,0,0,4,27,False,0.0,0.0,0,background-stream,2026-03-30T03:01:26.284745,MEDIUM,0.765,0.176011,,0
18,TRANSFER,8692.6,10537.61,1845.01,15169.54,23862.14,user-5570,merchant-365,0.25,False,False,True,False,False,0,0,5,33,False,0.0,0.0,1,background-stream,2026-03-30T03:01:28.536276,MEDIUM,0.7675,0.164452,,0
19,CASH_OUT,3061.04,12610.0,9548.96,16676.96,19738.0,user-6809,merchant-877,0.25,False,False,True,False,False,0,0,1,23,False,0.0,0.0,1,background-stream,2026-03-30T03:01:30.833218,MEDIUM,0.7675,0.171717,,0
18,TRANSFER,149.49,12496.54,12347.05,5865.58,6015.07,user-1120,merchant-815,0.25,False,False,True,False,False,0,0,5,31,False,0.0,0.0,1,background-stream,2026-03-30T03:01:33.185777,MEDIUM,0.7675,0.160713,,0
15,DEBIT,3536.74,4536.8,1000.06,16763.83,20300.57,user-8456,merchant-854,0.25,False,False,True,False,False,0,0,3,40,False,0.0,0.0,1,background-stream,2026-03-30T03:01:35.448119,MEDIUM,0.784015,0.111465,,0
19,DEBIT,2355.83,17969.73,15613.9,855.56,3211.39,user-1873,merchant-177,0.2,False,False,True,False,False,0,0,1,30,False,0.0,0.0,0,background-stream,2026-03-30T03:01:37.706620,MEDIUM,0.77663,0.122862,,0
17,CASH_OUT,5105.0,23495.71,18390.71,2280.55,7385.55,user-9645,merchant-481,0.2,False,False,True,False,False,0,0,4,27,False,0.0,0.0,0,background-stream,2026-03-30T03:01:39.944739,MEDIUM,0.765,0.167235,,0
13,CASH_IN,8629.0,9152.19,523.19,19564.67,28193.67,user-4866,merchant-292,0.2,False,False,True,False,False,0,0,4,28,False,0.0,0.0,0,background-stream,2026-03-30T03:01:42.254838,MEDIUM,0.765,0.150237,,0
22,DEBIT,2276.38,3950.84,1674.46,16004.31,18280.69,user-8960,merchant-297,0.2,False,False,True,False,False,0,0,4,30,False,0.0,0.0,0,background-stream,2026-03-30T03:01:44.512691,MEDIUM,0.772558,0.132364,,0
4,CASH_OUT,2386.79,5946.47,3559.68,18475.76,20862.55,user-2846,merchant-146,0.2,False,False,True,False,False,0,0,4,38,False,0.0,0.0,0,background-stream,2026-03-30T03:01:46.763490,LOW,0.065021,0.234538,,0
16,CASH_IN,2830.25,19212.4,16382.15,6846.93,9677.18,user-2847,merchant-779,0.25,False,False,True,False,False,0,0,3,22,False,0.0,0.0,1,background-stream,2026-03-30T03:01:49.045683,MEDIUM,0.770356,0.143334,,0
19,PAYMENT,1913.37,7776.57,5863.2,4129.71,6043.08,user-6005,merchant-418,0.25,False,False,True,False,False,0,0,3,33,False,0.0,0.0,1,background-stream,2026-03-30T03:01:51.307512,MEDIUM,0.7675,0.215123,,0
16,DEBIT,2855.62,21654.39,18798.77,16053.62,18909.24,user-9044,merchant-498,0.2,False,False,True,False,False,0,0,1,27,False,0.0,0.0,0,background-stream,2026-03-30T03:01:53.728274,MEDIUM,0.781096,0.112442,,0
19,CASH_IN,9148.47,28196.29,19047.82,11995.68,21144.15,user-9119,merchant-602,0.25,False,False,True,False,False,0,0,7,43,False,0.0,0.0,1,background-stream,2026-03-30T03:01:55.970310,MEDIUM,0.7675,0.158759,,0
15,DEBIT,7726.05,11104.08,3378.03,3522.54,11248.59,user-9348,merchant-718,0.2,False,False,True,False,False,0,0,1,32,False,0.0,0.0,0,background-stream,2026-03-30T03:01:58.207878,MEDIUM,0.781753,0.110908,,0
7,TRANSFER,5071.23,19616.38,14545.15,19323.88,24395.11,user-9164,merchant-834,0.2,False,False,True,False,False,0,0,3,30,False,0.0,0.0,0,background-stream,2026-03-30T03:02:00.468294,LOW,0.065,0.225716,,0
6,CASH_IN,3430.92,21542.85,18111.93,12783.09,16214.01,user-7494,merchant-933,0.2,False,False,True,False,False,0,0,1,27,False,0.0,0.0,0,background-stream,2026-03-30T03:02:02.712033,LOW,0.065,0.216514,,0
20,CASH_OUT,2331.18,2432.01,100.83,4926.41,7257.59,user-6252,merchant-677,0.25,False,False,True,False,False,0,0,2,31,False,0.0,0.0,1,background-stream,2026-03-30T03:02:04.998033,MEDIUM,0.7675,0.174914,,0
20,DEBIT,7759.92,20283.7,12523.78,6448.17,14208.09,user-2354,merchant-519,0.25,False,False,True,False,False,0,0,4,32,False,0.0,0.0,1,background-stream,2026-03-30T03:02:07.220064,MEDIUM,0.776835,0.128216,,0
2,CASH_IN,4631.01,20103.36,15472.35,13745.33,18376.34,user-4654,merchant-692,0.2,False,False,True,False,False,0,0,2,28,False,0.0,0.0,0,background-stream,2026-03-30T03:02:09.502232,LOW,0.065,0.208803,,0
21,PAYMENT,1423.43,5863.44,4440.01,18255.4,19678.83,user-1824,merchant-634,0.2,False,False,True,False,False,0,0,4,26,False,0.0,0.0,0,background-stream,2026-03-30T03:02:11.787692,MEDIUM,0.765,0.218966,,0
6,CASH_OUT,391.18,6238.55,5847.37,1310.26,1701.44,user-3890,merchant-117,0.2,False,False,True,False,False,0,0,1,30,False,0.0,0.0,0,background-stream,2026-03-30T03:02:14.083908,LOW,0.065016,0.239752,,0
16,CASH_OUT,1498.95,18377.13,16878.18,8389.69,9888.64,user-6841,merchant-189,0.2,False,False,True,False,False,0,0,3,34,False,0.0,0.0,0,background-stream,2026-03-30T03:02:16.510579,MEDIUM,0.765,0.155993,,0
4,PAYMENT,8116.54,20044.86,11928.32,15525.58,23642.12,user-1231,merchant-529,0.25,False,False,True,False,False,0,0,1,29,False,0.0,0.0,1,background-stream,2026-03-30T03:02:18.760719,LOW,0.0675,0.26813,,0
10,PAYMENT,5493.48,14908.89,9415.41,14551.41,20044.89,user-6398,merchant-536,0.2,False,False,True,False,False,0,0,5,29,False,0.0,0.0,0,background-stream,2026-03-30T03:02:21.059990,MEDIUM,0.765,0.24018,,0
15,DEBIT,4549.68,13894.48,9344.8,1018.87,5568.55,user-4501,merchant-549,0.2,False,False,True,False,False,0,0,6,28,False,0.0,0.0,0,background-stream,2026-03-30T03:02:23.351642,MEDIUM,0.781577,0.111319,,0
10,CASH_IN,2005.4,21569.29,19563.89,8189.67,10195.07,user-4199,merchant-160,0.2,False,False,True,False,False,0,0,4,31,False,0.0,0.0,0,background-stream,2026-03-30T03:02:25.623892,MEDIUM,0.765,0.176612,,0
12,CASH_IN,1178.23,6439.64,5261.41,7906.84,9085.07,user-5247,merchant-244,0.25,False,False,True,False,False,0,0,4,27,False,0.0,0.0,1,background-stream,2026-03-30T03:02:27.965409,MEDIUM,0.7675,0.156883,,0
19,PAYMENT,9879.16,11911.45,2032.29,10250.24,20129.4,user-4627,merchant-262,0.2,False,False,True,False,False,0,0,2,24,False,0.0,0.0,0,background-stream,2026-03-30T03:02:30.230498,MEDIUM,0.765,0.21279,,0
12,CASH_IN,4683.9,21379.0,16695.1,5084.47,9768.37,user-8066,merchant-571,0.25,False,False,True,False,False,0,0,4,36,False,0.0,0.0,1,background-stream,2026-03-30T03:02:32.478217,MEDIUM,0.7675,0.156883,,0
10,TRANSFER,5039.47,12651.37,7611.9,4139.1,9178.57,user-6941,merchant-767,0.2,False,False,True,False,False,0,0,3,29,False,0.0,0.0,0,background-stream,2026-03-30T03:02:34.710698,MEDIUM,0.765,0.185827,,0
14,TRANSFER,2891.0,17662.31,14771.31,14186.07,17077.07,user-3296,merchant-128,0.2,False,False,True,False,False,0,0,2,32,False,0.0,0.0,0,background-stream,2026-03-30T03:02:36.966117,MEDIUM,0.765893,0.147916,,0
6,DEBIT,9942.54,18433.72,8491.18,17709.83,27652.37,user-6830,merchant-336,0.2,False,False,True,False,False,0,0,3,35,False,0.0,0.0,0,background-stream,2026-03-30T03:02:39.285119,LOW,0.065,0.179766,,0
23,CASH_OUT,826.94,18661.94,17835.0,1481.61,2308.55,user-3497,merchant-899,0.2,False,False,True,False,False,0,0,1,30,False,0.0,0.0,0,background-stream,2026-03-30T03:02:41.556063,MEDIUM,0.765,0.185831,,0
20,CASH_OUT,3722.9,12425.76,8702.86,19881.32,23604.22,user-9541,merchant-740,0.25,False,False,True,False,False,0,0,4,32,False,0.0,0.0,1,background-stream,2026-03-30T03:02:43.803746,MEDIUM,0.7675,0.170411,,0
23,DEBIT,3870.9,15620.63,11749.73,13541.75,17412.65,user-7921,merchant-571,0.25,False,False,True,False,False,0,0,4,37,False,0.0,0.0,1,background-stream,2026-03-30T03:02:46.071045,MEDIUM,0.770383,0.143273,,0
8,CASH_OUT,2434.96,20425.94,17990.98,169.13,2604.09,user-6186,merchant-599,0.2,False,False,True,False,False,0,0,4,33,False,0.0,0.0,0,background-stream,2026-03-30T03:02:48.324237,MEDIUM,0.765,0.2144,,0
16,CASH_OUT,8846.73,28455.09,19608.36,4348.42,13195.15,user-1005,merchant-670,0.2,False,False,True,False,False,0,0,7,25,False,0.0,0.0,0,background-stream,2026-03-30T03:02:50.634370,MEDIUM,0.765,0.154701,,0
9,PAYMENT,1989.05,16831.52,14842.47,14035.51,16024.56,user-6491,merchant-689,0.25,False,False,True,False,False,0,0,7,30,False,0.0,0.0,1,background-stream,2026-03-30T03:02:52.887872,MEDIUM,0.7675,0.249094,,0
8,DEBIT,7094.09,16138.09,9044.0,2534.0,9628.09,user-4225,merchant-974,0.2,False,False,True,False,False,0,0,1,35,False,0.0,0.0,0,background-stream,2026-03-30T03:02:55.165080,MEDIUM,0.765,0.159501,,0
2,CASH_IN,2429.69,17170.66,14740.97,2727.49,5157.18,user-2444,merchant-478,0.25,False,False,True,False,False,0,0,1,28,False,0.0,0.0,1,background-stream,2026-03-30T03:02:57.438893,LOW,0.0675,0.208803,,0
17,CASH_IN,1568.22,2084.06,515.84,14577.87,16146.09,user-2213,merchant-929,0.25,False,False,True,False,False,0,0,2,29,False,0.0,0.0,1,background-stream,2026-03-30T03:02:59.754438,MEDIUM,0.7675,0.153975,,0
14,PAYMENT,9747.26,29498.74,19751.48,16357.43,26104.69,user-6190,merchant-401,0.2,False,False,True,False,False,0,0,6,23,False,0.0,0.0,0,background-stream,2026-03-30T03:03:02.075932,MEDIUM,0.765,0.206162,,0
5,PAYMENT,6841.79,19553.79,12712.0,3740.46,10582.25,user-1345,merchant-115,0.2,False,False,True,False,False,0,0,4,26,False,0.0,0.0,0,background-stream,2026-03-30T03:03:04.362175,LOW,0.065,0.27444,,0
1,DEBIT,8439.02,26465.46,18026.44,19235.38,27674.4,user-6055,merchant-155,0.2,False,False,True,False,False,0,0,1,28,False,0.0,0.0,0,background-stream,2026-03-30T03:03:06.560621,LOW,0.065,0.189591,,0
7,DEBIT,9012.24,27596.46,18584.22,7243.35,16255.59,user-5532,merchant-861,0.2,False,False,True,False,False,0,0,2,36,False,0.0,0.0,0,background-stream,2026-03-30T03:03:08.793766,LOW,0.065,0.176763,,0
5,DEBIT,8429.22,24691.43,16262.21,17426.45,25855.67,user-4722,merchant-603,0.2,False,False,True,False,False,0,0,5,32,False,0.0,0.0,0,background-stream,2026-03-30T03:03:11.013871,LOW,0.065,0.177976,,0
8,CASH_OUT,82.59,11802.59,11720.0,1365.4,1447.99,user-6137,merchant-440,0.2,False,False,True,False,False,0,0,1,23,False,0.0,0.0,0,background-stream,2026-03-30T03:03:13.311546,MEDIUM,0.765,0.215646,,0
15,TRANSFER,1242.58,15530.74,14288.16,7912.51,9155.09,user-8565,merchant-544,0.2,False,False,True,False,False,0,0,3,38,False,0.0,0.0,0,background-stream,2026-03-30T03:03:15.528430,MEDIUM,0.765,0.150049,,0
1,CASH_IN,8792.35,24573.7,15781.35,10552.81,19345.16,user-3340,merchant-890,0.2,False,False,True,False,False,0,0,4,32,False,0.0,0.0,0,background-stream,2026-03-30T03:03:17.756612,LOW,0.065,0.211737,,0
19,DEBIT,3678.71,16737.01,13058.3,19475.16,23153.87,user-2311,merchant-621,0.2,False,False,True,False,False,0,0,2,26,False,0.0,0.0,0,background-stream,2026-03-30T03:03:19.972359,MEDIUM,0.776881,0.122278,,0
8,PAYMENT,2492.59,11906.29,9413.7,5940.19,8432.78,user-1865,merchant-933,0.2,False,False,True,False,False,0,0,1,28,False,0.0,0.0,0,background-stream,2026-03-30T03:03:22.220096,MEDIUM,0.765,0.260358,,0
22,TRANSFER,950.05,6059.18,5109.13,16887.84,17837.89,user-4048,merchant-174,0.2,False,False,True,False,False,0,0,2,36,False,0.0,0.0,0,background-stream,2026-03-30T03:03:24.506445,MEDIUM,0.765,0.171209,,0
21,CASH_OUT,763.85,1773.52,1009.67,9775.56,10539.41,user-4142,merchant-932,0.2,False,False,True,False,False,0,0,2,34,False,0.0,0.0,0,background-stream,2026-03-30T03:03:26.771155,MEDIUM,0.765,0.177372,,0
9,CASH_OUT,9757.93,20608.83,10850.9,10299.71,20057.64,user-2840,merchant-767,0.2,False,False,True,False,False,0,0,4,30,False,0.0,0.0,0,background-stream,2026-03-30T03:03:29.013472,MEDIUM,0.765,0.206675,,0
23,CASH_IN,5284.26,12629.62,7345.36,10898.58,16182.84,user-6685,merchant-318,0.2,False,False,True,False,False,0,0,3,22,False,0.0,0.0,0,background-stream,2026-03-30T03:03:31.285093,MEDIUM,0.765,0.173767,,0
3,TRANSFER,5571.18,5782.33,211.15,1428.83,7000.01,user-7331,merchant-292,0.2,False,False,True,False,False,0,0,3,29,False,0.0,0.0,0,background-stream,2026-03-30T03:03:33.511277,LOW,0.065001,0.222219,,0
6,TRANSFER,933.47,9065.83,8132.36,15688.63,16622.1,user-1364,merchant-401,0.2,False,False,True,False,False,0,0,2,24,False,0.0,0.0,0,background-stream,2026-03-30T03:03:35.725189,LOW,0.065001,0.230192,,0
5,DEBIT,1889.83,8387.46,6497.63,1195.36,3085.19,user-4186,merchant-960,0.2,False,False,True,False,False,0,0,5,28,False,0.0,0.0,0,background-stream,2026-03-30T03:03:37.961735,LOW,0.065,0.179802,,0
22,CASH_IN,6397.12,10607.32,4210.2,11773.72,18170.84,user-2535,merchant-521,0.25,False,False,True,False,False,0,0,2,30,False,0.0,0.0,1,background-stream,2026-03-30T03:03:40.206584,MEDIUM,0.7675,0.166563,,0
6,CASH_IN,5609.6,22062.51,16452.91,8445.36,14054.96,user-6239,merchant-628,0.2,False,False,True,False,False,0,0,2,26,False,0.0,0.0,0,background-stream,2026-03-30T03:03:42.442800,LOW,0.065,0.216705,,0
21,PAYMENT,8996.16,20022.4,11026.24,12128.67,21124.83,user-6042,merchant-162,0.25,False,False,True,False,False,0,0,2,32,False,0.0,0.0,1,background-stream,2026-03-30T03:03:44.678911,MEDIUM,0.7675,0.217987,,0
9,TRANSFER,4528.65,11741.93,7213.28,8098.44,12627.09,user-9839,merchant-147,0.2,False,False,True,False,False,0,0,4,22,False,0.0,0.0,0,background-stream,2026-03-30T03:03:47.224506,MEDIUM,0.765,0.198477,,0
11,DEBIT,9417.54,21649.28,12231.74,11719.94,21137.48,user-4039,merchant-519,0.25,False,False,True,False,False,0,0,3,33,False,0.0,0.0,1,background-stream,2026-03-30T03:03:49.535238,MEDIUM,0.774035,0.13475,,0
8,DEBIT,1843.48,12638.49,10795.01,11105.39,12948.87,user-3001,merchant-269,0.2,False,False,True,False,False,0,0,3,34,False,0.0,0.0,0,background-stream,2026-03-30T03:03:51.762480,MEDIUM,0.764999,0.160169,,0
17,PAYMENT,9450.67,26496.84,17046.17,3946.29,13396.96,user-5207,merchant-498,0.2,False,False,True,False,False,0,0,7,28,False,0.0,0.0,0,background-stream,2026-03-30T03:03:53.968625,MEDIUM,0.765,0.213062,,0
3,CASH_IN,438.51,12286.28,11847.77,10174.85,10613.36,user-4752,merchant-594,0.2,False,False,True,False,False,0,0,1,24,False,0.0,0.0,0,background-stream,2026-03-30T03:03:56.173122,LOW,0.065,0.212139,,0
22,CASH_IN,2942.95,6542.96,3600.01,6672.49,9615.44,user-3940,merchant-933,0.2,False,False,True,False,False,0,0,3,29,False,0.0,0.0,0,background-stream,2026-03-30T03:03:58.461868,MEDIUM,0.765,0.166384,,0
20,CASH_IN,597.06,14892.69,14295.63,15577.38,16174.44,user-5254,merchant-336,0.2,False,False,True,False,False,0,0,3,36,False,0.0,0.0,0,background-stream,2026-03-30T03:04:00.670417,MEDIUM,0.765,0.162041,,0
14,PAYMENT,1445.88,8962.09,7516.21,12259.25,13705.13,user-3597,merchant-134,0.2,False,False,True,False,False,0,0,4,33,False,0.0,0.0,0,background-stream,2026-03-30T03:04:02.902955,MEDIUM,0.765,0.20592,,0
8,CASH_OUT,5034.85,12652.37,7617.52,8254.47,13289.32,user-9726,merchant-681,0.2,False,False,True,False,False,0,0,4,34,False,0.0,0.0,0,background-stream,2026-03-30T03:04:05.135777,MEDIUM,0.765,0.21667,,0
12,PAYMENT,4970.15,11485.34,6515.19,19673.6,24643.75,user-9647,merchant-640,0.25,False,False,True,False,False,0,0,4,25,False,0.0,0.0,1,background-stream,2026-03-30T03:04:07.359447,MEDIUM,0.7675,0.220031,,0
2,DEBIT,3841.3,22062.75,18221.45,6003.64,9844.94,user-9617,merchant-743,0.25,False,False,True,False,False,0,0,5,29,False,0.0,0.0,1,background-stream,2026-03-30T03:04:09.627442,LOW,0.0675,0.189816,,0
13,TRANSFER,6132.7,25928.51,19795.81,4924.15,11056.85,user-8866,merchant-813,0.25,False,False,True,False,False,0,0,1,29,False,0.0,0.0,1,background-stream,2026-03-30T03:04:11.878724,MEDIUM,0.76804,0.148738,,0
4,DEBIT,5390.17,9380.78,3990.61,8381.49,13771.66,user-4256,merchant-326,0.2,False,False,True,False,False,0,0,4,29,False,0.0,0.0,0,background-stream,2026-03-30T03:04:14.115031,LOW,0.065,0.180166,,0
7,DEBIT,8370.39,14489.29,6118.9,18740.49,27110.88,user-5665,merchant-572,0.2,False,False,True,False,False,0,0,3,23,False,0.0,0.0,0,background-stream,2026-03-30T03:04:16.351831,LOW,0.065,0.176177,,0
21,CASH_IN,3328.46,7369.54,4041.08,17194.32,20522.78,user-7976,merchant-965,0.2,False,False,True,False,False,0,0,0,31,False,0.0,0.0,0,background-stream,2026-03-30T03:04:18.582663,MEDIUM,0.765,0.161981,,0
18,PAYMENT,7435.71,7681.38,245.67,19363.26,26798.97,user-2695,merchant-496,0.25,False,False,True,False,False,0,0,3,24,False,0.0,0.0,1,background-stream,2026-03-30T03:04:20.881036,MEDIUM,0.7675,0.216277,,0
10,PAYMENT,5094.53,6286.1,1191.57,13491.63,18586.16,user-7965,merchant-153,0.2,False,False,True,False,False,0,0,0,30,False,0.0,0.0,0,background-stream,2026-03-30T03:04:23.105157,MEDIUM,0.765,0.240618,,0
22,DEBIT,8615.76,13471.56,4855.8,1256.19,9871.95,user-4277,merchant-809,0.2,False,False,True,False,False,0,0,4,28,False,0.0,0.0,0,background-stream,2026-03-30T03:04:25.324762,MEDIUM,0.772776,0.131854,,0
3,CASH_OUT,6316.81,14622.78,8305.97,13105.55,19422.36,user-4785,merchant-988,0.2,False,False,True,False,False,0,0,3,29,False,0.0,0.0,0,background-stream,2026-03-30T03:04:27.537008,LOW,0.065016,0.231226,,0
3,CASH_IN,2491.48,6541.26,4049.78,19730.54,22222.02,user-2068,merchant-612,0.2,False,False,True,False,False,0,0,3,28,False,0.0,0.0,0,background-stream,2026-03-30T03:04:29.784971,LOW,0.065,0.212139,,0
2,PAYMENT,6492.18,11091.34,4599.16,15808.32,22300.5,user-2650,merchant-921,0.2,False,False,True,False,False,0,0,4,37,False,0.0,0.0,0,background-stream,2026-03-30T03:04:32.159271,LOW,0.065,0.266363,,0
6,DEBIT,7625.24,25141.7,17516.46,7237.85,14863.09,user-7667,merchant-609,0.2,False,False,True,False,False,0,0,4,44,False,0.0,0.0,0,background-stream,2026-03-30T03:04:34.400236,LOW,0.065,0.181438,,0
17,PAYMENT,6215.45,16323.11,10107.66,9997.45,16212.9,user-4883,merchant-937,0.2,False,False,True,False,False,0,0,0,27,False,0.0,0.0,0,background-stream,2026-03-30T03:04:36.588873,MEDIUM,0.765,0.214731,,0
3,PAYMENT,9089.73,28088.31,18998.58,8726.11,17815.84,user-5647,merchant-501,0.3,False,False,True,False,False,0,0,2,30,False,0.0,0.0,2,background-stream,2026-03-30T03:04:38.827263,LOW,0.07,0.265494,,0
18,CASH_IN,7164.08,16153.87,8989.79,10965.06,18129.14,user-6686,merchant-186,0.35,False,False,True,False,False,1,0,4,23,False,0.0435,0.25,0,background-stream,2026-03-30T03:04:41.072390,MEDIUM,0.7725,0.156859,,0
16,DEBIT,9137.38,25898.56,16761.18,17766.2,26903.58,user-8226,merchant-647,0.2,False,False,True,False,False,0,0,3,26,False,0.0,0.0,0,background-stream,2026-03-30T03:04:43.398153,MEDIUM,0.781168,0.112274,,0
21,CASH_OUT,5498.45,19840.34,14341.89,4044.39,9542.84,user-1221,merchant-439,0.25,False,False,True,False,False,0,0,2,31,False,0.0,0.0,1,background-stream,2026-03-30T03:04:45.634768,MEDIUM,0.7675,0.171481,,0
6,CASH_OUT,1703.81,3974.29,2270.48,4841.76,6545.57,user-1103,merchant-573,0.2,False,False,True,False,False,0,0,6,34,False,0.0,0.0,0,background-stream,2026-03-30T03:04:47.882945,LOW,0.076654,0.242656,,0
18,CASH_IN,1097.22,18155.58,17058.36,18687.89,19785.11,user-2778,merchant-136,0.2,False,False,True,False,False,0,0,3,23,False,0.0,0.0,0,background-stream,2026-03-30T03:04:50.134559,MEDIUM,0.765,0.156676,,0
6,TRANSFER,7745.47,9958.09,2212.62,18665.81,26411.28,user-3097,merchant-185,0.25,False,False,True,False,False,0,0,4,25,False,0.0,0.0,1,background-stream,2026-03-30T03:04:52.402128,LOW,0.0675,0.232476,,0
16,DEBIT,5931.27,24206.2,18274.93,1092.14,7023.41,user-9961,merchant-311,0.2,False,False,True,False,False,0,0,3,25,False,0.0,0.0,0,background-stream,2026-03-30T03:04:54.675076,MEDIUM,0.780916,0.112863,,0
17,PAYMENT,2613.65,13889.18,11275.53,12795.48,15409.13,user-2012,merchant-302,0.2,False,False,True,False,False,0,0,0,34,False,0.0,0.0,0,background-stream,2026-03-30T03:04:56.877443,MEDIUM,0.765,0.214524,,0
9,TRANSFER,7551.57,15335.41,7783.84,6762.33,14313.9,user-6310,merchant-628,0.2,False,False,True,False,False,0,0,4,27,False,0.0,0.0,0,background-stream,2026-03-30T03:04:59.073354,MEDIUM,0.765,0.198477,,0
22,DEBIT,8191.14,26077.97,17886.83,16050.7,24241.84,user-2157,merchant-300,0.25,False,False,True,False,False,0,0,4,44,False,0.0,0.0,1,background-stream,2026-03-30T03:05:01.321285,MEDIUM,0.775252,0.131912,,0
22,PAYMENT,5121.91,23857.1,18735.19,9721.52,14843.43,user-3200,merchant-903,0.2,False,False,True,False,False,0,0,5,30,False,0.0,0.0,0,background-stream,2026-03-30T03:05:03.541339,MEDIUM,0.765,0.222937,,0
11,CASH_IN,2445.45,17316.34,14870.89,9676.29,12121.74,user-7778,merchant-222,0.25,False,False,True,False,False,0,0,1,29,False,0.0,0.0,1,background-stream,2026-03-30T03:05:05.814077,MEDIUM,0.7675,0.166754,,0
12,CASH_IN,7870.95,9713.8,1842.85,16097.79,23968.74,user-9951,merchant-232,0.25,False,False,True,False,False,0,0,2,34,False,0.0,0.0,1,background-stream,2026-03-30T03:05:08.056147,MEDIUM,0.7675,0.157066,,0
3,CASH_OUT,6564.35,6887.22,322.87,2323.97,8888.32,user-3710,merchant-456,0.2,False,False,True,False,False,0,0,4,41,False,0.0,0.0,0,background-stream,2026-03-30T03:05:10.299622,LOW,0.065016,0.234233,,0
3,TRANSFER,2788.57,6257.04,3468.47,12960.83,15749.4,user-9635,merchant-228,0.2,False,False,True,False,False,0,0,1,29,False,0.0,0.0,0,background-stream,2026-03-30T03:05:12.592403,LOW,0.065001,0.22082,,0
20,DEBIT,8783.03,27418.88,18635.85,1818.16,10601.19,user-6175,merchant-829,0.2,False,False,True,False,False,0,0,4,28,False,0.0,0.0,0,background-stream,2026-03-30T03:05:14.855555,MEDIUM,0.774137,0.128679,,0
5,DEBIT,4137.66,5607.72,1470.06,2816.77,6954.43,user-1796,merchant-334,0.25,False,False,True,False,False,0,0,0,29,False,0.0,0.0,1,background-stream,2026-03-30T03:05:17.231723,LOW,0.0675,0.179067,,0
1,PAYMENT,3250.05,18766.56,15516.51,13289.78,16539.83,user-5179,merchant-494,0.2,False,False,True,False,False,0,0,2,37,False,0.0,0.0,0,background-stream,2026-03-30T03:05:19.507995,LOW,0.065,0.271661,,0
22,DEBIT,4273.87,8168.94,3895.07,13209.6,17483.47,user-2866,merchant-923,0.2,False,False,True,False,False,0,0,1,30,False,0.0,0.0,0,background-stream,2026-03-30T03:05:21.749569,MEDIUM,0.772902,0.131561,,0
16,DEBIT,5782.56,20001.94,14219.38,18622.45,24405.01,user-8061,merchant-156,0.25,False,False,True,False,False,0,0,8,24,False,0.0,0.0,1,background-stream,2026-03-30T03:05:24.015614,MEDIUM,0.783784,0.112004,,0
19,PAYMENT,4054.97,7164.13,3109.16,5528.5,9583.47,user-2701,merchant-906,0.2,False,False,True,False,False,0,0,2,25,False,0.0,0.0,0,background-stream,2026-03-30T03:05:26.281175,MEDIUM,0.765,0.215261,,0
1,CASH_OUT,209.93,14638.23,14428.3,19213.12,19423.05,user-5034,merchant-764,0.2,False,False,True,False,False,0,0,5,35,False,0.0,0.0,0,background-stream,2026-03-30T03:05:28.551448,LOW,0.065016,0.229356,,0
7,CASH_IN,9032.74,14702.4,5669.66,6603.81,15636.55,user-7157,merchant-933,0.2,False,False,True,False,False,0,0,3,30,False,0.0,0.0,0,background-stream,2026-03-30T03:05:30.788208,LOW,0.065,0.217238,,0
20,CASH_OUT,8841.72,24398.92,15557.2,6605.07,15446.79,user-5508,merchant-545,0.2,False,False,True,False,False,0,0,0,29,False,0.0,0.0,0,background-stream,2026-03-30T03:05:33.032434,MEDIUM,0.765,0.169427,,0
22,DEBIT,176.16,14391.69,14215.53,9367.51,9543.67,user-1483,merchant-166,0.2,False,False,True,False,False,0,0,4,28,False,0.0,0.0,0,background-stream,2026-03-30T03:05:35.276948,MEDIUM,0.772905,0.131554,,0
23,CASH_IN,4209.76,4681.11,471.35,1693.75,5903.51,user-6576,merchant-300,0.25,False,False,True,False,False,0,0,6,45,False,0.0,0.0,1,background-stream,2026-03-30T03:05:37.526914,MEDIUM,0.7675,0.173451,,0
1,TRANSFER,1931.43,8007.13,6075.7,3579.17,5510.6,user-1935,merchant-340,0.2,False,False,True,False,False,0,0,1,37,False,0.0,0.0,0,background-stream,2026-03-30T03:05:39.812998,LOW,0.065001,0.219528,,0
1,TRANSFER,4568.0,20788.0,16220.0,17788.77,22356.77,user-2009,merchant-945,0.2,False,False,True,False,False,0,0,6,34,False,0.0,0.0,0,background-stream,2026-03-30T03:05:42.043302,LOW,0.065001,0.215458,,0
17,PAYMENT,3758.86,12594.63,8835.77,813.91,4572.77,user-8953,merchant-896,0.25,False,False,True,False,False,0,0,3,38,False,0.0,0.0,1,background-stream,2026-03-30T03:05:44.280669,MEDIUM,0.7675,0.214843,,0
2,CASH_IN,3156.35,22995.18,19838.83,2610.18,5766.53,user-1213,merchant-396,0.2,False,False,True,False,False,0,0,2,25,False,0.0,0.0,0,background-stream,2026-03-30T03:05:46.542837,LOW,0.065,0.208803,,0
4,CASH_IN,4823.13,18105.86,13282.73,2066.35,6889.48,user-5734,merchant-988,0.2,False,False,True,False,False,0,0,2,30,False,0.0,0.0,0,background-stream,2026-03-30T03:05:48.867767,LOW,0.065,0.212137,,0
14,DEBIT,5197.67,10909.87,5712.2,4178.8,9376.47,user-1239,merchant-230,0.2,False,False,True,False,False,0,0,4,28,False,0.0,0.0,0,background-stream,2026-03-30T03:05:51.173566,MEDIUM,0.782205,0.109855,,0
23,PAYMENT,5937.98,7090.28,1152.3,7457.89,13395.87,user-2664,merchant-930,0.25,False,False,True,False,False,0,0,3,31,False,0.0,0.0,1,background-stream,2026-03-30T03:05:53.424750,MEDIUM,0.7675,0.232762,,0
9,CASH_IN,1648.52,14449.31,12800.79,4459.63,6108.15,user-7209,merchant-743,0.25,False,False,True,False,False,0,0,6,30,False,0.0,0.0,1,background-stream,2026-03-30T03:05:55.673000,MEDIUM,0.767499,0.188244,,0
21,CASH_OUT,395.44,11113.81,10718.37,13339.85,13735.29,user-1843,merchant-567,0.2,False,False,True,False,False,0,0,2,32,False,0.0,0.0,0,background-stream,2026-03-30T03:05:57.916959,MEDIUM,0.765,0.172045,,0
19,PAYMENT,972.74,14225.06,13252.32,3296.51,4269.25,user-4404,merchant-458,0.25,False,False,True,False,False,0,0,5,35,False,0.0,0.0,1,background-stream,2026-03-30T03:06:00.149393,MEDIUM,0.7675,0.213982,,0
15,CASH_IN,6344.09,17171.03,10826.94,7418.32,13762.41,user-3249,merchant-887,0.2,False,False,True,False,False,0,0,2,34,False,0.0,0.0,0,background-stream,2026-03-30T03:06:02.457639,MEDIUM,0.76806,0.142859,,0
24,TRANSFER,553.07,12881.9,12328.83,13385.48,13938.55,user-8390,merchant-709,0.25,False,False,True,False,False,0,0,2,26,False,0.0,0.0,1,background-stream,2026-03-30T03:06:04.696026,MEDIUM,0.7675,0.189711,,0
16,TRANSFER,2651.97,14318.97,11667.0,1453.53,4105.5,user-6528,merchant-746,0.3,False,False,True,False,False,0,0,3,25,False,0.0,0.0,2,background-stream,2026-03-30T03:06:06.869741,MEDIUM,0.77,0.151768,,0
24,DEBIT,756.46,9688.26,8931.8,17129.19,17885.65,user-5249,merchant-665,0.25,False,False,True,False,False,0,0,4,47,False,0.0,0.0,1,background-stream,2026-03-30T03:06:09.119667,MEDIUM,0.7675,0.153934,,0
18,DEBIT,9011.45,20608.88,11597.43,7520.0,16531.45,user-5920,merchant-239,0.25,False,False,True,False,False,0,0,3,27,False,0.0,0.0,1,background-stream,2026-03-30T03:06:11.373465,MEDIUM,0.779859,0.121163,,0
19,PAYMENT,7762.35,23099.11,15336.76,8304.17,16066.52,user-1421,merchant-195,0.2,False,False,True,False,False,0,0,3,32,False,0.0,0.0,0,background-stream,2026-03-30T03:06:13.668478,MEDIUM,0.765,0.213846,,0
11,PAYMENT,622.39,6520.22,5897.83,10072.37,10694.76,user-7898,merchant-192,0.25,False,False,True,False,False,0,0,8,36,False,0.0,0.0,1,background-stream,2026-03-30T03:06:15.895377,MEDIUM,0.7675,0.226473,,0
3,TRANSFER,7895.49,22130.23,14234.74,13600.64,21496.13,user-5549,merchant-440,0.2,False,False,True,False,False,0,0,6,24,False,0.0,0.0,0,background-stream,2026-03-30T03:06:18.160339,LOW,0.065,0.216398,,0
24,CASH_OUT,9565.35,22587.41,13022.06,4198.64,13763.99,user-8166,merchant-514,0.25,False,False,True,False,False,0,0,1,36,False,0.0,0.0,1,background-stream,2026-03-30T03:06:20.398763,MEDIUM,0.7675,0.196133,,0
10,CASH_IN,446.96,9948.87,9501.91,16165.35,16612.31,user-8520,merchant-585,0.2,False,False,True,False,False,0,0,1,37,False,0.0,0.0,0,background-stream,2026-03-30T03:06:22.637920,MEDIUM,0.765,0.176612,,0
22,DEBIT,4574.23,15451.51,10877.28,18773.31,23347.54,user-9909,merchant-763,0.2,False,False,True,False,False,0,0,3,31,False,0.0,0.0,0,background-stream,2026-03-30T03:06:24.955709,MEDIUM,0.772755,0.131905,,0
12,CASH_OUT,5595.21,20429.37,14834.16,15956.25,21551.46,user-9794,merchant-664,0.25,False,False,True,False,False,0,0,2,32,False,0.0,0.0,1,background-stream,2026-03-30T03:06:27.187228,MEDIUM,0.7675,0.172176,,0
5,CASH_IN,4149.89,21920.99,17771.1,11256.13,15406.02,user-4870,merchant-460,0.2,False,False,True,False,False,0,0,2,33,False,0.0,0.0,0,background-stream,2026-03-30T03:06:29.444430,LOW,0.065,0.216275,,0
12,CASH_IN,1999.85,17950.14,15950.29,10952.76,12952.61,user-3111,merchant-785,0.2,False,False,True,False,False,0,0,3,31,False,0.0,0.0,0,background-stream,2026-03-30T03:06:31.671751,MEDIUM,0.765,0.156883,,0
4,CASH_IN,5314.22,8628.32,3314.1,2940.11,8254.33,user-6694,merchant-463,0.2,False,False,True,False,False,0,0,1,37,False,0.0,0.0,0,background-stream,2026-03-30T03:06:33.961240,LOW,0.065,0.212458,,0
7,CASH_IN,6518.46,12599.69,6081.23,14226.17,20744.63,user-3572,merchant-624,0.2,False,False,True,False,False,0,0,4,30,False,0.0,0.0,0,background-stream,2026-03-30T03:06:36.184005,LOW,0.065,0.217238,,0
8,CASH_IN,9290.0,25162.15,15872.15,14258.21,23548.21,user-8076,merchant-652,0.2,False,False,True,False,False,0,0,6,25,False,0.0,0.0,0,background-stream,2026-03-30T03:06:38.452658,MEDIUM,0.765,0.197905,,0
4,DEBIT,4865.04,8563.97,3698.93,4504.46,9369.5,user-6397,merchant-843,0.2,False,False,True,False,False,0,0,5,32,False,0.0,0.0,0,background-stream,2026-03-30T03:06:40.687591,LOW,0.065,0.180686,,0
6,TRANSFER,9517.51,18266.0,8748.49,6686.97,16204.48,user-6976,merchant-294,0.25,False,False,True,False,False,0,0,1,34,False,0.0,0.0,1,background-stream,2026-03-30T03:06:42.899625,LOW,0.0675,0.230375,,0
6,TRANSFER,7656.52,23953.76,16297.24,14239.78,21896.3,user-2629,merchant-444,0.2,False,False,True,False,False,0,0,5,36,False,0.0,0.0,0,background-stream,2026-03-30T03:06:45.128347,LOW,0.065,0.22725,,0
13,CASH_OUT,534.14,9148.73,8614.59,11596.83,12130.97,user-9114,merchant-881,0.2,False,False,True,False,False,0,0,3,34,False,0.0,0.0,0,background-stream,2026-03-30T03:06:47.437976,MEDIUM,0.765,0.164643,,0
5,CASH_IN,9286.79,15600.85,6314.06,2546.34,11833.13,user-2475,merchant-767,0.2,False,False,True,False,False,0,0,3,31,False,0.0,0.0,0,background-stream,2026-03-30T03:06:49.715592,LOW,0.065,0.216436,,0
21,CASH_OUT,728.99,15606.35,14877.36,10333.25,11062.24,user-6062,merchant-622,0.2,False,False,True,False,False,0,0,4,35,False,0.0,0.0,0,background-stream,2026-03-30T03:06:51.981787,MEDIUM,0.765,0.171728,,0
5,TRANSFER,3085.55,5926.1,2840.55,18484.2,21569.75,user-5452,merchant-303,0.25,False,False,True,False,False,0,0,1,30,False,0.0,0.0,1,background-stream,2026-03-30T03:06:54.276981,LOW,0.067501,0.228389,,0
11,TRANSFER,121.44,7980.34,7858.9,1809.1,1930.54,user-7024,merchant-712,0.25,False,False,True,False,False,0,0,4,38,False,0.0,0.0,1,background-stream,2026-03-30T03:06:56.544691,MEDIUM,0.7675,0.173673,,0
15,PAYMENT,8336.25,15237.2,6900.95,507.8,8844.05,user-9317,merchant-356,0.2,False,False,True,False,False,0,0,3,22,False,0.0,0.0,0,background-stream,2026-03-30T03:06:58.840695,MEDIUM,0.765,0.20298,,0
14,CASH_OUT,5992.46,9950.29,3957.83,6249.88,12242.34,user-5238,merchant-577,0.2,False,False,True,False,False,0,0,4,26,False,0.0,0.0,0,background-stream,2026-03-30T03:07:01.072602,MEDIUM,0.765,0.158359,,0
18,PAYMENT,7112.79,12277.27,5164.48,13817.22,20930.01,user-3414,merchant-408,0.2,False,False,True,False,False,0,0,2,29,False,0.0,0.0,0,background-stream,2026-03-30T03:07:03.332798,MEDIUM,0.765,0.216339,,0
5,CASH_OUT,9857.48,14441.17,4583.69,18374.34,28231.82,user-7814,merchant-799,0.25,False,False,True,False,False,0,0,1,24,False,0.0,0.0,1,background-stream,2026-03-30T03:07:05.537491,LOW,0.067511,0.23837,,0
23,TRANSFER,7453.02,13613.98,6160.96,18014.21,25467.23,user-3609,merchant-186,0.2,False,False,True,False,False,0,0,4,23,False,0.0,0.0,0,background-stream,2026-03-30T03:07:07.778412,MEDIUM,0.765,0.180275,,0
7,TRANSFER,9135.65,23274.34,14138.69,3650.06,12785.71,user-3186,merchant-847,0.25,False,False,True,False,False,0,0,6,35,False,0.0,0.0,1,background-stream,2026-03-30T03:07:10.107478,LOW,0.0675,0.225515,,0
8,PAYMENT,6938.7,12434.85,5496.15,13378.85,20317.55,user-6177,merchant-793,0.25,False,False,True,False,False,0,0,5,23,False,0.0,0.0,1,background-stream,2026-03-30T03:07:12.361439,MEDIUM,0.7675,0.260264,,0
15,DEBIT,3645.57,15278.55,11632.98,9803.07,13448.64,user-3823,merchant-199,0.2,False,False,True,False,False,0,0,0,31,False,0.0,0.0,0,background-stream,2026-03-30T03:07:14.617641,MEDIUM,0.781628,0.1112,,0
5,DEBIT,8836.32,9584.3,747.98,6011.1,14847.42,user-4029,merchant-597,0.2,False,False,True,False,False,0,0,1,36,False,0.0,0.0,0,background-stream,2026-03-30T03:07:16.852459,LOW,0.065,0.177874,,0
4,CASH_OUT,6350.68,11621.09,5270.41,17704.43,24055.11,user-1293,merchant-276,0.3,False,False,True,False,False,0,0,3,30,False,0.0,0.0,2,background-stream,2026-03-30T03:07:19.121257,LOW,0.070015,0.232914,,0
16,TRANSFER,2350.74,17695.16,15344.42,11730.86,14081.6,user-6195,merchant-831,0.2,False,False,True,False,False,0,0,3,26,False,0.0,0.0,0,background-stream,2026-03-30T03:07:21.446490,MEDIUM,0.765,0.151311,,0
2,PAYMENT,4950.56,16837.93,11887.37,8808.35,13758.91,user-7008,merchant-850,0.2,False,False,True,False,False,0,0,3,24,False,0.0,0.0,0,background-stream,2026-03-30T03:07:23.670455,LOW,0.065,0.267515,,0
15,TRANSFER,7283.02,24620.56,17337.54,14162.29,21445.31,user-3971,merchant-282,0.2,False,False,True,False,False,0,0,4,30,False,0.0,0.0,0,background-stream,2026-03-30T03:07:25.884314,MEDIUM,0.76555,0.148716,,0
10,CASH_IN,6563.93,16362.5,9798.57,15325.4,21889.33,user-4253,merchant-362,0.25,False,False,True,False,False,0,0,4,21,False,0.0,0.0,1,background-stream,2026-03-30T03:07:28.311847,MEDIUM,0.7675,0.176787,,0
11,PAYMENT,8264.98,16304.44,8039.46,5768.02,14033.0,user-4854,merchant-765,0.2,False,False,True,False,False,0,0,1,36,False,0.0,0.0,0,background-stream,2026-03-30T03:07:30.927158,MEDIUM,0.765,0.22819,,0
8,CASH_OUT,9012.38,16544.25,7531.87,14442.49,23454.87,user-9422,merchant-679,0.2,False,False,True,False,False,0,0,1,30,False,0.0,0.0,0,background-stream,2026-03-30T03:07:33.391550,MEDIUM,0.765,0.217281,,0
24,PAYMENT,1968.28,17970.95,16002.67,1737.93,3706.21,user-5270,merchant-565,0.2,False,False,True,False,False,0,0,3,23,False,0.0,0.0,0,background-stream,2026-03-30T03:07:35.757984,MEDIUM,0.765,0.243189,,0
15,DEBIT,5488.85,24531.26,19042.41,3667.07,9155.92,user-5927,merchant-253,0.25,False,False,True,False,False,0,0,2,31,False,0.0,0.0,1,background-stream,2026-03-30T03:07:38.051286,MEDIUM,0.783983,0.111537,,0
1,PAYMENT,7456.48,13495.7,6039.22,12537.27,19993.75,user-3846,merchant-986,0.2,False,False,True,False,False,0,0,1,26,False,0.0,0.0,0,background-stream,2026-03-30T03:07:40.304093,LOW,0.065,0.271692,,0
2,DEBIT,5213.4,10374.02,5160.62,18720.5,23933.9,user-9148,merchant-184,0.2,False,False,True,False,False,0,0,3,36,False,0.0,0.0,0,background-stream,2026-03-30T03:07:42.558115,LOW,0.065,0.187744,,0
9,CASH_IN,1307.54,16383.98,15076.44,13127.21,14434.75,user-3332,merchant-673,0.25,False,False,True,False,False,0,0,3,32,False,0.0,0.0,1,background-stream,2026-03-30T03:07:44.925613,MEDIUM,0.767499,0.188244,,0
10,CASH_OUT,8557.87,12102.05,3544.18,7054.3,15612.17,user-9973,merchant-932,0.25,False,False,True,False,False,0,0,5,35,False,0.0,0.0,1,background-stream,2026-03-30T03:07:47.228262,MEDIUM,0.767499,0.197106,,0
13,TRANSFER,7705.61,20998.9,13293.29,16473.63,24179.24,user-4566,merchant-251,0.2,False,False,True,False,False,0,0,3,21,False,0.0,0.0,0,background-stream,2026-03-30T03:07:49.502223,MEDIUM,0.765371,0.149133,,0
2,TRANSFER,6387.31,19913.77,13526.46,19682.46,26069.77,user-2853,merchant-897,0.2,False,False,True,False,False,0,0,2,33,False,0.0,0.0,0,background-stream,2026-03-30T03:07:51.810516,LOW,0.065,0.212336,,0
22,CASH_OUT,4393.76,9183.87,4790.11,1935.23,6328.99,user-9472,merchant-761,0.2,False,False,True,False,False,0,0,2,31,False,0.0,0.0,0,background-stream,2026-03-30T03:07:54.064608,MEDIUM,0.765,0.179043,,0
16,DEBIT,7068.97,24129.73,17060.76,4461.22,11530.19,user-1507,merchant-559,0.3,False,False,True,False,False,0,0,0,30,False,0.0,0.0,2,background-stream,2026-03-30T03:07:56.387790,MEDIUM,0.786162,0.112288,,0
17,PAYMENT,9102.36,22747.82,13645.46,6611.55,15713.91,user-1508,merchant-914,0.25,False,False,True,False,False,0,0,5,34,False,0.0,0.0,1,background-stream,2026-03-30T03:07:58.657765,MEDIUM,0.7675,0.212837,,0
17,CASH_IN,1512.87,16442.17,14929.3,8793.64,10306.51,user-1969,merchant-605,0.2,False,False,True,False,False,0,0,5,27,False,0.0,0.0,0,background-stream,2026-03-30T03:08:00.945187,MEDIUM,0.765,0.154085,,0
19,PAYMENT,9187.39,24425.5,15238.11,11891.02,21078.41,user-7889,merchant-868,0.2,False,False,True,False,False,0,0,2,28,False,0.0,0.0,0,background-stream,2026-03-30T03:08:03.210137,MEDIUM,0.765,0.212915,,0
2,CASH_IN,995.76,7843.58,6847.82,12865.48,13861.24,user-8085,merchant-913,0.25,False,False,True,False,False,0,0,5,31,False,0.0,0.0,1,background-stream,2026-03-30T03:08:05.428519,LOW,0.0675,0.208803,,0
2,PAYMENT,5479.16,24954.38,19475.22,4680.82,10159.98,user-5876,merchant-108,0.2,False,False,True,False,False,0,0,1,26,False,0.0,0.0,0,background-stream,2026-03-30T03:08:07.741080,LOW,0.065,0.267555,,0
15,TRANSFER,3161.88,15592.42,12430.54,8876.44,12038.32,user-7038,merchant-736,0.2,False,False,True,False,False,0,0,2,29,False,0.0,0.0,0,background-stream,2026-03-30T03:08:10.010511,MEDIUM,0.765,0.150049,,0
3,PAYMENT,4451.63,8878.12,4426.49,12900.73,17352.36,user-6075,merchant-752,0.2,False,False,True,False,False,0,0,6,36,False,0.0,0.0,0,background-stream,2026-03-30T03:08:12.336609,LOW,0.065,0.267122,,0
12,CASH_IN,9034.56,21927.16,12892.6,4133.86,13168.42,user-2592,merchant-800,0.2,False,False,True,False,False,0,0,3,28,False,0.0,0.0,0,background-stream,2026-03-30T03:08:14.589626,MEDIUM,0.765,0.156684,,0
4,PAYMENT,7933.04,12272.29,4339.25,1071.46,9004.5,user-9513,merchant-104,0.2,False,False,True,False,False,0,0,1,30,False,0.0,0.0,0,background-stream,2026-03-30T03:08:16.822263,LOW,0.065,0.269229,,0
11,DEBIT,4742.27,9494.42,4752.15,3122.0,7864.27,user-8148,merchant-228,0.2,False,False,True,False,False,0,0,4,30,False,0.0,0.0,0,background-stream,2026-03-30T03:08:19.091654,MEDIUM,0.771245,0.135427,,0
10,PAYMENT,9496.2,14822.38,5326.18,8747.24,18243.44,user-7699,merchant-362,0.25,False,False,True,False,False,0,0,5,22,False,0.0,0.0,1,background-stream,2026-03-30T03:08:21.349714,MEDIUM,0.767499,0.240134,,0
4,CASH_OUT,911.96,6473.68,5561.72,9310.63,10222.59,user-2221,merchant-506,0.2,False,False,True,False,False,0,0,4,25,False,0.0,0.0,0,background-stream,2026-03-30T03:08:23.680401,LOW,0.065021,0.23253,,0
24,PAYMENT,8273.14,8965.59,692.45,4233.72,12506.86,user-5243,merchant-699,0.2,False,False,True,False,False,0,0,2,28,False,0.0,0.0,0,background-stream,2026-03-30T03:08:25.946718,MEDIUM,0.765,0.24128,,0
17,DEBIT,9771.8,17711.72,7939.92,2233.3,12005.1,user-8421,merchant-759,0.2,False,False,True,False,False,0,0,0,31,False,0.0,0.0,0,background-stream,2026-03-30T03:08:28.173504,MEDIUM,0.778321,0.118916,,0
13,PAYMENT,7939.88,8187.5,247.62,2761.54,10701.42,user-2132,merchant-614,0.2,False,False,True,False,False,0,0,4,24,False,0.0,0.0,0,background-stream,2026-03-30T03:08:30.502089,MEDIUM,0.765,0.209626,,0
19,TRANSFER,761.91,4123.31,3361.4,6069.16,6831.07,user-8629,merchant-450,0.2,False,False,True,False,False,0,0,6,31,False,0.0,0.0,0,background-stream,2026-03-30T03:08:32.754393,MEDIUM,0.765,0.164331,,0
1,TRANSFER,2283.34,9330.93,7047.59,14410.27,16693.61,user-8045,merchant-584,0.2,False,False,True,False,False,0,0,2,29,False,0.0,0.0,0,background-stream,2026-03-30T03:08:34.993724,LOW,0.065001,0.219081,,0
16,TRANSFER,183.85,1504.01,1320.16,19106.76,19290.61,user-4305,merchant-468,0.2,False,False,True,False,False,0,0,3,34,False,0.0,0.0,0,background-stream,2026-03-30T03:08:37.227624,MEDIUM,0.765,0.155707,,0
13,CASH_IN,4241.5,18994.59,14753.09,1515.3,5756.8,user-1633,merchant-576,0.2,False,False,True,False,False,0,0,4,32,False,0.0,0.0,0,background-stream,2026-03-30T03:08:39.454945,MEDIUM,0.765,0.150162,,0
8,TRANSFER,4239.51,20130.47,15890.96,1711.89,5951.4,user-7731,merchant-814,0.2,False,False,True,False,False,0,0,2,29,False,0.0,0.0,0,background-stream,2026-03-30T03:08:41.755258,MEDIUM,0.765,0.203004,,0
3,PAYMENT,3304.99,14683.52,11378.53,13958.64,17263.63,user-8595,merchant-986,0.2,False,False,True,False,False,0,0,3,27,False,0.0,0.0,0,background-stream,2026-03-30T03:08:43.997736,LOW,0.065,0.267207,,0
13,PAYMENT,3038.79,4769.23,1730.44,16211.2,19249.99,user-4339,merchant-129,0.2,False,False,True,False,False,0,0,5,35,False,0.0,0.0,0,background-stream,2026-03-30T03:08:46.226272,MEDIUM,0.765,0.210781,,0
21,PAYMENT,1754.53,10358.55,8604.02,5956.65,7711.18,user-4403,merchant-214,0.2,False,False,True,False,False,0,0,4,26,False,0.0,0.0,0,background-stream,2026-03-30T03:08:48.451171,MEDIUM,0.765,0.219362,,0
22,PAYMENT,2547.91,7727.31,5179.4,10286.59,12834.5,user-7793,merchant-798,0.25,False,False,True,False,False,0,0,2,27,False,0.0,0.0,1,background-stream,2026-03-30T03:08:50.698129,MEDIUM,0.7675,0.222532,,0
16,CASH_OUT,3547.0,10014.75,6467.75,8009.04,11556.04,user-1691,merchant-132,0.2,False,False,True,False,False,0,0,3,28,False,0.0,0.0,0,background-stream,2026-03-30T03:08:53.154547,MEDIUM,0.765,0.157458,,0
9,TRANSFER,5034.64,22677.28,17642.64,2048.81,7083.45,user-5949,merchant-800,0.2,False,False,True,False,False,0,0,6,29,False,0.0,0.0,0,background-stream,2026-03-30T03:08:55.393863,MEDIUM,0.764999,0.195304,,0
12,CASH_OUT,6003.49,16356.94,10353.45,12971.38,18974.87,user-7259,merchant-974,0.2,False,False,True,False,False,0,0,2,36,False,0.0,0.0,0,background-stream,2026-03-30T03:08:57.643649,MEDIUM,0.765,0.172124,,0
7,CASH_IN,7051.66,7957.64,905.98,16652.44,23704.1,user-7589,merchant-459,0.2,False,False,True,False,False,0,0,7,29,False,0.0,0.0,0,background-stream,2026-03-30T03:08:59.877078,LOW,0.065,0.217238,,0
2,TRANSFER,7597.92,17257.43,9659.51,494.86,8092.78,user-9574,merchant-905,0.2,False,False,True,False,False,0,0,1,24,False,0.0,0.0,0,background-stream,2026-03-30T03:09:02.111683,LOW,0.065,0.215485,,0
15,PAYMENT,2185.21,4362.88,2177.67,7632.67,9817.88,user-6151,merchant-603,0.2,False,False,True,False,False,0,0,1,33,False,0.0,0.0,0,background-stream,2026-03-30T03:09:04.390440,MEDIUM,0.765,0.203685,,0
11,PAYMENT,1825.93,14980.45,13154.52,4986.83,6812.76,user-9566,merchant-545,0.2,False,False,True,False,False,0,0,3,30,False,0.0,0.0,0,background-stream,2026-03-30T03:09:06.579030,MEDIUM,0.765,0.227952,,0
17,DEBIT,6557.88,22695.98,16138.1,4189.29,10747.17,user-1376,merchant-192,0.25,False,False,True,False,False,0,0,4,37,False,0.0,0.0,1,background-stream,2026-03-30T03:09:08.849758,MEDIUM,0.780846,0.118858,,0
6,TRANSFER,2610.11,13046.66,10436.55,19777.18,22387.29,user-2347,merchant-716,0.3,False,False,True,False,False,0,0,2,29,False,0.0,0.0,2,background-stream,2026-03-30T03:09:11.087286,LOW,0.070001,0.229674,,0
15,TRANSFER,8473.28,23830.19,15356.91,19804.16,28277.44,user-1846,merchant-441,0.2,False,False,True,False,False,0,0,3,29,False,0.0,0.0,0,background-stream,2026-03-30T03:09:13.324142,MEDIUM,0.765097,0.149773,,0
15,DEBIT,2766.82,5114.19,2347.37,6529.0,9295.82,user-3223,merchant-962,0.2,False,False,True,False,False,0,0,2,28,False,0.0,0.0,0,background-stream,2026-03-30T03:09:15.648638,MEDIUM,0.781157,0.1123,,0
13,PAYMENT,4042.84,13315.16,9272.32,6203.79,10246.63,user-9868,merchant-718,0.2,False,False,True,False,False,0,0,3,33,False,0.0,0.0,0,background-stream,2026-03-30T03:09:17.933819,MEDIUM,0.765,0.21096,,0
12,DEBIT,5150.06,20786.93,15636.87,13963.33,19113.39,user-9026,merchant-828,0.2,False,False,True,False,False,0,0,5,24,False,0.0,0.0,0,background-stream,2026-03-30T03:09:20.196605,MEDIUM,0.775399,0.125735,,0
12,PAYMENT,2273.37,9900.9,7627.53,8556.7,10830.07,user-1107,merchant-637,0.25,False,False,True,False,False,0,0,7,24,False,0.0,0.0,1,background-stream,2026-03-30T03:09:22.501599,MEDIUM,0.7675,0.219237,,0
3,TRANSFER,595.51,943.13,347.62,183.94,779.45,user-6134,merchant-586,0.2,False,False,True,False,False,0,0,4,21,False,0.0,0.0,0,background-stream,2026-03-30T03:09:24.763427,LOW,0.065001,0.22253,,0
7,CASH_IN,403.98,15722.33,15318.35,11369.91,11773.89,user-4734,merchant-261,0.25,False,False,True,False,False,0,0,3,41,False,0.0,0.0,1,background-stream,2026-03-30T03:09:27.172975,LOW,0.0675,0.217078,,0
4,PAYMENT,1966.14,14641.24,12675.1,3479.39,5445.53,user-7202,merchant-117,0.2,False,False,True,False,False,0,0,1,31,False,0.0,0.0,0,background-stream,2026-03-30T03:09:29.407614,LOW,0.065,0.269366,,0
22,CASH_OUT,1060.93,7669.05,6608.12,2615.33,3676.26,user-3892,merchant-544,0.2,False,False,True,False,False,0,0,2,39,False,0.0,0.0,0,background-stream,2026-03-30T03:09:31.663033,MEDIUM,0.765,0.178308,,0
20,TRANSFER,1548.93,10554.9,9005.97,9807.38,11356.31,user-8832,merchant-619,0.2,False,False,True,False,False,0,0,5,32,False,0.0,0.0,0,background-stream,2026-03-30T03:09:33.942949,MEDIUM,0.765,0.166954,,0
22,TRANSFER,7702.46,27449.52,19747.06,13632.21,21334.67,user-2652,merchant-125,0.25,False,False,True,False,False,0,0,4,39,False,0.0,0.0,1,background-stream,2026-03-30T03:09:36.181246,MEDIUM,0.7675,0.166797,,0
6,CASH_IN,7426.09,17616.92,10190.83,4442.22,11868.31,user-7620,merchant-517,0.25,False,False,True,False,False,0,0,3,36,False,0.0,0.0,1,background-stream,2026-03-30T03:09:38.496862,LOW,0.0675,0.216674,,0
16,DEBIT,3596.72,14674.05,11077.33,5791.64,9388.36,user-9951,merchant-231,0.3,False,False,True,False,False,0,0,3,31,False,0.0,0.0,2,background-stream,2026-03-30T03:09:40.735664,MEDIUM,0.785977,0.112719,,0
13,TRANSFER,3936.47,13167.76,9231.29,18878.17,22814.64,user-2504,merchant-265,0.25,False,False,True,False,False,0,0,2,36,False,0.0,0.0,1,background-stream,2026-03-30T03:09:42.970455,MEDIUM,0.7675,0.151325,,0
8,TRANSFER,6063.46,16378.08,10314.62,5637.84,11701.3,user-4436,merchant-609,0.2,False,False,True,False,False,0,0,1,45,False,0.0,0.0,0,background-stream,2026-03-30T03:09:45.212839,MEDIUM,0.764999,0.204753,,0
24,DEBIT,6668.77,14323.07,7654.3,1659.64,8328.41,user-5045,merchant-125,0.25,False,False,True,False,False,0,0,4,40,False,0.0,0.0,1,background-stream,2026-03-30T03:09:47.437646,MEDIUM,0.7675,0.153882,,0
12,TRANSFER,5296.08,22934.82,17638.74,8488.97,13785.05,user-6153,merchant-349,0.2,False,False,True,False,False,0,0,6,32,False,0.0,0.0,0,background-stream,2026-03-30T03:09:49.720787,MEDIUM,0.765,0.160051,,0
15,CASH_IN,1322.99,11379.63,10056.64,6783.58,8106.57,user-2533,merchant-860,0.2,False,False,True,False,False,0,0,5,30,False,0.0,0.0,0,background-stream,2026-03-30T03:09:51.966409,MEDIUM,0.76802,0.142951,,0
6,PAYMENT,556.65,15303.42,14746.77,17829.42,18386.07,user-7032,merchant-171,0.2,False,False,True,False,False,0,0,4,35,False,0.0,0.0,0,background-stream,2026-03-30T03:09:54.230880,LOW,0.065,0.277708,,0
24,TRANSFER,4988.22,10765.23,5777.01,3691.94,8680.16,user-9314,merchant-922,0.2,False,False,True,False,False,0,0,3,38,False,0.0,0.0,0,background-stream,2026-03-30T03:09:56.470274,MEDIUM,0.765,0.192321,,0
17,CASH_IN,3870.78,19304.42,15433.64,18886.2,22756.98,user-6819,merchant-166,0.2,False,False,True,False,False,0,0,4,29,False,0.0,0.0,0,background-stream,2026-03-30T03:09:58.732439,MEDIUM,0.765,0.154085,,0
6,CASH_IN,4027.35,23414.61,19387.26,9625.04,13652.39,user-6346,merchant-100,0.2,False,False,True,False,False,0,0,6,27,False,0.0,0.0,0,background-stream,2026-03-30T03:10:01.020077,LOW,0.065,0.216514,,0
12,DEBIT,3256.81,9575.5,6318.69,15108.74,18365.55,user-4359,merchant-638,0.25,False,False,True,False,False,0,0,3,29,False,0.0,0.0,1,background-stream,2026-03-30T03:10:03.251418,MEDIUM,0.7777,0.126199,,0
18,CASH_OUT,279.64,17583.25,17303.61,19504.95,19784.59,user-2185,merchant-138,0.2,False,False,True,False,False,0,0,1,33,False,0.0,0.0,0,background-stream,2026-03-30T03:10:05.480603,MEDIUM,0.765,0.170627,,0
5,TRANSFER,2486.15,14221.09,11734.94,12391.57,14877.72,user-3046,merchant-773,0.2,False,False,True,False,False,0,0,2,35,False,0.0,0.0,0,background-stream,2026-03-30T03:10:07.727442,LOW,0.065,0.224342,,0
7,DEBIT,2259.18,8011.3,5752.12,13651.22,15910.4,user-5337,merchant-331,0.2,False,False,True,False,False,0,0,4,31,False,0.0,0.0,0,background-stream,2026-03-30T03:10:10.044932,LOW,0.065,0.177045,,0
10,PAYMENT,8109.27,25771.05,17661.78,6868.21,14977.48,user-3039,merchant-441,0.2,False,False,True,False,False,0,0,6,30,False,0.0,0.0,0,background-stream,2026-03-30T03:10:12.334787,MEDIUM,0.765,0.240851,,0
9,CASH_IN,6033.83,9166.69,3132.86,7984.04,14017.87,user-6415,merchant-322,0.2,False,False,True,False,False,0,0,1,27,False,0.0,0.0,0,background-stream,2026-03-30T03:10:14.581376,MEDIUM,0.765,0.188415,,0
16,DEBIT,3707.73,5781.13,2073.4,8807.57,12515.3,user-6644,merchant-454,0.25,False,False,True,False,False,0,0,2,35,False,0.0,0.0,1,background-stream,2026-03-30T03:10:16.830040,MEDIUM,0.783619,0.112388,,0
2,CASH_OUT,1804.17,19985.12,18180.95,12627.03,14431.2,user-1602,merchant-461,0.2,False,False,True,False,False,0,0,3,19,False,0.0,0.0,0,background-stream,2026-03-30T03:10:19.083979,LOW,0.065001,0.223903,,0
12,TRANSFER,1830.98,13268.94,11437.96,17258.77,19089.75,user-8818,merchant-185,0.25,False,False,True,False,False,0,0,1,26,False,0.0,0.0,1,background-stream,2026-03-30T03:10:21.317460,MEDIUM,0.7675,0.160139,,0
5,CASH_IN,6549.79,13435.79,6886.0,7776.51,14326.3,user-6373,merchant-297,0.2,False,False,True,False,False,0,0,2,31,False,0.0,0.0,0,background-stream,2026-03-30T03:10:23.668794,LOW,0.065,0.216436,,0
9,PAYMENT,7349.54,19072.04,11722.5,11467.04,18816.58,user-4183,merchant-713,0.25,False,False,True,False,False,0,0,3,32,False,0.0,0.0,1,background-stream,2026-03-30T03:10:25.915493,MEDIUM,0.7675,0.250401,,0
15,CASH_IN,8658.51,10470.82,1812.31,6042.51,14701.02,user-9045,merchant-662,0.2,False,False,True,False,False,0,0,1,23,False,0.0,0.0,0,background-stream,2026-03-30T03:10:28.141405,MEDIUM,0.76794,0.14314,,0
22,DEBIT,9051.37,13473.2,4421.83,8792.55,17843.92,user-9268,merchant-919,0.2,False,False,True,False,False,0,0,2,22,False,0.0,0.0,0,background-stream,2026-03-30T03:10:30.393191,MEDIUM,0.772959,0.131429,,0
15,CASH_IN,3385.54,3803.33,417.79,15302.31,18687.85,user-7639,merchant-199,0.2,False,False,True,False,False,0,0,3,32,False,0.0,0.0,0,background-stream,2026-03-30T03:10:32.641755,MEDIUM,0.76802,0.142951,,0
6,TRANSFER,1725.52,11829.31,10103.79,18850.48,20576.0,user-1564,merchant-527,0.2,False,False,True,False,False,0,0,6,27,False,0.0,0.0,0,background-stream,2026-03-30T03:10:34.889011,LOW,0.065,0.229581,,0
1,CASH_IN,6865.59,11006.89,4141.3,8772.29,15637.88,user-8242,merchant-851,0.25,False,False,True,False,False,0,0,2,29,False,0.0,0.0,1,background-stream,2026-03-30T03:10:37.154289,LOW,0.0675,0.212158,,0
17,DEBIT,7064.97,20520.37,13455.4,3026.56,10091.53,user-3765,merchant-572,0.2,False,False,True,False,False,0,0,2,24,False,0.0,0.0,0,background-stream,2026-03-30T03:10:39.416731,MEDIUM,0.778195,0.119211,,0
11,PAYMENT,4793.97,5734.34,940.37,5298.96,10092.93,user-4610,merchant-920,0.25,False,False,True,False,False,0,0,4,27,False,0.0,0.0,1,background-stream,2026-03-30T03:10:41.675846,MEDIUM,0.7675,0.229897,,0
7,CASH_IN,8595.11,20686.95,12091.84,4135.63,12730.74,user-2458,merchant-856,0.2,False,False,True,False,False,0,0,6,31,False,0.0,0.0,0,background-stream,2026-03-30T03:10:43.929311,LOW,0.065,0.216903,,0
22,CASH_OUT,8223.57,10729.97,2506.4,16705.77,24929.34,user-8153,merchant-744,0.2,False,False,True,False,False,0,0,2,40,False,0.0,0.0,0,background-stream,2026-03-30T03:10:46.243076,MEDIUM,0.765,0.182631,,0
18,CASH_OUT,140.99,17998.66,17857.67,12124.17,12265.16,user-3920,merchant-927,0.25,False,False,True,False,False,0,0,5,39,False,0.0,0.0,1,background-stream,2026-03-30T03:10:48.470977,MEDIUM,0.7675,0.168913,,0
4,CASH_OUT,4840.94,21883.8,17042.86,12487.36,17328.3,user-8108,merchant-237,0.2,False,False,True,False,False,0,0,0,34,False,0.0,0.0,0,background-stream,2026-03-30T03:10:50.728691,LOW,0.065001,0.230081,,0
22,CASH_IN,8624.35,18913.13,10288.78,3415.67,12040.02,user-6926,merchant-304,0.2,False,False,True,False,False,0,0,0,26,False,0.0,0.0,0,background-stream,2026-03-30T03:10:53.024642,MEDIUM,0.765,0.16667,,0
8,CASH_IN,6467.74,16969.06,10501.32,5076.18,11543.92,user-7769,merchant-222,0.25,False,False,True,False,False,0,0,4,30,False,0.0,0.0,1,background-stream,2026-03-30T03:10:55.278868,MEDIUM,0.7675,0.198254,,0
6,DEBIT,7170.33,16059.2,8888.87,2956.52,10126.85,user-5248,merchant-345,0.25,False,False,True,False,False,0,0,3,30,False,0.0,0.0,1,background-stream,2026-03-30T03:10:57.581360,LOW,0.0675,0.180715,,0
8,CASH_IN,8509.99,17094.3,8584.31,6301.87,14811.86,user-5022,merchant-958,0.2,False,False,True,False,False,0,0,3,31,False,0.0,0.0,0,background-stream,2026-03-30T03:10:59.972075,MEDIUM,0.765,0.198254,,0
19,PAYMENT,4717.32,5349.46,632.14,10291.85,15009.17,user-1446,merchant-977,0.25,False,False,True,False,False,0,0,3,25,False,0.0,0.0,1,background-stream,2026-03-30T03:11:02.292751,MEDIUM,0.7675,0.215157,,0
2,TRANSFER,4707.02,9505.29,4798.27,4906.42,9613.44,user-5429,merchant-629,0.2,False,False,True,False,False,0,0,2,24,False,0.0,0.0,0,background-stream,2026-03-30T03:11:04.600730,LOW,0.065,0.215663,,0
6,DEBIT,9354.86,14704.82,5349.96,4071.75,13426.61,user-9342,merchant-458,0.3,False,False,True,False,False,0,0,5,36,False,0.0,0.0,2,background-stream,2026-03-30T03:11:06.872733,LOW,0.07,0.180391,,0
18,DEBIT,9388.62,15589.43,6200.81,7044.95,16433.57,user-6850,merchant-289,0.2,False,False,True,False,False,0,0,5,28,False,0.0,0.0,0,background-stream,2026-03-30T03:11:09.352568,MEDIUM,0.777419,0.121021,,0
2,PAYMENT,502.1,3948.16,3446.06,1137.37,1639.47,user-5035,merchant-751,0.2,False,False,True,False,False,0,0,2,28,False,0.0,0.0,0,background-stream,2026-03-30T03:11:11.667358,LOW,0.065,0.267777,,0
22,DEBIT,9944.07,27732.28,17788.21,3919.32,13863.39,user-6102,merchant-866,0.2,False,False,True,False,False,0,0,4,29,False,0.0,0.0,0,background-stream,2026-03-30T03:11:13.951868,MEDIUM,0.772983,0.131371,,0
8,TRANSFER,3442.74,5468.41,2025.67,6491.23,9933.97,user-4695,merchant-956,0.2,False,False,True,False,False,0,0,4,30,False,0.0,0.0,0,background-stream,2026-03-30T03:11:16.243649,MEDIUM,0.765,0.208416,,0
19,CASH_OUT,8722.91,8728.72,5.81,6042.41,14765.32,user-1114,merchant-176,0.2,False,False,True,False,False,0,0,4,29,False,0.0,0.0,0,background-stream,2026-03-30T03:11:18.485662,MEDIUM,0.765,0.176182,,0
22,CASH_OUT,5558.91,6258.07,699.16,18132.08,23690.99,user-4209,merchant-328,0.2,False,False,True,False,False,0,0,3,32,False,0.0,0.0,0,background-stream,2026-03-30T03:11:20.853209,MEDIUM,0.765,0.182399,,0
3,PAYMENT,2728.89,22621.94,19893.05,14001.04,16729.93,user-3953,merchant-992,0.2,False,False,True,False,False,0,0,4,38,False,0.0,0.0,0,background-stream,2026-03-30T03:11:23.133885,LOW,0.065,0.266973,,0
18,CASH_OUT,9276.15,12679.88,3403.73,7186.68,16462.83,user-4040,merchant-753,0.2,False,False,True,False,False,0,0,3,15,False,0.0,0.0,0,background-stream,2026-03-30T03:11:25.651208,MEDIUM,0.765,0.174877,,0
8,TRANSFER,4490.87,4942.76,451.89,227.29,4718.16,user-6644,merchant-580,0.2,False,False,True,False,False,0,0,3,37,False,0.0,0.0,0,background-stream,2026-03-30T03:11:28.703383,MEDIUM,0.765,0.20868,,0
1,PAYMENT,8152.0,12276.06,4124.06,8743.61,16895.61,user-5088,merchant-820,0.2,False,False,True,False,False,0,0,4,29,False,0.0,0.0,0,background-stream,2026-03-30T03:11:31.678987,LOW,0.065,0.271117,,0
15,PAYMENT,1938.37,13295.29,11356.92,10479.64,12418.01,user-1906,merchant-909,0.2,False,False,True,False,False,0,0,0,26,False,0.0,0.0,0,background-stream,2026-03-30T03:11:34.616408,MEDIUM,0.765,0.202766,,0
14,TRANSFER,4921.87,5397.15,475.28,18536.97,23458.84,user-5034,merchant-408,0.2,False,False,True,False,False,0,0,6,30,False,0.0,0.0,0,background-stream,2026-03-30T03:11:36.937697,MEDIUM,0.765,0.154302,,0
7,CASH_OUT,3979.02,16136.62,12157.6,14447.21,18426.23,user-9825,merchant-426,0.2,False,False,True,False,False,0,0,4,27,False,0.0,0.0,0,background-stream,2026-03-30T03:11:39.196915,LOW,0.065006,0.237412,,0
14,CASH_IN,9633.82,9893.11,259.29,9261.9,18895.72,user-7612,merchant-743,0.25,False,False,True,False,False,0,0,1,31,False,0.0,0.0,1,background-stream,2026-03-30T03:11:41.447557,MEDIUM,0.769376,0.145623,,0
3,DEBIT,5953.68,17433.4,11479.72,4801.97,10755.65,user-3863,merchant-705,0.2,False,False,True,False,False,0,0,3,41,False,0.0,0.0,0,background-stream,2026-03-30T03:11:43.726257,LOW,0.065,0.183806,,0
14,PAYMENT,1368.01,3864.34,2496.33,12970.83,14338.84,user-9010,merchant-575,0.3,False,False,True,False,False,0,0,3,30,False,0.0,0.0,2,background-stream,2026-03-30T03:11:46.039163,MEDIUM,0.77,0.206294,,0
13,CASH_IN,2826.9,19577.38,16750.48,2305.39,5132.29,user-4149,merchant-175,0.2,False,False,True,False,False,0,0,2,31,False,0.0,0.0,0,background-stream,2026-03-30T03:11:48.299316,MEDIUM,0.765,0.150162,,0
1,CASH_IN,6583.31,11854.69,5271.38,18613.31,25196.62,user-3657,merchant-843,0.2,False,False,True,False,False,0,0,0,33,False,0.0,0.0,0,background-stream,2026-03-30T03:11:50.554078,LOW,0.065,0.212158,,0
11,CASH_OUT,4977.44,16399.3,11421.86,134.99,5112.43,user-4434,merchant-298,0.2,False,False,True,False,False,0,0,1,34,False,0.0,0.0,0,background-stream,2026-03-30T03:11:52.824680,MEDIUM,0.765,0.183586,,0
19,PAYMENT,9401.92,20995.53,11593.61,6371.53,15773.45,user-6119,merchant-731,0.2,False,False,True,False,False,0,0,1,19,False,0.0,0.0,0,background-stream,2026-03-30T03:11:55.088552,MEDIUM,0.765,0.212728,,0
6,CASH_IN,4951.13,7565.89,2614.76,12996.98,17948.11,user-9435,merchant-266,0.2,False,False,True,False,False,0,0,2,25,False,0.0,0.0,0,background-stream,2026-03-30T03:11:57.417294,LOW,0.065,0.216705,,0
17,DEBIT,5136.24,11149.62,6013.38,9186.41,14322.65,user-9602,merchant-770,0.2,False,False,True,False,False,0,0,6,28,False,0.0,0.0,0,background-stream,2026-03-30T03:11:59.667639,MEDIUM,0.778254,0.119072,,0
7,PAYMENT,2779.62,19584.92,16805.3,5033.53,7813.15,user-3481,merchant-393,0.25,False,False,True,False,False,0,0,2,35,False,0.0,0.0,1,background-stream,2026-03-30T03:12:01.898290,LOW,0.0675,0.280676,,0
20,CASH_IN,270.85,14548.6,14277.75,7396.98,7667.83,user-2185,merchant-998,0.2,False,False,True,False,False,0,0,2,18,False,0.0,0.0,0,background-stream,2026-03-30T03:12:04.152616,MEDIUM,0.765,0.162041,,0
14,CASH_OUT,1231.09,11900.31,10669.22,13911.52,15142.61,user-7954,merchant-562,0.25,False,False,True,False,False,0,0,2,33,False,0.0,0.0,1,background-stream,2026-03-30T03:12:06.341005,MEDIUM,0.7675,0.156587,,0
22,CASH_IN,6989.95,18263.95,11274.0,6406.81,13396.76,user-1797,merchant-942,0.2,False,False,True,False,False,0,0,2,22,False,0.0,0.0,0,background-stream,2026-03-30T03:12:08.637257,MEDIUM,0.765,0.166296,,0
2,CASH_OUT,5490.36,18268.04,12777.68,19892.65,25383.01,user-3340,merchant-786,0.2,False,False,True,False,False,0,0,5,38,False,0.0,0.0,0,background-stream,2026-03-30T03:12:10.872596,LOW,0.06501,0.225191,,0
24,CASH_OUT,1199.34,10411.71,9212.37,13246.1,14445.44,user-4766,merchant-386,0.2,False,False,True,False,False,0,0,1,30,False,0.0,0.0,0,background-stream,2026-03-30T03:12:13.136014,MEDIUM,0.765,0.196543,,0
13,PAYMENT,8304.69,10010.16,1705.47,10667.81,18972.5,user-7790,merchant-729,0.2,False,False,True,False,False,0,0,5,33,False,0.0,0.0,0,background-stream,2026-03-30T03:12:15.423364,MEDIUM,0.765,0.209903,,0
2,CASH_OUT,7471.63,21308.77,13837.14,19429.25,26900.88,user-8576,merchant-125,0.25,False,False,True,False,False,0,0,1,41,False,0.0,0.0,1,background-stream,2026-03-30T03:12:17.734036,LOW,0.067511,0.225243,,0
21,TRANSFER,1776.25,19212.7,17436.45,10679.27,12455.52,user-4624,merchant-346,0.2,False,False,True,False,False,0,0,1,29,False,0.0,0.0,0,background-stream,2026-03-30T03:12:20.009259,MEDIUM,0.765,0.163995,,0
5,CASH_IN,4528.55,17134.87,12606.32,12609.4,17137.95,user-8379,merchant-309,0.2,False,False,True,False,False,0,0,5,19,False,0.0,0.0,0,background-stream,2026-03-30T03:12:22.257944,LOW,0.065,0.216275,,0
23,CASH_OUT,9872.82,12884.79,3011.97,13359.02,23231.84,user-7367,merchant-200,0.2,False,False,True,False,False,0,0,3,28,False,0.0,0.0,0,background-stream,2026-03-30T03:12:24.514851,MEDIUM,0.765,0.190556,,0
16,CASH_IN,6604.98,25422.61,18817.63,658.7,7263.68,user-9007,merchant-962,0.2,False,False,True,False,False,0,0,4,29,False,0.0,0.0,0,background-stream,2026-03-30T03:12:26.803254,MEDIUM,0.767944,0.143129,,0
23,TRANSFER,2580.95,17772.36,15191.41,18732.68,21313.63,user-9965,merchant-972,0.2,False,False,True,False,False,0,0,8,30,False,0.0,0.0,0,background-stream,2026-03-30T03:12:29.027451,MEDIUM,0.765,0.177391,,0
17,TRANSFER,107.79,16659.12,16551.33,13490.59,13598.38,user-5723,merchant-948,0.2,False,False,True,False,False,0,0,4,29,False,0.0,0.0,0,background-stream,2026-03-30T03:12:31.433260,MEDIUM,0.765,0.160786,,0
16,CASH_IN,3958.26,23552.76,19594.5,10657.43,14615.69,user-1049,merchant-787,0.2,False,False,True,False,False,0,0,4,26,False,0.0,0.0,0,background-stream,2026-03-30T03:12:33.669574,MEDIUM,0.767856,0.143334,,0
6,CASH_IN,9819.59,21192.54,11372.95,16886.95,26706.54,user-3800,merchant-140,0.2,False,False,True,False,False,0,0,5,36,False,0.0,0.0,0,background-stream,2026-03-30T03:12:35.857724,LOW,0.065,0.216395,,0
20,DEBIT,2664.28,19395.16,16730.88,15459.12,18123.4,user-3204,merchant-324,0.2,False,False,True,False,False,0,0,2,33,False,0.0,0.0,0,background-stream,2026-03-30T03:12:38.119130,MEDIUM,0.773695,0.129711,,0
16,DEBIT,3561.9,16910.23,13348.33,9031.14,12593.04,user-7955,merchant-407,0.25,False,False,True,False,False,0,0,3,44,False,0.0,0.0,1,background-stream,2026-03-30T03:12:40.387157,MEDIUM,0.783579,0.112481,,0
8,DEBIT,2060.24,12695.49,10635.25,5306.77,7367.01,user-5577,merchant-874,0.2,False,False,True,False,False,0,0,1,36,False,0.0,0.0,0,background-stream,2026-03-30T03:12:42.709710,MEDIUM,0.765,0.161038,,0
11,CASH_IN,3784.64,8059.14,4274.5,4315.46,8100.1,user-6889,merchant-702,0.25,False,False,True,False,False,0,0,4,35,False,0.0,0.0,1,background-stream,2026-03-30T03:12:45.047424,MEDIUM,0.7675,0.166754,,0
2,TRANSFER,9873.59,24514.91,14641.32,5481.4,15354.99,user-4561,merchant-813,0.25,False,False,True,False,False,0,0,5,30,False,0.0,0.0,1,background-stream,2026-03-30T03:12:47.270331,LOW,0.0675,0.212576,,0
1,CASH_OUT,2263.7,9399.39,7135.69,12481.16,14744.86,user-9864,merchant-703,0.2,False,False,True,False,False,0,0,3,29,False,0.0,0.0,0,background-stream,2026-03-30T03:12:49.512642,LOW,0.065016,0.23086,,0
24,DEBIT,5543.62,9142.35,3598.73,19372.8,24916.42,user-3701,merchant-458,0.25,False,False,True,False,False,0,0,3,37,False,0.0,0.0,1,background-stream,2026-03-30T03:12:51.759037,MEDIUM,0.7675,0.153478,,0
9,PAYMENT,8436.66,19683.95,11247.29,1472.78,9909.44,user-8244,merchant-199,0.2,False,False,True,False,False,0,0,2,33,False,0.0,0.0,0,background-stream,2026-03-30T03:12:54.119084,MEDIUM,0.765,0.25045,,0
1,CASH_IN,5974.85,18325.13,12350.28,18158.15,24133.0,user-3176,merchant-503,0.2,False,False,True,False,False,0,0,5,23,False,0.0,0.0,0,background-stream,2026-03-30T03:12:56.368916,LOW,0.065,0.21219,,0
2,CASH_OUT,5711.63,18425.9,12714.27,14135.32,19846.95,user-1681,merchant-818,0.2,False,False,True,False,False,0,0,2,29,False,0.0,0.0,0,background-stream,2026-03-30T03:12:58.607651,LOW,0.065014,0.224645,,0
21,TRANSFER,1172.2,7024.9,5852.7,5497.25,6669.45,user-4644,merchant-889,0.2,False,False,True,False,False,0,0,5,35,False,0.0,0.0,0,background-stream,2026-03-30T03:13:00.895307,MEDIUM,0.765,0.166789,,0
3,CASH_IN,4556.36,14082.52,9526.16,17423.99,21980.35,user-6807,merchant-816,0.2,False,False,True,False,False,0,0,3,29,False,0.0,0.0,0,background-stream,2026-03-30T03:13:03.123256,LOW,0.065,0.212139,,0
15,CASH_OUT,2655.2,3179.09,523.89,3479.15,6134.35,user-5737,merchant-631,0.2,False,False,True,False,False,0,0,2,26,False,0.0,0.0,0,background-stream,2026-03-30T03:13:05.376190,MEDIUM,0.765,0.16002,,0
20,PAYMENT,6794.71,23409.82,16615.11,11374.02,18168.73,user-4332,merchant-926,0.2,False,False,True,False,False,0,0,6,23,False,0.0,0.0,0,background-stream,2026-03-30T03:13:07.596844,MEDIUM,0.765,0.217621,,0
12,DEBIT,4966.21,24718.88,19752.67,12317.24,17283.45,user-1140,merchant-772,0.2,False,False,True,False,False,0,0,3,27,False,0.0,0.0,0,background-stream,2026-03-30T03:13:09.916644,MEDIUM,0.77496,0.126759,,0
20,TRANSFER,514.46,16394.37,15879.91,18734.32,19248.78,user-2924,merchant-251,0.2,False,False,True,False,False,0,0,4,22,False,0.0,0.0,0,background-stream,2026-03-30T03:13:12.167421,MEDIUM,0.765,0.164063,,0
6,PAYMENT,3055.79,5295.93,2240.14,11538.88,14594.67,user-3475,merchant-655,0.2,False,False,True,False,False,0,0,5,33,False,0.0,0.0,0,background-stream,2026-03-30T03:13:14.390811,LOW,0.065,0.279467,,0
8,DEBIT,800.03,7012.57,6212.54,16025.75,16825.78,user-4806,merchant-217,0.25,False,False,True,False,False,0,0,2,34,False,0.0,0.0,1,background-stream,2026-03-30T03:13:16.675467,MEDIUM,0.767499,0.159535,,0
8,DEBIT,6535.27,12182.89,5647.62,10254.88,16790.15,user-8672,merchant-730,0.3,False,False,True,False,False,0,0,3,21,False,0.0,0.0,2,background-stream,2026-03-30T03:13:18.907513,MEDIUM,0.769999,0.15863,,0
13,CASH_OUT,851.15,10385.72,9534.57,11228.23,12079.38,user-8631,merchant-642,0.2,False,False,True,False,False,0,0,4,39,False,0.0,0.0,0,background-stream,2026-03-30T03:13:21.189775,MEDIUM,0.765,0.164643,,0
21,PAYMENT,5863.05,8159.65,2296.6,1311.76,7174.81,user-2482,merchant-934,0.25,False,False,True,False,False,0,0,4,22,False,0.0,0.0,1,background-stream,2026-03-30T03:13:23.456851,MEDIUM,0.7675,0.219573,,0
14,CASH_IN,3977.71,4673.63,695.92,2839.48,6817.19,user-2865,merchant-125,0.25,False,False,True,False,False,0,0,2,42,False,0.0,0.0,1,background-stream,2026-03-30T03:13:25.697885,MEDIUM,0.769456,0.145435,,0
14,TRANSFER,5531.75,14645.59,9113.84,6693.94,12225.69,user-3277,merchant-731,0.2,False,False,True,False,False,0,0,2,20,False,0.0,0.0,0,background-stream,2026-03-30T03:13:28.002670,MEDIUM,0.765,0.150634,,0
23,CASH_OUT,637.82,11118.62,10480.8,32.96,670.78,user-9097,merchant-714,0.2,False,False,True,False,False,0,0,8,38,False,0.0,0.0,0,background-stream,2026-03-30T03:13:30.353309,MEDIUM,0.765,0.186831,,0
21,DEBIT,8364.04,16395.4,8031.36,18094.02,26458.06,user-2246,merchant-930,0.25,False,False,True,False,False,0,0,6,32,False,0.0,0.0,1,background-stream,2026-03-30T03:13:32.601501,MEDIUM,0.777137,0.127513,,0
9,DEBIT,5425.46,11176.51,5751.05,5483.22,10908.68,user-2577,merchant-388,0.25,False,False,True,False,False,0,0,3,30,False,0.0,0.0,1,background-stream,2026-03-30T03:13:34.822958,MEDIUM,0.7675,0.153671,,0
20,PAYMENT,2918.12,5043.91,2125.79,10840.57,13758.69,user-3615,merchant-413,0.25,False,False,True,False,False,0,0,3,33,False,0.0,0.0,1,background-stream,2026-03-30T03:13:37.070627,MEDIUM,0.7675,0.218432,,0
4,PAYMENT,8432.34,8984.06,551.72,698.92,9131.26,user-6621,merchant-306,0.25,False,False,True,False,False,0,0,3,32,False,0.0,0.0,1,background-stream,2026-03-30T03:13:39.379248,LOW,0.0675,0.268699,,0
3,CASH_OUT,3082.63,19699.7,16617.07,19449.96,22532.59,user-3470,merchant-957,0.2,False,False,True,False,False,0,0,0,30,False,0.0,0.0,0,background-stream,2026-03-30T03:13:41.641861,LOW,0.065016,0.230212,,0
9,CASH_OUT,4535.61,5974.25,1438.64,16223.2,20758.81,user-7567,merchant-121,0.2,False,False,True,False,False,0,0,0,26,False,0.0,0.0,0,background-stream,2026-03-30T03:13:43.872066,MEDIUM,0.765,0.21193,,0
10,CASH_IN,9208.65,19411.78,10203.13,3974.0,13182.65,user-9440,merchant-868,0.2,False,False,True,False,False,0,0,2,29,False,0.0,0.0,0,background-stream,2026-03-30T03:13:46.128670,MEDIUM,0.765,0.176787,,0
20,TRANSFER,9096.51,26740.7,17644.19,2091.7,11188.21,user-4186,merchant-157,0.2,False,False,True,False,False,0,0,6,34,False,0.0,0.0,0,background-stream,2026-03-30T03:13:48.389080,MEDIUM,0.765,0.164145,,0
8,PAYMENT,5991.48,9772.65,3781.17,5812.53,11804.01,user-5605,merchant-300,0.25,False,False,True,False,False,0,0,3,46,False,0.0,0.0,1,background-stream,2026-03-30T03:13:50.735145,MEDIUM,0.7675,0.260707,,0
12,PAYMENT,7063.88,20866.76,13802.88,12034.74,19098.62,user-7055,merchant-290,0.2,False,False,True,False,False,0,0,4,30,False,0.0,0.0,0,background-stream,2026-03-30T03:13:53.019348,MEDIUM,0.765,0.219027,,0
8,DEBIT,8652.49,19286.3,10633.81,16357.25,25009.74,user-5023,merchant-260,0.25,False,False,True,False,False,0,0,2,24,False,0.0,0.0,1,background-stream,2026-03-30T03:13:55.294903,MEDIUM,0.7675,0.159487,,0
24,CASH_OUT,4555.53,5372.48,816.95,17851.33,22406.86,user-2518,merchant-738,0.25,False,False,True,False,False,0,0,5,27,False,0.0,0.0,1,background-stream,2026-03-30T03:13:57.562102,MEDIUM,0.7675,0.201571,,0
10,PAYMENT,4311.28,10865.54,6554.26,986.48,5297.76,user-9980,merchant-488,0.2,False,False,True,False,False,0,0,5,26,False,0.0,0.0,0,background-stream,2026-03-30T03:13:59.886027,MEDIUM,0.765,0.241146,,0
21,CASH_OUT,5646.34,22658.18,17011.84,1515.83,7162.17,user-6713,merchant-871,0.2,False,False,True,False,False,0,0,6,22,False,0.0,0.0,0,background-stream,2026-03-30T03:14:02.211660,MEDIUM,0.765,0.171481,,0
15,TRANSFER,5412.02,18754.13,13342.11,5969.23,11381.25,user-2813,merchant-474,0.2,False,False,True,False,False,0,0,2,33,False,0.0,0.0,0,background-stream,2026-03-30T03:14:04.452164,MEDIUM,0.765,0.150049,,0
2,TRANSFER,126.39,9250.4,9124.01,10118.84,10245.23,user-8825,merchant-311,0.2,False,False,True,False,False,0,0,6,26,False,0.0,0.0,0,background-stream,2026-03-30T03:14:06.690991,LOW,0.065,0.215663,,0
16,CASH_IN,2824.76,7356.59,4531.83,4298.21,7122.97,user-6461,merchant-777,0.25,False,False,True,False,False,0,0,3,29,False,0.0,0.0,1,background-stream,2026-03-30T03:14:08.936034,MEDIUM,0.770405,0.143222,,0
22,CASH_OUT,1033.17,4949.97,3916.8,3985.98,5019.15,user-2895,merchant-875,0.25,False,False,True,False,False,0,0,3,31,False,0.0,0.0,1,background-stream,2026-03-30T03:14:11.203213,MEDIUM,0.7675,0.17985,,0
12,DEBIT,3542.9,3745.97,203.07,299.85,3842.75,user-6086,merchant-665,0.25,False,False,True,False,False,0,0,4,48,False,0.0,0.0,1,background-stream,2026-03-30T03:14:13.604202,MEDIUM,0.77749,0.126689,,0
3,TRANSFER,7496.95,24937.13,17440.18,12624.21,20121.16,user-2811,merchant-415,0.3,False,False,True,False,False,0,0,5,33,False,0.0,0.0,2,background-stream,2026-03-30T03:14:15.866724,LOW,0.07,0.215733,,0
22,DEBIT,5552.28,10512.43,4960.15,4879.99,10432.27,user-3933,merchant-441,0.2,False,False,True,False,False,0,0,4,31,False,0.0,0.0,0,background-stream,2026-03-30T03:14:18.101432,MEDIUM,0.772952,0.131446,,0
19,PAYMENT,5986.41,14002.11,8015.7,4563.48,10549.89,user-1364,merchant-440,0.2,False,False,True,False,False,0,0,3,25,False,0.0,0.0,0,background-stream,2026-03-30T03:14:20.367416,MEDIUM,0.765,0.215194,,0
15,DEBIT,6332.43,24347.35,18014.92,5182.84,11515.27,user-6665,merchant-215,0.25,False,False,True,False,False,0,0,2,36,False,0.0,0.0,1,background-stream,2026-03-30T03:14:22.624564,MEDIUM,0.784231,0.110961,,0
11,CASH_OUT,117.83,19816.93,19699.1,19194.86,19312.69,user-5289,merchant-274,0.2,False,False,True,False,False,0,0,3,31,False,0.0,0.0,0,background-stream,2026-03-30T03:14:24.965621,MEDIUM,0.765,0.183269,,0
1,CASH_OUT,7507.86,20980.56,13472.7,9735.71,17243.57,user-8083,merchant-989,0.2,False,False,True,False,False,0,0,0,27,False,0.0,0.0,0,background-stream,2026-03-30T03:14:27.207099,LOW,0.065017,0.228807,,0
3,CASH_IN,6959.55,16513.24,9553.69,18972.65,25932.2,user-1468,merchant-519,0.25,False,False,True,False,False,0,0,4,34,False,0.0,0.0,1,background-stream,2026-03-30T03:14:29.443804,LOW,0.0675,0.212523,,0
18,CASH_IN,1329.85,4299.87,2970.02,2873.75,4203.6,user-7395,merchant-970,0.2,False,False,True,False,False,0,0,3,32,False,0.0,0.0,0,background-stream,2026-03-30T03:14:31.723791,MEDIUM,0.765,0.156458,,0
1,CASH_IN,1883.54,8059.51,6175.97,9345.8,11229.34,user-2576,merchant-348,0.25,False,False,True,False,False,0,0,2,34,False,0.0,0.0,1,background-stream,2026-03-30T03:14:33.975727,LOW,0.0675,0.211774,,0
7,CASH_IN,2090.75,7559.61,5468.86,15867.95,17958.7,user-5743,merchant-869,0.2,False,False,True,False,False,0,0,3,32,False,0.0,0.0,0,background-stream,2026-03-30T03:14:36.198610,LOW,0.065,0.217078,,0
6,TRANSFER,639.33,5654.94,5015.61,4488.32,5127.65,user-3780,merchant-704,0.25,False,False,True,False,False,0,0,2,34,False,0.0,0.0,1,background-stream,2026-03-30T03:14:38.454321,LOW,0.0675,0.230823,,0
24,CASH_IN,4558.16,10452.15,5893.99,1898.93,6457.09,user-9465,merchant-258,0.2,False,False,True,False,False,0,0,4,32,False,0.0,0.0,0,background-stream,2026-03-30T03:14:40.691105,MEDIUM,0.765,0.184349,,0
6,PAYMENT,2994.1,11877.0,8882.9,2795.22,5789.32,user-8657,merchant-232,0.25,False,False,True,False,False,0,0,2,35,False,0.0,0.0,1,background-stream,2026-03-30T03:14:42.931246,LOW,0.0675,0.280171,,0
16,PAYMENT,4880.45,23635.49,18755.04,18575.72,23456.17,user-1325,merchant-799,0.3,False,False,True,False,False,0,0,4,25,False,0.0,0.0,2,background-stream,2026-03-30T03:14:45.202639,MEDIUM,0.77,0.20739,,0
14,CASH_OUT,9419.43,14076.47,4657.04,3393.94,12813.37,user-8439,merchant-429,0.2,False,False,True,False,False,0,0,3,28,False,0.0,0.0,0,background-stream,2026-03-30T03:14:47.520961,MEDIUM,0.765,0.158891,,0
19,TRANSFER,422.71,7003.48,6580.77,1685.31,2108.02,user-7585,merchant-246,0.2,False,False,True,False,False,0,0,3,25,False,0.0,0.0,0,background-stream,2026-03-30T03:14:49.762496,MEDIUM,0.765,0.163487,,0
16,CASH_OUT,8793.46,23347.08,14553.62,13578.73,22372.19,user-1113,merchant-659,0.25,False,False,True,False,False,0,0,4,24,False,0.0,0.0,1,background-stream,2026-03-30T03:14:52.025664,MEDIUM,0.7675,0.156273,,0
19,PAYMENT,56.44,5378.04,5321.6,18382.15,18438.59,user-1388,merchant-806,0.2,False,False,True,False,False,0,0,6,29,False,0.0,0.0,0,background-stream,2026-03-30T03:14:54.301867,MEDIUM,0.765,0.21337,,0
22,PAYMENT,7216.67,16683.13,9466.46,3926.51,11143.18,user-8721,merchant-516,0.2,False,False,True,False,False,0,0,1,38,False,0.0,0.0,0,background-stream,2026-03-30T03:14:56.558060,MEDIUM,0.765,0.222157,,0
14,DEBIT,517.29,8926.87,8409.58,19021.2,19538.49,user-3818,merchant-216,0.2,False,False,True,False,False,0,0,6,27,False,0.0,0.0,0,background-stream,2026-03-30T03:14:58.863373,MEDIUM,0.78231,0.109608,,0
15,CASH_IN,3249.01,10421.12,7172.11,16776.51,20025.52,user-2577,merchant-145,0.2,False,False,True,False,False,0,0,4,34,False,0.0,0.0,0,background-stream,2026-03-30T03:15:01.104733,MEDIUM,0.767972,0.143064,,0
7,PAYMENT,5774.47,8437.66,2663.19,3332.18,9106.65,user-6478,merchant-672,0.2,False,False,True,False,False,0,0,4,23,False,0.0,0.0,0,background-stream,2026-03-30T03:15:03.358739,LOW,0.065,0.281139,,0
9,CASH_IN,7524.78,27422.3,19897.52,1236.43,8761.21,user-7783,merchant-332,0.2,False,False,True,False,False,0,0,1,38,False,0.0,0.0,0,background-stream,2026-03-30T03:15:05.570725,MEDIUM,0.764999,0.188262,,0
23,CASH_IN,9900.94,11223.4,1322.46,6286.11,16187.05,user-3474,merchant-526,0.2,False,False,True,False,False,0,0,4,30,False,0.0,0.0,0,background-stream,2026-03-30T03:15:07.830182,MEDIUM,0.765,0.173627,,0
11,DEBIT,1369.58,14648.69,13279.11,4479.65,5849.23,user-9266,merchant-281,0.2,False,False,True,False,False,0,0,2,26,False,0.0,0.0,0,background-stream,2026-03-30T03:15:10.110355,MEDIUM,0.770911,0.136208,,0
21,DEBIT,1556.1,9185.18,7629.08,7741.41,9297.51,user-2019,merchant-791,0.2,False,False,True,False,False,0,0,3,27,False,0.0,0.0,0,background-stream,2026-03-30T03:15:12.366064,MEDIUM,0.774218,0.128489,,0
2,TRANSFER,5924.91,24171.93,18247.02,18226.98,24151.89,user-9855,merchant-242,0.25,False,False,True,False,False,0,0,3,33,False,0.0,0.0,1,background-stream,2026-03-30T03:15:14.642279,LOW,0.0675,0.210137,,0
17,TRANSFER,2587.87,17581.05,14993.18,14711.33,17299.2,user-6431,merchant-357,0.2,False,False,True,False,False,0,0,5,31,False,0.0,0.0,0,background-stream,2026-03-30T03:15:16.915843,MEDIUM,0.765,0.161146,,0
19,CASH_OUT,5456.06,11617.79,6161.73,10966.62,16422.68,user-2634,merchant-367,0.2,False,False,True,False,False,0,0,4,28,False,0.0,0.0,0,background-stream,2026-03-30T03:15:19.157228,MEDIUM,0.765,0.172594,,0
21,DEBIT,9479.99,26157.73,16677.74,17263.84,26743.83,user-7888,merchant-382,0.2,False,False,True,False,False,0,0,1,37,False,0.0,0.0,0,background-stream,2026-03-30T03:15:21.523178,MEDIUM,0.774597,0.127605,,0
5,DEBIT,9618.63,11391.87,1773.24,3981.58,13600.21,user-1410,merchant-348,0.25,False,False,True,False,False,0,0,5,35,False,0.0,0.0,1,background-stream,2026-03-30T03:15:23.777204,LOW,0.0675,0.177874,,0
24,CASH_OUT,3074.17,21222.06,18147.89,9840.74,12914.91,user-5034,merchant-720,0.2,False,False,True,False,False,0,0,7,32,False,0.0,0.0,0,background-stream,2026-03-30T03:15:26.025131,MEDIUM,0.765,0.195844,,0
20,CASH_OUT,5163.65,14610.64,9446.99,5344.94,10508.59,user-2729,merchant-262,0.2,False,False,True,False,False,0,0,3,25,False,0.0,0.0,0,background-stream,2026-03-30T03:15:28.263622,MEDIUM,0.765,0.169687,,0
9,DEBIT,2444.27,4165.8,1721.53,9487.76,11932.03,user-4466,merchant-684,0.2,False,False,True,False,False,0,0,4,26,False,0.0,0.0,0,background-stream,2026-03-30T03:15:30.589331,MEDIUM,0.765,0.154775,,0
15,DEBIT,9343.88,20558.43,11214.55,3333.73,12677.61,user-8496,merchant-909,0.25,False,False,True,False,False,0,0,3,27,False,0.0,0.0,1,background-stream,2026-03-30T03:15:32.879819,MEDIUM,0.784381,0.110609,,0
17,CASH_IN,2099.78,15078.08,12978.3,4166.7,6266.48,user-2699,merchant-629,0.2,False,False,True,False,False,0,0,9,25,False,0.0,0.0,0,background-stream,2026-03-30T03:15:35.060437,MEDIUM,0.765,0.154085,,0
5,DEBIT,4717.3,16696.7,11979.4,8561.73,13279.03,user-3042,merchant-239,0.25,False,False,True,False,False,0,0,2,28,False,0.0,0.0,1,background-stream,2026-03-30T03:15:37.309159,LOW,0.0675,0.179297,,0
24,TRANSFER,9173.37,24319.94,15146.57,18518.49,27691.86,user-9088,merchant-795,0.25,False,False,True,False,False,0,0,3,36,False,0.0,0.0,1,background-stream,2026-03-30T03:15:39.582500,MEDIUM,0.7675,0.188313,,0
15,DEBIT,3057.82,18027.6,14969.78,15189.65,18247.47,user-9081,merchant-940,0.2,False,False,True,False,False,0,0,2,27,False,0.0,0.0,0,background-stream,2026-03-30T03:15:41.841823,MEDIUM,0.781526,0.111439,,0
24,CASH_OUT,2567.18,3591.88,1024.7,12474.75,15041.93,user-8813,merchant-167,0.2,False,False,True,False,False,0,0,0,23,False,0.0,0.0,0,background-stream,2026-03-30T03:15:44.140024,MEDIUM,0.765,0.200994,,0
10,TRANSFER,8948.85,20711.82,11762.97,2362.75,11311.6,user-2670,merchant-547,0.2,False,False,True,False,False,0,0,6,23,False,0.0,0.0,0,background-stream,2026-03-30T03:15:46.423612,MEDIUM,0.765,0.183789,,0
5,PAYMENT,9348.91,17806.98,8458.07,16419.36,25768.27,user-8424,merchant-837,0.2,False,False,True,False,False,0,0,2,29,False,0.0,0.0,0,background-stream,2026-03-30T03:15:48.678023,LOW,0.065,0.27346,,0
8,TRANSFER,725.61,19772.77,19047.16,19161.24,19886.85,user-8011,merchant-263,0.25,False,False,True,False,False,0,0,4,28,False,0.0,0.0,1,background-stream,2026-03-30T03:15:50.925409,MEDIUM,0.7675,0.200851,,0
17,TRANSFER,9101.4,28627.33,19525.93,16829.39,25930.79,user-7283,merchant-284,0.2,False,False,True,False,False,0,0,3,21,False,0.0,0.0,0,background-stream,2026-03-30T03:15:53.204750,MEDIUM,0.765,0.159092,,0
9,TRANSFER,848.84,3661.66,2812.82,5259.08,6107.92,user-8626,merchant-539,0.2,False,False,True,False,False,0,0,3,35,False,0.0,0.0,0,background-stream,2026-03-30T03:15:55.639287,MEDIUM,0.764999,0.201517,,0
22,TRANSFER,3628.62,9737.81,6109.19,6808.98,10437.6,user-8028,merchant-382,0.2,False,False,True,False,False,0,0,1,38,False,0.0,0.0,0,background-stream,2026-03-30T03:15:57.913310,MEDIUM,0.765,0.172326,,0
3,DEBIT,8657.05,17578.0,8920.95,11467.34,20124.39,user-1483,merchant-569,0.2,False,False,True,False,False,0,0,5,34,False,0.0,0.0,0,background-stream,2026-03-30T03:16:00.158775,LOW,0.065,0.182281,,0
21,CASH_OUT,4022.24,17988.42,13966.18,255.15,4277.39,user-4682,merchant-637,0.2,False,False,True,False,False,0,0,0,25,False,0.0,0.0,0,background-stream,2026-03-30T03:16:02.418527,MEDIUM,0.765,0.172268,,0
14,PAYMENT,8086.44,22256.55,14170.11,11296.95,19383.39,user-8475,merchant-708,0.2,False,False,True,False,False,0,0,5,30,False,0.0,0.0,0,background-stream,2026-03-30T03:16:04.642780,MEDIUM,0.765,0.206193,,0
10,CASH_OUT,8240.96,25258.19,17017.23,15712.89,23953.85,user-1390,merchant-155,0.2,False,False,True,False,False,0,0,3,29,False,0.0,0.0,0,background-stream,2026-03-30T03:16:06.991979,MEDIUM,0.765,0.193545,,0
23,PAYMENT,3959.1,3980.99,21.89,18703.17,22662.27,user-3474,merchant-995,0.2,False,False,True,False,False,0,0,5,24,False,0.0,0.0,0,background-stream,2026-03-30T03:16:09.247713,MEDIUM,0.765,0.233948,,0
21,CASH_OUT,6068.19,6279.2,211.01,16290.87,22359.06,user-9127,merchant-574,0.2,False,False,True,False,False,0,0,3,25,False,0.0,0.0,0,background-stream,2026-03-30T03:16:11.532254,MEDIUM,0.765,0.177559,,0
13,CASH_IN,90.12,5205.25,5115.13,18759.88,18850.0,user-5069,merchant-654,0.25,False,False,True,False,False,0,0,3,30,False,0.0,0.0,1,background-stream,2026-03-30T03:16:13.754217,MEDIUM,0.7675,0.150051,,0
15,DEBIT,3775.14,23546.95,19771.81,7167.71,10942.85,user-7759,merchant-351,0.2,False,False,True,False,False,0,0,2,32,False,0.0,0.0,0,background-stream,2026-03-30T03:16:15.990874,MEDIUM,0.781586,0.111299,,0
20,CASH_IN,960.92,11363.72,10402.8,18264.31,19225.23,user-8979,merchant-773,0.2,False,False,True,False,False,0,0,1,36,False,0.0,0.0,0,background-stream,2026-03-30T03:16:18.314064,MEDIUM,0.765,0.161933,,0
24,DEBIT,8829.15,25309.1,16479.95,10534.28,19363.43,user-1053,merchant-446,0.2,False,False,True,False,False,0,0,9,40,False,0.0,0.0,0,background-stream,2026-03-30T03:16:20.584636,MEDIUM,0.765,0.154144,,0
17,DEBIT,645.18,10784.69,10139.51,4727.39,5372.57,user-6088,merchant-144,0.25,False,False,True,False,False,0,0,1,32,False,0.0,0.0,1,background-stream,2026-03-30T03:16:22.830413,MEDIUM,0.780495,0.119678,,0
20,DEBIT,285.44,2399.25,2113.81,17389.4,17674.84,user-9313,merchant-455,0.2,False,False,True,False,False,0,0,4,37,False,0.0,0.0,0,background-stream,2026-03-30T03:16:25.073842,MEDIUM,0.774649,0.127485,,0
11,DEBIT,223.59,13592.33,13368.74,12398.11,12621.7,user-4137,merchant-825,0.2,False,False,True,False,False,0,0,7,31,False,0.0,0.0,0,background-stream,2026-03-30T03:16:27.354482,MEDIUM,0.771451,0.134948,,0
19,PAYMENT,517.48,13339.16,12821.68,2066.76,2584.24,user-3774,merchant-118,0.2,False,False,True,False,False,0,0,1,29,False,0.0,0.0,0,background-stream,2026-03-30T03:16:29.617573,MEDIUM,0.765,0.213366,,0
13,DEBIT,3349.9,9498.91,6149.01,7302.02,10651.92,user-6196,merchant-457,0.2,False,False,True,False,False,0,0,4,37,False,0.0,0.0,0,background-stream,2026-03-30T03:16:31.876977,MEDIUM,0.779327,0.116569,,0
21,CASH_IN,4891.11,5978.95,1087.84,9865.0,14756.11,user-7182,merchant-865,0.2,False,False,True,False,False,0,0,2,23,False,0.0,0.0,0,background-stream,2026-03-30T03:16:34.151438,MEDIUM,0.765,0.161981,,0
20,DEBIT,2564.7,14185.54,11620.84,15217.79,17782.49,user-8783,merchant-173,0.25,False,False,True,False,False,0,0,3,23,False,0.0,0.0,1,background-stream,2026-03-30T03:16:36.468749,MEDIUM,0.776294,0.12948,,0
4,CASH_OUT,482.97,4937.91,4454.94,17501.48,17984.45,user-2943,merchant-446,0.2,False,False,True,False,False,0,0,3,41,False,0.0,0.0,0,background-stream,2026-03-30T03:16:38.748596,LOW,0.065195,0.233433,,0
12,PAYMENT,9883.05,15835.48,5952.43,15972.87,25855.92,user-4664,merchant-287,0.2,False,False,True,False,False,0,0,2,31,False,0.0,0.0,0,background-stream,2026-03-30T03:16:41.059071,MEDIUM,0.765,0.217421,,0
4,TRANSFER,5346.26,18451.45,13105.19,13328.73,18674.99,user-1625,merchant-483,0.25,False,False,True,False,False,0,0,2,35,False,0.0,0.0,1,background-stream,2026-03-30T03:16:43.289214,LOW,0.067501,0.218927,,0
2,DEBIT,2307.62,5661.17,3353.55,12967.89,15275.51,user-7968,merchant-800,0.2,False,False,True,False,False,0,0,4,30,False,0.0,0.0,0,background-stream,2026-03-30T03:16:45.554389,LOW,0.065,0.189565,,0
23,CASH_IN,3179.67,6138.69,2959.02,12739.65,15919.32,user-3556,merchant-495,0.2,False,False,True,False,False,0,0,4,22,False,0.0,0.0,0,background-stream,2026-03-30T03:16:47.839408,MEDIUM,0.765,0.173451,,0
24,DEBIT,3501.52,7149.35,3647.83,12494.71,15996.23,user-9981,merchant-308,0.25,False,False,True,False,False,0,0,2,33,False,0.0,0.0,1,background-stream,2026-03-30T03:16:50.095163,MEDIUM,0.7675,0.154467,,0
9,DEBIT,6651.33,9620.43,2969.1,15435.28,22086.61,user-5606,merchant-437,0.2,False,False,True,False,False,0,0,3,21,False,0.0,0.0,0,background-stream,2026-03-30T03:16:52.475730,MEDIUM,0.765,0.152534,,0
1,CASH_IN,4409.39,21142.02,16732.63,17381.98,21791.37,user-1012,merchant-831,0.2,False,False,True,False,False,0,0,0,27,False,0.0,0.0,0,background-stream,2026-03-30T03:16:54.859919,LOW,0.065,0.211774,,0
14,CASH_IN,226.06,18719.89,18493.83,6094.36,6320.42,user-4958,merchant-763,0.2,False,False,True,False,False,0,0,3,32,False,0.0,0.0,0,background-stream,2026-03-30T03:16:57.092225,MEDIUM,0.766908,0.145547,,0
6,CASH_IN,9122.92,16118.31,6995.39,3732.53,12855.45,user-4121,merchant-683,0.2,False,False,True,False,False,0,0,2,35,False,0.0,0.0,0,background-stream,2026-03-30T03:16:59.362803,LOW,0.065,0.216674,,0
2,CASH_OUT,7008.91,26706.52,19697.61,7048.5,14057.41,user-2082,merchant-437,0.2,False,False,True,False,False,0,0,1,22,False,0.0,0.0,0,background-stream,2026-03-30T03:17:01.636418,LOW,0.065015,0.223507,,0
10,DEBIT,4129.56,23417.08,19287.52,13750.09,17879.65,user-3448,merchant-981,0.2,False,False,True,False,False,0,0,4,23,False,0.0,0.0,0,background-stream,2026-03-30T03:17:03.933582,MEDIUM,0.767301,0.14463,,0
4,DEBIT,9040.64,18396.71,9356.07,18191.48,27232.12,user-3551,merchant-446,0.2,False,False,True,False,False,0,0,3,42,False,0.0,0.0,0,background-stream,2026-03-30T03:17:06.132604,LOW,0.065,0.179151,,0
17,CASH_IN,4545.72,16664.4,12118.68,11835.85,16381.57,user-3621,merchant-961,0.3,False,False,True,False,False,0,0,1,29,False,0.0,0.0,2,background-stream,2026-03-30T03:17:08.397099,MEDIUM,0.77,0.154085,,0
8,CASH_IN,5278.06,7674.77,2396.71,9166.72,14444.78,user-3795,merchant-586,0.2,False,False,True,False,False,0,0,2,22,False,0.0,0.0,0,background-stream,2026-03-30T03:17:10.650481,MEDIUM,0.765,0.198419,,0
14,DEBIT,7108.61,14263.07,7154.46,4086.96,11195.57,user-7649,merchant-787,0.2,False,False,True,False,False,0,0,0,27,False,0.0,0.0,0,background-stream,2026-03-30T03:17:12.916617,MEDIUM,0.782221,0.109816,,0
3,PAYMENT,2153.52,17305.54,15152.02,18311.06,20464.58,user-9380,merchant-842,0.2,False,False,True,False,False,0,0,3,33,False,0.0,0.0,0,background-stream,2026-03-30T03:17:15.249811,LOW,0.065,0.266326,,0
9,CASH_IN,1757.42,7799.2,6041.78,6184.14,7941.56,user-2754,merchant-578,0.2,False,False,True,False,False,0,0,2,26,False,0.0,0.0,0,background-stream,2026-03-30T03:17:17.512003,MEDIUM,0.765,0.188244,,0
24,TRANSFER,3598.02,18243.92,14645.9,17124.77,20722.79,user-7205,merchant-991,0.25,False,False,True,False,False,0,0,1,31,False,0.0,0.0,1,background-stream,2026-03-30T03:17:19.739530,MEDIUM,0.7675,0.188313,,0
18,CASH_OUT,247.28,8861.8,8614.52,11765.57,12012.85,user-1206,merchant-327,0.2,False,False,True,False,False,0,0,4,26,False,0.0,0.0,0,background-stream,2026-03-30T03:17:21.968829,MEDIUM,0.765,0.170616,,0
12,CASH_OUT,2687.73,14491.34,11803.61,13974.14,16661.87,user-5014,merchant-737,0.25,False,False,True,False,False,0,0,4,27,False,0.0,0.0,1,background-stream,2026-03-30T03:17:24.225297,MEDIUM,0.7675,0.171807,,0
10,CASH_IN,1487.05,20923.02,19435.97,11864.83,13351.88,user-7923,merchant-251,0.2,False,False,True,False,False,0,0,1,23,False,0.0,0.0,0,background-stream,2026-03-30T03:17:26.583625,MEDIUM,0.764999,0.176612,,0
3,TRANSFER,6388.61,22729.85,16341.24,18550.44,24939.05,user-9417,merchant-582,0.2,False,False,True,False,False,0,0,4,29,False,0.0,0.0,0,background-stream,2026-03-30T03:17:28.844243,LOW,0.065,0.215742,,0
8,CASH_IN,3638.32,11787.0,8148.68,19571.15,23209.47,user-6298,merchant-879,0.25,False,False,True,False,False,0,0,6,29,False,0.0,0.0,1,background-stream,2026-03-30T03:17:31.093151,MEDIUM,0.767499,0.198563,,0
14,DEBIT,1586.85,11946.84,10359.99,8109.59,9696.44,user-2201,merchant-179,0.2,False,False,True,False,False,0,0,1,29,False,0.0,0.0,0,background-stream,2026-03-30T03:17:33.340895,MEDIUM,0.781692,0.111051,,0
4,CASH_OUT,3728.69,13908.01,10179.32,17177.01,20905.7,user-8462,merchant-546,0.35,False,False,True,False,False,0,0,4,39,False,0.0,0.0,3,background-stream,2026-03-30T03:17:35.573110,LOW,0.072519,0.231813,,0
22,DEBIT,717.66,11852.97,11135.31,17377.1,18094.76,user-8034,merchant-766,0.2,False,False,True,False,False,0,0,0,33,False,0.0,0.0,0,background-stream,2026-03-30T03:17:37.961991,MEDIUM,0.772846,0.131692,,0
22,PAYMENT,1783.21,19383.18,17599.97,2212.62,3995.83,user-9585,merchant-856,0.2,False,False,True,False,False,0,0,3,32,False,0.0,0.0,0,background-stream,2026-03-30T03:17:40.219970,MEDIUM,0.765,0.222259,,0
7,CASH_IN,3080.9,5474.33,2393.43,13829.36,16910.26,user-4768,merchant-404,0.25,False,False,True,False,False,0,0,7,25,False,0.0,0.0,1,background-stream,2026-03-30T03:17:42.478832,LOW,0.0675,0.217078,,0
4,TRANSFER,5178.63,8899.3,3720.67,956.49,6135.12,user-2939,merchant-842,0.2,False,False,True,False,False,0,0,1,34,False,0.0,0.0,0,background-stream,2026-03-30T03:17:44.723049,LOW,0.065,0.221892,,0
13,CASH_OUT,664.88,2779.28,2114.4,17248.1,17912.98,user-2284,merchant-572,0.2,False,False,True,False,False,0,0,3,25,False,0.0,0.0,0,background-stream,2026-03-30T03:17:47.000590,MEDIUM,0.765,0.170476,,0
12,DEBIT,3130.51,14034.44,10903.93,19580.75,22711.26,user-1986,merchant-905,0.2,False,False,True,False,False,0,0,2,25,False,0.0,0.0,0,background-stream,2026-03-30T03:17:49.295972,MEDIUM,0.775101,0.126431,,0
7,CASH_OUT,8737.0,8801.77,64.77,6621.4,15358.4,user-7279,merchant-232,0.25,False,False,True,False,False,0,0,1,36,False,0.0,0.0,1,background-stream,2026-03-30T03:17:51.548943,LOW,0.171742,0.24224,,0
8,DEBIT,3006.49,5361.53,2355.04,2261.84,5268.33,user-8853,merchant-453,0.2,False,False,True,False,False,0,0,1,29,False,0.0,0.0,0,background-stream,2026-03-30T03:17:53.796292,MEDIUM,0.765,0.160861,,0
3,CASH_IN,8209.57,18683.85,10474.28,18206.71,26416.28,user-1436,merchant-879,0.25,False,False,True,False,False,0,0,2,30,False,0.0,0.0,1,background-stream,2026-03-30T03:17:56.073307,LOW,0.0675,0.212523,,0
24,PAYMENT,8625.25,18716.72,10091.47,12439.92,21065.17,user-9207,merchant-815,0.25,False,False,True,False,False,0,0,5,32,False,0.0,0.0,1,background-stream,2026-03-30T03:17:58.369333,MEDIUM,0.7675,0.241167,,0
22,PAYMENT,8033.37,15645.47,7612.1,17868.67,25902.04,user-6497,merchant-125,0.25,False,False,True,False,False,0,0,1,43,False,0.0,0.0,1,background-stream,2026-03-30T03:18:00.680449,MEDIUM,0.7675,0.220437,,0
3,PAYMENT,3483.27,21579.26,18095.99,15751.08,19234.35,user-5305,merchant-535,0.2,False,False,True,False,False,0,0,3,27,False,0.0,0.0,0,background-stream,2026-03-30T03:18:02.918015,LOW,0.065,0.2667,,0
19,PAYMENT,8969.44,14034.67,5065.23,11023.86,19993.3,user-3176,merchant-951,0.2,False,False,True,False,False,0,0,6,30,False,0.0,0.0,0,background-stream,2026-03-30T03:18:05.104353,MEDIUM,0.765,0.213982,,0
13,PAYMENT,5246.2,25208.23,19962.03,16472.87,21719.07,user-5595,merchant-107,0.2,False,False,True,False,False,0,0,1,38,False,0.0,0.0,0,background-stream,2026-03-30T03:18:07.341398,MEDIUM,0.765,0.21159,,0
9,TRANSFER,3743.93,22702.86,18958.93,3251.17,6995.1,user-8613,merchant-601,0.2,False,False,True,False,False,0,0,2,23,False,0.0,0.0,0,background-stream,2026-03-30T03:18:09.598390,MEDIUM,0.765,0.194214,,0
6,CASH_OUT,6291.61,13716.1,7424.49,11820.81,18112.42,user-6060,merchant-243,0.2,False,False,True,False,False,0,0,1,30,False,0.0,0.0,0,background-stream,2026-03-30T03:18:11.931563,LOW,0.065011,0.239251,,0
5,DEBIT,807.73,1110.45,302.72,19645.84,20453.57,user-7753,merchant-824,0.25,False,False,True,False,False,0,0,6,29,False,0.0,0.0,1,background-stream,2026-03-30T03:18:14.181693,LOW,0.0675,0.178393,,0
3,PAYMENT,128.7,7751.53,7622.83,18374.13,18502.83,user-4657,merchant-596,0.25,False,False,True,False,False,0,0,3,29,False,0.0,0.0,1,background-stream,2026-03-30T03:18:16.428884,LOW,0.0675,0.267047,,0
12,DEBIT,8158.73,25305.06,17146.33,5982.53,14141.26,user-1721,merchant-686,0.2,False,False,True,False,False,0,0,1,27,False,0.0,0.0,0,background-stream,2026-03-30T03:18:18.676797,MEDIUM,0.775255,0.12607,,0
6,TRANSFER,4303.22,8717.4,4414.18,15998.05,20301.27,user-7320,merchant-892,0.3,False,False,True,False,False,0,0,1,30,False,0.0,0.0,2,background-stream,2026-03-30T03:18:20.912420,LOW,0.07,0.230786,,0
22,DEBIT,7222.92,7403.91,180.99,9788.25,17011.17,user-3609,merchant-769,0.2,False,False,True,False,False,0,0,5,33,False,0.0,0.0,0,background-stream,2026-03-30T03:18:23.260050,MEDIUM,0.773115,0.131063,,0
13,CASH_IN,2814.66,6386.77,3572.11,7628.84,10443.5,user-4751,merchant-683,0.2,False,False,True,False,False,0,0,2,36,False,0.0,0.0,0,background-stream,2026-03-30T03:18:25.496935,MEDIUM,0.765,0.150051,,0
24,TRANSFER,7956.33,14790.96,6834.63,1529.53,9485.86,user-2451,merchant-655,0.2,False,False,True,False,False,0,0,2,34,False,0.0,0.0,0,background-stream,2026-03-30T03:18:27.771742,MEDIUM,0.765,0.192321,,0
15,TRANSFER,2248.49,15599.96,13351.47,10235.46,12483.95,user-4825,merchant-172,0.25,False,False,True,False,False,0,0,4,30,False,0.0,0.0,1,background-stream,2026-03-30T03:18:30.043930,MEDIUM,0.7675,0.150049,,0
24,CASH_OUT,131.04,12548.14,12417.1,12610.69,12741.73,user-6510,merchant-453,0.2,False,False,True,False,False,0,0,1,30,False,0.0,0.0,0,background-stream,2026-03-30T03:18:32.332302,MEDIUM,0.765,0.196243,,0
5,CASH_OUT,5213.94,21075.36,15861.42,6575.05,11788.99,user-1132,merchant-809,0.2,False,False,True,False,False,0,0,3,29,False,0.0,0.0,0,background-stream,2026-03-30T03:18:34.624034,LOW,0.065014,0.234838,,0
20,CASH_OUT,367.88,6926.47,6558.59,6208.27,6576.15,user-3877,merchant-344,0.2,False,False,True,False,False,0,0,2,38,False,0.0,0.0,0,background-stream,2026-03-30T03:18:36.854528,MEDIUM,0.765,0.170861,,0
10,DEBIT,3045.0,19844.96,16799.96,8861.09,11906.09,user-2256,merchant-921,0.2,False,False,True,False,False,0,0,2,38,False,0.0,0.0,0,background-stream,2026-03-30T03:18:39.086605,MEDIUM,0.766751,0.145913,,0
20,PAYMENT,4888.09,9813.38,4925.29,16449.89,21337.98,user-1159,merchant-603,0.2,False,False,True,False,False,0,0,6,34,False,0.0,0.0,0,background-stream,2026-03-30T03:18:41.348055,MEDIUM,0.765,0.218018,,0
24,PAYMENT,2470.46,8887.54,6417.08,1241.93,3712.39,user-8509,merchant-150,0.2,False,False,True,False,False,0,0,3,20,False,0.0,0.0,0,background-stream,2026-03-30T03:18:43.582843,MEDIUM,0.765,0.243663,,0
9,CASH_OUT,3895.34,10795.15,6899.81,8332.62,12227.96,user-9735,merchant-759,0.2,False,False,True,False,False,0,0,4,32,False,0.0,0.0,0,background-stream,2026-03-30T03:18:45.882191,MEDIUM,0.764999,0.20738,,0
21,PAYMENT,1487.91,20061.33,18573.42,12613.59,14101.5,user-4564,merchant-292,0.2,False,False,True,False,False,0,0,1,30,False,0.0,0.0,0,background-stream,2026-03-30T03:18:48.134973,MEDIUM,0.765,0.218785,,0
7,PAYMENT,37.01,4947.11,4910.1,12586.23,12623.24,user-6380,merchant-357,0.2,False,False,True,False,False,0,0,3,32,False,0.0,0.0,0,background-stream,2026-03-30T03:18:50.398058,LOW,0.065,0.276228,,0
8,CASH_OUT,7300.4,8723.83,1423.43,18552.31,25852.71,user-3459,merchant-160,0.2,False,False,True,False,False,0,0,2,32,False,0.0,0.0,0,background-stream,2026-03-30T03:18:52.687812,MEDIUM,0.765,0.221432,,0
8,CASH_IN,1461.57,15465.87,14004.3,11049.55,12511.12,user-9051,merchant-733,0.2,False,False,True,False,False,0,0,4,28,False,0.0,0.0,0,background-stream,2026-03-30T03:18:54.971878,MEDIUM,0.765,0.198087,,0
13,CASH_IN,8081.38,25402.58,17321.2,18427.87,26509.25,user-9354,merchant-659,0.25,False,False,True,False,False,0,0,2,25,False,0.0,0.0,1,background-stream,2026-03-30T03:18:57.392269,MEDIUM,0.767517,0.14996,,0
23,CASH_OUT,4716.87,24146.96,19430.09,2822.78,7539.65,user-8493,merchant-158,0.2,False,False,True,False,False,0,0,6,33,False,0.0,0.0,0,background-stream,2026-03-30T03:18:59.633814,MEDIUM,0.765,0.185695,,0
13,TRANSFER,4947.03,14756.86,9809.83,18891.84,23838.87,user-1677,merchant-918,0.2,False,False,True,False,False,0,0,4,25,False,0.0,0.0,0,background-stream,2026-03-30T03:19:01.878883,MEDIUM,0.765,0.150662,,0
16,PAYMENT,3496.76,7670.06,4173.3,11567.68,15064.44,user-8549,merchant-115,0.2,False,False,True,False,False,0,0,2,27,False,0.0,0.0,0,background-stream,2026-03-30T03:19:04.087318,MEDIUM,0.765,0.206654,,0
16,CASH_IN,1876.75,9476.95,7600.2,13531.73,15408.48,user-6280,merchant-101,0.2,False,False,True,False,False,0,0,6,32,False,0.0,0.0,0,background-stream,2026-03-30T03:19:06.358253,MEDIUM,0.767905,0.143222,,0
22,CASH_IN,8687.54,14803.36,6115.82,101.93,8789.47,user-1094,merchant-272,0.2,False,False,True,False,False,0,0,6,33,False,0.0,0.0,0,background-stream,2026-03-30T03:19:08.710719,MEDIUM,0.765,0.166919,,0
13,DEBIT,401.9,6176.08,5774.18,2115.01,2516.91,user-4276,merchant-420,0.2,False,False,True,False,False,0,0,4,24,False,0.0,0.0,0,background-stream,2026-03-30T03:19:10.949991,MEDIUM,0.779584,0.11597,,0
24,CASH_IN,9703.2,29247.28,19544.08,8103.67,17806.87,user-1204,merchant-877,0.25,False,False,True,False,False,0,0,2,24,False,0.0,0.0,1,background-stream,2026-03-30T03:19:13.179398,MEDIUM,0.7675,0.184161,,0
7,PAYMENT,5899.77,5966.32,66.55,17227.71,23127.48,user-5985,merchant-509,0.25,False,False,True,False,False,0,0,2,31,False,0.0,0.0,1,background-stream,2026-03-30T03:19:15.435465,LOW,0.0675,0.280631,,0
16,PAYMENT,9262.36,21762.13,12499.77,12724.69,21987.05,user-3430,merchant-284,0.2,False,False,True,False,False,0,0,4,22,False,0.0,0.0,0,background-stream,2026-03-30T03:19:17.766615,MEDIUM,0.765,0.203997,,0
9,DEBIT,1560.67,16586.68,15026.01,6001.68,7562.35,user-1374,merchant-703,0.2,False,False,True,False,False,0,0,7,30,False,0.0,0.0,0,background-stream,2026-03-30T03:19:20.170883,MEDIUM,0.765,0.154862,,0
11,TRANSFER,771.5,16465.76,15694.26,13317.75,14089.25,user-1958,merchant-903,0.2,False,False,True,False,False,0,0,3,31,False,0.0,0.0,0,background-stream,2026-03-30T03:19:22.425574,MEDIUM,0.765,0.16989,,0
8,DEBIT,2202.53,2787.05,584.52,10472.26,12674.79,user-1850,merchant-680,0.25,False,False,True,False,False,0,0,2,33,False,0.0,0.0,1,background-stream,2026-03-30T03:19:24.674127,MEDIUM,0.7675,0.16041,,0
22,TRANSFER,1389.11,15741.96,14352.85,15118.5,16507.61,user-6127,merchant-203,0.2,False,False,True,False,False,0,0,1,34,False,0.0,0.0,0,background-stream,2026-03-30T03:19:26.912043,MEDIUM,0.765,0.168693,,0
14,TRANSFER,1092.81,2453.36,1360.55,14060.18,15152.99,user-4200,merchant-529,0.25,False,False,True,False,False,0,0,3,30,False,0.0,0.0,1,background-stream,2026-03-30T03:19:29.167501,MEDIUM,0.7675,0.154411,,0
6,CASH_OUT,2902.85,10174.56,7271.71,15404.38,18307.23,user-8896,merchant-486,0.2,False,False,True,False,False,0,0,8,38,False,0.0,0.0,0,background-stream,2026-03-30T03:19:31.562083,LOW,0.065001,0.239994,,0
22,PAYMENT,4812.01,8293.86,3481.85,15093.68,19905.69,user-8640,merchant-352,0.2,False,False,True,False,False,0,0,6,39,False,0.0,0.0,0,background-stream,2026-03-30T03:19:33.820634,MEDIUM,0.765,0.22274,,0
17,PAYMENT,7776.62,7961.55,184.93,15812.25,23588.87,user-9051,merchant-498,0.2,False,False,True,False,False,0,0,5,29,False,0.0,0.0,0,background-stream,2026-03-30T03:19:36.076593,MEDIUM,0.765,0.213743,,0
16,PAYMENT,5247.29,24097.64,18850.35,16740.47,21987.76,user-1864,merchant-783,0.25,False,False,True,False,False,0,0,3,32,False,0.0,0.0,1,background-stream,2026-03-30T03:19:38.343364,MEDIUM,0.7675,0.20739,,0
1,DEBIT,6543.03,23572.22,17029.19,15994.55,22537.58,user-6938,merchant-873,0.2,False,False,True,False,False,0,0,4,36,False,0.0,0.0,0,background-stream,2026-03-30T03:19:40.571509,LOW,0.065,0.189399,,0
10,CASH_IN,3783.78,7304.53,3520.75,2365.53,6149.31,user-2358,merchant-971,0.2,False,False,True,False,False,0,0,1,28,False,0.0,0.0,0,background-stream,2026-03-30T03:19:42.859942,MEDIUM,0.764999,0.176612,,0
2,TRANSFER,171.12,19394.69,19223.57,19747.14,19918.26,user-5098,merchant-105,0.25,False,False,True,False,False,0,0,2,34,False,0.0,0.0,1,background-stream,2026-03-30T03:19:45.088557,LOW,0.0675,0.209949,,0
15,CASH_IN,8383.89,17253.78,8869.89,757.75,9141.64,user-5191,merchant-605,0.2,False,False,True,False,False,0,0,3,28,False,0.0,0.0,0,background-stream,2026-03-30T03:19:47.342137,MEDIUM,0.767892,0.143252,,0
16,DEBIT,6825.2,18250.17,11424.97,2774.68,9599.88,user-7172,merchant-280,0.2,False,False,True,False,False,0,0,0,31,False,0.0,0.0,0,background-stream,2026-03-30T03:19:49.605004,MEDIUM,0.781428,0.111667,,0
6,PAYMENT,4248.86,9526.29,5277.43,3397.56,7646.42,user-4550,merchant-473,0.2,False,False,True,False,False,0,0,2,32,False,0.0,0.0,0,background-stream,2026-03-30T03:19:51.896881,LOW,0.065,0.280244,,0
8,CASH_IN,983.99,11769.79,10785.8,19263.13,20247.12,user-9334,merchant-462,0.2,False,False,True,False,False,0,0,4,21,False,0.0,0.0,0,background-stream,2026-03-30T03:19:54.258967,MEDIUM,0.765,0.198563,,0
24,CASH_IN,8838.77,25938.47,17099.7,13023.76,21862.53,user-2730,merchant-896,0.25,False,False,True,False,False,0,0,4,39,False,0.0,0.0,1,background-stream,2026-03-30T03:19:56.509116,MEDIUM,0.7675,0.184161,,0
2,CASH_OUT,5273.52,5961.97,688.45,1092.72,6366.24,user-9001,merchant-501,0.3,False,False,True,False,False,0,0,6,31,False,0.0,0.0,2,background-stream,2026-03-30T03:19:58.788951,LOW,0.070013,0.229578,,0
16,TRANSFER,7572.0,23582.35,16010.35,130.52,7702.52,user-3324,merchant-739,0.2,False,False,True,False,False,0,0,2,34,False,0.0,0.0,0,background-stream,2026-03-30T03:20:01.035646,MEDIUM,0.765,0.151678,,0
5,CASH_IN,429.69,5210.44,4780.75,17467.26,17896.95,user-7686,merchant-644,0.2,False,False,True,False,False,0,0,10,46,False,0.0,0.0,0,background-stream,2026-03-30T03:20:03.308227,LOW,0.065,0.216275,,0
5,CASH_OUT,6201.51,20566.48,14364.97,7186.86,13388.37,user-1412,merchant-235,0.2,False,False,True,False,False,0,0,3,28,False,0.0,0.0,0,background-stream,2026-03-30T03:20:05.556273,LOW,0.065014,0.234838,,0
18,CASH_OUT,3667.9,7044.86,3376.96,15480.65,19148.55,user-1066,merchant-741,0.2,False,False,True,False,False,0,0,3,35,False,0.0,0.0,0,background-stream,2026-03-30T03:20:07.845195,MEDIUM,0.765,0.175451,,0
23,DEBIT,137.64,6411.64,6274.0,15200.42,15338.06,user-6996,merchant-518,0.2,False,False,True,False,False,0,0,7,37,False,0.0,0.0,0,background-stream,2026-03-30T03:20:10.231438,MEDIUM,0.768319,0.142255,,0
22,TRANSFER,6413.0,26334.35,19921.35,7189.68,13602.68,user-4065,merchant-138,0.25,False,False,True,False,False,0,0,2,34,False,0.0,0.0,1,background-stream,2026-03-30T03:20:12.488531,MEDIUM,0.7675,0.1673,,0
16,TRANSFER,4056.69,9213.61,5156.92,3109.24,7165.93,user-4869,merchant-180,0.2,False,False,True,False,False,0,0,2,28,False,0.0,0.0,0,background-stream,2026-03-30T03:20:14.754225,MEDIUM,0.765,0.153203,,0
8,DEBIT,1605.13,15751.37,14146.24,5183.51,6788.64,user-5594,merchant-865,0.2,False,False,True,False,False,0,0,0,24,False,0.0,0.0,0,background-stream,2026-03-30T03:20:17.049491,MEDIUM,0.765,0.161038,,0
18,CASH_OUT,2950.86,14794.09,11843.23,6582.48,9533.34,user-2551,merchant-459,0.2,False,False,True,False,False,0,0,1,30,False,0.0,0.0,0,background-stream,2026-03-30T03:20:19.285187,MEDIUM,0.765,0.170297,,0
6,PAYMENT,133.15,7941.93,7808.78,12249.24,12382.39,user-3353,merchant-912,0.2,False,False,True,False,False,0,0,3,27,False,0.0,0.0,0,background-stream,2026-03-30T03:20:21.513492,LOW,0.065,0.278147,,0
22,TRANSFER,6930.79,13092.52,6161.73,15214.87,22145.66,user-8021,merchant-371,0.25,False,False,True,False,False,0,0,2,37,False,0.0,0.0,1,background-stream,2026-03-30T03:20:23.748848,MEDIUM,0.7675,0.171632,,0
18,TRANSFER,379.11,14499.39,14120.28,4992.7,5371.81,user-2511,merchant-855,0.2,False,False,True,False,False,0,0,1,26,False,0.0,0.0,0,background-stream,2026-03-30T03:20:26.007081,MEDIUM,0.765,0.160267,,0
16,TRANSFER,306.55,11928.08,11621.53,16155.05,16461.6,user-9212,merchant-674,0.2,False,False,True,False,False,0,0,5,36,False,0.0,0.0,0,background-stream,2026-03-30T03:20:28.309149,MEDIUM,0.765,0.151359,,0
17,PAYMENT,3096.36,14521.16,11424.8,12247.77,15344.13,user-5369,merchant-700,0.25,False,False,True,False,False,0,0,3,30,False,0.0,0.0,1,background-stream,2026-03-30T03:20:30.567374,MEDIUM,0.7675,0.214355,,0
22,TRANSFER,9100.06,17424.35,8324.29,15181.68,24281.74,user-3888,merchant-630,0.2,False,False,True,False,False,0,0,6,32,False,0.0,0.0,0,background-stream,2026-03-30T03:20:32.806451,MEDIUM,0.765,0.171632,,0
23,TRANSFER,3737.98,10173.05,6435.07,1954.71,5692.69,user-1948,merchant-394,0.2,False,False,True,False,False,0,0,5,25,False,0.0,0.0,0,background-stream,2026-03-30T03:20:35.043194,MEDIUM,0.765,0.181371,,0
20,CASH_IN,9251.31,10582.59,1331.28,7665.8,16917.11,user-1451,merchant-196,0.2,False,False,True,False,False,0,0,1,24,False,0.0,0.0,0,background-stream,2026-03-30T03:20:37.318837,MEDIUM,0.765,0.162114,,0
24,CASH_IN,2086.16,6800.63,4714.47,18624.88,20711.04,user-7957,merchant-535,0.2,False,False,True,False,False,0,0,4,28,False,0.0,0.0,0,background-stream,2026-03-30T03:20:39.684920,MEDIUM,0.765,0.184349,,0
18,TRANSFER,873.67,12463.31,11589.64,4070.37,4944.04,user-3886,merchant-943,0.25,False,False,True,False,False,0,0,2,34,False,0.0,0.0,1,background-stream,2026-03-30T03:20:41.927579,MEDIUM,0.7675,0.16127,,0
22,TRANSFER,4661.07,11141.22,6480.15,3637.94,8299.01,user-7430,merchant-385,0.2,False,False,True,False,False,0,0,2,24,False,0.0,0.0,0,background-stream,2026-03-30T03:20:44.156153,MEDIUM,0.765,0.172235,,0
9,CASH_OUT,8962.47,15181.87,6219.4,3276.1,12238.57,user-6216,merchant-896,0.25,False,False,True,False,False,0,0,3,40,False,0.0,0.0,1,background-stream,2026-03-30T03:20:46.404431,MEDIUM,0.7675,0.208081,,0
20,PAYMENT,7295.43,19898.76,12603.33,4946.14,12241.57,user-1072,merchant-589,0.2,False,False,True,False,False,0,0,2,35,False,0.0,0.0,0,background-stream,2026-03-30T03:20:48.657624,MEDIUM,0.765,0.21736,,0
13,PAYMENT,1823.5,16171.06,14347.56,14430.62,16254.12,user-9806,merchant-190,0.2,False,False,True,False,False,0,0,5,24,False,0.0,0.0,0,background-stream,2026-03-30T03:20:50.961870,MEDIUM,0.765,0.209281,,0
5,CASH_IN,6818.65,11718.85,4900.2,9451.69,16270.34,user-9039,merchant-802,0.2,False,False,True,False,False,0,0,5,32,False,0.0,0.0,0,background-stream,2026-03-30T03:20:53.225778,LOW,0.065,0.216436,,0
15,CASH_IN,2495.26,12850.97,10355.71,9165.62,11660.88,user-8448,merchant-388,0.25,False,False,True,False,False,0,0,5,31,False,0.0,0.0,1,background-stream,2026-03-30T03:20:55.474610,MEDIUM,0.770472,0.143064,,0
12,TRANSFER,3559.95,12395.6,8835.65,11587.66,15147.61,user-2507,merchant-296,0.2,False,False,True,False,False,0,0,2,25,False,0.0,0.0,0,background-stream,2026-03-30T03:20:57.751825,MEDIUM,0.765,0.162474,,0
24,PAYMENT,8718.94,27057.48,18338.54,18677.6,27396.54,user-4884,merchant-391,0.2,False,False,True,False,False,0,0,2,34,False,0.0,0.0,0,background-stream,2026-03-30T03:21:00.035206,MEDIUM,0.765,0.241141,,0
14,DEBIT,948.42,18640.91,17692.49,8795.79,9744.21,user-4385,merchant-872,0.25,False,False,True,False,False,0,0,5,25,False,0.0,0.0,1,background-stream,2026-03-30T03:21:02.361983,MEDIUM,0.784682,0.109908,,0
21,CASH_OUT,1696.36,17324.64,15628.28,7649.27,9345.63,user-3201,merchant-519,0.25,False,False,True,False,False,0,0,3,35,False,0.0,0.0,1,background-stream,2026-03-30T03:21:04.571167,MEDIUM,0.7675,0.171728,,0
8,CASH_IN,7718.86,13988.67,6269.81,5312.43,13031.29,user-5392,merchant-412,0.2,False,False,True,False,False,0,0,2,31,False,0.0,0.0,0,background-stream,2026-03-30T03:21:06.804957,MEDIUM,0.765,0.198254,,0
23,PAYMENT,3362.94,6670.93,3307.99,4694.97,8057.91,user-4129,merchant-814,0.2,False,False,True,False,False,0,0,0,30,False,0.0,0.0,0,background-stream,2026-03-30T03:21:09.058360,MEDIUM,0.765,0.232919,,0
12,TRANSFER,6073.43,21314.13,15240.7,17858.3,23931.73,user-3019,merchant-184,0.2,False,False,True,False,False,0,0,2,37,False,0.0,0.0,0,background-stream,2026-03-30T03:21:11.359424,MEDIUM,0.765,0.159581,,0
20,CASH_IN,315.45,7883.2,7567.75,3696.31,4011.76,user-3261,merchant-875,0.25,False,False,True,False,False,0,0,1,32,False,0.0,0.0,1,background-stream,2026-03-30T03:21:13.642941,MEDIUM,0.7675,0.161825,,0
7,CASH_OUT,9489.46,22664.21,13174.75,18651.37,28140.83,user-9552,merchant-337,0.2,False,False,True,False,False,0,0,5,24,False,0.0,0.0,0,background-stream,2026-03-30T03:21:15.882878,LOW,0.065006,0.237644,,0
13,TRANSFER,5699.87,23672.25,17972.38,19281.31,24981.18,user-1861,merchant-877,0.25,False,False,True,False,False,0,0,5,25,False,0.0,0.0,1,background-stream,2026-03-30T03:21:18.113946,MEDIUM,0.768312,0.148104,,0
3,PAYMENT,5407.57,5699.57,292.0,10336.55,15744.12,user-5802,merchant-664,0.25,False,False,True,False,False,0,0,4,33,False,0.0,0.0,1,background-stream,2026-03-30T03:21:20.397967,LOW,0.0675,0.2662,,0
11,DEBIT,4244.32,10814.56,6570.24,13068.09,17312.41,user-6339,merchant-225,0.2,False,False,True,False,False,0,0,7,29,False,0.0,0.0,0,background-stream,2026-03-30T03:21:22.663593,MEDIUM,0.771392,0.135085,,0
2,CASH_IN,1967.4,5474.74,3507.34,3762.33,5729.73,user-4382,merchant-540,0.2,False,False,True,False,False,0,0,5,41,False,0.0,0.0,0,background-stream,2026-03-30T03:21:24.987219,LOW,0.065,0.208803,,0
16,CASH_OUT,4348.65,20234.46,15885.81,19883.72,24232.37,user-4708,merchant-163,0.2,False,False,True,False,False,0,0,6,32,False,0.0,0.0,0,background-stream,2026-03-30T03:21:27.242101,MEDIUM,0.765,0.156484,,0
24,TRANSFER,3169.2,7532.39,4363.19,11427.55,14596.75,user-4213,merchant-303,0.25,False,False,True,False,False,0,0,1,31,False,0.0,0.0,1,background-stream,2026-03-30T03:21:29.493606,MEDIUM,0.7675,0.193057,,0
13,CASH_IN,7249.46,8289.86,1040.4,14825.49,22074.95,user-6940,merchant-257,0.2,False,False,True,False,False,0,0,1,33,False,0.0,0.0,0,background-stream,2026-03-30T03:21:31.790916,MEDIUM,0.765,0.150237,,0
3,PAYMENT,7192.36,16048.27,8855.91,1176.28,8368.64,user-5714,merchant-405,0.2,False,False,True,False,False,0,0,3,35,False,0.0,0.0,0,background-stream,2026-03-30T03:21:33.981689,LOW,0.065,0.267207,,0
15,CASH_OUT,7714.28,27511.59,19797.31,337.84,8052.12,user-4719,merchant-268,0.2,False,False,True,False,False,0,0,2,21,False,0.0,0.0,0,background-stream,2026-03-30T03:21:36.275881,MEDIUM,0.765,0.153446,,0
23,CASH_IN,9342.45,29165.46,19823.01,1990.71,11333.16,user-1583,merchant-498,0.2,False,False,True,False,False,0,0,0,30,False,0.0,0.0,0,background-stream,2026-03-30T03:21:38.593251,MEDIUM,0.765,0.173364,,0
11,DEBIT,2316.57,16635.2,14318.63,17447.45,19764.02,user-6127,merchant-358,0.2,False,False,True,False,False,0,0,2,25,False,0.0,0.0,0,background-stream,2026-03-30T03:21:40.858192,MEDIUM,0.771106,0.135752,,0
10,CASH_OUT,5499.8,15785.29,10285.49,5603.8,11103.6,user-5072,merchant-647,0.2,False,False,True,False,False,0,0,5,27,False,0.0,0.0,0,background-stream,2026-03-30T03:21:43.118554,MEDIUM,0.765,0.192679,,0
15,CASH_OUT,3164.55,8276.48,5111.93,12662.81,15827.36,user-2779,merchant-163,0.2,False,False,True,False,False,0,0,2,33,False,0.0,0.0,0,background-stream,2026-03-30T03:21:45.352468,MEDIUM,0.765,0.155479,,0
17,DEBIT,1727.95,10728.93,9000.98,18179.77,19907.72,user-4148,merchant-736,0.2,False,False,True,False,False,0,0,4,30,False,0.0,0.0,0,background-stream,2026-03-30T03:21:47.660516,MEDIUM,0.777801,0.12013,,0
16,TRANSFER,5978.83,14165.92,8187.09,11979.08,17957.91,user-8545,merchant-762,0.2,False,False,True,False,False,0,0,2,23,False,0.0,0.0,0,background-stream,2026-03-30T03:21:49.907424,MEDIUM,0.765,0.15287,,0
23,TRANSFER,9162.58,10460.62,1298.04,17032.24,26194.82,user-9775,merchant-778,0.2,False,False,True,False,False,0,0,4,26,False,0.0,0.0,0,background-stream,2026-03-30T03:21:52.153171,MEDIUM,0.765,0.183323,,0
6,TRANSFER,2160.67,10993.93,8833.26,1606.6,3767.27,user-8460,merchant-870,0.25,False,False,True,False,False,0,0,5,36,False,0.0,0.0,1,background-stream,2026-03-30T03:21:54.516858,LOW,0.067501,0.23072,,0
3,CASH_IN,8785.04,16579.97,7794.93,19880.36,28665.4,user-3435,merchant-852,0.25,False,False,True,False,False,0,0,0,31,False,0.0,0.0,1,background-stream,2026-03-30T03:21:56.795017,LOW,0.0675,0.21262,,0
1,CASH_OUT,3803.56,10539.81,6736.25,19371.59,23175.15,user-3396,merchant-128,0.2,False,False,True,False,False,0,0,2,33,False,0.0,0.0,0,background-stream,2026-03-30T03:21:59.132177,LOW,0.065001,0.231398,,0
17,PAYMENT,2950.69,17054.04,14103.35,9990.3,12940.99,user-4299,merchant-189,0.2,False,False,True,False,False,0,0,5,35,False,0.0,0.0,0,background-stream,2026-03-30T03:22:01.379084,MEDIUM,0.765,0.214246,,0
20,DEBIT,2306.83,14182.7,11875.87,16788.74,19095.57,user-6217,merchant-853,0.2,False,False,True,False,False,0,0,4,23,False,0.0,0.0,0,background-stream,2026-03-30T03:22:03.630629,MEDIUM,0.773843,0.129365,,0
12,PAYMENT,9858.27,27050.91,17192.64,13071.74,22930.01,user-1521,merchant-419,0.2,False,False,True,False,False,0,0,0,33,False,0.0,0.0,0,background-stream,2026-03-30T03:22:05.876514,HIGH,0.81,0.217727,,1
7,DEBIT,7728.36,19395.48,11667.12,17732.09,25460.45,user-2754,merchant-257,0.2,False,False,True,False,False,0,0,3,34,False,0.0,0.0,0,background-stream,2026-03-30T03:22:08.282931,LOW,0.065,0.176439,,0
18,PAYMENT,8168.71,19018.93,10850.22,3418.0,11586.71,user-3009,merchant-824,0.25,False,False,True,False,False,0,0,1,30,False,0.0,0.0,1,background-stream,2026-03-30T03:22:10.593439,MEDIUM,0.7675,0.214981,,0
19,DEBIT,3391.17,14998.22,11607.05,6607.8,9998.97,user-8038,merchant-228,0.2,False,False,True,False,False,0,0,0,31,False,0.0,0.0,0,background-stream,2026-03-30T03:22:12.856843,MEDIUM,0.77673,0.122628,,0
7,TRANSFER,7480.84,13505.02,6024.18,3804.77,11285.61,user-2332,merchant-861,0.2,False,False,True,False,False,0,0,1,37,False,0.0,0.0,0,background-stream,2026-03-30T03:22:15.192089,LOW,0.065,0.228401,,0
16,DEBIT,7613.95,16410.07,8796.12,5451.09,13065.04,user-4797,merchant-218,0.25,False,False,True,False,False,0,0,4,32,False,0.0,0.0,1,background-stream,2026-03-30T03:22:17.464432,MEDIUM,0.783755,0.11207,,0
18,PAYMENT,8342.66,18946.42,10603.76,2772.07,11114.73,user-4491,merchant-970,0.2,False,False,True,False,False,0,0,3,33,False,0.0,0.0,0,background-stream,2026-03-30T03:22:19.698251,MEDIUM,0.765,0.215317,,0
12,CASH_IN,9390.99,18022.08,8631.09,47.69,9438.68,user-7122,merchant-794,0.2,False,False,True,False,False,0,0,4,31,False,0.0,0.0,0,background-stream,2026-03-30T03:22:22.269166,MEDIUM,0.765,0.157066,,0
15,PAYMENT,6305.06,25998.5,19693.44,84.47,6389.53,user-3420,merchant-648,0.2,False,False,True,False,False,0,0,2,37,False,0.0,0.0,0,background-stream,2026-03-30T03:22:24.489078,MEDIUM,0.765,0.204688,,0
3,PAYMENT,7288.88,20633.46,13344.58,8089.0,15377.88,user-5673,merchant-233,0.2,False,False,True,False,False,0,0,2,26,False,0.0,0.0,0,background-stream,2026-03-30T03:22:26.732274,LOW,0.065,0.266479,,0
8,PAYMENT,3983.04,5896.8,1913.76,2958.7,6941.74,user-8434,merchant-761,0.2,False,False,True,False,False,0,0,5,32,False,0.0,0.0,0,background-stream,2026-03-30T03:22:28.948542,MEDIUM,0.765,0.261079,,0
23,TRANSFER,9595.86,10470.35,874.49,4370.8,13966.66,user-8645,merchant-645,0.2,False,False,True,False,False,0,0,4,33,False,0.0,0.0,0,background-stream,2026-03-30T03:22:31.207249,MEDIUM,0.765,0.184411,,0
5,PAYMENT,9129.5,25643.06,16513.56,872.97,10002.47,user-2039,merchant-135,0.2,False,False,True,False,False,0,0,3,23,False,0.0,0.0,0,background-stream,2026-03-30T03:22:33.547435,LOW,0.065,0.274609,,0
9,DEBIT,2571.43,10979.14,8407.71,7068.27,9639.7,user-2487,merchant-225,0.2,False,False,True,False,False,0,0,3,30,False,0.0,0.0,0,background-stream,2026-03-30T03:22:35.870900,MEDIUM,0.765,0.155081,,0
6,DEBIT,6270.35,10069.47,3799.12,16390.99,22661.34,user-2519,merchant-711,0.2,False,False,True,False,False,0,0,2,34,False,0.0,0.0,0,background-stream,2026-03-30T03:22:38.117833,LOW,0.065,0.179882,,0
3,CASH_OUT,5361.32,20134.2,14772.88,1544.34,6905.66,user-6495,merchant-848,0.25,False,False,True,False,False,0,0,4,27,False,0.0,0.0,1,background-stream,2026-03-30T03:22:40.339603,LOW,0.067516,0.229375,,0
3,CASH_OUT,245.06,508.21,263.15,12166.97,12412.03,user-9993,merchant-661,0.2,False,False,True,False,False,0,0,3,30,False,0.0,0.0,0,background-stream,2026-03-30T03:22:42.571287,LOW,0.066836,0.234924,,0
21,CASH_OUT,4356.87,9666.82,5309.95,13532.63,17889.5,user-5302,merchant-726,0.25,False,False,True,False,False,0,0,1,38,False,0.0,0.0,1,background-stream,2026-03-30T03:22:44.872922,MEDIUM,0.7675,0.17364,,0
20,CASH_OUT,821.37,19480.88,18659.51,7541.1,8362.47,user-2509,merchant-756,0.2,False,False,True,False,False,0,0,1,31,False,0.0,0.0,0,background-stream,2026-03-30T03:22:47.104890,MEDIUM,0.765,0.168022,,0
10,DEBIT,8054.62,16043.55,7988.93,6559.02,14613.64,user-1474,merchant-512,0.2,False,False,True,False,False,0,0,3,25,False,0.0,0.0,0,background-stream,2026-03-30T03:22:49.350572,MEDIUM,0.767121,0.145049,,0
11,PAYMENT,1656.91,13934.07,12277.16,19606.74,21263.65,user-7993,merchant-543,0.25,False,False,True,False,False,0,0,5,27,False,0.0,0.0,1,background-stream,2026-03-30T03:22:51.583132,MEDIUM,0.7675,0.227928,,0
23,TRANSFER,305.84,2191.43,1885.59,8267.5,8573.34,user-3717,merchant-125,0.25,False,False,True,False,False,0,0,3,44,False,0.0,0.0,1,background-stream,2026-03-30T03:22:53.893415,MEDIUM,0.7675,0.184499,,0
5,PAYMENT,5777.36,18724.58,12947.22,11501.28,17278.64,user-4399,merchant-125,0.25,False,False,True,False,False,0,0,2,45,False,0.0,0.0,1,background-stream,2026-03-30T03:22:56.189738,LOW,0.0675,0.274225,,0
11,CASH_IN,820.11,20419.33,19599.22,18331.11,19151.22,user-1153,merchant-395,0.25,False,False,True,False,False,0,0,3,37,False,0.0,0.0,1,background-stream,2026-03-30T03:22:58.462763,MEDIUM,0.7675,0.166754,,0
4,CASH_IN,9745.2,12350.06,2604.86,5260.71,15005.91,user-6670,merchant-680,0.25,False,False,True,False,False,0,0,3,34,False,0.0,0.0,1,background-stream,2026-03-30T03:23:00.692908,LOW,0.0675,0.212427,,0
6,PAYMENT,6407.05,14433.79,8026.74,685.62,7092.67,user-5926,merchant-632,0.2,False,False,True,False,False,0,0,3,23,False,0.0,0.0,0,background-stream,2026-03-30T03:23:02.928264,LOW,0.065,0.2806,,0
16,TRANSFER,5119.33,13565.49,8446.16,4004.02,9123.35,user-5638,merchant-977,0.25,False,False,True,False,False,0,0,2,26,False,0.0,0.0,1,background-stream,2026-03-30T03:23:05.145412,MEDIUM,0.7675,0.15287,,0
24,DEBIT,4993.59,18754.3,13760.71,2084.23,7077.82,user-8207,merchant-841,0.2,False,False,True,False,False,0,0,2,34,False,0.0,0.0,0,background-stream,2026-03-30T03:23:07.444117,MEDIUM,0.765,0.154357,,0
8,DEBIT,9075.55,23173.08,14097.53,17524.71,26600.26,user-9310,merchant-401,0.2,False,False,True,False,False,0,0,3,25,False,0.0,0.0,0,background-stream,2026-03-30T03:23:09.704973,MEDIUM,0.765,0.159491,,0
3,PAYMENT,9117.25,11925.43,2808.18,8323.61,17440.86,user-4313,merchant-203,0.2,False,False,True,False,False,0,0,1,35,False,0.0,0.0,0,background-stream,2026-03-30T03:23:11.958192,LOW,0.065,0.266405,,0
18,CASH_OUT,8651.38,17992.81,9341.43,16219.45,24870.83,user-6026,merchant-967,0.2,False,False,True,False,False,0,0,3,26,False,0.0,0.0,0,background-stream,2026-03-30T03:23:14.209381,MEDIUM,0.765,0.170945,,0
2,DEBIT,1894.33,21054.12,19159.79,8901.89,10796.22,user-8691,merchant-338,0.3,False,False,True,False,False,0,0,4,35,False,0.0,0.0,2,background-stream,2026-03-30T03:23:16.463891,LOW,0.07,0.19039,,0
18,DEBIT,3762.91,10665.25,6902.34,7622.74,11385.65,user-1669,merchant-267,0.2,False,False,True,False,False,0,0,4,33,False,0.0,0.0,0,background-stream,2026-03-30T03:23:18.813344,MEDIUM,0.777016,0.121962,,0
6,CASH_OUT,6427.54,20778.86,14351.32,16106.64,22534.18,user-2956,merchant-112,0.2,False,False,True,False,False,0,0,6,29,False,0.0,0.0,0,background-stream,2026-03-30T03:23:21.060321,LOW,0.065013,0.238134,,0
12,CASH_IN,1966.67,11858.3,9891.63,19500.56,21467.23,user-4916,merchant-429,0.2,False,False,True,False,False,0,0,3,29,False,0.0,0.0,0,background-stream,2026-03-30T03:23:23.328136,MEDIUM,0.765,0.156883,,0
13,PAYMENT,1115.85,8018.75,6902.9,9203.51,10319.36,user-5263,merchant-578,0.2,False,False,True,False,False,0,0,3,27,False,0.0,0.0,0,background-stream,2026-03-30T03:23:25.574235,MEDIUM,0.765,0.20839,,0
7,TRANSFER,5410.0,9194.2,3784.2,7308.16,12718.16,user-8198,merchant-315,0.2,False,False,True,False,False,0,0,2,34,False,0.0,0.0,0,background-stream,2026-03-30T03:23:27.852690,LOW,0.065,0.229047,,0
6,CASH_IN,5410.06,11022.75,5612.69,6050.87,11460.93,user-2765,merchant-977,0.25,False,False,True,False,False,0,0,0,27,False,0.0,0.0,1,background-stream,2026-03-30T03:23:30.169271,LOW,0.0675,0.216705,,0
23,CASH_IN,1639.88,16112.08,14472.2,8512.56,10152.44,user-9772,merchant-228,0.2,False,False,True,False,False,0,0,7,32,False,0.0,0.0,0,background-stream,2026-03-30T03:23:32.455755,MEDIUM,0.765,0.173556,,0
12,PAYMENT,2955.07,19525.48,16570.41,12718.85,15673.92,user-6698,merchant-463,0.2,False,False,True,False,False,0,0,2,38,False,0.0,0.0,0,background-stream,2026-03-30T03:23:34.701667,MEDIUM,0.765,0.219085,,0
9,TRANSFER,4639.04,11710.79,7071.75,1233.37,5872.41,user-6189,merchant-821,0.2,False,False,True,False,False,0,0,3,33,False,0.0,0.0,0,background-stream,2026-03-30T03:23:37.001036,MEDIUM,0.765,0.198747,,0
3,TRANSFER,2144.44,8936.99,6792.55,1942.44,4086.88,user-3889,merchant-556,0.2,False,False,True,False,False,0,0,7,32,False,0.0,0.0,0,background-stream,2026-03-30T03:23:39.269033,LOW,0.065,0.21979,,0
13,CASH_IN,7138.61,15026.19,7887.58,187.78,7326.39,user-6135,merchant-559,0.3,False,False,True,False,False,0,0,2,31,False,0.0,0.0,2,background-stream,2026-03-30T03:23:41.712311,MEDIUM,0.77,0.150347,,0
18,TRANSFER,1015.55,2902.5,1886.95,10621.17,11636.72,user-4468,merchant-903,0.2,False,False,True,False,False,0,0,4,32,False,0.0,0.0,0,background-stream,2026-03-30T03:23:44.017035,MEDIUM,0.765,0.165172,,0
3,CASH_OUT,3822.53,7779.83,3957.3,10011.72,13834.25,user-1736,merchant-334,0.25,False,False,True,False,False,0,0,5,30,False,0.0,0.0,1,background-stream,2026-03-30T03:23:46.340478,LOW,0.067501,0.232848,,0
3,PAYMENT,7044.33,9622.11,2577.78,5603.12,12647.45,user-6080,merchant-816,0.2,False,False,True,False,False,0,0,3,30,False,0.0,0.0,0,background-stream,2026-03-30T03:23:48.639650,LOW,0.065,0.266952,,0
23,DEBIT,7707.97,16067.04,8359.07,16700.18,24408.15,user-6862,merchant-519,0.25,False,False,True,False,False,0,0,5,36,False,0.0,0.0,1,background-stream,2026-03-30T03:23:52.466090,MEDIUM,0.770596,0.142774,,0
21,TRANSFER,5177.44,24879.02,19701.58,18502.28,23679.72,user-5654,merchant-266,0.25,False,False,True,False,False,0,0,7,26,False,0.0,0.0,1,background-stream,2026-03-30T03:23:55.059645,MEDIUM,0.7675,0.161689,,0
12,TRANSFER,8331.23,14263.84,5932.61,16291.05,24622.28,user-9997,merchant-950,0.2,False,False,True,False,False,0,0,5,32,False,0.0,0.0,0,background-stream,2026-03-30T03:23:57.994975,MEDIUM,0.765,0.161857,,0
6,CASH_IN,2488.38,15363.56,12875.18,9785.54,12273.92,user-1153,merchant-363,0.2,False,False,True,False,False,0,0,4,30,False,0.0,0.0,0,background-stream,2026-03-30T03:24:00.334761,LOW,0.065,0.216514,,0
21,TRANSFER,5592.24,18177.21,12584.97,15658.63,21250.87,user-6709,merchant-330,0.25,False,False,True,False,False,0,0,5,21,False,0.0,0.0,1,background-stream,2026-03-30T03:24:02.620486,MEDIUM,0.7675,0.164355,,0
13,TRANSFER,4817.31,23873.93,19056.62,7472.99,12290.3,user-3107,merchant-765,0.2,False,False,True,False,False,0,0,1,37,False,0.0,0.0,0,background-stream,2026-03-30T03:24:04.906520,MEDIUM,0.765541,0.148738,,0
20,PAYMENT,4026.94,14682.21,10655.27,10758.88,14785.82,user-6949,merchant-849,0.2,False,False,True,False,False,0,0,1,35,False,0.0,0.0,0,background-stream,2026-03-30T03:24:07.521571,MEDIUM,0.765,0.218131,,0
22,CASH_IN,2844.71,15735.02,12890.31,2646.21,5490.92,user-9420,merchant-874,0.2,False,False,True,False,False,0,0,2,37,False,0.0,0.0,0,background-stream,2026-03-30T03:24:09.812836,MEDIUM,0.765,0.166491,,0
22,PAYMENT,7016.45,19253.87,12237.42,16364.4,23380.85,user-8161,merchant-538,0.2,False,False,True,False,False,0,0,1,32,False,0.0,0.0,0,background-stream,2026-03-30T03:24:12.171800,MEDIUM,0.765,0.221655,,0
5,CASH_IN,2291.49,6629.3,4337.81,10525.14,12816.63,user-1904,merchant-486,0.2,False,False,True,False,False,0,0,2,39,False,0.0,0.0,0,background-stream,2026-03-30T03:24:14.438030,LOW,0.065,0.216275,,0
11,TRANSFER,5586.7,24238.61,18651.91,15461.56,21048.26,user-2984,merchant-418,0.25,False,False,True,False,False,0,0,4,34,False,0.0,0.0,1,background-stream,2026-03-30T03:24:16.733376,MEDIUM,0.7675,0.168799,,0
5,PAYMENT,8299.0,20516.41,12217.41,11179.15,19478.15,user-6126,merchant-556,0.2,False,False,True,False,False,0,0,2,33,False,0.0,0.0,0,background-stream,2026-03-30T03:24:19.085786,LOW,0.065,0.273676,,0
17,TRANSFER,2500.32,11685.28,9184.96,11044.28,13544.6,user-2294,merchant-779,0.25,False,False,True,False,False,0,0,6,23,False,0.0,0.0,1,background-stream,2026-03-30T03:24:21.344329,MEDIUM,0.7675,0.163289,,0
21,TRANSFER,3683.73,10196.17,6512.44,9102.19,12785.92,user-5007,merchant-990,0.2,False,False,True,False,False,0,0,6,25,False,0.0,0.0,0,background-stream,2026-03-30T03:24:23.614342,MEDIUM,0.765,0.166698,,0
19,CASH_OUT,9140.43,16177.26,7036.83,4243.16,13383.59,user-5825,merchant-403,0.2,False,False,True,False,False,0,0,4,35,False,0.0,0.0,0,background-stream,2026-03-30T03:24:25.888327,MEDIUM,0.765,0.172098,,0
23,DEBIT,2924.08,15061.52,12137.44,4702.7,7626.78,user-4266,merchant-667,0.25,False,False,True,False,False,0,0,4,31,False,0.0,0.0,1,background-stream,2026-03-30T03:24:28.142790,MEDIUM,0.770142,0.143834,,0
6,PAYMENT,4312.86,8028.02,3715.16,5954.81,10267.67,user-8787,merchant-857,0.25,False,False,True,False,False,0,0,2,31,False,0.0,0.0,1,background-stream,2026-03-30T03:24:30.426873,LOW,0.0675,0.28029,,0
6,PAYMENT,8635.76,13415.31,4779.55,2732.95,11368.71,user-1137,merchant-697,0.2,False,False,True,False,False,0,0,0,22,False,0.0,0.0,0,background-stream,2026-03-30T03:24:32.695783,LOW,0.065,0.280272,,0
19,CASH_OUT,2176.07,18241.4,16065.33,19941.85,22117.92,user-4448,merchant-768,0.2,False,False,True,False,False,0,0,3,41,False,0.0,0.0,0,background-stream,2026-03-30T03:24:34.906879,MEDIUM,0.765,0.171294,,0
13,CASH_OUT,4348.72,19363.3,15014.58,10119.78,14468.5,user-2389,merchant-433,0.2,False,False,True,False,False,0,0,2,20,False,0.0,0.0,0,background-stream,2026-03-30T03:24:37.140862,MEDIUM,0.765,0.163813,,0
12,PAYMENT,2899.06,10767.67,7868.61,15232.64,18131.7,user-9478,merchant-927,0.25,False,False,True,False,False,0,0,2,40,False,0.0,0.0,1,background-stream,2026-03-30T03:24:39.384835,MEDIUM,0.7675,0.219462,,0
3,PAYMENT,7131.81,21236.64,14104.83,16723.69,23855.5,user-6409,merchant-390,0.2,False,False,True,False,False,0,0,7,26,False,0.0,0.0,0,background-stream,2026-03-30T03:24:41.709812,LOW,0.065,0.266017,,0
11,CASH_IN,1441.21,7004.73,5563.52,6862.37,8303.58,user-5981,merchant-958,0.2,False,False,True,False,False,0,0,2,32,False,0.0,0.0,0,background-stream,2026-03-30T03:24:43.967405,MEDIUM,0.765,0.166754,,0
8,CASH_OUT,2958.89,8999.39,6040.5,3836.63,6795.52,user-1168,merchant-637,0.25,False,False,True,False,False,0,0,2,26,False,0.0,0.0,1,background-stream,2026-03-30T03:24:46.261454,MEDIUM,0.7675,0.217444,,0
14,PAYMENT,5845.82,13817.62,7971.8,18035.17,23880.99,user-4801,merchant-993,0.2,False,False,True,False,False,0,0,0,37,False,0.0,0.0,0,background-stream,2026-03-30T03:24:48.636675,MEDIUM,0.765,0.207823,,0
6,DEBIT,1160.75,18854.61,17693.86,2920.51,4081.26,user-9496,merchant-154,0.2,False,False,True,False,False,0,0,4,43,False,0.0,0.0,0,background-stream,2026-03-30T03:24:50.947868,LOW,0.065,0.181873,,0
22,DEBIT,5164.08,5749.38,585.3,5320.25,10484.33,user-8489,merchant-221,0.2,False,False,True,False,False,0,0,2,29,False,0.0,0.0,0,background-stream,2026-03-30T03:24:53.323047,MEDIUM,0.772952,0.131446,,0
5,PAYMENT,698.6,20423.54,19724.94,10124.51,10823.11,user-1538,merchant-841,0.2,False,False,True,False,False,0,0,3,35,False,0.0,0.0,0,background-stream,2026-03-30T03:24:55.538956,LOW,0.065,0.272208,,0
7,CASH_OUT,103.61,15310.61,15207.0,18314.58,18418.19,user-8395,merchant-450,0.2,False,False,True,False,False,0,0,2,32,False,0.0,0.0,0,background-stream,2026-03-30T03:24:57.822192,LOW,0.065006,0.237412,,0
12,PAYMENT,6842.57,10029.34,3186.77,5353.2,12195.77,user-6851,merchant-863,0.2,False,False,True,False,False,0,0,3,29,False,0.0,0.0,0,background-stream,2026-03-30T03:25:00.108132,MEDIUM,0.765,0.21978,,0
5,PAYMENT,7474.97,20551.84,13076.87,6698.92,14173.89,user-4100,merchant-678,0.2,False,False,True,False,False,0,0,5,38,False,0.0,0.0,0,background-stream,2026-03-30T03:25:02.393236,LOW,0.065,0.274523,,0
19,PAYMENT,5651.73,15625.39,9973.66,11865.23,17516.96,user-1700,merchant-986,0.2,False,False,True,False,False,0,0,3,28,False,0.0,0.0,0,background-stream,2026-03-30T03:25:04.642375,MEDIUM,0.765,0.214818,,0
8,CASH_OUT,5730.42,15436.07,9705.65,5296.73,11027.15,user-6776,merchant-239,0.25,False,False,True,False,False,0,0,2,29,False,0.0,0.0,1,background-stream,2026-03-30T03:25:06.918389,MEDIUM,0.7675,0.216042,,0
11,DEBIT,962.1,13743.18,12781.08,15809.16,16771.26,user-3343,merchant-473,0.2,False,False,True,False,False,0,0,2,33,False,0.0,0.0,0,background-stream,2026-03-30T03:25:09.146219,MEDIUM,0.771245,0.135427,,0
7,CASH_OUT,7521.97,13447.98,5926.01,11993.39,19515.36,user-3152,merchant-825,0.2,False,False,True,False,False,0,0,1,32,False,0.0,0.0,0,background-stream,2026-03-30T03:25:11.420453,LOW,0.065,0.239097,,0
17,TRANSFER,481.04,11856.07,11375.03,9396.99,9878.03,user-6908,merchant-989,0.2,False,False,True,False,False,0,0,3,28,False,0.0,0.0,0,background-stream,2026-03-30T03:25:13.640943,MEDIUM,0.765,0.162319,,0
13,CASH_OUT,2460.26,16491.4,14031.14,18269.83,20730.09,user-4485,merchant-463,0.35,False,False,True,False,False,1,0,5,39,False,0.0256,0.2,0,background-stream,2026-03-30T03:25:15.930939,MEDIUM,0.7725,0.164688,,0
11,CASH_IN,3280.94,21202.86,17921.92,2592.57,5873.51,user-8882,merchant-606,0.25,False,False,True,False,False,0,0,2,33,False,0.0,0.0,1,background-stream,2026-03-30T03:25:18.223658,MEDIUM,0.7675,0.166754,,0
8,TRANSFER,9173.83,14258.48,5084.65,11418.57,20592.4,user-3355,merchant-760,0.2,False,False,True,False,False,0,0,5,26,False,0.0,0.0,0,background-stream,2026-03-30T03:25:20.447110,MEDIUM,0.765,0.205077,,0
8,TRANSFER,7746.24,11636.62,3890.38,18904.37,26650.61,user-6569,merchant-385,0.2,False,False,True,False,False,0,0,1,25,False,0.0,0.0,0,background-stream,2026-03-30T03:25:22.716804,MEDIUM,0.765,0.205947,,0
20,CASH_OUT,5062.2,11576.27,6514.07,13940.77,19002.97,user-8031,merchant-674,0.2,False,False,True,False,False,0,0,3,37,False,0.0,0.0,0,background-stream,2026-03-30T03:25:24.973166,MEDIUM,0.765,0.170793,,0
22,PAYMENT,2217.79,6316.02,4098.23,1772.26,3990.05,user-6849,merchant-634,0.2,False,False,True,False,False,0,0,0,27,False,0.0,0.0,0,background-stream,2026-03-30T03:25:27.291106,MEDIUM,0.765,0.222437,,0
11,TRANSFER,6122.1,6862.39,740.29,2024.04,8146.14,user-7363,merchant-597,0.2,False,False,True,False,False,0,0,8,37,False,0.0,0.0,0,background-stream,2026-03-30T03:25:29.548954,MEDIUM,0.765,0.176999,,0
10,PAYMENT,1271.76,10853.17,9581.41,18389.39,19661.15,user-3993,merchant-919,0.2,False,False,True,False,False,0,0,2,23,False,0.0,0.0,0,background-stream,2026-03-30T03:25:31.837863,MEDIUM,0.765,0.238677,,0
6,CASH_IN,7165.21,9483.28,2318.07,5366.0,12531.21,user-4273,merchant-511,0.25,False,False,True,False,False,0,0,5,25,False,0.0,0.0,1,background-stream,2026-03-30T03:25:34.038060,LOW,0.0675,0.216674,,0
22,DEBIT,2902.71,5146.42,2243.71,11784.34,14687.05,user-2524,merchant-573,0.2,False,False,True,False,False,0,0,4,35,False,0.0,0.0,0,background-stream,2026-03-30T03:25:36.274125,MEDIUM,0.772656,0.132135,,0
14,PAYMENT,5141.79,10045.18,4903.39,2516.67,7658.46,user-8313,merchant-976,0.2,False,False,True,False,False,0,0,1,37,False,0.0,0.0,0,background-stream,2026-03-30T03:25:38.563129,MEDIUM,0.765,0.208045,,0
2,CASH_IN,509.57,13624.12,13114.55,11013.66,11523.23,user-2173,merchant-270,0.2,False,False,True,False,False,0,0,0,31,False,0.0,0.0,0,background-stream,2026-03-30T03:25:40.821434,LOW,0.065,0.208803,,0
8,DEBIT,2340.14,19785.88,17445.74,5282.62,7622.76,user-7945,merchant-570,0.2,False,False,True,False,False,0,0,3,22,False,0.0,0.0,0,background-stream,2026-03-30T03:25:43.094440,MEDIUM,0.764999,0.160853,,0
1,CASH_OUT,1791.4,11261.51,9470.11,4987.49,6778.89,user-6529,merchant-693,0.25,False,False,True,False,False,0,0,3,25,False,0.0,0.0,1,background-stream,2026-03-30T03:25:45.404248,LOW,0.067501,0.229896,,0
2,TRANSFER,5098.0,19498.05,14400.05,1080.01,6178.01,user-6527,merchant-263,0.25,False,False,True,False,False,0,0,0,29,False,0.0,0.0,1,background-stream,2026-03-30T03:25:47.840888,LOW,0.0675,0.212693,,0
4,CASH_OUT,6221.0,12029.85,5808.85,13271.9,19492.9,user-1361,merchant-857,0.25,False,False,True,False,False,0,0,4,32,False,0.0,0.0,1,background-stream,2026-03-30T03:25:50.134177,LOW,0.067519,0.232378,,0
20,CASH_IN,2868.16,16430.14,13561.98,1572.61,4440.77,user-9960,merchant-458,0.25,False,False,True,False,False,0,0,1,38,False,0.0,0.0,1,background-stream,2026-03-30T03:25:52.409760,MEDIUM,0.7675,0.161933,,0
21,TRANSFER,7722.3,12746.7,5024.4,8566.43,16288.73,user-4190,merchant-743,0.25,False,False,True,False,False,0,0,3,32,False,0.0,0.0,1,background-stream,2026-03-30T03:25:54.712267,MEDIUM,0.7675,0.166698,,0
20,PAYMENT,3294.4,18851.39,15556.99,9125.95,12420.35,user-8155,merchant-543,0.25,False,False,True,False,False,0,0,2,28,False,0.0,0.0,1,background-stream,2026-03-30T03:25:56.972523,MEDIUM,0.7675,0.217772,,0
14,TRANSFER,1504.46,2688.43,1183.97,6456.58,7961.04,user-2379,merchant-782,0.2,False,False,True,False,False,0,0,6,33,False,0.0,0.0,0,background-stream,2026-03-30T03:25:59.215172,MEDIUM,0.765,0.154927,,0
24,DEBIT,5644.73,20033.79,14389.06,4433.17,10077.9,user-1109,merchant-659,0.25,False,False,True,False,False,0,0,3,26,False,0.0,0.0,1,background-stream,2026-03-30T03:26:01.530397,MEDIUM,0.7675,0.154138,,0
5,TRANSFER,6799.17,17064.14,10264.97,2420.88,9220.05,user-4546,merchant-570,0.2,False,False,True,False,False,0,0,2,23,False,0.0,0.0,0,background-stream,2026-03-30T03:26:03.765674,LOW,0.065,0.22626,,0
2,DEBIT,657.32,18600.21,17942.89,1478.59,2135.91,user-3904,merchant-876,0.2,False,False,True,False,False,0,0,3,33,False,0.0,0.0,0,background-stream,2026-03-30T03:26:06.004695,LOW,0.065,0.189489,,0
10,CASH_OUT,8647.29,21822.09,13174.8,1608.25,10255.54,user-3943,merchant-958,0.2,False,False,True,False,False,0,0,6,33,False,0.0,0.0,0,background-stream,2026-03-30T03:26:08.247152,MEDIUM,0.765,0.192634,,0
8,PAYMENT,9249.22,18639.28,9390.06,7254.02,16503.24,user-7424,merchant-221,0.2,False,False,True,False,False,0,0,2,30,False,0.0,0.0,0,background-stream,2026-03-30T03:26:10.510246,MEDIUM,0.765,0.25968,,0
6,TRANSFER,4183.34,23089.53,18906.19,278.59,4461.93,user-6572,merchant-640,0.25,False,False,True,False,False,0,0,3,26,False,0.0,0.0,1,background-stream,2026-03-30T03:26:12.854536,LOW,0.0675,0.22603,,0
18,CASH_IN,8509.37,24117.12,15607.75,1442.64,9952.01,user-3345,merchant-991,0.25,False,False,True,False,False,0,0,7,32,False,0.0,0.0,1,background-stream,2026-03-30T03:26:15.104904,MEDIUM,0.7675,0.156477,,0
23,TRANSFER,3426.2,10546.94,7120.74,15914.52,19340.72,user-6561,merchant-836,0.2,False,False,True,False,False,0,0,3,25,False,0.0,0.0,0,background-stream,2026-03-30T03:26:17.345811,MEDIUM,0.765,0.180572,,0
1,TRANSFER,6182.53,20572.93,14390.4,3768.72,9951.25,user-8149,merchant-567,0.2,False,False,True,False,False,0,0,4,33,False,0.0,0.0,0,background-stream,2026-03-30T03:26:19.589644,LOW,0.065,0.21647,,0
4,CASH_OUT,2516.94,8783.74,6266.8,12111.47,14628.41,user-9931,merchant-526,0.2,False,False,True,False,False,0,0,3,31,False,0.0,0.0,0,background-stream,2026-03-30T03:26:21.852038,LOW,0.065001,0.23247,,0
5,TRANSFER,4402.59,17058.77,12656.18,2457.47,6860.06,user-4366,merchant-811,0.2,False,False,True,False,False,0,0,1,25,False,0.0,0.0,0,background-stream,2026-03-30T03:26:24.149833,LOW,0.065,0.224597,,0
20,CASH_IN,2684.45,10401.23,7716.78,15586.47,18270.92,user-7489,merchant-139,0.3,False,False,True,False,False,0,0,2,23,False,0.0,0.0,2,background-stream,2026-03-30T03:26:26.409069,MEDIUM,0.77,0.161933,,0
17,TRANSFER,6177.74,23001.31,16823.57,16980.44,23158.18,user-5569,merchant-575,0.3,False,False,True,False,False,0,0,3,31,False,0.0,0.0,2,background-stream,2026-03-30T03:26:28.671677,MEDIUM,0.77,0.161038,,0
11,DEBIT,9379.44,20599.06,11219.62,1265.18,10644.62,user-4173,merchant-456,0.2,False,False,True,False,False,0,0,6,42,False,0.0,0.0,0,background-stream,2026-03-30T03:26:30.925131,MEDIUM,0.771438,0.134978,,0
10,CASH_IN,7195.71,7678.37,482.66,2254.49,9450.2,user-7285,merchant-181,0.2,False,False,True,False,False,0,0,4,23,False,0.0,0.0,0,background-stream,2026-03-30T03:26:33.164588,MEDIUM,0.765,0.176787,,0
17,TRANSFER,7981.63,10076.74,2095.11,14765.26,22746.89,user-5834,merchant-836,0.2,False,False,True,False,False,0,0,1,26,False,0.0,0.0,0,background-stream,2026-03-30T03:26:35.459421,MEDIUM,0.765,0.165602,,0
8,PAYMENT,4996.0,6980.9,1984.9,2980.99,7976.99,user-4373,merchant-843,0.2,False,False,True,False,False,0,0,6,34,False,0.0,0.0,0,background-stream,2026-03-30T03:26:37.691720,MEDIUM,0.765,0.260985,,0
4,PAYMENT,3488.69,19399.6,15910.91,14845.86,18334.55,user-4434,merchant-632,0.2,False,False,True,False,False,0,0,2,24,False,0.0,0.0,0,background-stream,2026-03-30T03:26:39.954114,LOW,0.065,0.269249,,0
12,CASH_IN,3517.85,22573.08,19055.23,5471.38,8989.23,user-7025,merchant-348,0.25,False,False,True,False,False,0,0,3,36,False,0.0,0.0,1,background-stream,2026-03-30T03:26:42.350736,MEDIUM,0.7675,0.156883,,0
13,TRANSFER,5508.73,19921.87,14413.14,8785.21,14293.94,user-6893,merchant-318,0.2,False,False,True,False,False,0,0,2,23,False,0.0,0.0,0,background-stream,2026-03-30T03:26:44.587478,MEDIUM,0.7651,0.149765,,0
19,DEBIT,2150.03,21555.62,19405.59,15913.16,18063.19,user-3699,merchant-690,0.2,False,False,True,False,False,0,0,2,27,False,0.0,0.0,0,background-stream,2026-03-30T03:26:46.960476,MEDIUM,0.77653,0.123096,,0
22,CASH_OUT,741.13,11688.13,10947.0,6572.72,7313.85,user-1971,merchant-354,0.2,False,False,True,False,False,0,0,6,38,False,0.0,0.0,0,background-stream,2026-03-30T03:26:49.231640,MEDIUM,0.765,0.176943,,0
8,DEBIT,5112.37,13657.76,8545.39,19293.58,24405.95,user-8210,merchant-770,0.2,False,False,True,False,False,0,0,2,29,False,0.0,0.0,0,background-stream,2026-03-30T03:26:51.513161,MEDIUM,0.765,0.159148,,0
12,DEBIT,1864.67,10548.66,8683.99,160.73,2025.4,user-2054,merchant-104,0.2,False,False,True,False,False,0,0,3,31,False,0.0,0.0,0,background-stream,2026-03-30T03:26:53.826982,MEDIUM,0.774802,0.127127,,0
23,DEBIT,4330.49,23938.37,19607.88,331.55,4662.04,user-8923,merchant-893,0.2,False,False,True,False,False,0,0,2,32,False,0.0,0.0,0,background-stream,2026-03-30T03:26:56.060705,MEDIUM,0.767546,0.144058,,0
12,DEBIT,1375.87,2800.58,1424.71,13742.48,15118.35,user-3274,merchant-464,0.2,False,False,True,False,False,0,0,5,25,False,0.0,0.0,0,background-stream,2026-03-30T03:26:58.356489,MEDIUM,0.774891,0.126921,,0
17,TRANSFER,8486.59,12125.94,3639.35,17029.11,25515.7,user-9047,merchant-831,0.2,False,False,True,False,False,0,0,1,28,False,0.0,0.0,0,background-stream,2026-03-30T03:27:00.596480,MEDIUM,0.765,0.162782,,0
16,PAYMENT,2535.09,10406.27,7871.18,19445.07,21980.16,user-9872,merchant-924,0.25,False,False,True,False,False,0,0,4,32,False,0.0,0.0,1,background-stream,2026-03-30T03:27:02.834776,MEDIUM,0.7675,0.206281,,0
14,PAYMENT,8068.55,15159.02,7090.47,14132.2,22200.75,user-2092,merchant-452,0.2,False,False,True,False,False,0,0,2,34,False,0.0,0.0,0,background-stream,2026-03-30T03:27:05.018570,MEDIUM,0.765,0.206304,,0
3,CASH_IN,9754.47,16636.97,6882.5,19360.68,29115.15,user-7789,merchant-417,0.2,False,False,True,False,False,0,0,2,22,False,0.0,0.0,0,background-stream,2026-03-30T03:27:07.298193,LOW,0.065,0.21262,,0
11,TRANSFER,5484.38,22008.06,16523.68,5715.31,11199.69,user-1643,merchant-221,0.2,False,False,True,False,False,0,0,5,31,False,0.0,0.0,0,background-stream,2026-03-30T03:27:09.600964,MEDIUM,0.765,0.170178,,0
13,PAYMENT,4072.91,22462.05,18389.14,142.28,4215.19,user-6629,merchant-765,0.2,False,False,True,False,False,0,0,2,38,False,0.0,0.0,0,background-stream,2026-03-30T03:27:11.846445,MEDIUM,0.765,0.211329,,0
20,PAYMENT,2381.67,20214.62,17832.95,876.55,3258.22,user-1287,merchant-495,0.2,False,False,True,False,False,0,0,5,23,False,0.0,0.0,0,background-stream,2026-03-30T03:27:14.073012,MEDIUM,0.765,0.218402,,0
22,TRANSFER,2878.64,11498.55,8619.91,5266.46,8145.1,user-7823,merchant-405,0.2,False,False,True,False,False,0,0,2,36,False,0.0,0.0,0,background-stream,2026-03-30T03:27:16.307885,MEDIUM,0.765,0.172235,,0
12,CASH_OUT,4487.69,22555.89,18068.2,11703.79,16191.48,user-2931,merchant-131,0.2,False,False,True,False,False,0,0,5,24,False,0.0,0.0,0,background-stream,2026-03-30T03:27:18.541418,MEDIUM,0.765,0.170865,,0
5,DEBIT,8489.07,18184.31,9695.24,5704.52,14193.59,user-8412,merchant-799,0.25,False,False,True,False,False,0,0,0,26,False,0.0,0.0,1,background-stream,2026-03-30T03:27:20.831709,LOW,0.0675,0.178209,,0
1,TRANSFER,269.03,10793.67,10524.64,14645.41,14914.44,user-3801,merchant-299,0.2,False,False,True,False,False,0,0,2,28,False,0.0,0.0,0,background-stream,2026-03-30T03:27:23.072151,LOW,0.065001,0.218313,,0
10,DEBIT,5876.88,15394.65,9517.77,1423.67,7300.55,user-8249,merchant-992,0.2,False,False,True,False,False,0,0,1,39,False,0.0,0.0,0,background-stream,2026-03-30T03:27:25.304201,MEDIUM,0.7671,0.145098,,0
10,DEBIT,203.04,13499.97,13296.93,18188.05,18391.09,user-9014,merchant-115,0.2,False,False,True,False,False,0,0,1,28,False,0.0,0.0,0,background-stream,2026-03-30T03:27:27.592574,MEDIUM,0.767303,0.144626,,0
6,DEBIT,114.9,1511.12,1396.22,16397.53,16512.43,user-3307,merchant-215,0.25,False,False,True,False,False,0,0,2,37,False,0.0,0.0,1,background-stream,2026-03-30T03:27:29.845197,LOW,0.0675,0.180732,,0
10,DEBIT,5929.44,9632.13,3702.69,18770.4,24699.84,user-3561,merchant-242,0.25,False,False,True,False,False,0,0,0,34,False,0.0,0.0,1,background-stream,2026-03-30T03:27:32.135367,MEDIUM,0.770081,0.143977,,0
20,TRANSFER,5877.01,9328.58,3451.57,15237.45,21114.46,user-6293,merchant-539,0.2,False,False,True,False,False,0,0,8,36,False,0.0,0.0,0,background-stream,2026-03-30T03:27:34.312167,MEDIUM,0.765,0.167428,,0
12,DEBIT,2796.25,17331.57,14535.32,13332.09,16128.34,user-2541,merchant-206,0.2,False,False,True,False,False,0,0,3,27,False,0.0,0.0,0,background-stream,2026-03-30T03:27:36.581887,MEDIUM,0.775001,0.126663,,0
17,CASH_OUT,4654.89,13145.02,8490.13,5141.45,9796.34,user-3669,merchant-360,0.25,False,False,True,False,False,0,0,2,33,False,0.0,0.0,1,background-stream,2026-03-30T03:27:38.869600,MEDIUM,0.7675,0.16901,,0
6,TRANSFER,6234.85,17050.03,10815.18,3676.59,9911.44,user-2773,merchant-543,0.25,False,False,True,False,False,0,0,5,29,False,0.0,0.0,1,background-stream,2026-03-30T03:27:41.112449,LOW,0.0675,0.23007,,0
15,CASH_OUT,4474.81,9021.51,4546.7,9516.12,13990.93,user-3590,merchant-523,0.25,False,False,True,False,False,0,0,1,23,False,0.0,0.0,1,background-stream,2026-03-30T03:27:43.391401,MEDIUM,0.7675,0.156476,,0
23,CASH_IN,4161.15,14459.38,10298.23,679.67,4840.82,user-7599,merchant-444,0.2,False,False,True,False,False,0,0,1,37,False,0.0,0.0,0,background-stream,2026-03-30T03:27:45.708904,MEDIUM,0.765,0.173802,,0
8,TRANSFER,2601.31,21036.36,18435.05,9181.05,11782.36,user-1269,merchant-617,0.2,False,False,True,False,False,0,0,0,24,False,0.0,0.0,0,background-stream,2026-03-30T03:27:47.987527,MEDIUM,0.765,0.200609,,0
12,CASH_OUT,9243.5,26692.19,17448.69,17580.71,26824.21,user-6409,merchant-284,0.2,False,False,True,False,False,0,0,8,23,False,0.0,0.0,0,background-stream,2026-03-30T03:27:50.226919,MEDIUM,0.765,0.172692,,0
19,CASH_IN,9694.11,28716.63,19022.52,5325.77,15019.88,user-5958,merchant-879,0.25,False,False,True,False,False,0,0,3,31,False,0.0,0.0,1,background-stream,2026-03-30T03:27:52.491193,MEDIUM,0.7675,0.158759,,0
8,CASH_OUT,2893.35,12685.69,9792.34,9114.74,12008.09,user-3133,merchant-698,0.25,False,False,True,False,False,0,0,3,31,False,0.0,0.0,1,background-stream,2026-03-30T03:27:54.960301,MEDIUM,0.7675,0.216513,,0
24,CASH_OUT,9284.75,20368.58,11083.83,9327.99,18612.74,user-1474,merchant-480,0.2,False,False,True,False,False,0,0,4,29,False,0.0,0.0,0,background-stream,2026-03-30T03:27:57.210143,MEDIUM,0.765,0.196133,,0
18,DEBIT,8289.02,12587.36,4298.34,9624.81,17913.83,user-3462,merchant-110,0.2,False,False,True,False,False,0,0,3,29,False,0.0,0.0,0,background-stream,2026-03-30T03:27:59.476245,MEDIUM,0.777333,0.121221,,0
23,DEBIT,3568.19,22388.56,18820.37,11843.54,15411.73,user-4208,merchant-126,0.2,False,False,True,False,False,0,0,3,25,False,0.0,0.0,0,background-stream,2026-03-30T03:28:01.725625,MEDIUM,0.76769,0.143722,,0
18,TRANSFER,6961.71,25487.68,18525.97,3601.18,10562.89,user-2054,merchant-580,0.2,False,False,True,False,False,0,0,4,38,False,0.0,0.0,0,background-stream,2026-03-30T03:28:03.915588,MEDIUM,0.765,0.158446,,0
7,DEBIT,6330.27,18288.86,11958.59,857.75,7188.02,user-6967,merchant-508,0.2,False,False,True,False,False,0,0,8,34,False,0.0,0.0,0,background-stream,2026-03-30T03:28:06.230882,LOW,0.065,0.176767,,0
19,PAYMENT,4973.76,21347.44,16373.68,4101.36,9075.12,user-8496,merchant-849,0.25,False,False,True,False,False,0,0,4,36,False,0.0,0.0,1,background-stream,2026-03-30T03:28:08.488738,MEDIUM,0.7675,0.215569,,0
21,PAYMENT,3635.87,12694.14,9058.27,14163.99,17799.86,user-2367,merchant-506,0.2,False,False,True,False,False,0,0,3,26,False,0.0,0.0,0,background-stream,2026-03-30T03:28:10.764267,MEDIUM,0.765,0.219158,,0
24,PAYMENT,5280.71,13918.55,8637.84,14730.63,20011.34,user-1052,merchant-626,0.2,False,False,True,False,False,0,0,0,34,False,0.0,0.0,0,background-stream,2026-03-30T03:28:13.027118,MEDIUM,0.765,0.243612,,0
22,DEBIT,7484.52,15214.44,7729.92,9067.26,16551.78,user-9837,merchant-598,0.2,False,False,True,False,False,0,0,1,29,False,0.0,0.0,0,background-stream,2026-03-30T03:28:15.268732,MEDIUM,0.772826,0.13174,,0
20,CASH_IN,7277.81,14625.12,7347.31,11687.93,18965.74,user-4676,merchant-984,0.2,False,False,True,False,False,0,0,5,27,False,0.0,0.0,0,background-stream,2026-03-30T03:28:17.663325,MEDIUM,0.765,0.162222,,0
2,TRANSFER,3430.3,23124.67,19694.37,10695.86,14126.16,user-9467,merchant-677,0.25,False,False,True,False,False,0,0,4,32,False,0.0,0.0,1,background-stream,2026-03-30T03:28:19.920020,LOW,0.0675,0.210973,,0
5,CASH_OUT,1265.8,14040.89,12775.09,3970.59,5236.39,user-2209,merchant-546,0.35,False,False,True,False,False,0,0,1,40,False,0.0,0.0,3,background-stream,2026-03-30T03:28:22.195977,LOW,0.072501,0.235208,,0
6,TRANSFER,6275.49,7145.11,869.62,7498.17,13773.66,user-4834,merchant-153,0.2,False,False,True,False,False,0,0,5,31,False,0.0,0.0,0,background-stream,2026-03-30T03:28:24.484542,LOW,0.065,0.232844,,0
14,CASH_OUT,451.52,2199.68,1748.16,3726.88,4178.4,user-8679,merchant-276,0.25,False,False,True,False,False,0,0,1,31,False,0.0,0.0,1,background-stream,2026-03-30T03:28:26.725832,MEDIUM,0.7675,0.162,,0
10,PAYMENT,306.69,8547.79,8241.1,15456.12,15762.81,user-5904,merchant-290,0.2,False,False,True,False,False,0,0,0,31,False,0.0,0.0,0,background-stream,2026-03-30T03:28:29.064778,MEDIUM,0.765,0.237081,,0
5,CASH_OUT,7109.57,15674.04,8564.47,15195.49,22305.06,user-9113,merchant-490,0.2,False,False,True,False,False,0,0,3,24,False,0.0,0.0,0,background-stream,2026-03-30T03:28:31.311676,LOW,0.065013,0.236811,,0
17,CASH_OUT,1055.04,11219.51,10164.47,3221.79,4276.83,user-9619,merchant-226,0.2,False,False,True,False,False,0,0,4,33,False,0.0,0.0,0,background-stream,2026-03-30T03:28:33.554771,MEDIUM,0.765,0.168797,,0
8,CASH_IN,2442.58,21301.87,18859.29,11625.09,14067.67,user-1727,merchant-241,0.25,False,False,True,False,False,0,0,2,38,False,0.0,0.0,1,background-stream,2026-03-30T03:28:35.872182,MEDIUM,0.767499,0.198087,,0
9,TRANSFER,6593.38,26075.83,19482.45,15323.07,21916.45,user-3565,merchant-640,0.25,False,False,True,False,False,0,0,0,27,False,0.0,0.0,1,background-stream,2026-03-30T03:28:38.111739,MEDIUM,0.7675,0.193515,,0
8,CASH_IN,8969.46,15265.87,6296.41,19218.15,28187.61,user-2103,merchant-385,0.2,False,False,True,False,False,0,0,7,26,False,0.0,0.0,0,background-stream,2026-03-30T03:28:40.395046,MEDIUM,0.765,0.198597,,0
15,CASH_IN,3543.24,13396.69,9853.45,14098.92,17642.16,user-6092,merchant-795,0.25,False,False,True,False,False,0,0,2,37,False,0.0,0.0,1,background-stream,2026-03-30T03:28:42.630147,MEDIUM,0.770472,0.143064,,0
13,CASH_IN,9898.65,16620.75,6722.1,5139.94,15038.59,user-9869,merchant-144,0.25,False,False,True,False,False,0,0,2,33,False,0.0,0.0,1,background-stream,2026-03-30T03:28:44.882926,HIGH,0.8125,0.150347,,1
5,CASH_IN,3852.69,14152.11,10299.42,6933.74,10786.43,user-7920,merchant-399,0.3,False,False,True,False,False,0,0,1,31,False,0.0,0.0,2,background-stream,2026-03-30T03:28:47.222573,LOW,0.07,0.216275,,0
7,DEBIT,5405.19,16362.37,10957.18,3450.49,8855.68,user-3255,merchant-847,0.25,False,False,True,False,False,0,0,1,36,False,0.0,0.0,1,background-stream,2026-03-30T03:28:49.472936,LOW,0.0675,0.177167,,0
7,DEBIT,4209.44,9785.62,5576.18,2914.24,7123.68,user-2623,merchant-177,0.2,False,False,True,False,False,0,0,2,31,False,0.0,0.0,0,background-stream,2026-03-30T03:28:51.786635,LOW,0.065,0.177376,,0
18,PAYMENT,1461.92,1702.64,240.72,19294.88,20756.8,user-2964,merchant-492,0.25,False,False,True,False,False,0,0,2,40,False,0.0,0.0,1,background-stream,2026-03-30T03:28:54.079702,MEDIUM,0.7675,0.21536,,0
1,DEBIT,6912.76,9486.51,2573.75,11123.52,18036.28,user-8313,merchant-978,0.2,False,False,True,False,False,0,0,2,27,False,0.0,0.0,0,background-stream,2026-03-30T03:28:56.327115,LOW,0.065,0.189944,,0
1,DEBIT,2355.85,7858.27,5502.42,1898.76,4254.61,user-7925,merchant-398,0.2,False,False,True,False,False,0,0,5,27,False,0.0,0.0,0,background-stream,2026-03-30T03:28:58.570655,LOW,0.065,0.191789,,0
11,CASH_OUT,2705.38,12863.0,10157.62,8664.9,11370.28,user-3406,merchant-547,0.2,False,False,True,False,False,0,0,3,24,False,0.0,0.0,0,background-stream,2026-03-30T03:29:00.822671,MEDIUM,0.765,0.183999,,0
4,CASH_OUT,5026.12,20830.5,15804.38,10389.08,15415.2,user-7762,merchant-268,0.2,False,False,True,False,False,0,0,4,22,False,0.0,0.0,0,background-stream,2026-03-30T03:29:03.132263,LOW,0.065019,0.230081,,0
13,DEBIT,1093.86,6613.1,5519.24,16447.16,17541.02,user-1517,merchant-488,0.2,False,False,True,False,False,0,0,1,27,False,0.0,0.0,0,background-stream,2026-03-30T03:29:05.353063,MEDIUM,0.77937,0.116468,,0
17,PAYMENT,7575.69,22077.56,14501.87,8638.1,16213.79,user-6118,merchant-914,0.25,False,False,True,False,False,0,0,2,35,False,0.0,0.0,1,background-stream,2026-03-30T03:29:07.631272,MEDIUM,0.7675,0.21378,,0
18,PAYMENT,7232.42,20393.41,13160.99,15189.59,22422.01,user-5331,merchant-741,0.2,False,False,True,False,False,0,0,4,36,False,0.0,0.0,0,background-stream,2026-03-30T03:29:09.926649,MEDIUM,0.765,0.215891,,0
5,PAYMENT,6654.38,22181.88,15527.5,14029.47,20683.85,user-9193,merchant-516,0.2,False,False,True,False,False,0,0,4,39,False,0.0,0.0,0,background-stream,2026-03-30T03:29:12.204458,LOW,0.065,0.273929,,0
21,DEBIT,2261.36,21817.7,19556.34,11042.35,13303.71,user-1152,merchant-353,0.2,False,False,True,False,False,0,0,4,20,False,0.0,0.0,0,background-stream,2026-03-30T03:29:14.536099,MEDIUM,0.773971,0.129067,,0
4,PAYMENT,3705.52,4358.29,652.77,17616.6,21322.12,user-7644,merchant-391,0.2,False,False,True,False,False,0,0,5,35,False,0.0,0.0,0,background-stream,2026-03-30T03:29:16.761525,LOW,0.065,0.269658,,0
4,TRANSFER,3917.83,15712.23,11794.4,14267.11,18184.94,user-8236,merchant-868,0.2,False,False,True,False,False,0,0,2,30,False,0.0,0.0,0,background-stream,2026-03-30T03:29:19.036513,LOW,0.065001,0.218927,,0
18,TRANSFER,6380.57,9290.08,2909.51,10979.47,17360.04,user-8764,merchant-980,0.2,False,False,True,False,False,0,0,3,30,False,0.0,0.0,0,background-stream,2026-03-30T03:29:21.303962,MEDIUM,0.765,0.164827,,0
7,DEBIT,1109.59,16952.14,15842.55,3647.87,4757.46,user-8500,merchant-253,0.25,False,False,True,False,False,0,0,2,32,False,0.0,0.0,1,background-stream,2026-03-30T03:29:23.542695,LOW,0.0675,0.177779,,0
10,CASH_IN,816.28,9879.74,9063.46,2269.36,3085.64,user-4391,merchant-745,0.2,False,False,True,False,False,0,0,3,30,False,0.0,0.0,0,background-stream,2026-03-30T03:29:25.834718,MEDIUM,0.765,0.176612,,0
8,TRANSFER,2466.47,18272.9,15806.43,7356.27,9822.74,user-2734,merchant-234,0.2,False,False,True,False,False,0,0,2,36,False,0.0,0.0,0,background-stream,2026-03-30T03:29:28.099260,MEDIUM,0.765,0.202736,,0
7,DEBIT,3164.2,7682.12,4517.92,17129.88,20294.08,user-3341,merchant-989,0.25,False,False,True,False,False,0,0,5,29,False,0.0,0.0,1,background-stream,2026-03-30T03:29:30.340115,LOW,0.0675,0.176851,,0
4,PAYMENT,9070.92,22047.32,12976.4,3719.11,12790.03,user-3343,merchant-396,0.2,False,False,True,False,False,0,0,3,26,False,0.0,0.0,0,background-stream,2026-03-30T03:29:32.601530,LOW,0.065,0.268661,,0
7,TRANSFER,2178.21,21451.55,19273.34,10404.48,12582.69,user-8359,merchant-316,0.2,False,False,True,False,False,0,0,2,42,False,0.0,0.0,0,background-stream,2026-03-30T03:29:34.797338,LOW,0.065,0.223565,,0
2,CASH_IN,269.04,8842.92,8573.88,3728.81,3997.85,user-8132,merchant-272,0.2,False,False,True,False,False,0,0,3,34,False,0.0,0.0,0,background-stream,2026-03-30T03:29:37.082546,LOW,0.065,0.208803,,0
6,TRANSFER,5016.84,20429.13,15412.29,13496.55,18513.39,user-8036,merchant-365,0.25,False,False,True,False,False,0,0,1,34,False,0.0,0.0,1,background-stream,2026-03-30T03:29:39.324969,LOW,0.0675,0.22725,,0
10,DEBIT,2105.52,3561.53,1456.01,14498.11,16603.63,user-8276,merchant-714,0.2,False,False,True,False,False,0,0,6,39,False,0.0,0.0,0,background-stream,2026-03-30T03:29:41.589709,MEDIUM,0.766763,0.145886,,0
12,TRANSFER,7677.91,20270.01,12592.1,6638.73,14316.64,user-9039,merchant-199,0.2,False,False,True,False,False,0,0,6,34,False,0.0,0.0,0,background-stream,2026-03-30T03:29:43.853037,MEDIUM,0.765,0.1602,,0
11,PAYMENT,7674.33,18714.73,11040.4,9559.89,17234.22,user-5406,merchant-444,0.2,False,False,True,False,False,0,0,3,38,False,0.0,0.0,0,background-stream,2026-03-30T03:29:46.155596,MEDIUM,0.765,0.228014,,0
5,CASH_OUT,5829.48,18493.0,12663.52,11699.25,17528.73,user-8291,merchant-154,0.2,False,False,True,False,False,0,0,2,44,False,0.0,0.0,0,background-stream,2026-03-30T03:29:48.545601,LOW,0.065013,0.235345,,0
5,CASH_IN,4147.09,9454.95,5307.86,3965.76,8112.85,user-2514,merchant-278,0.2,False,False,True,False,False,0,0,2,23,False,0.0,0.0,0,background-stream,2026-03-30T03:29:50.776210,LOW,0.065,0.216275,,0
15,TRANSFER,3136.06,10973.45,7837.39,10243.04,13379.1,user-3912,merchant-756,0.2,False,False,True,False,False,0,0,3,32,False,0.0,0.0,0,background-stream,2026-03-30T03:29:53.056412,MEDIUM,0.765,0.151946,,0
8,TRANSFER,3520.62,15262.64,11742.02,12680.27,16200.89,user-3736,merchant-473,0.2,False,False,True,False,False,0,0,4,34,False,0.0,0.0,0,background-stream,2026-03-30T03:29:55.336205,MEDIUM,0.764999,0.202736,,0
6,CASH_IN,54.18,2878.95,2824.77,16145.77,16199.95,user-8858,merchant-556,0.2,False,False,True,False,False,0,0,2,34,False,0.0,0.0,0,background-stream,2026-03-30T03:29:57.613459,LOW,0.065,0.216514,,0
15,TRANSFER,3076.67,11011.35,7934.68,13239.48,16316.15,user-9266,merchant-818,0.2,False,False,True,False,False,0,0,3,30,False,0.0,0.0,0,background-stream,2026-03-30T03:29:59.893048,MEDIUM,0.765,0.151427,,0
5,CASH_IN,2857.24,3845.75,988.51,1518.35,4375.59,user-5053,merchant-138,0.2,False,False,True,False,False,0,0,4,35,False,0.0,0.0,0,background-stream,2026-03-30T03:30:02.162294,LOW,0.065,0.216275,,0
21,CASH_OUT,7114.6,23267.33,16152.73,18199.45,25314.05,user-7384,merchant-911,0.2,False,False,True,False,False,0,0,1,31,False,0.0,0.0,0,background-stream,2026-03-30T03:30:04.328209,MEDIUM,0.765,0.172097,,0
7,CASH_IN,6836.5,20006.11,13169.61,9822.09,16658.59,user-2728,merchant-831,0.2,False,False,True,False,False,0,0,3,29,False,0.0,0.0,0,background-stream,2026-03-30T03:30:06.573750,LOW,0.065,0.216903,,0
14,TRANSFER,4189.56,18021.54,13831.98,5379.58,9569.14,user-6522,merchant-166,0.2,False,False,True,False,False,0,0,1,30,False,0.0,0.0,0,background-stream,2026-03-30T03:30:08.830614,MEDIUM,0.765669,0.148439,,0
1,PAYMENT,2324.99,10155.55,7830.56,6826.66,9151.65,user-8505,merchant-751,0.2,False,False,True,False,False,0,0,3,29,False,0.0,0.0,0,background-stream,2026-03-30T03:30:11.120184,LOW,0.065,0.27153,,0
8,CASH_IN,4798.26,16057.4,11259.14,1090.0,5888.26,user-7794,merchant-137,0.2,False,False,True,False,False,0,0,6,37,False,0.0,0.0,0,background-stream,2026-03-30T03:30:13.350773,MEDIUM,0.765,0.198087,,0
11,PAYMENT,4896.12,23021.37,18125.25,263.21,5159.33,user-5099,merchant-333,0.2,False,False,True,False,False,0,0,2,37,False,0.0,0.0,0,background-stream,2026-03-30T03:30:15.596640,MEDIUM,0.765,0.230161,,0
11,PAYMENT,1619.89,9292.6,7672.71,19421.28,21041.17,user-4397,merchant-154,0.2,False,False,True,False,False,0,0,2,45,False,0.0,0.0,0,background-stream,2026-03-30T03:30:17.827324,MEDIUM,0.765,0.227976,,0
3,PAYMENT,9754.43,13084.37,3329.94,2979.57,12734.0,user-5305,merchant-824,0.25,False,False,True,False,False,0,0,4,31,False,0.0,0.0,1,background-stream,2026-03-30T03:30:20.066650,LOW,0.0675,0.265569,,0
5,TRANSFER,1624.05,5796.13,4172.08,9623.4,11247.45,user-7758,merchant-730,0.3,False,False,True,False,False,0,0,1,22,False,0.0,0.0,2,background-stream,2026-03-30T03:30:22.379759,LOW,0.070001,0.227461,,0
20,CASH_OUT,7112.09,16315.86,9203.77,19524.61,26636.7,user-1043,merchant-539,0.2,False,False,True,False,False,0,0,5,37,False,0.0,0.0,0,background-stream,2026-03-30T03:30:24.615097,MEDIUM,0.765,0.170305,,0
2,TRANSFER,9196.98,17942.18,8745.2,13210.12,22407.1,user-7760,merchant-609,0.2,False,False,True,False,False,0,0,3,46,False,0.0,0.0,0,background-stream,2026-03-30T03:30:26.859277,LOW,0.065,0.215013,,0
18,CASH_IN,4086.51,20572.06,16485.55,1605.85,5692.36,user-6125,merchant-221,0.2,False,False,True,False,False,0,0,3,32,False,0.0,0.0,0,background-stream,2026-03-30T03:30:29.116092,MEDIUM,0.765,0.156676,,0
8,DEBIT,6538.3,11248.38,4710.08,3882.11,10420.41,user-7148,merchant-938,0.25,False,False,True,False,False,0,0,2,25,False,0.0,0.0,1,background-stream,2026-03-30T03:30:31.477097,MEDIUM,0.767499,0.159501,,0
7,PAYMENT,1233.22,10585.86,9352.64,1265.39,2498.61,user-7952,merchant-726,0.3,False,False,True,False,False,0,0,3,39,False,0.0,0.0,2,background-stream,2026-03-30T03:30:33.704739,LOW,0.07,0.27935,,0
3,TRANSFER,2448.45,6168.04,3719.59,11528.3,13976.75,user-9548,merchant-678,0.2,False,False,True,False,False,0,0,1,39,False,0.0,0.0,0,background-stream,2026-03-30T03:30:35.952331,LOW,0.065001,0.220399,,0
14,DEBIT,5040.84,13320.09,8279.25,15279.79,20320.63,user-7114,merchant-179,0.2,False,False,True,False,False,0,0,4,30,False,0.0,0.0,0,background-stream,2026-03-30T03:30:38.195785,MEDIUM,0.782256,0.109735,,0
7,PAYMENT,3618.26,10742.66,7124.4,5034.26,8652.52,user-3938,merchant-254,0.25,False,False,True,False,False,0,0,1,33,False,0.0,0.0,1,background-stream,2026-03-30T03:30:40.463992,LOW,0.0675,0.280952,,0
21,CASH_IN,4407.81,13197.4,8789.59,12574.45,16982.26,user-4120,merchant-476,0.2,False,False,True,False,False,0,0,5,22,False,0.0,0.0,0,background-stream,2026-03-30T03:30:42.729875,MEDIUM,0.765,0.162089,,0
17,PAYMENT,4649.43,19494.89,14845.46,9715.39,14364.82,user-9166,merchant-887,0.2,False,False,True,False,False,0,0,1,35,False,0.0,0.0,0,background-stream,2026-03-30T03:30:45.002163,MEDIUM,0.765,0.214668,,0
12,CASH_OUT,429.58,2885.27,2455.69,7697.55,8127.13,user-8088,merchant-568,0.3,False,False,True,False,False,0,0,3,29,False,0.0,0.0,2,background-stream,2026-03-30T03:30:47.262691,MEDIUM,0.77,0.177276,,0
2,TRANSFER,2075.53,16579.02,14503.49,13664.45,15739.98,user-2822,merchant-517,0.25,False,False,True,False,False,0,0,5,37,False,0.0,0.0,1,background-stream,2026-03-30T03:30:49.518311,LOW,0.0675,0.212238,,0
7,TRANSFER,6789.58,21404.78,14615.2,6578.81,13368.39,user-7371,merchant-513,0.25,False,False,True,False,False,0,0,1,29,False,0.0,0.0,1,background-stream,2026-03-30T03:30:51.771379,LOW,0.0675,0.225581,,0
17,DEBIT,360.65,8952.79,8592.14,11051.68,11412.33,user-7889,merchant-493,0.2,False,False,True,False,False,0,0,3,21,False,0.0,0.0,0,background-stream,2026-03-30T03:30:54.125372,MEDIUM,0.778207,0.119183,,0
6,DEBIT,6093.53,24604.59,18511.06,7805.51,13899.04,user-9235,merchant-594,0.2,False,False,True,False,False,0,0,5,25,False,0.0,0.0,0,background-stream,2026-03-30T03:30:56.438010,LOW,0.065,0.181242,,0
11,TRANSFER,8043.78,14458.02,6414.24,19810.86,27854.64,user-4845,merchant-691,0.2,False,False,True,False,False,0,0,4,25,False,0.0,0.0,0,background-stream,2026-03-30T03:30:58.690388,MEDIUM,0.765,0.171894,,0
21,DEBIT,9382.8,24718.4,15335.6,17608.39,26991.19,user-7240,merchant-750,0.25,False,False,True,False,False,0,0,3,33,False,0.0,0.0,1,background-stream,2026-03-30T03:31:00.922027,MEDIUM,0.777147,0.127489,,0
17,DEBIT,6894.35,15492.87,8598.52,2172.94,9067.29,user-6798,merchant-872,0.25,False,False,True,False,False,0,0,5,26,False,0.0,0.0,1,background-stream,2026-03-30T03:31:03.144932,MEDIUM,0.78067,0.119269,,0
19,CASH_IN,6799.78,13740.5,6940.72,18600.1,25399.88,user-2269,merchant-746,0.3,False,False,True,False,False,0,0,2,26,False,0.0,0.0,2,background-stream,2026-03-30T03:31:05.438431,MEDIUM,0.77,0.159139,,0
19,CASH_OUT,2091.8,16095.49,14003.69,7108.09,9199.89,user-5516,merchant-986,0.2,False,False,True,False,False,0,0,2,29,False,0.0,0.0,0,background-stream,2026-03-30T03:31:07.722258,MEDIUM,0.765,0.170677,,0
5,DEBIT,6974.59,13022.18,6047.59,17763.78,24738.37,user-4578,merchant-188,0.25,False,False,True,False,False,0,0,4,24,False,0.0,0.0,1,background-stream,2026-03-30T03:31:09.981103,LOW,0.0675,0.177456,,0
6,TRANSFER,5359.58,16125.94,10766.36,15679.83,21039.41,user-3282,merchant-597,0.2,False,False,True,False,False,0,0,6,38,False,0.0,0.0,0,background-stream,2026-03-30T03:31:12.247870,LOW,0.065,0.229448,,0
7,CASH_IN,5883.06,9679.82,3796.76,18839.74,24722.8,user-3479,merchant-985,0.2,False,False,True,False,False,0,0,4,32,False,0.0,0.0,0,background-stream,2026-03-30T03:31:14.485540,LOW,0.065,0.217501,,0
7,TRANSFER,2654.74,12809.05,10154.31,16317.46,18972.2,user-5942,merchant-619,0.2,False,False,True,False,False,0,0,3,33,False,0.0,0.0,0,background-stream,2026-03-30T03:31:16.738169,LOW,0.065001,0.227497,,0
10,CASH_OUT,1857.75,14574.71,12716.96,13476.47,15334.22,user-7035,merchant-696,0.2,False,False,True,False,False,0,0,4,31,False,0.0,0.0,0,background-stream,2026-03-30T03:31:19.043038,MEDIUM,0.765,0.1927,,0
16,CASH_OUT,6867.7,20488.8,13621.1,17744.1,24611.8,user-3351,merchant-458,0.25,False,False,True,False,False,0,0,5,39,False,0.0,0.0,1,background-stream,2026-03-30T03:31:21.280024,MEDIUM,0.7675,0.156484,,0
20,DEBIT,8962.63,26343.24,17380.61,5738.85,14701.48,user-5054,merchant-998,0.2,False,False,True,False,False,0,0,2,19,False,0.0,0.0,0,background-stream,2026-03-30T03:31:23.541680,MEDIUM,0.774236,0.128448,,0
9,TRANSFER,2012.94,15398.83,13385.89,15024.23,17037.17,user-5937,merchant-862,0.25,False,False,True,False,False,0,0,2,41,False,0.0,0.0,1,background-stream,2026-03-30T03:31:25.805570,MEDIUM,0.7675,0.195528,,0
24,TRANSFER,8981.4,10540.74,1559.34,7463.82,16445.22,user-4669,merchant-103,0.2,False,False,True,False,False,0,0,1,21,False,0.0,0.0,0,background-stream,2026-03-30T03:31:28.086097,MEDIUM,0.765,0.195289,,0
4,CASH_OUT,4200.94,11873.63,7672.69,19926.65,24127.59,user-9746,merchant-705,0.2,False,False,True,False,False,0,0,3,42,False,0.0,0.0,0,background-stream,2026-03-30T03:31:30.416781,LOW,0.065013,0.232481,,0
13,CASH_OUT,9970.33,22849.51,12879.18,17960.14,27930.47,user-7070,merchant-345,0.25,False,False,True,False,False,0,0,2,31,False,0.0,0.0,1,background-stream,2026-03-30T03:31:32.695504,HIGH,0.8125,0.164963,,1
21,CASH_IN,1173.39,6615.24,5441.85,14217.38,15390.77,user-8996,merchant-851,0.25,False,False,True,False,False,0,0,4,30,False,0.0,0.0,1,background-stream,2026-03-30T03:31:35.142774,MEDIUM,0.7675,0.161981,,0
14,PAYMENT,479.49,5723.16,5243.67,10672.73,11152.22,user-5880,merchant-311,0.2,False,False,True,False,False,0,0,2,27,False,0.0,0.0,0,background-stream,2026-03-30T03:31:37.416293,MEDIUM,0.765,0.204062,,0
16,TRANSFER,5071.15,5767.65,696.5,19311.94,24383.09,user-1548,merchant-362,0.25,False,False,True,False,False,0,0,5,23,False,0.0,0.0,1,background-stream,2026-03-30T03:31:39.683953,MEDIUM,0.7675,0.155707,,0
9,TRANSFER,7348.04,8721.95,1373.91,16402.5,23750.54,user-5012,merchant-952,0.2,False,False,True,False,False,0,0,8,29,False,0.0,0.0,0,background-stream,2026-03-30T03:31:41.987174,MEDIUM,0.765,0.201071,,0
1,PAYMENT,2189.38,7135.93,4946.55,3192.51,5381.89,user-2648,merchant-145,0.2,False,False,True,False,False,0,0,2,35,False,0.0,0.0,0,background-stream,2026-03-30T03:31:44.272654,LOW,0.065,0.271122,,0
22,TRANSFER,7281.18,26482.14,19200.96,10738.5,18019.68,user-2770,merchant-997,0.2,False,False,True,False,False,0,0,1,25,False,0.0,0.0,0,background-stream,2026-03-30T03:31:46.584871,MEDIUM,0.765,0.1673,,0
5,PAYMENT,9477.99,11256.16,1778.17,15762.76,25240.75,user-4908,merchant-904,0.2,False,False,True,False,False,0,0,4,36,False,0.0,0.0,0,background-stream,2026-03-30T03:31:48.839127,LOW,0.065,0.273446,,0
20,DEBIT,3358.19,23129.21,19771.02,6818.69,10176.88,user-4124,merchant-521,0.2,False,False,True,False,False,0,0,2,31,False,0.0,0.0,0,background-stream,2026-03-30T03:31:51.082591,MEDIUM,0.773942,0.129134,,0
12,CASH_OUT,6563.42,15956.14,9392.72,987.24,7550.66,user-6052,merchant-228,0.2,False,False,True,False,False,0,0,1,33,False,0.0,0.0,0,background-stream,2026-03-30T03:31:53.438240,MEDIUM,0.765,0.172124,,0
10,DEBIT,6241.88,20650.97,14409.09,7525.98,13767.86,user-2324,merchant-502,0.2,False,False,True,False,False,0,0,1,30,False,0.0,0.0,0,background-stream,2026-03-30T03:31:55.663685,MEDIUM,0.76738,0.144447,,0
22,CASH_IN,927.18,17490.81,16563.63,6653.2,7580.38,user-1773,merchant-771,0.25,False,False,True,False,False,0,0,0,26,False,0.0,0.0,1,background-stream,2026-03-30T03:31:57.938520,MEDIUM,0.7675,0.166491,,0
22,CASH_IN,8893.69,27192.75,18299.06,11912.53,20806.22,user-7764,merchant-382,0.2,False,False,True,False,False,0,0,7,39,False,0.0,0.0,0,background-stream,2026-03-30T03:32:00.228169,MEDIUM,0.765,0.166296,,0
24,CASH_OUT,6143.69,15077.5,8933.81,16972.55,23116.24,user-6967,merchant-262,0.2,False,False,True,False,False,0,0,9,26,False,0.0,0.0,0,background-stream,2026-03-30T03:32:02.544735,MEDIUM,0.765,0.196961,,0
23,CASH_OUT,3417.41,6521.78,3104.37,5229.46,8646.87,user-3223,merchant-863,0.2,False,False,True,False,False,0,0,3,30,False,0.0,0.0,0,background-stream,2026-03-30T03:32:04.835105,MEDIUM,0.765,0.190227,,0
10,DEBIT,7815.77,8640.99,825.22,7586.08,15401.85,user-1370,merchant-442,0.2,False,False,True,False,False,0,0,6,22,False,0.0,0.0,0,background-stream,2026-03-30T03:32:07.100020,MEDIUM,0.767015,0.145297,,0
18,DEBIT,3624.54,15079.02,11454.48,14576.08,18200.62,user-7355,merchant-920,0.25,False,False,True,False,False,0,0,1,28,False,0.0,0.0,1,background-stream,2026-03-30T03:32:09.361937,MEDIUM,0.779466,0.122079,,0
21,CASH_OUT,9608.94,27002.06,17393.12,16311.49,25920.43,user-5512,merchant-185,0.25,False,False,True,False,False,0,0,4,27,False,0.0,0.0,1,background-stream,2026-03-30T03:32:11.658428,MEDIUM,0.7675,0.172005,,0
3,TRANSFER,9534.95,20753.96,11219.01,9606.72,19141.67,user-8190,merchant-342,0.2,False,False,True,False,False,0,0,5,22,False,0.0,0.0,0,background-stream,2026-03-30T03:32:13.924548,LOW,0.065,0.218091,,0
21,CASH_IN,2692.69,3707.94,1015.25,7916.64,10609.33,user-8943,merchant-978,0.2,False,False,True,False,False,0,0,4,28,False,0.0,0.0,0,background-stream,2026-03-30T03:32:16.255695,MEDIUM,0.765,0.161981,,0
17,CASH_IN,3929.44,23777.74,19848.3,19463.7,23393.14,user-1784,merchant-100,0.2,False,False,True,False,False,0,0,2,28,False,0.0,0.0,0,background-stream,2026-03-30T03:32:18.536151,MEDIUM,0.765,0.154085,,0
24,TRANSFER,8374.22,27875.42,19501.2,11729.84,20104.06,user-5094,merchant-950,0.2,False,False,True,False,False,0,0,6,33,False,0.0,0.0,0,background-stream,2026-03-30T03:32:20.801030,MEDIUM,0.765,0.187741,,0
12,CASH_IN,3144.93,6463.53,3318.6,1252.66,4397.59,user-1061,merchant-937,0.2,False,False,True,False,False,0,0,1,28,False,0.0,0.0,0,background-stream,2026-03-30T03:32:23.066329,MEDIUM,0.765,0.156883,,0
23,PAYMENT,1350.75,12644.57,11293.82,16466.74,17817.49,user-7445,merchant-192,0.25,False,False,True,False,False,0,0,2,38,False,0.0,0.0,1,background-stream,2026-03-30T03:32:25.311547,MEDIUM,0.7675,0.232688,,0
14,TRANSFER,7944.03,16894.9,8950.87,12456.21,20400.24,user-9265,merchant-665,0.25,False,False,True,False,False,0,0,4,49,False,0.0,0.0,1,background-stream,2026-03-30T03:32:27.665332,MEDIUM,0.7675,0.150113,,0
22,TRANSFER,8550.2,18335.48,9785.28,2926.44,11476.64,user-8683,merchant-417,0.2,False,False,True,False,False,0,0,4,23,False,0.0,0.0,0,background-stream,2026-03-30T03:32:29.941909,MEDIUM,0.765,0.171601,,0
22,DEBIT,5525.14,21623.67,16098.53,13225.0,18750.14,user-2125,merchant-587,0.2,False,False,True,False,False,0,0,5,24,False,0.0,0.0,0,background-stream,2026-03-30T03:32:32.189026,MEDIUM,0.772853,0.131675,,0
23,DEBIT,2035.33,15964.09,13928.76,13772.85,15808.18,user-3483,merchant-375,0.2,False,False,True,False,False,0,0,4,27,False,0.0,0.0,0,background-stream,2026-03-30T03:32:34.388217,MEDIUM,0.767738,0.143609,,0
14,CASH_IN,2391.98,12889.16,10497.18,10069.77,12461.75,user-6948,merchant-349,0.2,False,False,True,False,False,0,0,0,33,False,0.0,0.0,0,background-stream,2026-03-30T03:32:36.740379,MEDIUM,0.766908,0.145547,,0
24,PAYMENT,6579.28,20555.45,13976.17,17523.99,24103.27,user-3094,merchant-937,0.2,False,False,True,False,False,0,0,5,29,False,0.0,0.0,0,background-stream,2026-03-30T03:32:39.049400,MEDIUM,0.765,0.242463,,0
22,CASH_IN,6408.86,14148.83,7739.97,7423.89,13832.75,user-7235,merchant-164,0.2,False,False,True,False,False,0,0,2,27,False,0.0,0.0,0,background-stream,2026-03-30T03:32:41.335096,MEDIUM,0.765,0.16667,,0
11,PAYMENT,7395.03,14531.44,7136.41,16013.86,23408.89,user-4517,merchant-383,0.2,False,False,True,False,False,0,0,7,27,False,0.0,0.0,0,background-stream,2026-03-30T03:32:43.581471,MEDIUM,0.765,0.229431,,0
19,DEBIT,1788.15,20206.2,18418.05,5315.2,7103.35,user-9593,merchant-526,0.2,False,False,True,False,False,0,0,1,32,False,0.0,0.0,0,background-stream,2026-03-30T03:32:45.881599,MEDIUM,0.77643,0.123329,,0
20,PAYMENT,4294.32,9130.99,4836.67,10953.89,15248.21,user-6014,merchant-363,0.2,False,False,True,False,False,0,0,1,31,False,0.0,0.0,0,background-stream,2026-03-30T03:32:48.109166,MEDIUM,0.765,0.217928,,0
18,CASH_IN,2535.68,7585.26,5049.58,9702.02,12237.7,user-8495,merchant-543,0.25,False,False,True,False,False,0,0,3,30,False,0.0,0.0,1,background-stream,2026-03-30T03:32:50.442342,MEDIUM,0.7675,0.156567,,0
13,TRANSFER,4519.44,9804.57,5285.13,12261.27,16780.71,user-3327,merchant-579,0.25,False,False,True,False,False,0,0,2,36,False,0.0,0.0,1,background-stream,2026-03-30T03:32:52.736133,MEDIUM,0.7675,0.152288,,0
12,PAYMENT,3583.83,8445.65,4861.82,1265.11,4848.94,user-8168,merchant-387,0.2,False,False,True,False,False,0,0,1,32,False,0.0,0.0,0,background-stream,2026-03-30T03:32:55.026256,MEDIUM,0.765,0.219607,,0
5,DEBIT,2924.92,6135.78,3210.86,11767.5,14692.42,user-5909,merchant-121,0.2,False,False,True,False,False,0,0,4,27,False,0.0,0.0,0,background-stream,2026-03-30T03:32:57.295114,LOW,0.065,0.178639,,0
18,CASH_OUT,2029.05,3540.58,1511.53,4967.81,6996.86,user-2073,merchant-675,0.2,False,False,True,False,False,0,0,4,28,False,0.0,0.0,0,background-stream,2026-03-30T03:32:59.599941,MEDIUM,0.765,0.176338,,0
23,DEBIT,1964.34,6590.98,4626.64,8128.87,10093.21,user-1440,merchant-400,0.2,False,False,True,False,False,0,0,1,30,False,0.0,0.0,0,background-stream,2026-03-30T03:33:01.896193,MEDIUM,0.767786,0.143497,,0
13,TRANSFER,7833.95,9520.86,1686.91,1016.49,8850.44,user-3215,merchant-946,0.35,False,False,True,False,False,0,0,3,27,False,0.0,0.0,3,background-stream,2026-03-30T03:33:04.088224,MEDIUM,0.7725,0.155873,,0
1,PAYMENT,8684.94,20835.54,12150.6,4719.53,13404.47,user-9034,merchant-747,0.2,False,False,True,False,False,0,0,3,24,False,0.0,0.0,0,background-stream,2026-03-30T03:33:06.385473,LOW,0.065,0.269192,,0
13,DEBIT,5231.77,21476.61,16244.84,14538.86,19770.63,user-3743,merchant-393,0.25,False,False,True,False,False,0,0,3,36,False,0.0,0.0,1,background-stream,2026-03-30T03:33:08.648151,MEDIUM,0.78203,0.116096,,0
2,PAYMENT,6527.26,9623.42,3096.16,12798.96,19326.22,user-7442,merchant-754,0.2,False,False,True,False,False,0,0,3,24,False,0.0,0.0,0,background-stream,2026-03-30T03:33:10.882213,LOW,0.065,0.266192,,0
1,TRANSFER,1147.15,18013.05,16865.9,60.19,1207.34,user-7528,merchant-752,0.2,False,False,True,False,False,0,0,1,37,False,0.0,0.0,0,background-stream,2026-03-30T03:33:13.168991,LOW,0.065,0.216785,,0
14,TRANSFER,1812.36,10212.99,8400.63,563.29,2375.65,user-4243,merchant-575,0.3,False,False,True,False,False,0,0,2,32,False,0.0,0.0,2,background-stream,2026-03-30T03:33:15.399029,MEDIUM,0.77,0.151222,,0
18,PAYMENT,9457.42,15901.05,6443.63,5801.12,15258.54,user-5373,merchant-705,0.2,False,False,True,False,False,0,0,2,43,False,0.0,0.0,0,background-stream,2026-03-30T03:33:17.659086,MEDIUM,0.765,0.214523,,0
20,TRANSFER,3345.6,5809.87,2464.27,14403.25,17748.85,user-2352,merchant-891,0.2,False,False,True,False,False,0,0,1,33,False,0.0,0.0,0,background-stream,2026-03-30T03:33:19.946084,MEDIUM,0.765,0.168691,,0
24,DEBIT,3168.73,13073.83,9905.1,10558.95,13727.68,user-3087,merchant-836,0.2,False,False,True,False,False,0,0,2,27,False,0.0,0.0,0,background-stream,2026-03-30T03:33:22.210793,MEDIUM,0.765,0.154576,,0
21,PAYMENT,405.17,6219.13,5813.96,9046.22,9451.39,user-4150,merchant-178,0.2,False,False,True,False,False,0,0,4,25,False,0.0,0.0,0,background-stream,2026-03-30T03:33:24.530276,MEDIUM,0.765,0.218405,,0
13,CASH_OUT,2402.9,19356.59,16953.69,15135.69,17538.59,user-2435,merchant-123,0.2,False,False,True,False,False,0,0,3,19,False,0.0,0.0,0,background-stream,2026-03-30T03:33:26.771193,MEDIUM,0.765,0.164438,,0
11,TRANSFER,6945.88,12058.41,5112.53,2356.24,9302.12,user-1964,merchant-810,0.2,False,False,True,False,False,0,0,2,38,False,0.0,0.0,0,background-stream,2026-03-30T03:33:29.072138,MEDIUM,0.765,0.172901,,0
2,TRANSFER,6364.87,12771.47,6406.6,9318.04,15682.91,user-9654,merchant-854,0.2,False,False,True,False,False,0,0,0,41,False,0.0,0.0,0,background-stream,2026-03-30T03:33:31.321855,LOW,0.065,0.215485,,0
16,CASH_IN,6522.41,25720.22,19197.81,7206.77,13729.18,user-9442,merchant-647,0.2,False,False,True,False,False,0,0,1,28,False,0.0,0.0,0,background-stream,2026-03-30T03:33:33.507743,MEDIUM,0.767944,0.143129,,0
6,PAYMENT,7960.11,15676.42,7716.31,695.78,8655.89,user-9550,merchant-959,0.2,False,False,True,False,False,0,0,0,35,False,0.0,0.0,0,background-stream,2026-03-30T03:33:35.838561,LOW,0.065,0.280702,,0
15,CASH_OUT,6536.41,14557.12,8020.71,13846.88,20383.29,user-2444,merchant-113,0.3,False,False,True,False,False,0,0,2,33,False,0.0,0.0,2,background-stream,2026-03-30T03:33:38.221660,MEDIUM,0.77,0.154965,,0
24,CASH_IN,537.1,17610.41,17073.31,7860.66,8397.76,user-5419,merchant-116,0.25,False,False,True,False,False,0,0,2,23,False,0.0,0.0,1,background-stream,2026-03-30T03:33:40.583491,MEDIUM,0.7675,0.184349,,0
14,CASH_IN,2526.45,14171.42,11644.97,284.89,2811.34,user-4321,merchant-990,0.2,False,False,True,False,False,0,0,2,26,False,0.0,0.0,0,background-stream,2026-03-30T03:33:42.852287,MEDIUM,0.766956,0.145435,,0
21,CASH_OUT,6626.88,22961.88,16335.0,10466.86,17093.74,user-4126,merchant-471,0.25,False,False,True,False,False,0,0,2,31,False,0.0,0.0,1,background-stream,2026-03-30T03:33:45.093120,MEDIUM,0.7675,0.171481,,0
12,PAYMENT,7066.46,12800.68,5734.22,9337.38,16403.84,user-3027,merchant-580,0.2,False,False,True,False,False,0,0,3,39,False,0.0,0.0,0,background-stream,2026-03-30T03:33:47.479116,MEDIUM,0.765,0.219854,,0
11,TRANSFER,4744.8,21508.57,16763.77,4761.91,9506.71,user-4020,merchant-486,0.2,False,False,True,False,False,0,0,1,40,False,0.0,0.0,0,background-stream,2026-03-30T03:33:49.751721,MEDIUM,0.765,0.170178,,0
2,TRANSFER,1953.15,7192.98,5239.83,9816.79,11769.94,user-1919,merchant-525,0.2,False,False,True,False,False,0,0,4,29,False,0.0,0.0,0,background-stream,2026-03-30T03:33:52.011558,LOW,0.065,0.215663,,0
10,CASH_IN,876.24,2557.69,1681.45,13110.74,13986.98,user-2887,merchant-412,0.2,False,False,True,False,False,0,0,3,32,False,0.0,0.0,0,background-stream,2026-03-30T03:33:54.329342,MEDIUM,0.765,0.176612,,0
6,DEBIT,2394.55,16986.39,14591.84,19387.16,21781.71,user-3913,merchant-491,0.25,False,False,True,False,False,0,0,3,35,False,0.0,0.0,1,background-stream,2026-03-30T03:33:56.589510,LOW,0.0675,0.181295,,0
9,PAYMENT,4571.81,17409.81,12838.0,5654.3,10226.11,user-4273,merchant-458,0.25,False,False,True,False,False,0,0,6,40,False,0.0,0.0,1,background-stream,2026-03-30T03:33:58.956403,MEDIUM,0.7675,0.251621,,0
1,CASH_IN,6805.81,16580.12,9774.31,897.59,7703.4,user-9118,merchant-537,0.2,False,False,True,False,False,0,0,2,39,False,0.0,0.0,0,background-stream,2026-03-30T03:34:01.205926,LOW,0.065,0.212158,,0
16,CASH_OUT,2039.98,16968.41,14928.43,9541.87,11581.85,user-5062,merchant-995,0.2,False,False,True,False,False,0,0,2,25,False,0.0,0.0,0,background-stream,2026-03-30T03:34:03.413308,MEDIUM,0.765,0.155993,,0
4,PAYMENT,1953.43,20333.15,18379.72,13510.5,15463.93,user-1526,merchant-711,0.2,False,False,True,False,False,0,0,2,35,False,0.0,0.0,0,background-stream,2026-03-30T03:34:05.654275,LOW,0.065,0.268641,,0
18,PAYMENT,5648.54,22050.38,16401.84,14409.08,20057.62,user-1709,merchant-590,0.25,False,False,True,False,False,0,0,4,23,False,0.0,0.0,1,background-stream,2026-03-30T03:34:07.886180,MEDIUM,0.7675,0.216873,,0
8,DEBIT,2363.31,20558.07,18194.76,7667.75,10031.06,user-7385,merchant-597,0.2,False,False,True,False,False,0,0,4,39,False,0.0,0.0,0,background-stream,2026-03-30T03:34:10.173745,MEDIUM,0.765,0.160853,,0
15,TRANSFER,1994.42,10444.06,8449.64,12685.12,14679.54,user-1637,merchant-318,0.2,False,False,True,False,False,0,0,3,24,False,0.0,0.0,0,background-stream,2026-03-30T03:34:12.427395,MEDIUM,0.765,0.151427,,0
7,CASH_OUT,905.11,2420.03,1514.92,12356.9,13262.01,user-4499,merchant-231,0.3,False,False,True,False,False,0,0,4,32,False,0.0,0.0,2,background-stream,2026-03-30T03:34:14.663226,LOW,0.070728,0.242582,,0
12,PAYMENT,8750.03,16271.95,7521.92,19352.91,28102.94,user-5804,merchant-416,0.2,False,False,True,False,False,0,0,0,43,False,0.0,0.0,0,background-stream,2026-03-30T03:34:16.900238,MEDIUM,0.765,0.218342,,0
17,DEBIT,1630.6,6535.18,4904.58,9058.48,10689.08,user-6202,merchant-377,0.2,False,False,True,False,False,0,0,4,27,False,0.0,0.0,0,background-stream,2026-03-30T03:34:19.174144,MEDIUM,0.7777,0.120365,,0
20,PAYMENT,7021.36,13043.95,6022.59,13476.37,20497.73,user-8064,merchant-144,0.3,False,False,True,False,False,0,0,1,34,False,0.0,0.0,2,background-stream,2026-03-30T03:34:21.491408,MEDIUM,0.77,0.217996,,0
18,TRANSFER,8807.44,13297.1,4489.66,3952.54,12759.98,user-8156,merchant-836,0.2,False,False,True,False,False,0,0,1,28,False,0.0,0.0,0,background-stream,2026-03-30T03:34:23.707729,MEDIUM,0.765,0.162242,,0
13,CASH_IN,4613.71,7387.84,2774.13,15528.44,20142.15,user-7967,merchant-917,0.2,False,False,True,False,False,0,0,2,40,False,0.0,0.0,0,background-stream,2026-03-30T03:34:25.966306,MEDIUM,0.765,0.150051,,0
23,PAYMENT,6081.62,15627.38,9545.76,13904.54,19986.16,user-4895,merchant-768,0.2,False,False,True,False,False,0,0,3,42,False,0.0,0.0,0,background-stream,2026-03-30T03:34:28.229867,MEDIUM,0.765,0.232965,,0
20,DEBIT,6198.17,16227.56,10029.39,11155.56,17353.73,user-8438,merchant-988,0.2,False,False,True,False,False,0,0,1,31,False,0.0,0.0,0,background-stream,2026-03-30T03:34:30.477910,MEDIUM,0.774454,0.127941,,0
14,PAYMENT,8540.4,10295.83,1755.43,8026.85,16567.25,user-2178,merchant-969,0.2,False,False,True,False,False,0,0,4,31,False,0.0,0.0,0,background-stream,2026-03-30T03:34:32.713924,MEDIUM,0.765,0.20665,,0
18,PAYMENT,6563.13,15097.27,8534.14,16344.25,22907.38,user-7845,merchant-962,0.2,False,False,True,False,False,0,0,3,30,False,0.0,0.0,0,background-stream,2026-03-30T03:34:34.989100,MEDIUM,0.765,0.216288,,0
7,CASH_OUT,5613.23,21571.44,15958.21,17341.44,22954.67,user-7556,merchant-859,0.25,False,False,True,False,False,0,0,2,33,False,0.0,0.0,1,background-stream,2026-03-30T03:34:37.244491,LOW,0.067506,0.2372,,0
18,CASH_OUT,6612.6,17464.35,10851.75,16815.79,23428.39,user-4513,merchant-622,0.2,False,False,True,False,False,0,0,2,36,False,0.0,0.0,0,background-stream,2026-03-30T03:34:39.496856,MEDIUM,0.765,0.170945,,0
8,PAYMENT,8709.65,22454.45,13744.8,10162.05,18871.7,user-3160,merchant-608,0.3,False,False,True,False,False,0,0,5,22,False,0.0,0.0,2,background-stream,2026-03-30T03:34:41.777481,MEDIUM,0.77,0.259588,,0
6,CASH_IN,7104.81,19378.16,12273.35,8398.57,15503.38,user-7629,merchant-244,0.25,False,False,True,False,False,0,0,5,28,False,0.0,0.0,1,background-stream,2026-03-30T03:34:44.090301,LOW,0.0675,0.216395,,0
24,CASH_OUT,4818.46,24481.21,19662.75,1693.14,6511.6,user-3284,merchant-721,0.2,False,False,True,False,False,0,0,2,26,False,0.0,0.0,0,background-stream,2026-03-30T03:34:46.324238,MEDIUM,0.765,0.195844,,0
24,CASH_OUT,1150.44,1455.79,305.35,12611.61,13762.05,user-3509,merchant-601,0.2,False,False,True,False,False,0,0,4,24,False,0.0,0.0,0,background-stream,2026-03-30T03:34:48.628665,MEDIUM,0.765,0.201294,,0
12,TRANSFER,934.11,3206.13,2272.02,333.63,1267.74,user-9918,merchant-537,0.2,False,False,True,False,False,0,0,4,40,False,0.0,0.0,0,background-stream,2026-03-30T03:34:50.886038,MEDIUM,0.765,0.167123,,0
9,DEBIT,5781.02,18543.27,12762.25,19897.87,25678.89,user-9302,merchant-949,0.2,False,False,True,False,False,0,0,7,33,False,0.0,0.0,0,background-stream,2026-03-30T03:34:53.153680,MEDIUM,0.765,0.1529,,0
18,PAYMENT,5660.18,19494.11,13833.93,3668.04,9328.22,user-2236,merchant-631,0.2,False,False,True,False,False,0,0,3,27,False,0.0,0.0,0,background-stream,2026-03-30T03:34:55.410223,MEDIUM,0.765,0.2164,,0
21,DEBIT,650.93,12320.18,11669.25,3270.4,3921.33,user-4523,merchant-306,0.25,False,False,True,False,False,0,0,4,33,False,0.0,0.0,1,background-stream,2026-03-30T03:34:57.626505,MEDIUM,0.776909,0.128044,,0
13,TRANSFER,1686.5,18746.9,17060.4,11082.39,12768.89,user-4847,merchant-494,0.2,False,False,True,False,False,0,0,2,38,False,0.0,0.0,0,background-stream,2026-03-30T03:34:59.865671,MEDIUM,0.765324,0.149244,,0
23,TRANSFER,9212.95,14561.88,5348.93,5058.6,14271.55,user-6012,merchant-872,0.25,False,False,True,False,False,0,0,4,27,False,0.0,0.0,1,background-stream,2026-03-30T03:35:02.090780,MEDIUM,0.7675,0.181371,,0
5,CASH_IN,6080.31,25351.9,19271.59,15525.81,21606.12,user-5735,merchant-778,0.2,False,False,True,False,False,0,0,3,27,False,0.0,0.0,0,background-stream,2026-03-30T03:35:04.282620,LOW,0.065,0.216157,,0
21,TRANSFER,6531.33,7878.66,1347.33,4968.97,11500.3,user-9819,merchant-766,0.2,False,False,True,False,False,0,0,3,34,False,0.0,0.0,0,background-stream,2026-03-30T03:35:06.567770,MEDIUM,0.765,0.169028,,0
10,TRANSFER,5462.23,7740.07,2277.84,12912.74,18374.97,user-1411,merchant-562,0.25,False,False,True,False,False,0,0,3,34,False,0.0,0.0,1,background-stream,2026-03-30T03:35:08.792387,MEDIUM,0.7675,0.188218,,0
20,TRANSFER,5012.85,20484.02,15471.17,8289.56,13302.41,user-2588,merchant-499,0.2,False,False,True,False,False,0,0,3,27,False,0.0,0.0,0,background-stream,2026-03-30T03:35:11.021344,MEDIUM,0.765,0.164998,,0
7,PAYMENT,7352.02,18094.74,10742.72,17832.98,25185.0,user-7686,merchant-647,0.2,False,False,True,False,False,0,0,11,29,False,0.0,0.0,0,background-stream,2026-03-30T03:35:13.273324,LOW,0.065,0.280625,,0
21,CASH_IN,7069.27,26681.02,19611.75,14492.78,21562.05,user-6075,merchant-615,0.25,False,False,True,False,False,0,0,7,28,False,0.0,0.0,1,background-stream,2026-03-30T03:35:15.508178,MEDIUM,0.7675,0.161892,,0
18,DEBIT,4780.27,7270.07,2489.8,5952.67,10732.94,user-1705,merchant-736,0.2,False,False,True,False,False,0,0,2,31,False,0.0,0.0,0,background-stream,2026-03-30T03:35:17.821163,MEDIUM,0.776966,0.122079,,0
13,DEBIT,1429.64,18255.73,16826.09,15829.49,17259.13,user-4257,merchant-473,0.2,False,False,True,False,False,0,0,5,35,False,0.0,0.0,0,background-stream,2026-03-30T03:35:20.053827,MEDIUM,0.779414,0.116367,,0
7,CASH_IN,7998.41,26239.8,18241.39,11109.26,19107.67,user-6960,merchant-306,0.25,False,False,True,False,False,0,0,4,34,False,0.0,0.0,1,background-stream,2026-03-30T03:35:22.285946,LOW,0.0675,0.216903,,0
2,PAYMENT,9483.19,22561.5,13078.31,18002.89,27486.08,user-8926,merchant-447,0.2,False,False,True,False,False,0,0,1,38,False,0.0,0.0,0,background-stream,2026-03-30T03:35:24.503881,LOW,0.065,0.264227,,0
23,CASH_OUT,3073.48,17048.93,13975.45,9523.14,12596.62,user-2602,merchant-732,0.2,False,False,True,False,False,0,0,2,35,False,0.0,0.0,0,background-stream,2026-03-30T03:35:26.711222,MEDIUM,0.765,0.185934,,0
12,TRANSFER,9291.95,20700.18,11408.23,753.68,10045.63,user-9351,merchant-310,0.2,False,False,True,False,False,0,0,2,20,False,0.0,0.0,0,background-stream,2026-03-30T03:35:29.007551,MEDIUM,0.765,0.160758,,0
20,CASH_IN,4101.23,13706.67,9605.44,722.2,4823.43,user-5432,merchant-528,0.2,False,False,True,False,False,0,0,5,34,False,0.0,0.0,0,background-stream,2026-03-30T03:35:31.278769,MEDIUM,0.765,0.162292,,0
6,CASH_IN,7621.03,9533.13,1912.1,11476.99,19098.02,user-7882,merchant-353,0.2,False,False,True,False,False,0,0,0,21,False,0.0,0.0,0,background-stream,2026-03-30T03:35:33.456872,LOW,0.065,0.216674,,0
5,CASH_IN,5735.56,23535.92,17800.36,1121.98,6857.54,user-7366,merchant-755,0.2,False,False,True,False,False,0,0,3,31,False,0.0,0.0,0,background-stream,2026-03-30T03:35:35.689213,LOW,0.065,0.216467,,0
6,DEBIT,5321.34,7784.67,2463.33,2493.21,7814.55,user-2376,merchant-431,0.2,False,False,True,False,False,0,0,1,30,False,0.0,0.0,0,background-stream,2026-03-30T03:35:38.352558,LOW,0.065,0.180956,,0
3,PAYMENT,3024.42,3050.16,25.74,17256.95,20281.37,user-1051,merchant-144,0.3,False,False,True,False,False,0,0,2,35,False,0.0,0.0,2,background-stream,2026-03-30T03:35:40.838300,LOW,0.07,0.26761,,0
11,CASH_OUT,4004.83,18253.01,14248.18,5821.57,9826.4,user-7204,merchant-441,0.2,False,False,True,False,False,0,0,3,32,False,0.0,0.0,0,background-stream,2026-03-30T03:35:43.106663,MEDIUM,0.765,0.183586,,0
6,TRANSFER,4981.23,21518.8,16537.57,14535.65,19516.88,user-9322,merchant-233,0.2,False,False,True,False,False,0,0,1,27,False,0.0,0.0,0,background-stream,2026-03-30T03:35:45.365321,LOW,0.065,0.22725,,0
2,DEBIT,4547.09,9601.15,5054.06,14941.01,19488.1,user-9601,merchant-128,0.2,False,False,True,False,False,0,0,3,34,False,0.0,0.0,0,background-stream,2026-03-30T03:35:47.626069,LOW,0.065,0.188459,,0
4,TRANSFER,7136.02,11705.69,4569.67,5575.17,12711.19,user-6770,merchant-616,0.25,False,False,True,False,False,0,0,0,23,False,0.0,0.0,1,background-stream,2026-03-30T03:35:49.856351,LOW,0.067501,0.221285,,0
3,TRANSFER,1623.2,19757.31,18134.11,7226.27,8849.47,user-3706,merchant-971,0.2,False,False,True,False,False,0,0,5,29,False,0.0,0.0,0,background-stream,2026-03-30T03:35:52.229904,LOW,0.065001,0.215428,,0
20,CASH_OUT,2008.33,16726.1,14717.77,140.98,2149.31,user-7690,merchant-563,0.25,False,False,True,False,False,0,0,3,28,False,0.0,0.0,1,background-stream,2026-03-30T03:35:54.448317,MEDIUM,0.7675,0.169911,,0
10,CASH_OUT,642.63,5240.54,4597.91,526.1,1168.73,user-6132,merchant-127,0.2,False,False,True,False,False,0,0,3,37,False,0.0,0.0,0,background-stream,2026-03-30T03:35:56.737029,MEDIUM,0.765,0.194978,,0
18,DEBIT,3413.02,8335.16,4922.14,5098.73,8511.75,user-6571,merchant-735,0.3,False,False,True,False,False,0,0,5,30,False,0.0,0.0,2,background-stream,2026-03-30T03:35:58.999344,MEDIUM,0.781916,0.122196,,0
9,PAYMENT,3498.72,18168.2,14669.48,7497.39,10996.11,user-1069,merchant-722,0.2,False,False,True,False,False,0,0,2,31,False,0.0,0.0,0,background-stream,2026-03-30T03:36:01.273252,MEDIUM,0.765,0.250861,,0
7,TRANSFER,3439.51,9583.18,6143.67,2064.76,5504.27,user-5898,merchant-230,0.2,False,False,True,False,False,0,0,2,29,False,0.0,0.0,0,background-stream,2026-03-30T03:36:03.512925,LOW,0.065001,0.228701,,0
6,CASH_IN,9055.81,27544.76,18488.95,969.87,10025.68,user-1642,merchant-315,0.2,False,False,True,False,False,0,0,4,35,False,0.0,0.0,0,background-stream,2026-03-30T03:36:05.752988,LOW,0.065,0.216395,,0
2,CASH_IN,7070.23,19463.25,12393.02,3855.79,10926.02,user-8849,merchant-443,0.2,False,False,True,False,False,0,0,4,38,False,0.0,0.0,0,background-stream,2026-03-30T03:36:08.135064,LOW,0.065,0.208714,,0
4,DEBIT,1258.38,15964.0,14705.62,12426.87,13685.25,user-2204,merchant-471,0.25,False,False,True,False,False,0,0,6,32,False,0.0,0.0,1,background-stream,2026-03-30T03:36:10.416452,LOW,0.0675,0.181156,,0
20,CASH_OUT,2779.63,8862.35,6082.72,595.1,3374.73,user-7286,merchant-325,0.2,False,False,True,False,False,0,0,0,37,False,0.0,0.0,0,background-stream,2026-03-30T03:36:12.672468,MEDIUM,0.765,0.171831,,0
23,TRANSFER,6571.7,13586.38,7014.68,6584.17,13155.87,user-7742,merchant-482,0.2,False,False,True,False,False,0,0,2,28,False,0.0,0.0,0,background-stream,2026-03-30T03:36:14.991264,MEDIUM,0.765,0.181371,,0
4,DEBIT,3019.96,9205.34,6185.38,12712.41,15732.37,user-8532,merchant-176,0.2,False,False,True,False,False,0,0,4,30,False,0.0,0.0,0,background-stream,2026-03-30T03:36:17.254625,LOW,0.065,0.180964,,0
1,DEBIT,3313.69,21047.47,17733.78,3063.35,6377.04,user-3066,merchant-358,0.2,False,False,True,False,False,0,0,0,26,False,0.0,0.0,0,background-stream,2026-03-30T03:36:19.493260,LOW,0.065,0.191804,,0
19,CASH_IN,3657.36,22671.9,19014.54,6182.84,9840.2,user-6770,merchant-790,0.2,False,False,True,False,False,0,0,1,33,False,0.0,0.0,0,background-stream,2026-03-30T03:36:21.766658,MEDIUM,0.765,0.158957,,0
14,CASH_IN,4512.08,5714.37,1202.29,12573.23,17085.31,user-2056,merchant-936,0.25,False,False,True,False,False,0,0,5,29,False,0.0,0.0,1,background-stream,2026-03-30T03:36:24.029886,MEDIUM,0.769456,0.145435,,0
13,CASH_OUT,2846.31,5491.12,2644.81,12501.72,15348.03,user-4708,merchant-924,0.25,False,False,True,False,False,0,0,7,33,False,0.0,0.0,1,background-stream,2026-03-30T03:36:26.314595,MEDIUM,0.7675,0.168958,,0
13,TRANSFER,8117.12,9087.14,970.02,6876.4,14993.52,user-7084,merchant-227,0.2,False,False,True,False,False,0,0,0,36,False,0.0,0.0,0,background-stream,2026-03-30T03:36:28.547096,MEDIUM,0.765,0.155873,,0
14,CASH_OUT,1813.91,8192.94,6379.03,15289.85,17103.76,user-8707,merchant-212,0.25,False,False,True,False,False,0,0,2,22,False,0.0,0.0,1,background-stream,2026-03-30T03:36:30.796526,MEDIUM,0.7675,0.158155,,0
21,TRANSFER,8280.21,25590.77,17310.56,15981.66,24261.87,user-1209,merchant-701,0.2,False,False,True,False,False,0,0,1,33,False,0.0,0.0,0,background-stream,2026-03-30T03:36:33.026353,MEDIUM,0.765,0.163805,,0
1,CASH_OUT,8799.8,10249.29,1449.49,14085.88,22885.68,user-4512,merchant-511,0.25,False,False,True,False,False,0,0,4,26,False,0.0,0.0,1,background-stream,2026-03-30T03:36:35.300534,LOW,0.067516,0.234828,,0
23,CASH_IN,1817.51,21045.74,19228.23,17456.92,19274.43,user-8571,merchant-969,0.2,False,False,True,False,False,0,0,1,32,False,0.0,0.0,0,background-stream,2026-03-30T03:36:37.621653,MEDIUM,0.765,0.173556,,0
10,TRANSFER,6059.47,19999.68,13940.21,18804.04,24863.51,user-7355,merchant-142,0.25,False,False,True,False,False,0,0,2,40,False,0.0,0.0,1,background-stream,2026-03-30T03:36:39.885899,MEDIUM,0.7675,0.182921,,0
24,CASH_OUT,3735.25,19665.66,15930.41,17413.24,21148.49,user-8491,merchant-194,0.25,False,False,True,False,False,0,0,5,26,False,0.0,0.0,1,background-stream,2026-03-30T03:36:42.201906,MEDIUM,0.7675,0.196428,,0
12,DEBIT,7325.77,22364.46,15038.69,1938.58,9264.35,user-5487,merchant-390,0.2,False,False,True,False,False,0,0,2,27,False,0.0,0.0,0,background-stream,2026-03-30T03:36:44.432459,MEDIUM,0.77559,0.12529,,0
5,CASH_OUT,7116.44,18536.74,11420.3,1904.28,9020.72,user-5512,merchant-116,0.25,False,False,True,False,False,0,0,5,24,False,0.0,0.0,1,background-stream,2026-03-30T03:36:46.667488,LOW,0.067514,0.235235,,0
6,CASH_IN,3340.0,19916.3,16576.3,8554.6,11894.6,user-5268,merchant-198,0.2,False,False,True,False,False,0,0,2,26,False,0.0,0.0,0,background-stream,2026-03-30T03:36:48.963249,LOW,0.065,0.216514,,0
7,CASH_OUT,2440.58,14868.45,12427.87,5236.56,7677.14,user-4495,merchant-763,0.2,False,False,True,False,False,0,0,7,33,False,0.0,0.0,0,background-stream,2026-03-30T03:36:51.327210,LOW,0.065007,0.23659,,0
21,PAYMENT,1159.5,16061.44,14901.94,4133.91,5293.41,user-7369,merchant-844,0.25,False,False,True,False,False,0,0,3,34,False,0.0,0.0,1,background-stream,2026-03-30T03:36:53.598649,MEDIUM,0.7675,0.218309,,0
23,TRANSFER,7621.84,26475.78,18853.94,8974.85,16596.69,user-1162,merchant-274,0.2,False,False,True,False,False,0,0,1,32,False,0.0,0.0,0,background-stream,2026-03-30T03:36:55.884533,MEDIUM,0.765,0.176806,,0
6,CASH_IN,8495.85,25468.87,16973.02,10422.45,18918.3,user-9789,merchant-753,0.2,False,False,True,False,False,0,0,3,16,False,0.0,0.0,0,background-stream,2026-03-30T03:36:58.127538,LOW,0.065,0.216395,,0
17,CASH_OUT,2535.16,15909.63,13374.47,13075.24,15610.4,user-9646,merchant-577,0.2,False,False,True,False,False,0,0,7,27,False,0.0,0.0,0,background-stream,2026-03-30T03:37:00.398876,MEDIUM,0.765,0.168584,,0
20,PAYMENT,71.49,7593.22,7521.73,5378.24,5449.73,user-6520,merchant-668,0.3,False,False,True,False,False,0,0,5,42,False,0.0,0.0,2,background-stream,2026-03-30T03:37:02.600698,MEDIUM,0.77,0.21677,,0
24,DEBIT,9939.91,22928.57,12988.66,6021.53,15961.44,user-1478,merchant-455,0.2,False,False,True,False,False,0,0,1,38,False,0.0,0.0,0,background-stream,2026-03-30T03:37:04.851987,HIGH,0.81,0.152834,,1
1,PAYMENT,1016.15,6458.03,5441.88,6501.05,7517.2,user-2657,merchant-594,0.2,False,False,True,False,False,0,0,5,26,False,0.0,0.0,0,background-stream,2026-03-30T03:37:07.278760,LOW,0.065,0.270062,,0
18,DEBIT,8695.69,23601.78,14906.09,2682.92,11378.61,user-6070,merchant-558,0.25,False,False,True,False,False,0,0,3,38,False,0.0,0.0,1,background-stream,2026-03-30T03:37:09.517918,MEDIUM,0.779909,0.121045,,0
23,CASH_OUT,7859.95,11887.07,4027.12,7756.58,15616.53,user-4883,merchant-951,0.2,False,False,True,False,False,0,0,1,31,False,0.0,0.0,0,background-stream,2026-03-30T03:37:11.845265,MEDIUM,0.765,0.188977,,0
24,CASH_OUT,8446.67,11565.07,3118.4,5065.35,13512.02,user-2201,merchant-895,0.2,False,False,True,False,False,0,0,2,32,False,0.0,0.0,0,background-stream,2026-03-30T03:37:14.110780,MEDIUM,0.765,0.200019,,0
12,DEBIT,8572.14,12082.65,3510.51,2703.23,11275.37,user-5272,merchant-273,0.25,False,False,True,False,False,0,0,1,24,False,0.0,0.0,1,background-stream,2026-03-30T03:37:16.413374,MEDIUM,0.777822,0.125916,,0
17,PAYMENT,8825.63,22282.67,13457.04,2560.78,11386.41,user-8621,merchant-816,0.2,False,False,True,False,False,0,0,2,31,False,0.0,0.0,0,background-stream,2026-03-30T03:37:18.664792,MEDIUM,0.765,0.212837,,0
14,DEBIT,1789.47,8636.48,6847.01,18257.39,20046.86,user-8618,merchant-693,0.25,False,False,True,False,False,0,0,2,26,False,0.0,0.0,1,background-stream,2026-03-30T03:37:20.969169,MEDIUM,0.784294,0.110812,,0
5,PAYMENT,5268.91,8025.0,2756.09,4830.49,10099.4,user-8409,merchant-696,0.2,False,False,True,False,False,0,0,4,32,False,0.0,0.0,0,background-stream,2026-03-30T03:37:23.306159,LOW,0.065,0.274515,,0
22,PAYMENT,9977.32,18556.53,8579.21,9713.41,19690.73,user-5071,merchant-215,0.25,False,False,True,False,False,0,0,2,38,False,0.0,0.0,1,background-stream,2026-03-30T03:37:25.569722,HIGH,0.8125,0.218649,,1
9,DEBIT,6357.29,6406.97,49.68,18967.97,25325.26,user-7154,merchant-130,0.2,False,False,True,False,False,0,0,3,24,False,0.0,0.0,0,background-stream,2026-03-30T03:37:27.963482,MEDIUM,0.765,0.153108,,0
15,TRANSFER,29.92,17275.02,17245.1,4006.02,4035.94,user-7673,merchant-192,0.25,False,False,True,False,False,0,0,1,39,False,0.0,0.0,1,background-stream,2026-03-30T03:37:30.207256,MEDIUM,0.767749,0.149417,,0
12,PAYMENT,6344.72,20967.08,14622.36,19295.55,25640.27,user-5240,merchant-339,0.2,False,False,True,False,False,0,0,3,27,False,0.0,0.0,0,background-stream,2026-03-30T03:37:32.476555,MEDIUM,0.765,0.218936,,0
19,CASH_OUT,1479.51,18299.16,16819.65,4499.47,5978.98,user-3467,merchant-503,0.2,False,False,True,False,False,0,0,1,24,False,0.0,0.0,0,background-stream,2026-03-30T03:37:34.791396,MEDIUM,0.765,0.170677,,0
22,CASH_OUT,4412.52,4879.97,467.45,10097.8,14510.32,user-7454,merchant-130,0.2,False,False,True,False,False,0,0,4,25,False,0.0,0.0,0,background-stream,2026-03-30T03:37:37.054966,MEDIUM,0.765,0.181901,,0
22,TRANSFER,4545.37,15205.51,10660.14,8791.57,13336.94,user-4105,merchant-942,0.2,False,False,True,False,False,0,0,3,23,False,0.0,0.0,0,background-stream,2026-03-30T03:37:39.303236,MEDIUM,0.765,0.171601,,0
16,CASH_IN,3489.52,15371.31,11881.79,9221.34,12710.86,user-6871,merchant-177,0.2,False,False,True,False,False,0,0,1,32,False,0.0,0.0,0,background-stream,2026-03-30T03:37:41.544816,MEDIUM,0.767856,0.143334,,0
10,CASH_OUT,3148.22,4866.59,1718.37,15377.5,18525.72,user-8729,merchant-420,0.2,False,False,True,False,False,0,0,5,25,False,0.0,0.0,0,background-stream,2026-03-30T03:37:43.779670,MEDIUM,0.765,0.198579,,0
3,DEBIT,2158.66,16699.46,14540.8,12164.72,14323.38,user-1685,merchant-840,0.2,False,False,True,False,False,0,0,1,31,False,0.0,0.0,0,background-stream,2026-03-30T03:37:46.092561,LOW,0.065,0.184066,,0
4,CASH_IN,1875.97,10603.83,8727.86,16854.43,18730.4,user-7408,merchant-348,0.25,False,False,True,False,False,0,0,5,37,False,0.0,0.0,1,background-stream,2026-03-30T03:37:48.338015,LOW,0.0675,0.212265,,0
5,TRANSFER,5273.44,5607.08,333.64,16126.76,21400.2,user-8160,merchant-366,0.3,False,False,True,False,False,0,0,4,52,False,0.0,0.0,2,background-stream,2026-03-30T03:37:50.574240,LOW,0.07,0.228679,,0
4,CASH_IN,4619.22,9913.08,5293.86,16564.77,21183.99,user-6647,merchant-707,0.2,False,False,True,False,False,0,0,7,27,False,0.0,0.0,0,background-stream,2026-03-30T03:37:52.867768,LOW,0.065,0.212265,,0
23,CASH_IN,2124.31,2167.39,43.08,19624.78,21749.09,user-9981,merchant-815,0.25,False,False,True,False,False,0,0,3,33,False,0.0,0.0,1,background-stream,2026-03-30T03:37:55.111957,MEDIUM,0.7675,0.173451,,0
13,CASH_OUT,2860.26,22128.08,19267.82,4681.9,7542.16,user-3411,merchant-356,0.2,False,False,True,False,False,0,0,3,23,False,0.0,0.0,0,background-stream,2026-03-30T03:37:57.439468,MEDIUM,0.765,0.163106,,0
15,TRANSFER,3205.7,19972.01,16766.31,16337.5,19543.2,user-3776,merchant-957,0.2,False,False,True,False,False,0,0,4,31,False,0.0,0.0,0,background-stream,2026-03-30T03:37:59.692504,MEDIUM,0.765425,0.149006,,0
16,CASH_IN,1090.36,11684.51,10594.15,1413.69,2504.05,user-8693,merchant-609,0.2,False,False,True,False,False,0,0,2,47,False,0.0,0.0,0,background-stream,2026-03-30T03:38:01.938988,MEDIUM,0.767953,0.14311,,0
3,TRANSFER,4074.26,14387.38,10313.12,2353.91,6428.17,user-9430,merchant-378,0.25,False,False,True,False,False,0,0,2,34,False,0.0,0.0,1,background-stream,2026-03-30T03:38:04.154276,LOW,0.0675,0.219138,,0
9,DEBIT,4613.1,9507.32,4894.22,4626.65,9239.75,user-8951,merchant-810,0.2,False,False,True,False,False,0,0,2,39,False,0.0,0.0,0,background-stream,2026-03-30T03:38:06.465458,MEDIUM,0.764999,0.154111,,0
8,CASH_OUT,4977.3,21973.62,16996.32,10788.44,15765.74,user-7183,merchant-980,0.2,False,False,True,False,False,0,0,4,31,False,0.0,0.0,0,background-stream,2026-03-30T03:38:08.773059,MEDIUM,0.764999,0.215336,,0
4,DEBIT,5044.71,13123.88,8079.17,14198.15,19242.86,user-3110,merchant-757,0.2,False,False,True,False,False,0,0,2,35,False,0.0,0.0,0,background-stream,2026-03-30T03:38:11.029283,LOW,0.065,0.179509,,0
22,CASH_OUT,6058.09,8937.03,2878.94,10048.6,16106.69,user-3449,merchant-467,0.2,False,False,True,False,False,0,0,2,40,False,0.0,0.0,0,background-stream,2026-03-30T03:38:13.295877,MEDIUM,0.765,0.181187,,0
23,DEBIT,4508.69,7575.24,3066.55,6155.73,10664.42,user-3544,merchant-874,0.2,False,False,True,False,False,0,0,1,38,False,0.0,0.0,0,background-stream,2026-03-30T03:38:15.567974,MEDIUM,0.767931,0.143161,,0
22,PAYMENT,3932.16,15900.28,11968.12,1532.53,5464.69,user-7499,merchant-696,0.25,False,False,True,False,False,0,0,3,33,False,0.0,0.0,1,background-stream,2026-03-30T03:38:17.815637,MEDIUM,0.7675,0.222709,,0
3,DEBIT,2726.17,15177.95,12451.78,1494.39,4220.56,user-8967,merchant-771,0.25,False,False,True,False,False,0,0,2,27,False,0.0,0.0,1,background-stream,2026-03-30T03:38:20.095922,LOW,0.0675,0.185144,,0
5,DEBIT,4205.59,15200.91,10995.32,18706.68,22912.27,user-2549,merchant-786,0.2,False,False,True,False,False,0,0,6,39,False,0.0,0.0,0,background-stream,2026-03-30T03:38:22.325399,LOW,0.065,0.178743,,0
6,TRANSFER,2952.71,16208.56,13255.85,8946.04,11898.75,user-6721,merchant-810,0.2,False,False,True,False,False,0,0,4,40,False,0.0,0.0,0,background-stream,2026-03-30T03:38:24.593786,LOW,0.065,0.22817,,0
5,CASH_OUT,9732.61,27915.63,18183.02,2520.78,12253.39,user-7122,merchant-183,0.25,False,False,True,False,False,0,0,5,30,False,0.0,0.0,1,background-stream,2026-03-30T03:38:26.888580,LOW,0.067512,0.233787,,0
19,PAYMENT,5864.35,21672.76,15808.41,3388.05,9252.4,user-8813,merchant-178,0.2,False,False,True,False,False,0,0,1,26,False,0.0,0.0,0,background-stream,2026-03-30T03:38:29.120208,MEDIUM,0.765,0.215597,,0
13,DEBIT,7714.9,13129.15,5414.25,2975.97,10690.87,user-2729,merchant-292,0.2,False,False,True,False,False,0,0,4,31,False,0.0,0.0,0,background-stream,2026-03-30T03:38:31.421257,MEDIUM,0.779451,0.11628,,0
22,PAYMENT,8831.05,13727.51,4896.46,1006.75,9837.8,user-7402,merchant-409,0.2,False,False,True,False,False,0,0,1,38,False,0.0,0.0,0,background-stream,2026-03-30T03:38:33.614017,MEDIUM,0.765,0.220851,,0
3,PAYMENT,8686.82,9301.9,615.08,124.24,8811.06,user-6301,merchant-913,0.25,False,False,True,False,False,0,0,2,32,False,0.0,0.0,1,background-stream,2026-03-30T03:38:35.884142,LOW,0.0675,0.266869,,0
20,TRANSFER,454.0,687.04,233.04,9460.57,9914.57,user-8974,merchant-102,0.2,False,False,True,False,False,0,0,4,27,False,0.0,0.0,0,background-stream,2026-03-30T03:38:38.150355,MEDIUM,0.765,0.169063,,0
8,DEBIT,5328.05,18781.31,13453.26,8715.66,14043.71,user-7086,merchant-837,0.2,False,False,True,False,False,0,0,1,30,False,0.0,0.0,0,background-stream,2026-03-30T03:38:40.399195,MEDIUM,0.765,0.159862,,0
21,TRANSFER,8793.76,19319.26,10525.5,15248.01,24041.77,user-1829,merchant-679,0.2,False,False,True,False,False,0,0,3,31,False,0.0,0.0,0,background-stream,2026-03-30T03:38:42.751972,MEDIUM,0.765,0.165444,,0
23,CASH_IN,7663.91,27643.78,19979.87,10666.98,18330.89,user-2781,merchant-608,0.25,False,False,True,False,False,0,0,1,23,False,0.0,0.0,1,background-stream,2026-03-30T03:38:44.989576,MEDIUM,0.7675,0.173364,,0
19,PAYMENT,3714.54,21202.44,17487.9,14327.61,18042.15,user-2611,merchant-499,0.2,False,False,True,False,False,0,0,3,28,False,0.0,0.0,0,background-stream,2026-03-30T03:38:47.291229,MEDIUM,0.765,0.215161,,0
13,DEBIT,7573.47,21813.98,14240.51,3254.42,10827.89,user-5232,merchant-279,0.2,False,False,True,False,False,0,0,1,30,False,0.0,0.0,0,background-stream,2026-03-30T03:38:49.553778,MEDIUM,0.779578,0.115984,,0
15,PAYMENT,4198.31,17570.59,13372.28,6079.37,10277.68,user-8193,merchant-275,0.2,False,False,True,False,False,0,0,2,44,False,0.0,0.0,0,background-stream,2026-03-30T03:38:51.794079,MEDIUM,0.765,0.204041,,0
12,TRANSFER,7096.93,7707.79,610.86,19551.48,26648.41,user-3703,merchant-732,0.2,False,False,True,False,False,0,0,4,36,False,0.0,0.0,0,background-stream,2026-03-30T03:38:54.240715,MEDIUM,0.765,0.165696,,0
8,PAYMENT,5993.47,17597.24,11603.77,5728.57,11722.04,user-4348,merchant-615,0.25,False,False,True,False,False,0,0,5,29,False,0.0,0.0,1,background-stream,2026-03-30T03:38:56.541546,MEDIUM,0.7675,0.260597,,0
1,DEBIT,2291.1,19963.13,17672.03,13803.18,16094.28,user-4264,merchant-952,0.2,False,False,True,False,False,0,0,2,30,False,0.0,0.0,0,background-stream,2026-03-30T03:38:58.788673,LOW,0.065,0.191991,,0
18,DEBIT,2732.5,22437.23,19704.73,8276.13,11008.63,user-7196,merchant-247,0.2,False,False,True,False,False,0,0,0,34,False,0.0,0.0,0,background-stream,2026-03-30T03:39:01.030754,MEDIUM,0.776615,0.122897,,0
21,DEBIT,9903.5,21227.09,11323.59,2640.35,12543.85,user-6470,merchant-207,0.25,False,False,True,False,False,0,0,2,26,False,0.0,0.0,1,background-stream,2026-03-30T03:39:03.259844,HIGH,0.822346,0.127026,,1
24,TRANSFER,2474.45,15125.79,12651.34,7130.62,9605.07,user-1246,merchant-299,0.2,False,False,True,False,False,0,0,3,29,False,0.0,0.0,0,background-stream,2026-03-30T03:39:05.689265,MEDIUM,0.765,0.19019,,0
1,TRANSFER,539.61,10834.73,10295.12,7742.01,8281.62,user-6142,merchant-536,0.2,False,False,True,False,False,0,0,3,30,False,0.0,0.0,0,background-stream,2026-03-30T03:39:07.927541,LOW,0.065,0.218762,,0
13,CASH_OUT,7506.63,23041.84,15535.21,16287.77,23794.4,user-3643,merchant-760,0.2,False,False,True,False,False,0,0,3,27,False,0.0,0.0,0,background-stream,2026-03-30T03:39:10.227379,MEDIUM,0.765,0.164963,,0
10,PAYMENT,8760.09,8935.89,175.8,17515.32,26275.41,user-6863,merchant-343,0.2,False,False,True,False,False,0,0,3,27,False,0.0,0.0,0,background-stream,2026-03-30T03:39:12.460478,MEDIUM,0.765,0.239944,,0
11,DEBIT,2019.06,19404.02,17384.96,15432.16,17451.22,user-8926,merchant-640,0.25,False,False,True,False,False,0,0,2,28,False,0.0,0.0,1,background-stream,2026-03-30T03:39:14.711981,MEDIUM,0.773591,0.135786,,0
20,CASH_OUT,3918.24,9405.22,5486.98,2968.75,6886.99,user-8514,merchant-211,0.2,False,False,True,False,False,0,0,4,38,False,0.0,0.0,0,background-stream,2026-03-30T03:39:17.023120,MEDIUM,0.765,0.171291,,0
8,CASH_IN,7844.25,22180.67,14336.42,7912.14,15756.39,user-8061,merchant-227,0.2,False,False,True,False,False,0,0,9,37,False,0.0,0.0,0,background-stream,2026-03-30T03:39:19.281661,MEDIUM,0.764999,0.197905,,0
23,CASH_OUT,2726.89,14623.63,11896.74,9241.53,11968.42,user-5913,merchant-298,0.2,False,False,True,False,False,0,0,3,35,False,0.0,0.0,0,background-stream,2026-03-30T03:39:21.597774,MEDIUM,0.765,0.186,,0
5,TRANSFER,7679.27,15071.63,7392.36,4854.86,12534.13,user-5018,merchant-386,0.2,False,False,True,False,False,0,0,5,31,False,0.0,0.0,0,background-stream,2026-03-30T03:39:23.827213,LOW,0.065,0.226821,,0
21,CASH_IN,8921.47,21643.81,12722.34,9999.82,18921.29,user-7380,merchant-839,0.2,False,False,True,False,False,0,0,3,37,False,0.0,0.0,0,background-stream,2026-03-30T03:39:26.056486,MEDIUM,0.765,0.161892,,0
3,CASH_IN,9028.13,23142.19,14114.06,9459.37,18487.5,user-5915,merchant-389,0.2,False,False,True,False,False,0,0,1,30,False,0.0,0.0,0,background-stream,2026-03-30T03:39:28.339880,LOW,0.065,0.212148,,0
9,DEBIT,21.96,15710.73,15688.77,1788.9,1810.86,user-1504,merchant-259,0.25,False,False,True,False,False,0,0,1,26,False,0.0,0.0,1,background-stream,2026-03-30T03:39:30.603562,MEDIUM,0.767499,0.153868,,0
9,PAYMENT,9157.01,28001.17,18844.16,16711.03,25868.04,user-1580,merchant-268,0.2,False,False,True,False,False,0,0,3,23,False,0.0,0.0,0,background-stream,2026-03-30T03:39:32.902566,MEDIUM,0.764999,0.250257,,0
13,TRANSFER,4311.6,20938.2,16626.6,3227.57,7539.17,user-5094,merchant-566,0.2,False,False,True,False,False,0,0,7,30,False,0.0,0.0,0,background-stream,2026-03-30T03:39:35.187867,MEDIUM,0.765324,0.149244,,0
4,CASH_IN,5783.89,12169.73,6385.84,18678.07,24461.96,user-6726,merchant-997,0.2,False,False,True,False,False,0,0,7,26,False,0.0,0.0,0,background-stream,2026-03-30T03:39:37.454576,LOW,0.065,0.212458,,0
11,CASH_IN,4554.69,8857.4,4302.71,2314.21,6868.9,user-7652,merchant-677,0.25,False,False,True,False,False,0,0,4,33,False,0.0,0.0,1,background-stream,2026-03-30T03:39:39.773091,MEDIUM,0.7675,0.166754,,0
5,DEBIT,9855.69,24585.77,14730.08,14231.34,24087.03,user-1057,merchant-286,0.2,False,False,True,False,False,0,0,3,32,False,0.0,0.0,0,background-stream,2026-03-30T03:39:42.020009,HIGH,0.11,0.177976,,1
3,DEBIT,4403.76,8306.03,3902.27,16888.89,21292.65,user-7977,merchant-683,0.2,False,False,True,False,False,0,0,4,37,False,0.0,0.0,0,background-stream,2026-03-30T03:39:44.471908,LOW,0.065,0.182947,,0
22,CASH_IN,2997.19,18376.49,15379.3,8399.14,11396.33,user-4370,merchant-405,0.2,False,False,True,False,False,0,0,4,37,False,0.0,0.0,0,background-stream,2026-03-30T03:39:46.708432,MEDIUM,0.765,0.166491,,0
24,PAYMENT,4947.38,24773.67,19826.29,8304.46,13251.84,user-5255,merchant-816,0.2,False,False,True,False,False,0,0,1,32,False,0.0,0.0,0,background-stream,2026-03-30T03:39:48.983260,MEDIUM,0.765,0.243654,,0
19,PAYMENT,9958.8,29340.38,19381.58,2281.42,12240.22,user-3928,merchant-674,0.2,False,False,True,False,False,0,0,1,38,False,0.0,0.0,0,background-stream,2026-03-30T03:39:51.429283,HIGH,0.81,0.212487,,1
7,CASH_OUT,993.59,13215.38,12221.79,13894.73,14888.32,user-5498,merchant-816,0.2,False,False,True,False,False,0,0,5,33,False,0.0,0.0,0,background-stream,2026-03-30T03:39:53.867621,LOW,0.065,0.237037,,0
5,PAYMENT,909.15,8425.58,7516.43,8974.87,9884.02,user-2690,merchant-373,0.2,False,False,True,False,False,0,0,3,30,False,0.0,0.0,0,background-stream,2026-03-30T03:39:56.159664,LOW,0.065,0.272586,,0
14,DEBIT,3684.77,7911.72,4226.95,11007.25,14692.02,user-2109,merchant-662,0.2,False,False,True,False,False,0,0,4,24,False,0.0,0.0,0,background-stream,2026-03-30T03:39:58.494866,MEDIUM,0.782051,0.110214,,0
13,TRANSFER,9115.61,13614.14,4498.53,19845.74,28961.35,user-4957,merchant-948,0.2,False,False,True,False,False,0,0,1,30,False,0.0,0.0,0,background-stream,2026-03-30T03:40:00.799451,MEDIUM,0.765,0.151202,,0
2,CASH_IN,8695.71,23773.69,15077.98,18552.5,27248.21,user-2695,merchant-998,0.2,False,False,True,False,False,0,0,4,20,False,0.0,0.0,0,background-stream,2026-03-30T03:40:03.189799,LOW,0.065,0.208694,,0
22,CASH_IN,8576.17,20861.77,12285.6,4430.47,13006.64,user-9996,merchant-576,0.2,False,False,True,False,False,0,0,2,33,False,0.0,0.0,0,background-stream,2026-03-30T03:40:05.459352,MEDIUM,0.765,0.166296,,0
22,TRANSFER,1331.16,3547.23,2216.07,12528.94,13860.1,user-9906,merchant-248,0.2,False,False,True,False,False,0,0,2,39,False,0.0,0.0,0,background-stream,2026-03-30T03:40:07.722960,MEDIUM,0.765,0.174931,,0
6,PAYMENT,4019.69,17987.42,13967.73,17530.55,21550.24,user-1547,merchant-724,0.2,False,False,True,False,False,0,0,4,29,False,0.0,0.0,0,background-stream,2026-03-30T03:40:09.973328,LOW,0.065,0.279869,,0
16,PAYMENT,4026.25,21867.91,17841.66,15872.87,19899.12,user-4459,merchant-222,0.25,False,False,True,False,False,0,0,3,31,False,0.0,0.0,1,background-stream,2026-03-30T03:40:12.230462,MEDIUM,0.7675,0.207049,,0
11,CASH_IN,6587.85,9708.02,3120.17,9474.33,16062.18,user-9806,merchant-936,0.25,False,False,True,False,False,0,0,6,30,False,0.0,0.0,1,background-stream,2026-03-30T03:40:14.519311,MEDIUM,0.7675,0.166933,,0
2,PAYMENT,2094.91,14498.56,12403.65,12445.98,14540.89,user-2072,merchant-337,0.2,False,False,True,False,False,0,0,3,25,False,0.0,0.0,0,background-stream,2026-03-30T03:40:16.783664,LOW,0.065,0.267115,,0
21,DEBIT,9822.34,21353.03,11530.69,5656.73,15479.07,user-1392,merchant-353,0.2,False,False,True,False,False,0,0,2,22,False,0.0,0.0,0,background-stream,2026-03-30T03:40:19.032213,HIGH,0.819846,0.127026,,1
19,CASH_OUT,5217.56,18851.65,13634.09,5389.67,10607.23,user-5511,merchant-123,0.2,False,False,True,False,False,0,0,3,20,False,0.0,0.0,0,background-stream,2026-03-30T03:40:21.423694,MEDIUM,0.765,0.170677,,0
9,CASH_IN,7956.24,27165.59,19209.35,4995.44,12951.68,user-5926,merchant-930,0.25,False,False,True,False,False,0,0,4,33,False,0.0,0.0,1,background-stream,2026-03-30T03:40:23.681810,MEDIUM,0.7675,0.188262,,0
21,TRANSFER,4320.91,24148.38,19827.47,3902.23,8223.14,user-8543,merchant-253,0.25,False,False,True,False,False,0,0,3,33,False,0.0,0.0,1,background-stream,2026-03-30T03:40:25.944056,MEDIUM,0.7675,0.162829,,0
8,DEBIT,9314.84,14280.95,4966.11,3560.18,12875.02,user-3779,merchant-336,0.2,False,False,True,False,False,0,0,6,37,False,0.0,0.0,0,background-stream,2026-03-30T03:40:28.176664,MEDIUM,0.765,0.159597,,0
2,CASH_IN,6111.53,21393.71,15282.18,7401.8,13513.33,user-5447,merchant-846,0.25,False,False,True,False,False,0,0,1,32,False,0.0,0.0,1,background-stream,2026-03-30T03:40:30.412406,LOW,0.0675,0.208714,,0
8,DEBIT,9722.24,14001.62,4279.38,11679.55,21401.79,user-8842,merchant-432,0.2,False,False,True,False,False,0,0,5,25,False,0.0,0.0,0,background-stream,2026-03-30T03:40:32.773764,MEDIUM,0.765,0.158835,,0
6,CASH_OUT,9507.75,26064.36,16556.61,18398.8,27906.55,user-1539,merchant-249,0.25,False,False,True,False,False,0,0,1,34,False,0.0,0.0,1,background-stream,2026-03-30T03:40:35.051023,LOW,0.067511,0.238046,,0
6,TRANSFER,8858.97,9359.34,500.37,12880.43,21739.4,user-9532,merchant-634,0.2,False,False,True,False,False,0,0,3,28,False,0.0,0.0,0,background-stream,2026-03-30T03:40:37.582805,LOW,0.065,0.232955,,0
3,CASH_OUT,3318.4,21847.21,18528.81,9964.74,13283.14,user-5559,merchant-290,0.2,False,False,True,False,False,0,0,3,32,False,0.0,0.0,0,background-stream,2026-03-30T03:40:39.811874,LOW,0.065,0.228715,,0
19,CASH_OUT,7635.73,11673.55,4037.82,2233.03,9868.76,user-5037,merchant-866,0.2,False,False,True,False,False,0,0,3,30,False,0.0,0.0,0,background-stream,2026-03-30T03:40:42.023791,MEDIUM,0.765,0.173451,,0
17,DEBIT,7622.0,22286.25,14664.25,2171.95,9793.95,user-5597,merchant-169,0.2,False,False,True,False,False,0,0,4,41,False,0.0,0.0,0,background-stream,2026-03-30T03:40:44.251282,MEDIUM,0.778346,0.118858,,0
10,CASH_IN,2455.05,20272.03,17816.98,5688.0,8143.05,user-5431,merchant-183,0.25,False,False,True,False,False,0,0,2,31,False,0.0,0.0,1,background-stream,2026-03-30T03:40:46.470545,MEDIUM,0.767499,0.176612,,0
10,TRANSFER,2316.8,21235.01,18918.21,17463.2,19780.0,user-8780,merchant-232,0.25,False,False,True,False,False,0,0,1,37,False,0.0,0.0,1,background-stream,2026-03-30T03:40:48.771996,MEDIUM,0.767499,0.180697,,0
10,CASH_IN,981.55,20156.81,19175.26,12889.86,13871.41,user-9680,merchant-988,0.2,False,False,True,False,False,0,0,2,32,False,0.0,0.0,0,background-stream,2026-03-30T03:40:51.024771,MEDIUM,0.765,0.176612,,0
4,TRANSFER,1403.07,8585.02,7181.95,7803.66,9206.73,user-5863,merchant-821,0.2,False,False,True,False,False,0,0,2,34,False,0.0,0.0,0,background-stream,2026-03-30T03:40:53.300918,LOW,0.065001,0.221028,,0
20,DEBIT,5239.96,23003.57,17763.61,11944.07,17184.03,user-5837,merchant-400,0.2,False,False,True,False,False,0,0,4,31,False,0.0,0.0,0,background-stream,2026-03-30T03:40:55.561444,MEDIUM,0.774338,0.12821,,0
19,CASH_OUT,7624.18,25095.81,17471.63,6149.78,13773.96,user-6198,merchant-868,0.2,False,False,True,False,False,0,0,4,31,False,0.0,0.0,0,background-stream,2026-03-30T03:40:57.814192,MEDIUM,0.765,0.170032,,0
4,DEBIT,4738.28,10072.11,5333.83,16933.15,21671.43,user-6567,merchant-113,0.3,False,False,True,False,False,0,0,1,34,False,0.0,0.0,2,background-stream,2026-03-30T03:41:00.125632,LOW,0.07,0.180029,,0
22,TRANSFER,8170.36,12409.38,4239.02,3935.36,12105.72,user-3978,merchant-802,0.2,False,False,True,False,False,0,0,3,33,False,0.0,0.0,0,background-stream,2026-03-30T03:41:02.355379,MEDIUM,0.765,0.172914,,0
8,CASH_IN,7623.7,27271.6,19647.9,15458.35,23082.05,user-7408,merchant-220,0.2,False,False,True,False,False,0,0,6,22,False,0.0,0.0,0,background-stream,2026-03-30T03:41:04.614288,MEDIUM,0.764999,0.197905,,0
13,CASH_OUT,643.84,10188.86,9545.02,2368.0,3011.84,user-5111,merchant-754,0.2,False,False,True,False,False,0,0,3,25,False,0.0,0.0,0,background-stream,2026-03-30T03:41:06.854293,MEDIUM,0.765,0.164536,,0
12,DEBIT,879.42,9199.34,8319.92,10628.74,11508.16,user-5709,merchant-555,0.2,False,False,True,False,False,0,0,5,31,False,0.0,0.0,0,background-stream,2026-03-30T03:41:09.113300,MEDIUM,0.775143,0.126332,,0
4,CASH_IN,4077.17,23257.79,19180.62,15771.76,19848.93,user-8600,merchant-110,0.2,False,False,True,False,False,0,0,10,30,False,0.0,0.0,0,background-stream,2026-03-30T03:41:11.441400,LOW,0.065,0.212137,,0
2,TRANSFER,2082.98,18048.92,15965.94,15797.31,17880.29,user-1150,merchant-839,0.2,False,False,True,False,False,0,0,1,38,False,0.0,0.0,0,background-stream,2026-03-30T03:41:13.657132,LOW,0.065,0.211851,,0
11,TRANSFER,6561.17,22722.57,16161.4,5683.72,12244.89,user-9202,merchant-326,0.2,False,False,True,False,False,0,0,3,30,False,0.0,0.0,0,background-stream,2026-03-30T03:41:15.899106,MEDIUM,0.765,0.170677,,0
17,CASH_OUT,3799.85,22027.0,18227.15,17328.23,21128.08,user-2720,merchant-555,0.2,False,False,True,False,False,0,0,4,32,False,0.0,0.0,0,background-stream,2026-03-30T03:41:18.111522,MEDIUM,0.765,0.167857,,0
3,CASH_OUT,4599.15,4846.77,247.62,3784.15,8383.3,user-7845,merchant-949,0.2,False,False,True,False,False,0,0,4,34,False,0.0,0.0,0,background-stream,2026-03-30T03:41:20.325230,LOW,0.36758,0.234325,,0
4,PAYMENT,1776.2,20691.56,18915.36,13857.19,15633.39,user-1193,merchant-909,0.2,False,False,True,False,False,0,0,4,28,False,0.0,0.0,0,background-stream,2026-03-30T03:41:22.626770,LOW,0.065,0.268641,,0
6,CASH_OUT,3409.32,7749.89,4340.57,15664.56,19073.88,user-3746,merchant-562,0.4,False,False,True,False,False,1,0,4,35,False,0.0286,0.25,1,background-stream,2026-03-30T03:41:24.880100,LOW,0.075013,0.240838,,0
11,CASH_OUT,2137.6,20198.89,18061.29,6486.99,8624.59,user-5771,merchant-937,0.2,False,False,True,False,False,0,0,1,30,False,0.0,0.0,0,background-stream,2026-03-30T03:41:27.114056,MEDIUM,0.765,0.182668,,0
17,DEBIT,272.27,1935.22,1662.95,11879.47,12151.74,user-6502,merchant-289,0.2,False,False,True,False,False,0,0,3,29,False,0.0,0.0,0,background-stream,2026-03-30T03:41:29.391429,MEDIUM,0.778095,0.119444,,0
3,PAYMENT,4715.19,20539.5,15824.31,1605.21,6320.4,user-4489,merchant-433,0.2,False,False,True,False,False,0,0,3,21,False,0.0,0.0,0,background-stream,2026-03-30T03:41:31.655479,LOW,0.065,0.266581,,0
22,CASH_IN,4740.36,5970.9,1230.54,2602.94,7343.3,user-9367,merchant-251,0.2,False,False,True,False,False,0,0,4,24,False,0.0,0.0,0,background-stream,2026-03-30T03:41:33.954969,MEDIUM,0.765,0.166384,,0
3,DEBIT,2052.81,13477.16,11424.35,17696.03,19748.84,user-3896,merchant-922,0.2,False,False,True,False,False,0,0,3,39,False,0.0,0.0,0,background-stream,2026-03-30T03:41:36.201527,LOW,0.065,0.184066,,0
3,CASH_OUT,7738.61,9955.76,2217.15,4254.92,11993.53,user-4658,merchant-517,0.25,False,False,True,False,False,0,0,2,38,False,0.0,0.0,1,background-stream,2026-03-30T03:41:38.525836,LOW,0.067516,0.234622,,0
4,CASH_IN,3008.2,19062.77,16054.57,9761.49,12769.69,user-9699,merchant-461,0.2,False,False,True,False,False,0,0,3,20,False,0.0,0.0,0,background-stream,2026-03-30T03:41:40.781704,LOW,0.065,0.212137,,0
21,CASH_IN,757.51,20623.85,19866.34,3122.86,3880.37,user-4915,merchant-176,0.2,False,False,True,False,False,0,0,2,31,False,0.0,0.0,0,background-stream,2026-03-30T03:41:43.003060,MEDIUM,0.765,0.161981,,0
22,CASH_IN,9895.82,22760.96,12865.14,3433.61,13329.43,user-6290,merchant-529,0.25,False,False,True,False,False,0,0,1,31,False,0.0,0.0,1,background-stream,2026-03-30T03:41:45.309280,HIGH,0.8125,0.166296,,1
1,DEBIT,6783.58,20140.81,13357.23,10408.42,17192.0,user-6480,merchant-376,0.2,False,False,True,False,False,0,0,1,23,False,0.0,0.0,0,background-stream,2026-03-30T03:41:47.699674,LOW,0.065,0.189806,,0
9,CASH_OUT,8819.83,12780.81,3960.98,11862.0,20681.83,user-9177,merchant-261,0.25,False,False,True,False,False,0,0,1,42,False,0.0,0.0,1,background-stream,2026-03-30T03:41:49.983048,MEDIUM,0.7675,0.208686,,0
9,CASH_OUT,3680.04,22386.17,18706.13,16002.19,19682.23,user-3444,merchant-306,0.25,False,False,True,False,False,0,0,2,35,False,0.0,0.0,1,background-stream,2026-03-30T03:41:52.250185,MEDIUM,0.767499,0.205412,,0
12,CASH_OUT,1254.14,17925.97,16671.83,15391.02,16645.16,user-3009,merchant-441,0.2,False,False,True,False,False,0,0,2,33,False,0.0,0.0,0,background-stream,2026-03-30T03:41:54.539001,MEDIUM,0.765,0.172422,,0
24,PAYMENT,454.09,13321.7,12867.61,10802.88,11256.97,user-9252,merchant-691,0.2,False,False,True,False,False,0,0,5,26,False,0.0,0.0,0,background-stream,2026-03-30T03:41:56.882994,MEDIUM,0.765,0.241459,,0
12,DEBIT,8082.81,15004.3,6921.49,4884.7,12967.51,user-6472,merchant-591,0.2,False,False,True,False,False,0,0,4,29,False,0.0,0.0,0,background-stream,2026-03-30T03:41:59.129232,MEDIUM,0.775371,0.125799,,0
10,CASH_IN,2687.82,19965.46,17277.64,4606.73,7294.55,user-8229,merchant-472,0.2,False,False,True,False,False,0,0,2,27,False,0.0,0.0,0,background-stream,2026-03-30T03:42:01.394940,MEDIUM,0.764999,0.176612,,0
18,DEBIT,2616.41,11454.6,8838.19,231.91,2848.32,user-5201,merchant-489,0.2,False,False,True,False,False,0,0,5,24,False,0.0,0.0,0,background-stream,2026-03-30T03:42:03.623664,MEDIUM,0.776715,0.122664,,0
14,PAYMENT,317.73,14540.79,14223.06,18823.2,19140.93,user-1556,merchant-211,0.2,False,False,True,False,False,0,0,2,39,False,0.0,0.0,0,background-stream,2026-03-30T03:42:05.843404,MEDIUM,0.765,0.203615,,0
8,CASH_IN,9690.91,9742.1,51.19,14318.21,24009.12,user-9290,merchant-715,0.2,False,False,True,False,False,0,0,2,33,False,0.0,0.0,0,background-stream,2026-03-30T03:42:08.142618,MEDIUM,0.765,0.198387,,0
21,DEBIT,8934.94,25300.11,16365.17,7469.75,16404.69,user-8362,merchant-555,0.2,False,False,True,False,False,0,0,2,33,False,0.0,0.0,0,background-stream,2026-03-30T03:42:10.365380,MEDIUM,0.774463,0.127918,,0
17,TRANSFER,7786.51,22834.89,15048.38,2001.22,9787.73,user-1568,merchant-704,0.25,False,False,True,False,False,0,0,6,35,False,0.0,0.0,1,background-stream,2026-03-30T03:42:12.614264,MEDIUM,0.7675,0.162123,,0
15,CASH_OUT,915.2,4931.62,4016.42,13918.07,14833.27,user-7965,merchant-174,0.2,False,False,True,False,False,0,0,1,37,False,0.0,0.0,0,background-stream,2026-03-30T03:42:14.883066,MEDIUM,0.765,0.156711,,0
17,CASH_OUT,9278.03,17982.99,8704.96,1732.84,11010.87,user-5218,merchant-233,0.2,False,False,True,False,False,0,0,2,28,False,0.0,0.0,0,background-stream,2026-03-30T03:42:17.123426,MEDIUM,0.765,0.168904,,0
9,PAYMENT,5192.25,8747.33,3555.08,6495.35,11687.6,user-4854,merchant-741,0.2,False,False,True,False,False,0,0,2,37,False,0.0,0.0,0,background-stream,2026-03-30T03:42:19.430542,MEDIUM,0.765,0.251404,,0
17,DEBIT,8905.41,13614.05,4708.64,18210.74,27116.15,user-3907,merchant-288,0.2,False,False,True,False,False,0,0,2,20,False,0.0,0.0,0,background-stream,2026-03-30T03:42:21.704068,MEDIUM,0.778372,0.118799,,0
17,DEBIT,6901.07,20339.79,13438.72,11815.32,18716.39,user-4019,merchant-854,0.2,False,False,True,False,False,0,0,6,42,False,0.0,0.0,0,background-stream,2026-03-30T03:42:23.963918,MEDIUM,0.778296,0.118975,,0
14,PAYMENT,3824.72,8026.48,4201.76,2027.72,5852.44,user-6657,merchant-984,0.2,False,False,True,False,False,0,0,4,28,False,0.0,0.0,0,background-stream,2026-03-30T03:42:26.211454,MEDIUM,0.765,0.207654,,0
14,CASH_IN,4976.31,13518.19,8541.88,11162.79,16139.1,user-6225,merchant-820,0.2,False,False,True,False,False,0,0,1,30,False,0.0,0.0,0,background-stream,2026-03-30T03:42:28.460090,MEDIUM,0.766812,0.145771,,0
21,CASH_OUT,3861.8,10033.32,6171.52,16391.1,20252.9,user-4578,merchant-120,0.2,False,False,True,False,False,0,0,5,41,False,0.0,0.0,0,background-stream,2026-03-30T03:42:30.832506,MEDIUM,0.765,0.174253,,0
22,CASH_OUT,1109.57,5979.67,4870.1,11544.61,12654.18,user-9963,merchant-904,0.2,False,False,True,False,False,0,0,6,37,False,0.0,0.0,0,background-stream,2026-03-30T03:42:33.023334,MEDIUM,0.765,0.17911,,0
22,CASH_OUT,7760.2,13694.29,5934.09,8648.62,16408.82,user-3802,merchant-158,0.2,False,False,True,False,False,0,0,1,34,False,0.0,0.0,0,background-stream,2026-03-30T03:42:35.287051,MEDIUM,0.765,0.179239,,0
18,PAYMENT,8016.58,23606.09,15589.51,10466.33,18482.91,user-6658,merchant-536,0.2,False,False,True,False,False,0,0,4,31,False,0.0,0.0,0,background-stream,2026-03-30T03:42:37.549255,MEDIUM,0.765,0.215244,,0
4,PAYMENT,6819.85,22496.27,15676.42,19813.84,26633.69,user-5179,merchant-472,0.2,False,False,True,False,False,0,0,3,28,False,0.0,0.0,0,background-stream,2026-03-30T03:42:39.803110,LOW,0.065,0.268387,,0
14,DEBIT,5486.48,13603.64,8117.16,16727.06,22213.54,user-2342,merchant-763,0.2,False,False,True,False,False,0,0,1,34,False,0.0,0.0,0,background-stream,2026-03-30T03:42:42.113668,MEDIUM,0.782307,0.109616,,0
8,PAYMENT,5493.59,19923.36,14429.77,4133.52,9627.11,user-1875,merchant-991,0.25,False,False,True,False,False,0,0,3,33,False,0.0,0.0,1,background-stream,2026-03-30T03:42:44.365532,MEDIUM,0.7675,0.260723,,0
7,TRANSFER,2082.68,11661.7,9579.02,15865.97,17948.65,user-1328,merchant-312,0.2,False,False,True,False,False,0,0,5,27,False,0.0,0.0,0,background-stream,2026-03-30T03:42:46.600511,LOW,0.065001,0.228075,,0
8,CASH_IN,7154.18,23925.83,16771.65,15143.68,22297.86,user-6810,merchant-777,0.25,False,False,True,False,False,0,0,3,30,False,0.0,0.0,1,background-stream,2026-03-30T03:42:48.806943,MEDIUM,0.7675,0.197905,,0
13,PAYMENT,3911.86,21396.1,17484.24,389.0,4300.86,user-2427,merchant-429,0.2,False,False,True,False,False,0,0,1,30,False,0.0,0.0,0,background-stream,2026-03-30T03:42:51.027293,MEDIUM,0.765,0.211349,,0
17,TRANSFER,7514.41,11179.81,3665.4,958.74,8473.15,user-9579,merchant-124,0.4,False,False,True,False,False,1,0,2,33,False,0.0303,0.5,1,background-stream,2026-03-30T03:42:53.328644,MEDIUM,0.775,0.163722,,0
12,CASH_IN,497.55,2616.84,2119.29,6719.46,7217.01,user-5821,merchant-564,0.25,False,False,True,False,False,0,0,3,33,False,0.0,0.0,1,background-stream,2026-03-30T03:42:55.618019,MEDIUM,0.7675,0.156883,,0
14,CASH_IN,7537.7,8009.79,472.09,17410.3,24948.0,user-4172,merchant-334,0.25,False,False,True,False,False,0,0,4,31,False,0.0,0.0,1,background-stream,2026-03-30T03:42:57.893253,MEDIUM,0.769376,0.145623,,0
23,CASH_IN,9003.31,23737.24,14733.93,2748.03,11751.34,user-7719,merchant-566,0.2,False,False,True,False,False,0,0,5,31,False,0.0,0.0,0,background-stream,2026-03-30T03:43:00.157823,MEDIUM,0.765,0.173364,,0
13,TRANSFER,9938.02,22001.98,12063.96,2988.95,12926.97,user-1230,merchant-536,0.2,False,False,True,False,False,0,0,5,32,False,0.0,0.0,0,background-stream,2026-03-30T03:43:02.344782,HIGH,0.8101,0.149765,,1
10,CASH_IN,1637.51,11393.12,9755.61,9731.27,11368.78,user-9263,merchant-881,0.2,False,False,True,False,False,0,0,2,35,False,0.0,0.0,0,background-stream,2026-03-30T03:43:04.769403,MEDIUM,0.765,0.176612,,0
24,PAYMENT,7812.99,9004.5,1191.51,18113.93,25926.92,user-5483,merchant-236,0.25,False,False,True,False,False,0,0,3,26,False,0.0,0.0,1,background-stream,2026-03-30T03:43:07.010138,MEDIUM,0.7675,0.241635,,0
21,TRANSFER,6458.05,14811.5,8353.45,2247.88,8705.93,user-5585,merchant-306,0.25,False,False,True,False,False,0,0,3,36,False,0.0,0.0,1,background-stream,2026-03-30T03:43:09.242823,MEDIUM,0.7675,0.166698,,0
4,PAYMENT,3320.94,13364.25,10043.31,4823.84,8144.78,user-4353,merchant-460,0.2,False,False,True,False,False,0,0,1,34,False,0.0,0.0,0,background-stream,2026-03-30T03:43:11.487684,LOW,0.065,0.269849,,0
5,CASH_IN,9021.34,9785.62,764.28,17951.2,26972.54,user-7781,merchant-361,0.2,False,False,True,False,False,0,0,4,26,False,0.0,0.0,0,background-stream,2026-03-30T03:43:13.767658,LOW,0.065,0.216436,,0
24,DEBIT,6604.43,26344.36,19739.93,5664.61,12269.04,user-8021,merchant-401,0.2,False,False,True,False,False,0,0,3,26,False,0.0,0.0,0,background-stream,2026-03-30T03:43:16.137955,MEDIUM,0.765,0.154157,,0
14,CASH_IN,8287.79,13475.18,5187.39,11011.14,19298.93,user-1415,merchant-556,0.2,False,False,True,False,False,0,0,2,35,False,0.0,0.0,0,background-stream,2026-03-30T03:43:18.469222,MEDIUM,0.766828,0.145734,,0
9,DEBIT,1136.62,13138.55,12001.93,18602.77,19739.39,user-8715,merchant-528,0.25,False,False,True,False,False,0,0,9,35,False,0.0,0.0,1,background-stream,2026-03-30T03:43:20.688606,MEDIUM,0.767499,0.153669,,0
2,CASH_IN,5118.91,22342.24,17223.33,19157.23,24276.14,user-4889,merchant-367,0.2,False,False,True,False,False,0,0,3,29,False,0.0,0.0,0,background-stream,2026-03-30T03:43:22.919722,LOW,0.065,0.209221,,0
20,DEBIT,5294.85,8073.55,2778.7,14664.41,19959.26,user-2263,merchant-959,0.2,False,False,True,False,False,0,0,3,36,False,0.0,0.0,0,background-stream,2026-03-30T03:43:25.206063,MEDIUM,0.774438,0.127978,,0
14,DEBIT,8452.65,11348.2,2895.55,3729.11,12181.76,user-9276,merchant-868,0.2,False,False,True,False,False,0,0,5,32,False,0.0,0.0,0,background-stream,2026-03-30T03:43:27.513243,MEDIUM,0.782073,0.110161,,0
24,DEBIT,2095.41,2165.48,70.07,12754.15,14849.56,user-2700,merchant-249,0.25,False,False,True,False,False,0,0,3,35,False,0.0,0.0,1,background-stream,2026-03-30T03:43:29.775700,MEDIUM,0.7675,0.154247,,0
8,TRANSFER,7705.01,23698.51,15993.5,8210.95,15915.96,user-8132,merchant-294,0.25,False,False,True,False,False,0,0,4,35,False,0.0,0.0,1,background-stream,2026-03-30T03:43:31.964065,MEDIUM,0.767499,0.203065,,0
23,PAYMENT,1918.77,7831.59,5912.82,3583.52,5502.29,user-1614,merchant-772,0.2,False,False,True,False,False,0,0,5,28,False,0.0,0.0,0,background-stream,2026-03-30T03:43:34.220148,MEDIUM,0.765,0.233066,,0
22,TRANSFER,5890.55,11671.98,5781.43,14853.54,20744.09,user-4305,merchant-587,0.2,False,False,True,False,False,0,0,4,25,False,0.0,0.0,0,background-stream,2026-03-30T03:43:36.542592,MEDIUM,0.765,0.171632,,0
8,DEBIT,8613.56,19916.06,11302.5,8543.11,17156.67,user-7055,merchant-452,0.2,False,False,True,False,False,0,0,5,35,False,0.0,0.0,0,background-stream,2026-03-30T03:43:38.822609,MEDIUM,0.765,0.15976,,0
19,TRANSFER,7348.71,12781.02,5432.31,18859.97,26208.68,user-3225,merchant-305,0.25,False,False,True,False,False,0,0,1,30,False,0.0,0.0,1,background-stream,2026-03-30T03:43:41.087466,MEDIUM,0.7675,0.161974,,0
24,DEBIT,6511.05,16484.45,9973.4,3701.07,10212.12,user-3885,merchant-201,0.2,False,False,True,False,False,0,0,0,21,False,0.0,0.0,0,background-stream,2026-03-30T03:43:43.349234,MEDIUM,0.765,0.153882,,0
8,PAYMENT,245.54,13412.36,13166.82,5352.78,5598.32,user-5786,merchant-682,0.2,False,False,True,False,False,0,0,5,29,False,0.0,0.0,0,background-stream,2026-03-30T03:43:45.586424,MEDIUM,0.765,0.256806,,0
10,CASH_OUT,4639.54,15797.61,11158.07,7637.98,12277.52,user-3422,merchant-396,0.2,False,False,True,False,False,0,0,3,27,False,0.0,0.0,0,background-stream,2026-03-30T03:43:47.837389,MEDIUM,0.765,0.192375,,0
10,PAYMENT,5606.8,12784.68,7177.88,15056.16,20662.96,user-5641,merchant-749,0.2,False,False,True,False,False,0,0,5,21,False,0.0,0.0,0,background-stream,2026-03-30T03:43:50.149862,MEDIUM,0.765,0.240416,,0
15,CASH_OUT,9833.58,11411.53,1577.95,18964.93,28798.51,user-8213,merchant-398,0.2,False,False,True,False,False,0,0,4,28,False,0.0,0.0,0,background-stream,2026-03-30T03:43:52.383536,MEDIUM,0.765,0.160403,,0
17,CASH_IN,281.73,7716.15,7434.42,9890.86,10172.59,user-3996,merchant-858,0.2,False,False,True,False,False,0,0,5,28,False,0.0,0.0,0,background-stream,2026-03-30T03:43:54.693731,MEDIUM,0.765,0.153975,,0
9,CASH_IN,7469.41,12622.96,5153.55,10835.29,18304.7,user-7790,merchant-727,0.2,False,False,True,False,False,0,0,6,24,False,0.0,0.0,0,background-stream,2026-03-30T03:43:56.945402,MEDIUM,0.764999,0.188415,,0
24,PAYMENT,7364.04,18343.19,10979.15,9119.72,16483.76,user-4353,merchant-422,0.25,False,False,True,False,False,0,0,2,34,False,0.0,0.0,1,background-stream,2026-03-30T03:43:59.203350,MEDIUM,0.7675,0.242433,,0
16,CASH_IN,5259.53,18714.68,13455.15,12208.32,17467.85,user-9133,merchant-968,0.2,False,False,True,False,False,0,0,5,32,False,0.0,0.0,0,background-stream,2026-03-30T03:44:01.568663,MEDIUM,0.76776,0.143559,,0
14,CASH_IN,3531.68,14200.46,10668.78,3794.96,7326.64,user-4561,merchant-949,0.2,False,False,True,False,False,0,0,6,35,False,0.0,0.0,0,background-stream,2026-03-30T03:44:03.787903,MEDIUM,0.766908,0.145547,,0
8,CASH_IN,2140.85,11707.9,9567.05,5774.67,7915.52,user-5050,merchant-597,0.2,False,False,True,False,False,0,0,4,40,False,0.0,0.0,0,background-stream,2026-03-30T03:44:06.044256,MEDIUM,0.765,0.19822,,0
22,DEBIT,515.25,19343.91,18828.66,9678.94,10194.19,user-8245,merchant-545,0.2,False,False,True,False,False,0,0,5,31,False,0.0,0.0,0,background-stream,2026-03-30T03:44:08.280195,MEDIUM,0.772708,0.132013,,0
12,PAYMENT,9710.94,12314.99,2604.05,13899.18,23610.12,user-9092,merchant-355,0.2,False,False,True,False,False,0,0,3,31,False,0.0,0.0,0,background-stream,2026-03-30T03:44:10.516336,MEDIUM,0.765,0.217653,,0
8,CASH_IN,9087.07,20548.02,11460.95,14143.7,23230.77,user-1438,merchant-973,0.2,False,False,True,False,False,0,0,6,35,False,0.0,0.0,0,background-stream,2026-03-30T03:44:12.811437,MEDIUM,0.765,0.197905,,0
10,CASH_IN,6022.05,20620.67,14598.62,5487.04,11509.09,user-6664,merchant-899,0.25,False,False,True,False,False,0,0,4,31,False,0.0,0.0,1,background-stream,2026-03-30T03:44:15.042708,MEDIUM,0.767499,0.176821,,0
17,CASH_IN,7627.97,21538.44,13910.47,257.8,7885.77,user-1433,merchant-926,0.2,False,False,True,False,False,0,0,0,24,False,0.0,0.0,0,background-stream,2026-03-30T03:44:17.272616,MEDIUM,0.765,0.153885,,0
6,TRANSFER,5385.74,9576.42,4190.68,15346.12,20731.86,user-9352,merchant-122,0.2,False,False,True,False,False,0,0,6,30,False,0.0,0.0,0,background-stream,2026-03-30T03:44:19.600527,LOW,0.065,0.230786,,0
10,CASH_OUT,7864.81,19766.46,11901.65,19717.67,27582.48,user-4023,merchant-776,0.25,False,False,True,False,False,0,0,1,28,False,0.0,0.0,1,background-stream,2026-03-30T03:44:21.873863,MEDIUM,0.7675,0.193545,,0
9,DEBIT,6464.3,22277.95,15813.65,17712.0,24176.3,user-8440,merchant-666,0.25,False,False,True,False,False,0,0,3,23,False,0.0,0.0,1,background-stream,2026-03-30T03:44:24.193450,MEDIUM,0.7675,0.152478,,0
9,DEBIT,6201.33,16437.6,10236.27,18581.94,24783.27,user-7488,merchant-998,0.2,False,False,True,False,False,0,0,4,21,False,0.0,0.0,0,background-stream,2026-03-30T03:44:26.455084,MEDIUM,0.764999,0.152644,,0
14,CASH_OUT,4932.47,21642.67,16710.2,9120.54,14053.01,user-9496,merchant-572,0.2,False,False,True,False,False,0,0,5,26,False,0.0,0.0,0,background-stream,2026-03-30T03:44:28.702711,MEDIUM,0.765,0.156004,,0
23,DEBIT,7559.95,12761.48,5201.53,8829.79,16389.74,user-4220,merchant-726,0.25,False,False,True,False,False,0,0,4,40,False,0.0,0.0,1,background-stream,2026-03-30T03:44:30.967842,MEDIUM,0.770645,0.142662,,0
5,CASH_OUT,6011.82,23208.61,17196.79,2042.37,8054.19,user-2184,merchant-303,0.25,False,False,True,False,False,0,0,0,32,False,0.0,0.0,1,background-stream,2026-03-30T03:44:33.196073,LOW,0.067514,0.234838,,0
19,CASH_OUT,6135.06,21763.88,15628.82,11942.37,18077.43,user-8088,merchant-269,0.2,False,False,True,False,False,0,0,4,35,False,0.0,0.0,0,background-stream,2026-03-30T03:44:35.508324,MEDIUM,0.765,0.17043,,0
15,PAYMENT,3954.72,8777.02,4822.3,689.0,4643.72,user-9246,merchant-467,0.2,False,False,True,False,False,0,0,4,41,False,0.0,0.0,0,background-stream,2026-03-30T03:44:37.778462,MEDIUM,0.765,0.204726,,0
3,CASH_OUT,340.16,17348.84,17008.68,3303.02,3643.18,user-6048,merchant-154,0.2,False,False,True,False,False,0,0,1,46,False,0.0,0.0,0,background-stream,2026-03-30T03:44:40.080470,LOW,0.065004,0.229591,,0
16,PAYMENT,9581.74,16174.23,6592.49,6956.13,16537.87,user-8936,merchant-917,0.2,False,False,True,False,False,0,0,4,41,False,0.0,0.0,0,background-stream,2026-03-30T03:44:42.359276,MEDIUM,0.765,0.204516,,0
8,PAYMENT,9187.32,11601.33,2414.01,1668.29,10855.61,user-3471,merchant-617,0.2,False,False,True,False,False,0,0,4,25,False,0.0,0.0,0,background-stream,2026-03-30T03:44:44.595843,MEDIUM,0.765,0.259998,,0
4,DEBIT,7772.43,15737.04,7964.61,17889.45,25661.88,user-8170,merchant-259,0.25,False,False,True,False,False,0,0,3,27,False,0.0,0.0,1,background-stream,2026-03-30T03:44:46.921389,LOW,0.0675,0.179567,,0
13,CASH_IN,9381.82,17478.59,8096.77,5075.12,14456.94,user-9134,merchant-972,0.2,False,False,True,False,False,0,0,3,31,False,0.0,0.0,0,background-stream,2026-03-30T03:44:49.155444,MEDIUM,0.765,0.150347,,0
20,CASH_IN,9695.16,10790.71,1095.55,14048.88,23744.04,user-5620,merchant-416,0.2,False,False,True,False,False,0,0,4,44,False,0.0,0.0,0,background-stream,2026-03-30T03:44:51.448903,MEDIUM,0.765,0.162114,,0
20,CASH_IN,9671.33,26762.62,17091.29,2036.3,11707.63,user-9397,merchant-997,0.2,False,False,True,False,False,0,0,7,27,False,0.0,0.0,0,background-stream,2026-03-30T03:44:53.728067,MEDIUM,0.765,0.161844,,0
9,CASH_OUT,1118.42,5654.61,4536.19,14455.07,15573.49,user-6811,merchant-673,0.25,False,False,True,False,False,0,0,2,33,False,0.0,0.0,1,background-stream,2026-03-30T03:44:55.999536,MEDIUM,0.7675,0.20922,,0
5,TRANSFER,8106.02,9052.63,946.61,5422.3,13528.32,user-4306,merchant-982,0.2,False,False,True,False,False,0,0,5,20,False,0.0,0.0,0,background-stream,2026-03-30T03:44:58.287892,LOW,0.065,0.2289,,0
17,CASH_IN,1781.55,18969.26,17187.71,7314.93,9096.48,user-4871,merchant-656,0.3,False,False,True,False,False,0,0,4,34,False,0.0,0.0,2,background-stream,2026-03-30T03:45:00.528430,MEDIUM,0.77,0.154085,,0
9,PAYMENT,7525.88,7533.48,7.6,2343.37,9869.25,user-8861,merchant-192,0.25,False,False,True,False,False,0,0,2,40,False,0.0,0.0,1,background-stream,2026-03-30T03:45:02.737561,MEDIUM,0.767499,0.25158,,0
10,DEBIT,2181.12,19148.96,16967.84,18584.31,20765.43,user-5014,merchant-201,0.25,False,False,True,False,False,0,0,5,22,False,0.0,0.0,1,background-stream,2026-03-30T03:45:04.987634,MEDIUM,0.769594,0.145113,,0
7,DEBIT,5835.72,25221.43,19385.71,2851.1,8686.82,user-5959,merchant-818,0.2,False,False,True,False,False,0,0,2,31,False,0.0,0.0,0,background-stream,2026-03-30T03:45:07.225231,LOW,0.065,0.177176,,0
4,CASH_IN,4348.87,15942.16,11593.29,496.73,4845.6,user-7800,merchant-283,0.25,False,False,True,False,False,0,0,4,27,False,0.0,0.0,1,background-stream,2026-03-30T03:45:09.505274,LOW,0.0675,0.21204,,0
1,TRANSFER,8634.6,8973.27,338.67,19652.64,28287.24,user-5065,merchant-409,0.2,False,False,True,False,False,0,0,4,39,False,0.0,0.0,0,background-stream,2026-03-30T03:45:11.723334,LOW,0.065,0.22141,,0
10,CASH_IN,8061.95,9471.7,1409.75,1037.29,9099.24,user-1840,merchant-437,0.2,False,False,True,False,False,0,0,4,23,False,0.0,0.0,0,background-stream,2026-03-30T03:45:14.021139,MEDIUM,0.765,0.176787,,0
20,CASH_IN,9767.06,14013.5,4246.44,16232.03,25999.09,user-9466,merchant-473,0.2,False,False,True,False,False,0,0,5,36,False,0.0,0.0,0,background-stream,2026-03-30T03:45:16.283052,MEDIUM,0.765,0.162222,,0
19,TRANSFER,3302.66,16613.7,13311.04,14882.81,18185.47,user-7102,merchant-565,0.2,False,False,True,False,False,0,0,1,24,False,0.0,0.0,0,background-stream,2026-03-30T03:45:18.532881,MEDIUM,0.765,0.160661,,0
4,CASH_IN,8287.41,25777.75,17490.34,8981.51,17268.92,user-2580,merchant-844,0.25,False,False,True,False,False,0,0,2,35,False,0.0,0.0,1,background-stream,2026-03-30T03:45:20.844821,LOW,0.0675,0.212017,,0
17,CASH_IN,6613.21,25832.11,19218.9,12323.52,18936.73,user-6125,merchant-900,0.2,False,False,True,False,False,0,0,4,30,False,0.0,0.0,0,background-stream,2026-03-30T03:45:23.112512,MEDIUM,0.765,0.153885,,0
18,CASH_OUT,4875.85,10145.68,5269.83,9627.08,14502.93,user-8699,merchant-764,0.2,False,False,True,False,False,0,0,2,36,False,0.0,0.0,0,background-stream,2026-03-30T03:45:25.365220,MEDIUM,0.765,0.172216,,0
1,TRANSFER,2216.18,20924.4,18708.22,11269.99,13486.17,user-3248,merchant-626,0.2,False,False,True,False,False,0,0,2,35,False,0.0,0.0,0,background-stream,2026-03-30T03:45:27.618604,LOW,0.065001,0.215017,,0
2,TRANSFER,4902.41,24403.14,19500.73,9858.59,14761.0,user-4215,merchant-221,0.2,False,False,True,False,False,0,0,2,33,False,0.0,0.0,0,background-stream,2026-03-30T03:45:29.875584,LOW,0.065,0.210973,,0
15,CASH_IN,7983.27,20062.86,12079.59,6607.71,14590.98,user-8546,merchant-676,0.2,False,False,True,False,False,0,0,2,33,False,0.0,0.0,0,background-stream,2026-03-30T03:45:32.202017,MEDIUM,0.76806,0.142859,,0
17,CASH_OUT,6113.22,17636.46,11523.24,1474.78,7588.0,user-9163,merchant-556,0.2,False,False,True,False,False,0,0,5,36,False,0.0,0.0,0,background-stream,2026-03-30T03:45:34.454145,MEDIUM,0.765,0.168584,,0
21,CASH_OUT,6950.31,15653.41,8703.1,17181.61,24131.92,user-1989,merchant-999,0.2,False,False,True,False,False,0,0,7,32,False,0.0,0.0,0,background-stream,2026-03-30T03:45:36.692947,MEDIUM,0.765,0.17266,,0
10,DEBIT,8536.02,22353.83,13817.81,1479.84,10015.86,user-3483,merchant-151,0.2,False,False,True,False,False,0,0,5,29,False,0.0,0.0,0,background-stream,2026-03-30T03:45:38.937643,MEDIUM,0.767145,0.144993,,0
1,CASH_OUT,2842.14,19984.68,17142.54,17485.9,20328.04,user-7214,merchant-946,0.3,False,False,True,False,False,0,0,1,28,False,0.0,0.0,2,background-stream,2026-03-30T03:45:41.180834,LOW,0.070001,0.22908,,0
6,TRANSFER,5559.56,9833.66,4274.1,19509.47,25069.03,user-3692,merchant-936,0.25,False,False,True,False,False,0,0,3,31,False,0.0,0.0,1,background-stream,2026-03-30T03:45:43.498511,LOW,0.0675,0.231011,,0
12,DEBIT,4212.64,8343.92,4131.28,13105.91,17318.55,user-1422,merchant-358,0.2,False,False,True,False,False,0,0,4,27,False,0.0,0.0,0,background-stream,2026-03-30T03:45:45.829089,MEDIUM,0.7753,0.125967,,0
18,CASH_IN,1223.56,9279.77,8056.21,15316.06,16539.62,user-2854,merchant-342,0.2,False,False,True,False,False,0,0,2,23,False,0.0,0.0,0,background-stream,2026-03-30T03:45:48.063975,MEDIUM,0.765,0.156567,,0
7,PAYMENT,7649.76,21921.09,14271.33,653.11,8302.87,user-2472,merchant-799,0.25,False,False,True,False,False,0,0,3,27,False,0.0,0.0,1,background-stream,2026-03-30T03:45:50.300918,LOW,0.0675,0.281192,,0
1,PAYMENT,5972.65,10183.37,4210.72,7181.1,13153.75,user-7275,merchant-772,0.2,False,False,True,False,False,0,0,3,29,False,0.0,0.0,0,background-stream,2026-03-30T03:45:52.615729,LOW,0.065,0.272379,,0
11,CASH_OUT,5452.28,19531.35,14079.07,4333.97,9786.25,user-1686,merchant-778,0.2,False,False,True,False,False,0,0,5,28,False,0.0,0.0,0,background-stream,2026-03-30T03:45:54.969482,MEDIUM,0.765,0.183346,,0
20,DEBIT,3568.11,4390.03,821.92,13985.88,17553.99,user-1942,merchant-703,0.2,False,False,True,False,False,0,0,1,31,False,0.0,0.0,0,background-stream,2026-03-30T03:45:57.201634,MEDIUM,0.774249,0.128417,,0
4,PAYMENT,4124.43,4874.26,749.83,637.16,4761.59,user-8777,merchant-118,0.2,False,False,True,False,False,0,0,0,30,False,0.0,0.0,0,background-stream,2026-03-30T03:45:59.457758,LOW,0.065,0.270559,,0
18,DEBIT,3188.07,16452.78,13264.71,5917.8,9105.87,user-1967,merchant-838,0.2,False,False,True,False,False,0,0,2,30,False,0.0,0.0,0,background-stream,2026-03-30T03:46:01.698018,MEDIUM,0.776815,0.12243,,0
11,TRANSFER,5481.64,7822.21,2340.57,10525.29,16006.93,user-3587,merchant-651,0.2,False,False,True,False,False,0,0,5,31,False,0.0,0.0,0,background-stream,2026-03-30T03:46:03.993308,MEDIUM,0.765,0.176368,,0
4,CASH_IN,8140.26,11510.23,3369.97,8877.28,17017.54,user-7233,merchant-194,0.25,False,False,True,False,False,0,0,4,27,False,0.0,0.0,1,background-stream,2026-03-30T03:46:06.273681,LOW,0.0675,0.212427,,0
23,PAYMENT,4597.31,6392.97,1795.66,8248.71,12846.02,user-2965,merchant-109,0.2,False,False,True,False,False,0,0,2,31,False,0.0,0.0,0,background-stream,2026-03-30T03:46:08.531600,MEDIUM,0.765,0.232991,,0
13,CASH_IN,2295.76,4803.38,2507.62,5929.88,8225.64,user-9456,merchant-500,0.2,False,False,True,False,False,0,0,2,32,False,0.0,0.0,0,background-stream,2026-03-30T03:46:10.767922,MEDIUM,0.765,0.150051,,0
17,TRANSFER,7556.03,8378.65,822.62,19035.42,26591.45,user-1881,merchant-650,0.2,False,False,True,False,False,0,0,5,34,False,0.0,0.0,0,background-stream,2026-03-30T03:46:13.071967,MEDIUM,0.765,0.165602,,0
3,DEBIT,5332.68,9780.65,4447.97,16165.11,21497.79,user-2434,merchant-441,0.2,False,False,True,False,False,0,0,2,34,False,0.0,0.0,0,background-stream,2026-03-30T03:46:15.347049,LOW,0.065,0.182534,,0
9,CASH_OUT,7833.03,13780.67,5947.64,4146.02,11979.05,user-5255,merchant-971,0.35,False,False,True,False,False,1,0,2,30,False,0.0333,0.5,0,background-stream,2026-03-30T03:46:17.664266,MEDIUM,0.7725,0.208081,,0
23,TRANSFER,8243.77,23597.4,15353.63,9100.99,17344.76,user-2949,merchant-704,0.25,False,False,True,False,False,0,0,3,36,False,0.0,0.0,1,background-stream,2026-03-30T03:46:19.988906,MEDIUM,0.7675,0.178494,,0
2,PAYMENT,114.91,16172.66,16057.75,1130.97,1245.88,user-2647,merchant-959,0.2,False,False,True,False,False,0,0,4,37,False,0.0,0.0,0,background-stream,2026-03-30T03:46:22.255199,LOW,0.065,0.267672,,0
17,DEBIT,1000.91,4403.93,3403.02,18037.62,19038.53,user-8340,merchant-829,0.2,False,False,True,False,False,0,0,5,29,False,0.0,0.0,0,background-stream,2026-03-30T03:46:24.488797,MEDIUM,0.778096,0.119443,,0
17,TRANSFER,8627.17,24895.27,16268.1,10921.91,19549.08,user-9340,merchant-632,0.2,False,False,True,False,False,0,0,4,25,False,0.0,0.0,0,background-stream,2026-03-30T03:46:26.764251,MEDIUM,0.765,0.162123,,0
13,CASH_IN,4416.59,9284.29,4867.7,7027.53,11444.12,user-2921,merchant-244,0.25,False,False,True,False,False,0,0,4,29,False,0.0,0.0,1,background-stream,2026-03-30T03:46:29.030764,MEDIUM,0.7675,0.150051,,0
24,DEBIT,5171.26,15565.6,10394.34,4013.01,9184.27,user-8641,merchant-377,0.2,False,False,True,False,False,0,0,2,28,False,0.0,0.0,0,background-stream,2026-03-30T03:46:31.269446,MEDIUM,0.765,0.154028,,0
14,TRANSFER,6514.25,8528.61,2014.36,9108.2,15622.45,user-7224,merchant-176,0.2,False,False,True,False,False,0,0,1,32,False,0.0,0.0,0,background-stream,2026-03-30T03:46:33.483297,MEDIUM,0.765,0.154563,,0
12,TRANSFER,1846.25,3691.69,1845.44,17187.33,19033.58,user-8637,merchant-174,0.2,False,False,True,False,False,0,0,3,38,False,0.0,0.0,0,background-stream,2026-03-30T03:46:35.782263,MEDIUM,0.765,0.166053,,0
3,CASH_OUT,4581.7,8921.99,4340.29,15314.02,19895.72,user-2178,merchant-386,0.2,False,False,True,False,False,0,0,5,32,False,0.0,0.0,0,background-stream,2026-03-30T03:46:38.003761,LOW,0.065016,0.233324,,0
1,DEBIT,122.4,4764.45,4642.05,9547.76,9670.16,user-2016,merchant-396,0.2,False,False,True,False,False,0,0,3,28,False,0.0,0.0,0,background-stream,2026-03-30T03:46:40.295264,LOW,0.065,0.190138,,0
18,PAYMENT,724.1,10314.77,9590.67,16500.25,17224.35,user-3079,merchant-336,0.2,False,False,True,False,False,0,0,2,38,False,0.0,0.0,0,background-stream,2026-03-30T03:46:42.542572,MEDIUM,0.765,0.214478,,0
16,TRANSFER,2604.48,7311.16,4706.68,1226.75,3831.23,user-2808,merchant-492,0.25,False,False,True,False,False,0,0,7,41,False,0.0,0.0,1,background-stream,2026-03-30T03:46:44.810453,MEDIUM,0.7675,0.153093,,0
15,DEBIT,2535.82,9192.83,6657.01,9609.99,12145.81,user-6128,merchant-276,0.25,False,False,True,False,False,0,0,4,32,False,0.0,0.0,1,background-stream,2026-03-30T03:46:47.023816,MEDIUM,0.78377,0.112035,,0
8,PAYMENT,5443.85,22408.69,16964.84,14219.74,19663.59,user-5677,merchant-470,0.2,False,False,True,False,False,0,0,1,28,False,0.0,0.0,0,background-stream,2026-03-30T03:46:49.290018,MEDIUM,0.764999,0.260298,,0
8,CASH_IN,7089.72,26886.05,19796.33,12785.03,19874.75,user-4428,merchant-391,0.2,False,False,True,False,False,0,0,8,36,False,0.0,0.0,0,background-stream,2026-03-30T03:46:51.597161,MEDIUM,0.764999,0.197905,,0
24,CASH_OUT,4287.19,20601.65,16314.46,4584.37,8871.56,user-8443,merchant-455,0.25,False,False,True,False,False,0,0,0,39,False,0.0,0.0,1,background-stream,2026-03-30T03:46:53.921955,MEDIUM,0.7675,0.195844,,0
7,CASH_OUT,7603.86,27262.78,19658.92,12334.05,19937.91,user-9329,merchant-357,0.25,False,False,True,False,False,0,0,5,33,False,0.0,0.0,1,background-stream,2026-03-30T03:46:56.148769,LOW,0.067506,0.235362,,0
14,TRANSFER,6447.65,13659.43,7211.78,13423.38,19871.03,user-9165,merchant-167,0.2,False,False,True,False,False,0,0,4,24,False,0.0,0.0,0,background-stream,2026-03-30T03:46:58.384327,MEDIUM,0.765,0.150113,,0
16,CASH_OUT,894.05,5603.35,4709.3,15397.84,16291.89,user-7533,merchant-606,0.25,False,False,True,False,False,0,0,7,34,False,0.0,0.0,1,background-stream,2026-03-30T03:47:00.661866,MEDIUM,0.7675,0.159826,,0
9,DEBIT,735.03,1907.0,1171.97,4457.7,5192.73,user-6059,merchant-440,0.2,False,False,True,False,False,0,0,7,26,False,0.0,0.0,0,background-stream,2026-03-30T03:47:02.905636,MEDIUM,0.765,0.154793,,0
2,PAYMENT,6106.28,17950.25,11843.97,15011.55,21117.83,user-2764,merchant-959,0.2,False,False,True,False,False,0,0,2,38,False,0.0,0.0,0,background-stream,2026-03-30T03:47:05.139882,LOW,0.065,0.266085,,0
17,TRANSFER,6607.3,15326.68,8719.38,13008.58,19615.88,user-5802,merchant-166,0.2,False,False,True,False,False,0,0,5,31,False,0.0,0.0,0,background-stream,2026-03-30T03:47:07.379884,MEDIUM,0.765,0.162782,,0
4,PAYMENT,9486.94,19415.92,9928.98,16668.29,26155.23,user-9672,merchant-130,0.2,False,False,True,False,False,0,0,1,26,False,0.0,0.0,0,background-stream,2026-03-30T03:47:09.623588,LOW,0.065,0.268069,,0
18,CASH_IN,3157.35,10725.12,7567.77,14952.67,18110.02,user-8400,merchant-253,0.25,False,False,True,False,False,0,0,4,34,False,0.0,0.0,1,background-stream,2026-03-30T03:47:11.963026,MEDIUM,0.7675,0.156567,,0
15,TRANSFER,5053.66,9823.39,4769.73,16847.8,21901.46,user-5856,merchant-937,0.2,False,False,True,False,False,0,0,4,31,False,0.0,0.0,0,background-stream,2026-03-30T03:47:14.285519,MEDIUM,0.765,0.151427,,0
13,PAYMENT,5988.07,16608.61,10620.54,13155.54,19143.61,user-1687,merchant-968,0.2,False,False,True,False,False,0,0,2,33,False,0.0,0.0,0,background-stream,2026-03-30T03:47:16.553534,MEDIUM,0.765,0.211063,,0
18,PAYMENT,6780.63,26462.22,19681.59,4709.62,11490.25,user-9135,merchant-700,0.25,False,False,True,False,False,0,0,4,31,False,0.0,0.0,1,background-stream,2026-03-30T03:47:18.801046,MEDIUM,0.7675,0.216153,,0
7,CASH_IN,1772.9,16164.29,14391.39,19754.94,21527.84,user-5990,merchant-663,0.3,False,False,True,False,False,0,0,3,37,False,0.0,0.0,2,background-stream,2026-03-30T03:47:21.061946,LOW,0.07,0.21731,,0
17,PAYMENT,9546.96,27910.08,18363.12,2971.93,12518.89,user-7654,merchant-376,0.2,False,False,True,False,False,0,0,1,24,False,0.0,0.0,0,background-stream,2026-03-30T03:47:23.353560,MEDIUM,0.765,0.213179,,0
3,PAYMENT,3974.94,23568.37,19593.43,8793.62,12768.56,user-9479,merchant-642,0.2,False,False,True,False,False,0,0,6,40,False,0.0,0.0,0,background-stream,2026-03-30T03:47:25.730628,LOW,0.065,0.26729,,0
11,DEBIT,2758.16,19930.2,17172.04,8091.36,10849.52,user-1925,merchant-551,0.2,False,False,True,False,False,0,0,8,30,False,0.0,0.0,0,background-stream,2026-03-30T03:47:28.012229,MEDIUM,0.771035,0.135917,,0
7,PAYMENT,7978.36,13463.08,5484.72,19864.94,27843.3,user-3937,merchant-935,0.2,False,False,True,False,False,0,0,8,39,False,0.0,0.0,0,background-stream,2026-03-30T03:47:30.317129,LOW,0.065,0.280299,,0
13,DEBIT,9313.33,24226.37,14913.04,16908.1,26221.43,user-2834,merchant-984,0.2,False,False,True,False,False,0,0,3,29,False,0.0,0.0,0,background-stream,2026-03-30T03:47:32.531645,MEDIUM,0.779348,0.116521,,0
20,CASH_IN,6234.83,18228.21,11993.38,13954.66,20189.49,user-8659,merchant-838,0.2,False,False,True,False,False,0,0,1,31,False,0.0,0.0,0,background-stream,2026-03-30T03:47:34.814556,MEDIUM,0.765,0.161844,,0
11,PAYMENT,2632.75,21945.05,19312.3,17202.3,19835.05,user-1254,merchant-555,0.2,False,False,True,False,False,0,0,3,34,False,0.0,0.0,0,background-stream,2026-03-30T03:47:37.128056,MEDIUM,0.765,0.229369,,0
24,CASH_IN,7313.52,26584.68,19271.16,10273.84,17587.36,user-5901,merchant-167,0.2,False,False,True,False,False,0,0,3,25,False,0.0,0.0,0,background-stream,2026-03-30T03:47:39.399175,MEDIUM,0.765,0.184161,,0
13,CASH_OUT,594.52,16430.67,15836.15,7672.13,8266.65,user-2565,merchant-532,0.2,False,False,True,False,False,0,0,3,32,False,0.0,0.0,0,background-stream,2026-03-30T03:47:41.678104,MEDIUM,0.765,0.164063,,0
18,TRANSFER,4697.18,15596.65,10899.47,9334.13,14031.31,user-7596,merchant-515,0.3,False,False,True,False,False,0,0,0,42,False,0.0,0.0,2,background-stream,2026-03-30T03:47:43.976935,MEDIUM,0.77,0.161594,,0
5,TRANSFER,9008.5,25033.23,16024.73,12412.67,21421.17,user-6382,merchant-653,0.25,False,False,True,False,False,0,0,0,32,False,0.0,0.0,1,background-stream,2026-03-30T03:47:46.246471,LOW,0.0675,0.223509,,0
8,CASH_OUT,292.65,10625.03,10332.38,4264.66,4557.31,user-3028,merchant-377,0.2,False,False,True,False,False,0,0,1,29,False,0.0,0.0,0,background-stream,2026-03-30T03:47:48.576453,MEDIUM,0.765,0.216436,,0
17,CASH_OUT,9289.0,21495.59,12206.59,18615.74,27904.74,user-5852,merchant-801,0.25,False,False,True,False,False,0,0,2,44,False,0.0,0.0,1,background-stream,2026-03-30T03:47:50.846425,MEDIUM,0.7675,0.168956,,0
16,PAYMENT,2516.73,13045.02,10528.29,16732.86,19249.59,user-9305,merchant-966,0.2,False,False,True,False,False,0,0,3,29,False,0.0,0.0,0,background-stream,2026-03-30T03:47:53.094377,MEDIUM,0.765,0.206301,,0
10,CASH_IN,2958.87,18020.1,15061.23,12642.18,15601.05,user-9750,merchant-155,0.2,False,False,True,False,False,0,0,2,30,False,0.0,0.0,0,background-stream,2026-03-30T03:47:55.360161,MEDIUM,0.764999,0.176612,,0
1,DEBIT,1270.38,10944.74,9674.36,14347.55,15617.93,user-6100,merchant-605,0.2,False,False,True,False,False,0,0,1,29,False,0.0,0.0,0,background-stream,2026-03-30T03:47:57.624219,LOW,0.065,0.190957,,0
16,CASH_IN,9103.63,17936.65,8833.02,14877.1,23980.73,user-4951,merchant-128,0.2,False,False,True,False,False,0,0,2,35,False,0.0,0.0,0,background-stream,2026-03-30T03:47:59.952679,MEDIUM,0.767776,0.143522,,0
10,CASH_OUT,1292.77,5809.11,4516.34,7007.88,8300.65,user-2537,merchant-210,0.25,False,False,True,False,False,0,0,2,29,False,0.0,0.0,1,background-stream,2026-03-30T03:48:02.196684,MEDIUM,0.767499,0.194978,,0
3,CASH_OUT,7253.67,21955.61,14701.94,9995.97,17249.64,user-1408,merchant-505,0.3,False,False,True,False,False,0,0,3,30,False,0.0,0.0,2,background-stream,2026-03-30T03:48:04.430625,LOW,0.070016,0.229858,,0
24,DEBIT,6021.61,10530.9,4509.29,16732.7,22754.31,user-6683,merchant-620,0.2,False,False,True,False,False,0,0,2,32,False,0.0,0.0,0,background-stream,2026-03-30T03:48:06.691744,MEDIUM,0.765,0.153478,,0
3,CASH_IN,4275.52,17746.36,13470.84,12000.84,16276.36,user-6292,merchant-120,0.2,False,False,True,False,False,0,0,4,42,False,0.0,0.0,0,background-stream,2026-03-30T03:48:08.945548,LOW,0.065,0.212139,,0
13,CASH_IN,3609.79,20771.65,17161.86,17799.58,21409.37,user-2437,merchant-846,0.25,False,False,True,False,False,0,0,3,33,False,0.0,0.0,1,background-stream,2026-03-30T03:48:11.342493,MEDIUM,0.7675,0.150162,,0
18,CASH_OUT,1205.03,16136.02,14930.99,10686.97,11892.0,user-2845,merchant-868,0.2,False,False,True,False,False,0,0,3,33,False,0.0,0.0,0,background-stream,2026-03-30T03:48:13.570638,MEDIUM,0.765,0.17001,,0
14,CASH_IN,8097.48,24230.29,16132.81,9600.5,17697.98,user-4802,merchant-119,0.25,False,False,True,False,False,0,0,4,24,False,0.0,0.0,1,background-stream,2026-03-30T03:48:15.811462,MEDIUM,0.769495,0.145343,,0
2,CASH_IN,7326.36,18812.57,11486.21,4343.57,11669.93,user-9220,merchant-950,0.2,False,False,True,False,False,0,0,2,34,False,0.0,0.0,0,background-stream,2026-03-30T03:48:18.057630,LOW,0.065,0.208714,,0
23,CASH_IN,3675.71,17830.66,14154.95,19190.44,22866.15,user-2853,merchant-535,0.2,False,False,True,False,False,0,0,3,29,False,0.0,0.0,0,background-stream,2026-03-30T03:48:20.329296,MEDIUM,0.765,0.173556,,0
14,DEBIT,1049.41,4072.1,3022.69,3025.77,4075.18,user-6724,merchant-927,0.25,False,False,True,False,False,0,0,0,41,False,0.0,0.0,1,background-stream,2026-03-30T03:48:22.769687,MEDIUM,0.784389,0.110591,,0
16,CASH_IN,9573.81,24735.66,15161.85,18942.73,28516.54,user-7343,merchant-518,0.2,False,False,True,False,False,0,0,1,38,False,0.0,0.0,0,background-stream,2026-03-30T03:48:25.005991,MEDIUM,0.767896,0.143242,,0
7,CASH_IN,1910.53,2899.99,989.46,13059.88,14970.41,user-8337,merchant-122,0.2,False,False,True,False,False,0,0,3,31,False,0.0,0.0,0,background-stream,2026-03-30T03:48:27.223743,LOW,0.065,0.217078,,0
4,CASH_OUT,1952.31,13286.42,11334.11,16088.93,18041.24,user-7795,merchant-965,0.2,False,False,True,False,False,0,0,5,32,False,0.0,0.0,0,background-stream,2026-03-30T03:48:29.504500,LOW,0.065001,0.231052,,0
3,TRANSFER,6358.06,19190.12,12832.06,2940.64,9298.7,user-2624,merchant-919,0.2,False,False,True,False,False,0,0,3,24,False,0.0,0.0,0,background-stream,2026-03-30T03:48:31.702432,LOW,0.065,0.2176,,0
1,PAYMENT,3016.07,7646.53,4630.46,17470.47,20486.54,user-6945,merchant-825,0.2,False,False,True,False,False,0,0,3,33,False,0.0,0.0,0,background-stream,2026-03-30T03:48:34.000277,LOW,0.065,0.271771,,0
1,TRANSFER,9416.74,11737.84,2321.1,1801.9,11218.64,user-9686,merchant-398,0.2,False,False,True,False,False,0,0,3,29,False,0.0,0.0,0,background-stream,2026-03-30T03:48:36.258991,LOW,0.065,0.222235,,0
19,CASH_IN,5974.64,14412.89,8438.25,5894.82,11869.46,user-6712,merchant-121,0.2,False,False,True,False,False,0,0,1,28,False,0.0,0.0,0,background-stream,2026-03-30T03:48:38.535913,MEDIUM,0.765,0.159175,,0
9,PAYMENT,6982.86,8863.81,1880.95,8235.16,15218.02,user-7906,merchant-450,0.2,False,False,True,False,False,0,0,3,33,False,0.0,0.0,0,background-stream,2026-03-30T03:48:40.807301,MEDIUM,0.765,0.251234,,0
12,DEBIT,3236.33,10003.58,6767.25,5830.08,9066.41,user-8863,merchant-120,0.2,False,False,True,False,False,0,0,1,43,False,0.0,0.0,0,background-stream,2026-03-30T03:48:43.061580,MEDIUM,0.774951,0.126779,,0
8,CASH_OUT,2536.75,17953.62,15416.87,2933.36,5470.11,user-5777,merchant-742,0.25,False,False,True,False,False,0,0,6,30,False,0.0,0.0,1,background-stream,2026-03-30T03:48:45.402569,MEDIUM,0.767499,0.215252,,0
2,DEBIT,9816.69,21909.94,12093.25,14318.79,24135.48,user-2587,merchant-801,0.25,False,False,True,False,False,0,0,4,45,False,0.0,0.0,1,background-stream,2026-03-30T03:48:47.754940,LOW,0.0675,0.186667,,0
6,PAYMENT,3769.45,12177.94,8408.49,18828.82,22598.27,user-7315,merchant-871,0.2,False,False,True,False,False,0,0,3,23,False,0.0,0.0,0,background-stream,2026-03-30T03:48:49.984081,LOW,0.065,0.279544,,0
12,DEBIT,2312.34,9508.26,7195.92,8640.76,10953.1,user-5156,merchant-876,0.2,False,False,True,False,False,0,0,2,34,False,0.0,0.0,0,background-stream,2026-03-30T03:48:52.225878,MEDIUM,0.774902,0.126895,,0
14,PAYMENT,4803.92,19283.06,14479.14,1824.52,6628.44,user-3378,merchant-233,0.2,False,False,True,False,False,0,0,5,29,False,0.0,0.0,0,background-stream,2026-03-30T03:48:54.507593,MEDIUM,0.765,0.207613,,0
2,PAYMENT,9978.86,24605.7,14626.84,11133.47,21112.33,user-9007,merchant-787,0.2,False,False,True,False,False,0,0,5,28,False,0.0,0.0,0,background-stream,2026-03-30T03:48:56.846459,HIGH,0.11,0.263368,,1
1,CASH_IN,3134.24,14135.48,11001.24,2677.42,5811.66,user-3983,merchant-757,0.2,False,False,True,False,False,0,0,5,36,False,0.0,0.0,0,background-stream,2026-03-30T03:48:59.317964,LOW,0.065,0.211774,,0
7,CASH_OUT,2123.69,17342.47,15218.78,1226.02,3349.71,user-3909,merchant-860,0.2,False,False,True,False,False,0,0,2,31,False,0.0,0.0,0,background-stream,2026-03-30T03:49:01.528270,LOW,0.065007,0.236934,,0
14,CASH_OUT,626.56,9914.92,9288.36,7042.09,7668.65,user-3177,merchant-216,0.2,False,False,True,False,False,0,0,3,28,False,0.0,0.0,0,background-stream,2026-03-30T03:49:03.803140,MEDIUM,0.765,0.156587,,0
20,TRANSFER,7865.31,10413.7,2548.39,14317.64,22182.95,user-4857,merchant-350,0.2,False,False,True,False,False,0,0,3,20,False,0.0,0.0,0,background-stream,2026-03-30T03:49:06.297748,MEDIUM,0.765,0.168691,,0
6,PAYMENT,5278.73,19433.26,14154.53,1283.63,6562.36,user-8234,merchant-234,0.25,False,False,True,False,False,0,0,1,37,False,0.0,0.0,1,background-stream,2026-03-30T03:49:08.586073,LOW,0.0675,0.280047,,0
14,CASH_OUT,8859.46,15477.31,6617.85,3734.6,12594.06,user-7703,merchant-119,0.25,False,False,True,False,False,0,0,6,25,False,0.0,0.0,1,background-stream,2026-03-30T03:49:10.836679,MEDIUM,0.7675,0.158053,,0
10,CASH_OUT,4973.87,5646.27,672.4,3097.7,8071.57,user-3453,merchant-100,0.2,False,False,True,False,False,0,0,3,29,False,0.0,0.0,0,background-stream,2026-03-30T03:49:13.100317,MEDIUM,0.765,0.197678,,0
8,CASH_OUT,171.67,12471.59,12299.92,9680.33,9852.0,user-8123,merchant-913,0.25,False,False,True,False,False,0,0,4,33,False,0.0,0.0,1,background-stream,2026-03-30T03:49:15.456678,MEDIUM,0.7675,0.215723,,0
15,PAYMENT,4239.54,17463.69,13224.15,7157.2,11396.74,user-6931,merchant-961,0.3,False,False,True,False,False,0,0,2,30,False,0.0,0.0,2,background-stream,2026-03-30T03:49:17.765016,MEDIUM,0.77,0.204041,,0
22,CASH_OUT,6000.67,21174.62,15173.95,16106.04,22106.71,user-2495,merchant-536,0.25,False,False,True,False,False,0,0,2,33,False,0.0,0.0,1,background-stream,2026-03-30T03:49:20.142703,MEDIUM,0.7675,0.177308,,0
22,PAYMENT,7141.74,21611.75,14470.01,15227.31,22369.05,user-3291,merchant-720,0.2,False,False,True,False,False,0,0,3,33,False,0.0,0.0,0,background-stream,2026-03-30T03:49:22.401236,MEDIUM,0.765,0.221655,,0
2,CASH_IN,8929.66,22925.43,13995.77,18434.33,27363.99,user-4492,merchant-469,0.2,False,False,True,False,False,0,0,2,20,False,0.0,0.0,0,background-stream,2026-03-30T03:49:24.676364,LOW,0.065,0.208694,,0
18,TRANSFER,4841.94,24298.53,19456.59,17254.43,22096.37,user-8242,merchant-405,0.2,False,False,True,False,False,0,0,3,38,False,0.0,0.0,0,background-stream,2026-03-30T03:49:26.911784,MEDIUM,0.765,0.157607,,0
16,CASH_OUT,9187.83,14643.24,5455.41,6120.18,15308.01,user-7807,merchant-913,0.25,False,False,True,False,False,0,0,3,34,False,0.0,0.0,1,background-stream,2026-03-30T03:49:29.158458,MEDIUM,0.7675,0.158502,,0
2,CASH_OUT,7732.95,16248.98,8516.03,13152.07,20885.02,user-3049,merchant-219,0.35,False,False,True,False,False,1,0,3,27,False,0.037,0.3333,0,background-stream,2026-03-30T03:49:31.472184,LOW,0.072501,0.225688,,0
5,CASH_IN,5455.92,10873.18,5417.26,12658.58,18114.5,user-6827,merchant-764,0.2,False,False,True,False,False,0,0,4,37,False,0.0,0.0,0,background-stream,2026-03-30T03:49:33.730624,LOW,0.065,0.216467,,0
17,CASH_OUT,4481.74,16797.51,12315.77,2354.97,6836.71,user-2390,merchant-200,0.2,False,False,True,False,False,0,0,3,29,False,0.0,0.0,0,background-stream,2026-03-30T03:49:35.976915,MEDIUM,0.765,0.168584,,0
6,CASH_OUT,2301.23,8382.12,6080.89,2894.99,5196.22,user-9216,merchant-330,0.25,False,False,True,False,False,0,0,7,22,False,0.0,0.0,1,background-stream,2026-03-30T03:49:38.201174,LOW,0.067514,0.239693,,0
22,CASH_IN,6553.59,12247.03,5693.44,6083.61,12637.2,user-8931,merchant-288,0.2,False,False,True,False,False,0,0,4,21,False,0.0,0.0,0,background-stream,2026-03-30T03:49:40.470043,MEDIUM,0.765,0.166563,,0
20,DEBIT,5795.48,11192.29,5396.81,6921.21,12716.69,user-6636,merchant-461,0.2,False,False,True,False,False,0,0,1,21,False,0.0,0.0,0,background-stream,2026-03-30T03:49:42.802791,MEDIUM,0.774537,0.127747,,0
6,TRANSFER,7615.39,14965.0,7349.61,14011.75,21627.14,user-7606,merchant-321,0.2,False,False,True,False,False,0,0,3,26,False,0.0,0.0,0,background-stream,2026-03-30T03:49:45.070980,LOW,0.065,0.230189,,0
21,TRANSFER,6405.69,20832.88,14427.19,12288.32,18694.01,user-1722,merchant-655,0.2,False,False,True,False,False,0,0,2,35,False,0.0,0.0,0,background-stream,2026-03-30T03:49:47.349693,MEDIUM,0.765,0.164741,,0
8,TRANSFER,7923.77,8186.76,262.99,9517.81,17441.58,user-4732,merchant-252,0.2,False,False,True,False,False,0,0,4,31,False,0.0,0.0,0,background-stream,2026-03-30T03:49:49.618718,MEDIUM,0.765,0.208092,,0
12,TRANSFER,5138.73,16688.66,11549.93,10320.37,15459.1,user-8944,merchant-973,0.2,False,False,True,False,False,0,0,1,36,False,0.0,0.0,0,background-stream,2026-03-30T03:49:51.877730,MEDIUM,0.765,0.160758,,0
9,CASH_IN,41.9,15167.59,15125.69,12685.32,12727.22,user-3504,merchant-462,0.2,False,False,True,False,False,0,0,0,22,False,0.0,0.0,0,background-stream,2026-03-30T03:49:54.280645,MEDIUM,0.764999,0.188244,,0
21,PAYMENT,1135.96,20049.08,18913.12,17446.96,18582.92,user-5239,merchant-928,0.2,False,False,True,False,False,0,0,3,30,False,0.0,0.0,0,background-stream,2026-03-30T03:49:56.528607,MEDIUM,0.765,0.21869,,0
11,CASH_IN,6128.09,6185.38,57.29,17191.04,23319.13,user-5408,merchant-325,0.2,False,False,True,False,False,0,0,0,38,False,0.0,0.0,0,background-stream,2026-03-30T03:49:58.797928,MEDIUM,0.765,0.166933,,0
11,TRANSFER,9093.23,14404.54,5311.31,13896.4,22989.63,user-2738,merchant-342,0.2,False,False,True,False,False,0,0,2,24,False,0.0,0.0,0,background-stream,2026-03-30T03:50:01.086870,MEDIUM,0.765,0.172118,,0
11,DEBIT,9512.66,18121.71,8609.05,17123.15,26635.81,user-5033,merchant-679,0.2,False,False,True,False,False,0,0,1,32,False,0.0,0.0,0,background-stream,2026-03-30T03:50:03.294445,MEDIUM,0.771511,0.134807,,0
11,PAYMENT,5734.03,11563.96,5829.93,8989.13,14723.16,user-3028,merchant-860,0.2,False,False,True,False,False,0,0,2,32,False,0.0,0.0,0,background-stream,2026-03-30T03:50:05.634698,MEDIUM,0.765,0.229904,,0
24,DEBIT,2679.54,16688.78,14009.24,6353.95,9033.49,user-3473,merchant-199,0.2,False,False,True,False,False,0,0,7,35,False,0.0,0.0,0,background-stream,2026-03-30T03:50:07.913210,MEDIUM,0.765,0.155234,,0
19,CASH_IN,6637.13,13266.73,6629.6,14794.88,21432.01,user-4707,merchant-361,0.2,False,False,True,False,False,0,0,1,27,False,0.0,0.0,0,background-stream,2026-03-30T03:50:10.185929,MEDIUM,0.765,0.159139,,0
3,CASH_OUT,5941.5,13736.22,7794.72,13203.85,19145.35,user-6691,merchant-281,0.2,False,False,True,False,False,0,0,0,27,False,0.0,0.0,0,background-stream,2026-03-30T03:50:12.460203,LOW,0.065001,0.231674,,0
9,CASH_IN,7215.33,8653.11,1437.78,2741.27,9956.6,user-6920,merchant-914,0.25,False,False,True,False,False,0,0,2,36,False,0.0,0.0,1,background-stream,2026-03-30T03:50:14.708515,MEDIUM,0.7675,0.188415,,0
17,DEBIT,2224.76,9831.14,7606.38,4809.03,7033.79,user-5019,merchant-841,0.2,False,False,True,False,False,0,0,3,36,False,0.0,0.0,0,background-stream,2026-03-30T03:50:17.017923,MEDIUM,0.77775,0.120248,,0
7,CASH_OUT,4527.45,6942.43,2414.98,14431.35,18958.8,user-9355,merchant-279,0.2,False,False,True,False,False,0,0,2,31,False,0.0,0.0,0,background-stream,2026-03-30T03:50:19.262992,LOW,0.065006,0.241569,,0
6,CASH_OUT,1170.05,13070.11,11900.06,4071.76,5241.81,user-6376,merchant-457,0.2,False,False,True,False,False,0,0,3,38,False,0.0,0.0,0,background-stream,2026-03-30T03:50:21.577434,LOW,0.065014,0.237771,,0
1,PAYMENT,4187.69,15642.41,11454.72,4452.71,8640.4,user-9112,merchant-346,0.2,False,False,True,False,False,0,0,4,30,False,0.0,0.0,0,background-stream,2026-03-30T03:50:23.870841,LOW,0.065,0.272067,,0
19,CASH_IN,1760.23,17858.8,16098.57,3505.89,5266.12,user-7179,merchant-333,0.2,False,False,True,False,False,0,0,4,38,False,0.0,0.0,0,background-stream,2026-03-30T03:50:26.165808,MEDIUM,0.765,0.158957,,0
4,TRANSFER,3653.67,16079.6,12425.93,2034.26,5687.93,user-1937,merchant-788,0.2,False,False,True,False,False,0,0,1,29,False,0.0,0.0,0,background-stream,2026-03-30T03:50:28.568788,LOW,0.065001,0.219184,,0
18,CASH_IN,7947.76,14090.03,6142.27,9252.7,17200.46,user-9744,merchant-238,0.2,False,False,True,False,False,0,0,3,27,False,0.0,0.0,0,background-stream,2026-03-30T03:50:30.852516,MEDIUM,0.765,0.156859,,0
3,DEBIT,5620.83,6252.39,631.56,3413.82,9034.65,user-8953,merchant-566,0.2,False,False,True,False,False,0,0,4,32,False,0.0,0.0,0,background-stream,2026-03-30T03:50:33.047081,LOW,0.065,0.183496,,0
21,DEBIT,8104.89,10180.74,2075.85,3567.89,11672.78,user-8825,merchant-104,0.2,False,False,True,False,False,0,0,7,32,False,0.0,0.0,0,background-stream,2026-03-30T03:50:35.320648,MEDIUM,0.774587,0.127629,,0
5,CASH_IN,2669.02,16215.06,13546.04,2934.09,5603.11,user-2767,merchant-468,0.2,False,False,True,False,False,0,0,3,35,False,0.0,0.0,0,background-stream,2026-03-30T03:50:37.573690,LOW,0.065,0.216275,,0
14,PAYMENT,3028.39,17351.29,14322.9,10459.33,13487.72,user-7627,merchant-554,0.25,False,False,True,False,False,0,0,4,20,False,0.0,0.0,1,background-stream,2026-03-30T03:50:39.898766,MEDIUM,0.7675,0.207051,,0
2,TRANSFER,395.2,15859.05,15463.85,6011.3,6406.5,user-2588,merchant-574,0.2,False,False,True,False,False,0,0,4,26,False,0.0,0.0,0,background-stream,2026-03-30T03:50:42.147709,LOW,0.065,0.212693,,0
7,TRANSFER,1670.98,19897.16,18226.18,15264.66,16935.64,user-4073,merchant-524,0.25,False,False,True,False,False,0,0,1,33,False,0.0,0.0,1,background-stream,2026-03-30T03:50:44.395941,LOW,0.0675,0.223747,,0
3,DEBIT,2074.54,20258.27,18183.73,1282.6,3357.14,user-1281,merchant-738,0.25,False,False,True,False,False,0,0,3,28,False,0.0,0.0,1,background-stream,2026-03-30T03:50:46.648003,LOW,0.0675,0.185334,,0
23,CASH_OUT,4036.13,11612.29,7576.16,14559.72,18595.85,user-1653,merchant-442,0.2,False,False,True,False,False,0,0,7,23,False,0.0,0.0,0,background-stream,2026-03-30T03:50:48.904333,MEDIUM,0.765,0.187969,,0
12,DEBIT,5746.78,25307.8,19561.02,7989.7,13736.48,user-4773,merchant-459,0.2,False,False,True,False,False,0,0,4,31,False,0.0,0.0,0,background-stream,2026-03-30T03:50:51.209998,MEDIUM,0.775159,0.126295,,0
3,PAYMENT,7491.8,10447.69,2955.89,10971.43,18463.23,user-5665,merchant-232,0.25,False,False,True,False,False,0,0,4,38,False,0.0,0.0,1,background-stream,2026-03-30T03:50:53.443683,LOW,0.0675,0.266262,,0
22,PAYMENT,9022.24,20677.63,11655.39,9987.22,19009.46,user-4143,merchant-915,0.2,False,False,True,False,False,0,0,3,27,False,0.0,0.0,0,background-stream,2026-03-30T03:50:55.729075,MEDIUM,0.765,0.219842,,0
22,TRANSFER,399.18,8063.63,7664.45,12390.72,12789.9,user-6366,merchant-955,0.2,False,False,True,False,False,0,0,6,26,False,0.0,0.0,0,background-stream,2026-03-30T03:50:57.987286,MEDIUM,0.765,0.171828,,0
8,CASH_IN,7283.1,26178.92,18895.82,17700.7,24983.8,user-5968,merchant-568,0.3,False,False,True,False,False,0,0,2,30,False,0.0,0.0,2,background-stream,2026-03-30T03:51:00.257902,MEDIUM,0.769999,0.198005,,0
21,TRANSFER,176.19,11206.25,11030.06,10880.0,11056.19,user-9267,merchant-664,0.25,False,False,True,False,False,0,0,5,34,False,0.0,0.0,1,background-stream,2026-03-30T03:51:02.579092,MEDIUM,0.7675,0.165734,,0
14,CASH_OUT,1544.03,20003.53,18459.5,6507.86,8051.89,user-7446,merchant-340,0.2,False,False,True,False,False,0,0,5,38,False,0.0,0.0,0,background-stream,2026-03-30T03:51:04.842859,MEDIUM,0.765,0.155286,,0
7,DEBIT,4532.81,5151.64,618.83,7450.78,11983.59,user-4640,merchant-263,0.3,False,False,True,False,False,0,0,5,30,False,0.0,0.0,2,background-stream,2026-03-30T03:51:07.078782,LOW,0.07,0.177817,,0
15,TRANSFER,9173.64,21347.54,12173.9,2822.81,11996.45,user-2823,merchant-523,0.25,False,False,True,False,False,0,0,0,24,False,0.0,0.0,1,background-stream,2026-03-30T03:51:09.344695,MEDIUM,0.7675,0.150049,,0
7,DEBIT,7100.64,26178.9,19078.26,18029.96,25130.6,user-3428,merchant-225,0.2,False,False,True,False,False,0,0,7,31,False,0.0,0.0,0,background-stream,2026-03-30T03:51:11.609442,LOW,0.065,0.175831,,0
17,DEBIT,6007.75,10567.35,4559.6,16441.01,22448.76,user-1095,merchant-417,0.2,False,False,True,False,False,0,0,1,24,False,0.0,0.0,0,background-stream,2026-03-30T03:51:13.949551,MEDIUM,0.778305,0.118955,,0
14,PAYMENT,6517.57,7036.45,518.88,9834.59,16352.16,user-3680,merchant-727,0.2,False,False,True,False,False,0,0,1,25,False,0.0,0.0,0,background-stream,2026-03-30T03:51:16.203554,MEDIUM,0.765,0.207716,,0
14,CASH_OUT,9359.77,13727.56,4367.79,12297.2,21656.97,user-2322,merchant-706,0.2,False,False,True,False,False,0,0,2,37,False,0.0,0.0,0,background-stream,2026-03-30T03:51:18.463083,MEDIUM,0.765,0.158999,,0
9,DEBIT,4793.61,13286.67,8493.06,18883.97,23677.58,user-7413,merchant-469,0.2,False,False,True,False,False,0,0,2,21,False,0.0,0.0,0,background-stream,2026-03-30T03:51:20.715879,MEDIUM,0.765,0.15323,,0
10,TRANSFER,3451.51,16193.12,12741.61,7786.35,11237.86,user-1204,merchant-164,0.2,False,False,True,False,False,0,0,3,28,False,0.0,0.0,0,background-stream,2026-03-30T03:51:22.988880,MEDIUM,0.765,0.18351,,0
12,PAYMENT,6431.25,19173.69,12742.44,818.77,7250.02,user-3743,merchant-472,0.2,False,False,True,False,False,0,0,4,29,False,0.0,0.0,0,background-stream,2026-03-30T03:51:25.310862,MEDIUM,0.765,0.2193,,0
1,CASH_OUT,849.28,13120.18,12270.9,1908.2,2757.48,user-8466,merchant-205,0.2,False,False,True,False,False,0,0,4,30,False,0.0,0.0,0,background-stream,2026-03-30T03:51:27.565853,LOW,0.065017,0.228908,,0
20,DEBIT,2137.95,18965.24,16827.29,2772.17,4910.12,user-7173,merchant-635,0.2,False,False,True,False,False,0,0,3,26,False,0.0,0.0,0,background-stream,2026-03-30T03:51:29.848963,MEDIUM,0.773843,0.129365,,0
10,DEBIT,7045.06,19868.08,12823.02,5184.7,12229.76,user-9218,merchant-406,0.2,False,False,True,False,False,0,0,3,23,False,0.0,0.0,0,background-stream,2026-03-30T03:51:32.111228,MEDIUM,0.767188,0.144894,,0
17,CASH_OUT,4755.34,11527.96,6772.62,10494.02,15249.36,user-7834,merchant-982,0.2,False,False,True,False,False,0,0,4,21,False,0.0,0.0,0,background-stream,2026-03-30T03:51:34.406333,MEDIUM,0.765,0.170011,,0
18,CASH_OUT,5181.29,16638.71,11457.42,6626.98,11808.27,user-1361,merchant-324,0.2,False,False,True,False,False,0,0,5,34,False,0.0,0.0,0,background-stream,2026-03-30T03:51:36.766314,MEDIUM,0.765,0.17001,,0
19,DEBIT,2583.09,4114.07,1530.98,7879.11,10462.2,user-3598,merchant-607,0.2,False,False,True,False,False,0,0,3,29,False,0.0,0.0,0,background-stream,2026-03-30T03:51:39.043972,MEDIUM,0.776791,0.122487,,0
12,PAYMENT,6658.73,9613.61,2954.88,8208.83,14867.56,user-4180,merchant-280,0.2,False,False,True,False,False,0,0,3,32,False,0.0,0.0,0,background-stream,2026-03-30T03:51:41.298155,MEDIUM,0.765,0.219812,,0
19,DEBIT,80.36,9485.98,9405.62,18317.9,18398.26,user-5985,merchant-374,0.25,False,False,True,False,False,0,0,3,25,False,0.0,0.0,1,background-stream,2026-03-30T03:51:43.547421,MEDIUM,0.779785,0.121334,,0
19,CASH_OUT,5772.52,22789.35,17016.83,12878.68,18651.2,user-9537,merchant-424,0.2,False,False,True,False,False,0,0,2,26,False,0.0,0.0,0,background-stream,2026-03-30T03:51:45.814714,MEDIUM,0.765,0.17043,,0
23,PAYMENT,2909.42,19422.47,16513.05,7393.82,10303.24,user-8994,merchant-404,0.25,False,False,True,False,False,0,0,6,26,False,0.0,0.0,1,background-stream,2026-03-30T03:51:48.121484,MEDIUM,0.7675,0.233533,,0
11,PAYMENT,9640.29,23704.78,14064.49,12560.1,22200.39,user-8057,merchant-220,0.2,False,False,True,False,False,0,0,3,23,False,0.0,0.0,0,background-stream,2026-03-30T03:51:50.371314,MEDIUM,0.765,0.227337,,0
8,DEBIT,436.82,8433.75,7996.93,3318.65,3755.47,user-7613,merchant-634,0.2,False,False,True,False,False,0,0,2,29,False,0.0,0.0,0,background-stream,2026-03-30T03:51:52.610081,MEDIUM,0.764999,0.15984,,0
15,DEBIT,8164.72,22315.48,14150.76,6972.66,15137.38,user-9543,merchant-484,0.2,False,False,True,False,False,0,0,3,32,False,0.0,0.0,0,background-stream,2026-03-30T03:51:54.858582,MEDIUM,0.781984,0.11037,,0
13,TRANSFER,1251.83,19376.24,18124.41,1424.14,2675.97,user-3494,merchant-493,0.2,False,False,True,False,False,0,0,3,22,False,0.0,0.0,0,background-stream,2026-03-30T03:51:57.186543,MEDIUM,0.765746,0.148257,,0
14,PAYMENT,272.42,4342.38,4069.96,7618.02,7890.44,user-9316,merchant-477,0.25,False,False,True,False,False,0,0,3,25,False,0.0,0.0,1,background-stream,2026-03-30T03:52:00.325679,MEDIUM,0.7675,0.203998,,0
22,PAYMENT,4052.68,12480.4,8427.72,17745.57,21798.25,user-9042,merchant-955,0.2,False,False,True,False,False,0,0,3,27,False,0.0,0.0,0,background-stream,2026-03-30T03:52:02.766376,MEDIUM,0.765,0.22288,,0
11,DEBIT,3020.6,21544.58,18523.98,3215.11,6235.71,user-1796,merchant-798,0.2,False,False,True,False,False,0,0,1,28,False,0.0,0.0,0,background-stream,2026-03-30T03:52:05.061806,MEDIUM,0.771182,0.135575,,0
7,CASH_OUT,3133.98,19293.29,16159.31,9631.5,12765.48,user-8853,merchant-289,0.2,False,False,True,False,False,0,0,2,30,False,0.0,0.0,0,background-stream,2026-03-30T03:52:07.327250,LOW,0.065007,0.23667,,0
7,CASH_IN,6040.79,8255.69,2214.9,7007.93,13048.72,user-2121,merchant-658,0.2,False,False,True,False,False,0,0,2,36,False,0.0,0.0,0,background-stream,2026-03-30T03:52:09.580856,LOW,0.065,0.217238,,0
17,CASH_OUT,3763.75,6640.58,2876.83,8991.48,12755.23,user-6043,merchant-340,0.25,False,False,True,False,False,0,0,1,39,False,0.0,0.0,1,background-stream,2026-03-30T03:52:11.904614,MEDIUM,0.7675,0.173914,,0
22,DEBIT,1266.16,4799.03,3532.87,3917.41,5183.57,user-5809,merchant-581,0.2,False,False,True,False,False,0,0,4,27,False,0.0,0.0,0,background-stream,2026-03-30T03:52:14.147990,MEDIUM,0.772558,0.132364,,0
18,CASH_OUT,982.02,18853.7,17871.68,7688.54,8670.56,user-3460,merchant-891,0.2,False,False,True,False,False,0,0,6,34,False,0.0,0.0,0,background-stream,2026-03-30T03:52:16.419594,MEDIUM,0.765,0.168913,,0
10,CASH_IN,4114.46,8276.47,4162.01,10415.13,14529.59,user-8510,merchant-148,0.2,False,False,True,False,False,0,0,2,25,False,0.0,0.0,0,background-stream,2026-03-30T03:52:18.675348,MEDIUM,0.764999,0.176612,,0
20,DEBIT,4607.44,21468.98,16861.54,4570.3,9177.74,user-4211,merchant-495,0.2,False,False,True,False,False,0,0,7,24,False,0.0,0.0,0,background-stream,2026-03-30T03:52:20.929027,MEDIUM,0.773992,0.129018,,0
20,TRANSFER,92.96,12137.8,12044.84,1714.96,1807.92,user-9368,merchant-382,0.2,False,False,True,False,False,0,0,3,40,False,0.0,0.0,0,background-stream,2026-03-30T03:52:23.238052,MEDIUM,0.765,0.165686,,0
8,DEBIT,1536.46,17463.12,15926.66,6081.69,7618.15,user-2328,merchant-444,0.2,False,False,True,False,False,0,0,1,39,False,0.0,0.0,0,background-stream,2026-03-30T03:52:25.512398,MEDIUM,0.764999,0.161038,,0
5,PAYMENT,7466.26,9982.55,2516.29,5548.85,13015.11,user-8511,merchant-737,0.2,False,False,True,False,False,0,0,6,28,False,0.0,0.0,0,background-stream,2026-03-30T03:52:27.771230,LOW,0.065,0.274581,,0
9,PAYMENT,8880.16,13981.01,5100.85,18773.55,27653.71,user-4067,merchant-712,0.25,False,False,True,False,False,0,0,3,39,False,0.0,0.0,1,background-stream,2026-03-30T03:52:29.996875,MEDIUM,0.7675,0.24975,,0
24,CASH_IN,2603.14,8391.77,5788.63,14843.56,17446.7,user-4130,merchant-266,0.2,False,False,True,False,False,0,0,8,27,False,0.0,0.0,0,background-stream,2026-03-30T03:52:32.165486,MEDIUM,0.765,0.184349,,0
17,PAYMENT,4668.07,12670.91,8002.84,6586.3,11254.37,user-2222,merchant-764,0.2,False,False,True,False,False,0,0,1,38,False,0.0,0.0,0,background-stream,2026-03-30T03:52:34.479722,MEDIUM,0.765,0.214932,,0
4,CASH_OUT,4461.01,7225.38,2764.37,14590.01,19051.02,user-1943,merchant-604,0.2,False,False,True,False,False,0,0,2,27,False,0.0,0.0,0,background-stream,2026-03-30T03:52:36.732743,LOW,0.065019,0.234538,,0
6,TRANSFER,8427.73,13881.11,5453.38,5007.75,13435.48,user-8494,merchant-539,0.2,False,False,True,False,False,0,0,3,38,False,0.0,0.0,0,background-stream,2026-03-30T03:52:38.989226,LOW,0.065,0.230625,,0
17,TRANSFER,5458.64,6967.92,1509.28,9795.6,15254.24,user-6799,merchant-337,0.2,False,False,True,False,False,0,0,1,26,False,0.0,0.0,0,background-stream,2026-03-30T03:52:41.222965,MEDIUM,0.765,0.166569,,0
11,CASH_IN,4239.18,22361.44,18122.26,17248.91,21488.09,user-7062,merchant-550,0.2,False,False,True,False,False,0,0,2,41,False,0.0,0.0,0,background-stream,2026-03-30T03:52:43.504416,MEDIUM,0.765,0.166754,,0
24,DEBIT,8706.95,28174.29,19467.34,12731.74,21438.69,user-5227,merchant-177,0.2,False,False,True,False,False,0,0,3,33,False,0.0,0.0,0,background-stream,2026-03-30T03:52:45.819529,MEDIUM,0.765,0.154034,,0
17,TRANSFER,5432.01,13007.61,7575.6,10320.3,15752.31,user-9234,merchant-432,0.25,False,False,True,False,False,0,0,6,26,False,0.0,0.0,1,background-stream,2026-03-30T03:52:48.062048,MEDIUM,0.7675,0.163289,,0
7,TRANSFER,8349.03,11557.87,3208.84,6072.06,14421.09,user-1648,merchant-243,0.2,False,False,True,False,False,0,0,2,31,False,0.0,0.0,0,background-stream,2026-03-30T03:52:50.332464,LOW,0.065,0.229895,,0
24,CASH_IN,1222.98,19452.77,18229.79,19402.6,20625.58,user-6662,merchant-688,0.2,False,False,True,False,False,0,0,2,22,False,0.0,0.0,0,background-stream,2026-03-30T03:52:52.697116,MEDIUM,0.765,0.184349,,0
2,CASH_OUT,4006.59,13754.81,9748.22,5025.66,9032.25,user-3597,merchant-656,0.3,False,False,True,False,False,0,0,5,35,False,0.0,0.0,2,background-stream,2026-03-30T03:52:54.957084,LOW,0.070015,0.225271,,0
4,CASH_IN,8296.62,8644.32,347.7,19393.72,27690.34,user-6955,merchant-188,0.25,False,False,True,False,False,0,0,4,25,False,0.0,0.0,1,background-stream,2026-03-30T03:52:57.302449,LOW,0.0675,0.212427,,0
11,DEBIT,2154.5,20124.14,17969.64,19123.77,21278.27,user-8717,merchant-687,0.25,False,False,True,False,False,0,0,1,22,False,0.0,0.0,1,background-stream,2026-03-30T03:52:59.576514,MEDIUM,0.77364,0.135672,,0
10,DEBIT,4242.32,9748.94,5506.62,14025.47,18267.79,user-9820,merchant-950,0.2,False,False,True,False,False,0,0,2,35,False,0.0,0.0,0,background-stream,2026-03-30T03:53:01.766121,MEDIUM,0.767341,0.144537,,0
16,CASH_IN,4266.89,22674.08,18407.19,16440.56,20707.45,user-5961,merchant-587,0.2,False,False,True,False,False,0,0,3,26,False,0.0,0.0,0,background-stream,2026-03-30T03:53:04.013279,MEDIUM,0.767808,0.143446,,0
8,TRANSFER,1714.64,7720.41,6005.77,4328.61,6043.25,user-6785,merchant-301,0.2,False,False,True,False,False,0,0,1,38,False,0.0,0.0,0,background-stream,2026-03-30T03:53:06.269729,MEDIUM,0.764999,0.20564,,0
5,DEBIT,9204.01,11817.05,2613.04,15903.55,25107.56,user-9640,merchant-503,0.35,False,False,True,False,False,1,0,2,25,False,0.04,0.5,0,background-stream,2026-03-30T03:53:08.598251,LOW,0.0725,0.17734,,0
22,CASH_OUT,7478.91,26780.05,19301.14,11908.64,19387.55,user-8993,merchant-328,0.2,False,False,True,False,False,0,0,5,33,False,0.0,0.0,0,background-stream,2026-03-30T03:53:10.868182,MEDIUM,0.765,0.176314,,0
3,CASH_IN,6119.75,10653.4,4533.65,15440.16,21559.91,user-4312,merchant-143,0.3,False,False,True,False,False,0,0,5,34,False,0.0,0.0,2,background-stream,2026-03-30T03:53:13.113686,LOW,0.07,0.212523,,0
24,TRANSFER,2822.35,13379.1,10556.75,2530.15,5352.5,user-4216,merchant-232,0.25,False,False,True,False,False,0,0,2,39,False,0.0,0.0,1,background-stream,2026-03-30T03:53:15.353166,MEDIUM,0.7675,0.191592,,0
21,CASH_IN,476.48,4663.63,4187.15,15248.4,15724.88,user-7343,merchant-411,0.25,False,False,True,False,False,0,0,2,30,False,0.0,0.0,1,background-stream,2026-03-30T03:53:17.669633,MEDIUM,0.7675,0.161981,,0
12,TRANSFER,9896.98,17016.96,7119.98,15451.64,25348.62,user-5429,merchant-106,0.2,False,False,True,False,False,0,0,3,34,False,0.0,0.0,0,background-stream,2026-03-30T03:53:19.979878,HIGH,0.81,0.161857,,1
12,CASH_IN,7410.1,13724.69,6314.59,7752.19,15162.29,user-4592,merchant-544,0.2,False,False,True,False,False,0,0,1,40,False,0.0,0.0,0,background-stream,2026-03-30T03:53:22.414427,MEDIUM,0.765,0.157066,,0
12,PAYMENT,8589.87,26398.82,17808.95,8961.26,17551.13,user-7060,merchant-245,0.25,False,False,True,False,False,0,0,2,35,False,0.0,0.0,1,background-stream,2026-03-30T03:53:24.650339,MEDIUM,0.7675,0.218816,,0
4,TRANSFER,2864.22,22213.5,19349.28,509.05,3373.27,user-2859,merchant-478,0.25,False,False,True,False,False,0,0,1,29,False,0.0,0.0,1,background-stream,2026-03-30T03:53:26.927846,LOW,0.067501,0.216643,,0
21,CASH_IN,1275.73,4290.53,3014.8,7910.08,9185.81,user-4435,merchant-146,0.2,False,False,True,False,False,0,0,2,39,False,0.0,0.0,0,background-stream,2026-03-30T03:53:29.198178,MEDIUM,0.765,0.161981,,0
22,DEBIT,2400.66,13239.89,10839.23,3637.65,6038.31,user-3729,merchant-534,0.25,False,False,True,False,False,0,0,2,26,False,0.0,0.0,1,background-stream,2026-03-30T03:53:31.451225,MEDIUM,0.774861,0.132823,,0
3,DEBIT,6828.36,8669.58,1841.22,16390.5,23218.86,user-6766,merchant-938,0.25,False,False,True,False,False,0,0,2,26,False,0.0,0.0,1,background-stream,2026-03-30T03:53:33.743762,LOW,0.0675,0.182293,,0
11,DEBIT,6438.57,22186.65,15748.08,14265.55,20704.12,user-6672,merchant-463,0.2,False,False,True,False,False,0,0,3,39,False,0.0,0.0,0,background-stream,2026-03-30T03:53:35.981914,MEDIUM,0.771775,0.134192,,0
2,DEBIT,6825.59,21929.65,15104.06,6886.37,13711.96,user-4570,merchant-215,0.3,False,False,True,False,False,0,0,7,39,False,0.0,0.0,2,background-stream,2026-03-30T03:53:38.213058,LOW,0.07,0.187756,,0
21,TRANSFER,5356.39,7579.87,2223.48,5659.75,11016.14,user-2876,merchant-963,0.25,False,False,True,False,False,0,0,3,32,False,0.0,0.0,1,background-stream,2026-03-30T03:53:40.467084,MEDIUM,0.7675,0.169028,,0
2,DEBIT,5160.8,21491.25,16330.45,2948.1,8108.9,user-9546,merchant-170,0.2,False,False,True,False,False,0,0,2,35,False,0.0,0.0,0,background-stream,2026-03-30T03:53:42.839345,LOW,0.065,0.189103,,0
19,DEBIT,4041.87,21287.85,17245.98,12905.2,16947.07,user-3552,merchant-717,0.2,False,False,True,False,False,0,0,2,25,False,0.0,0.0,0,background-stream,2026-03-30T03:53:45.095860,MEDIUM,0.776881,0.122278,,0
18,CASH_OUT,1301.12,12434.46,11133.34,15435.37,16736.49,user-3327,merchant-421,0.2,False,False,True,False,False,0,0,3,26,False,0.0,0.0,0,background-stream,2026-03-30T03:53:47.352972,MEDIUM,0.765,0.17102,,0
4,PAYMENT,9468.0,18761.38,9293.38,780.53,10248.53,user-5401,merchant-582,0.2,False,False,True,False,False,0,0,0,30,False,0.0,0.0,0,background-stream,2026-03-30T03:53:49.682793,LOW,0.065,0.268918,,0
2,CASH_IN,7385.26,18707.07,11321.81,74.12,7459.38,user-7799,merchant-245,0.25,False,False,True,False,False,0,0,5,36,False,0.0,0.0,1,background-stream,2026-03-30T03:53:52.036969,LOW,0.0675,0.208714,,0
17,CASH_IN,7603.31,15902.26,8298.95,14441.33,22044.64,user-7911,merchant-353,0.25,False,False,True,False,False,0,0,3,23,False,0.0,0.0,1,background-stream,2026-03-30T03:53:54.355552,MEDIUM,0.7675,0.154269,,0
14,CASH_OUT,5480.21,10326.8,4846.59,10524.29,16004.5,user-9166,merchant-784,0.2,False,False,True,False,False,0,0,2,28,False,0.0,0.0,0,background-stream,2026-03-30T03:53:56.585689,MEDIUM,0.765,0.158359,,0
17,TRANSFER,2465.81,15308.78,12842.97,17773.99,20239.8,user-7683,merchant-536,0.25,False,False,True,False,False,0,0,3,34,False,0.0,0.0,1,background-stream,2026-03-30T03:53:58.858917,MEDIUM,0.7675,0.161146,,0
17,CASH_OUT,5021.79,18206.37,13184.58,3483.95,8505.74,user-8774,merchant-254,0.25,False,False,True,False,False,0,0,7,34,False,0.0,0.0,1,background-stream,2026-03-30T03:54:01.062989,MEDIUM,0.7675,0.168584,,0
14,DEBIT,4965.66,22696.41,17730.75,8480.08,13445.74,user-6012,merchant-657,0.25,False,False,True,False,False,0,0,5,33,False,0.0,0.0,1,background-stream,2026-03-30T03:54:03.334950,MEDIUM,0.784741,0.10977,,0
19,PAYMENT,9701.85,12419.85,2718.0,11146.68,20848.53,user-3435,merchant-687,0.25,False,False,True,False,False,0,0,1,23,False,0.0,0.0,1,background-stream,2026-03-30T03:54:05.617308,MEDIUM,0.7675,0.213129,,0
15,CASH_OUT,3466.07,9728.77,6262.7,5837.72,9303.79,user-9669,merchant-456,0.2,False,False,True,False,False,0,0,1,43,False,0.0,0.0,0,background-stream,2026-03-30T03:54:07.869753,MEDIUM,0.765,0.155479,,0
19,DEBIT,3056.17,6381.8,3325.63,2723.29,5779.46,user-6631,merchant-492,0.25,False,False,True,False,False,0,0,4,42,False,0.0,0.0,1,background-stream,2026-03-30T03:54:10.111954,MEDIUM,0.779331,0.122395,,0
2,DEBIT,7143.47,17807.88,10664.41,1846.19,8989.66,user-1331,merchant-366,0.25,False,False,True,False,False,0,0,2,53,False,0.0,0.0,1,background-stream,2026-03-30T03:54:12.359830,LOW,0.0675,0.188062,,0
11,TRANSFER,452.62,14098.59,13645.97,3440.75,3893.37,user-1987,merchant-651,0.2,False,False,True,False,False,0,0,1,32,False,0.0,0.0,0,background-stream,2026-03-30T03:54:14.618549,MEDIUM,0.765,0.170677,,0
19,TRANSFER,8257.65,9834.34,1576.69,6408.66,14666.31,user-4441,merchant-360,0.25,False,False,True,False,False,0,0,3,34,False,0.0,0.0,1,background-stream,2026-03-30T03:54:16.918823,MEDIUM,0.7675,0.165365,,0
17,CASH_OUT,3307.39,9383.1,6075.71,10046.06,13353.45,user-5582,merchant-396,0.2,False,False,True,False,False,0,0,4,29,False,0.0,0.0,0,background-stream,2026-03-30T03:54:19.177027,MEDIUM,0.765,0.17051,,0
12,CASH_OUT,3854.4,19363.06,15508.66,9031.81,12886.21,user-5916,merchant-680,0.25,False,False,True,False,False,0,0,2,35,False,0.0,0.0,1,background-stream,2026-03-30T03:54:21.447785,MEDIUM,0.7675,0.171561,,0
2,CASH_OUT,8311.47,14097.68,5786.21,14136.04,22447.51,user-6876,merchant-755,0.2,False,False,True,False,False,0,0,10,32,False,0.0,0.0,0,background-stream,2026-03-30T03:54:23.725921,LOW,0.065012,0.227347,,0
6,TRANSFER,6575.35,8821.65,2246.3,12720.2,19295.55,user-8523,merchant-981,0.2,False,False,True,False,False,0,0,3,24,False,0.0,0.0,0,background-stream,2026-03-30T03:54:25.971582,LOW,0.065,0.23266,,0
20,PAYMENT,7366.09,11176.74,3810.65,16439.55,23805.64,user-5561,merchant-253,0.25,False,False,True,False,False,0,0,2,35,False,0.0,0.0,1,background-stream,2026-03-30T03:54:28.268085,MEDIUM,0.7675,0.217852,,0
7,CASH_IN,8197.51,12432.57,4235.06,57.54,8255.05,user-5522,merchant-233,0.2,False,False,True,False,False,0,0,5,30,False,0.0,0.0,0,background-stream,2026-03-30T03:54:30.528394,LOW,0.065,0.217238,,0
14,CASH_IN,308.86,16518.04,16209.18,11505.73,11814.59,user-1622,merchant-136,0.2,False,False,True,False,False,0,0,2,24,False,0.0,0.0,0,background-stream,2026-03-30T03:54:32.715118,MEDIUM,0.766908,0.145547,,0
17,DEBIT,2466.62,11917.53,9450.91,8259.27,10725.89,user-5567,merchant-648,0.2,False,False,True,False,False,0,0,1,38,False,0.0,0.0,0,background-stream,2026-03-30T03:54:34.942357,MEDIUM,0.77765,0.120483,,0
22,TRANSFER,9553.58,25149.12,15595.54,19937.93,29491.51,user-8487,merchant-207,0.3,False,False,True,False,False,0,0,2,27,False,0.0,0.0,2,background-stream,2026-03-30T03:54:37.206487,MEDIUM,0.77,0.16807,,0
13,PAYMENT,3338.01,19611.13,16273.12,16264.03,19602.04,user-3788,merchant-173,0.2,False,False,True,False,False,0,0,1,24,False,0.0,0.0,0,background-stream,2026-03-30T03:54:39.511478,MEDIUM,0.765,0.210504,,0
19,CASH_OUT,6348.98,19040.45,12691.47,5232.01,11580.99,user-9445,merchant-740,0.25,False,False,True,False,False,0,0,6,33,False,0.0,0.0,1,background-stream,2026-03-30T03:54:41.744903,MEDIUM,0.7675,0.170677,,0
11,PAYMENT,3133.65,12498.87,9365.22,4643.22,7776.87,user-4996,merchant-915,0.2,False,False,True,False,False,0,0,2,28,False,0.0,0.0,0,background-stream,2026-03-30T03:54:43.999396,MEDIUM,0.765,0.229115,,0
7,PAYMENT,5416.39,23150.72,17734.33,14331.98,19748.37,user-2616,merchant-173,0.2,False,False,True,False,False,0,0,5,25,False,0.0,0.0,0,background-stream,2026-03-30T03:54:46.264420,LOW,0.065,0.280199,,0
23,CASH_OUT,187.42,9369.21,9181.79,3230.89,3418.31,user-4258,merchant-524,0.25,False,False,True,False,False,0,0,0,34,False,0.0,0.0,1,background-stream,2026-03-30T03:54:48.499209,MEDIUM,0.7675,0.186205,,0
2,PAYMENT,7704.72,14938.73,7234.01,14120.29,21825.01,user-4588,merchant-525,0.2,False,False,True,False,False,0,0,1,30,False,0.0,0.0,0,background-stream,2026-03-30T03:54:50.928661,LOW,0.065,0.266161,,0
12,CASH_IN,1028.24,20609.73,19581.49,5897.29,6925.53,user-1455,merchant-519,0.25,False,False,True,False,False,0,0,3,37,False,0.0,0.0,1,background-stream,2026-03-30T03:54:53.236440,MEDIUM,0.7675,0.156883,,0
10,CASH_IN,3317.63,21054.54,17736.91,10486.03,13803.66,user-6747,merchant-981,0.2,False,False,True,False,False,0,0,2,25,False,0.0,0.0,0,background-stream,2026-03-30T03:54:55.535597,MEDIUM,0.765,0.176612,,0
13,DEBIT,7964.38,12633.8,4669.42,10308.48,18272.86,user-8961,merchant-519,0.25,False,False,True,False,False,0,0,3,38,False,0.0,0.0,1,background-stream,2026-03-30T03:54:57.783744,MEDIUM,0.782052,0.116044,,0
7,CASH_OUT,7634.8,13925.99,6291.19,4859.18,12493.98,user-4577,merchant-677,0.25,False,False,True,False,False,0,0,3,34,False,0.0,0.0,1,background-stream,2026-03-30T03:55:00.068571,LOW,0.067507,0.238806,,0
21,TRANSFER,693.26,7021.3,6328.04,3677.68,4370.94,user-7134,merchant-399,0.3,False,False,True,False,False,0,0,5,32,False,0.0,0.0,2,background-stream,2026-03-30T03:55:02.407829,MEDIUM,0.77,0.166682,,0
6,TRANSFER,8341.07,10643.39,2302.32,15374.44,23715.51,user-2734,merchant-815,0.25,False,False,True,False,False,0,0,3,34,False,0.0,0.0,1,background-stream,2026-03-30T03:55:04.692468,LOW,0.0675,0.232476,,0
1,TRANSFER,2146.54,12576.31,10429.77,613.55,2760.09,user-7683,merchant-963,0.25,False,False,True,False,False,0,0,4,33,False,0.0,0.0,1,background-stream,2026-03-30T03:55:06.996671,LOW,0.0675,0.218762,,0
5,DEBIT,3673.09,21988.78,18315.69,5476.26,9149.35,user-1528,merchant-663,0.3,False,False,True,False,False,0,0,3,38,False,0.0,0.0,2,background-stream,2026-03-30T03:55:09.234209,LOW,0.07,0.179713,,0
23,DEBIT,4825.76,20061.58,15235.82,6616.8,11442.56,user-9587,merchant-810,0.2,False,False,True,False,False,0,0,4,41,False,0.0,0.0,0,background-stream,2026-03-30T03:55:11.473219,MEDIUM,0.767787,0.143497,,0
24,TRANSFER,1119.56,10956.0,9836.44,16707.23,17826.79,user-1142,merchant-300,0.25,False,False,True,False,False,0,0,4,47,False,0.0,0.0,1,background-stream,2026-03-30T03:55:13.761892,MEDIUM,0.7675,0.19052,,0
21,CASH_IN,3084.2,5094.73,2010.53,646.08,3730.28,user-7091,merchant-701,0.2,False,False,True,False,False,0,0,4,34,False,0.0,0.0,0,background-stream,2026-03-30T03:55:16.015398,MEDIUM,0.765,0.162124,,0
4,DEBIT,6096.44,25125.32,19028.88,3693.98,9790.42,user-3464,merchant-919,0.2,False,False,True,False,False,0,0,2,25,False,0.0,0.0,0,background-stream,2026-03-30T03:55:18.291828,LOW,0.065,0.180765,,0
22,CASH_IN,2655.52,10539.22,7883.7,16364.43,19019.95,user-2924,merchant-387,0.2,False,False,True,False,False,0,0,5,33,False,0.0,0.0,0,background-stream,2026-03-30T03:55:20.556027,MEDIUM,0.765,0.166384,,0
10,CASH_IN,8867.33,10575.93,1708.6,4502.46,13369.79,user-8764,merchant-311,0.2,False,False,True,False,False,0,0,4,28,False,0.0,0.0,0,background-stream,2026-03-30T03:55:22.783971,MEDIUM,0.765,0.176787,,0
3,CASH_OUT,6665.24,22134.71,15469.47,10476.45,17141.69,user-5489,merchant-793,0.25,False,False,True,False,False,0,0,4,24,False,0.0,0.0,1,background-stream,2026-03-30T03:55:25.129627,LOW,0.067514,0.229673,,0
3,CASH_OUT,8587.89,22428.31,13840.42,6197.87,14785.76,user-5411,merchant-180,0.2,False,False,True,False,False,0,0,3,29,False,0.0,0.0,0,background-stream,2026-03-30T03:55:27.366404,LOW,0.065016,0.229828,,0
22,CASH_OUT,5934.0,25531.09,19597.09,1773.02,7707.02,user-8118,merchant-848,0.25,False,False,True,False,False,0,0,3,28,False,0.0,0.0,1,background-stream,2026-03-30T03:55:29.592305,MEDIUM,0.7675,0.176011,,0
10,CASH_OUT,6215.7,24454.06,18238.36,8202.18,14417.88,user-7823,merchant-673,0.25,False,False,True,False,False,0,0,3,34,False,0.0,0.0,1,background-stream,2026-03-30T03:55:31.788485,MEDIUM,0.7675,0.191475,,0
4,PAYMENT,6404.2,15362.73,8958.53,13188.98,19593.18,user-2094,merchant-838,0.2,False,False,True,False,False,0,0,3,32,False,0.0,0.0,0,background-stream,2026-03-30T03:55:34.053506,LOW,0.065,0.268466,,0
7,DEBIT,5311.68,10135.49,4823.81,8849.33,14161.01,user-9862,merchant-824,0.25,False,False,True,False,False,0,0,2,32,False,0.0,0.0,1,background-stream,2026-03-30T03:55:36.361943,LOW,0.0675,0.176853,,0
17,CASH_OUT,116.25,16578.62,16462.37,1525.5,1641.75,user-3819,merchant-253,0.25,False,False,True,False,False,0,0,5,36,False,0.0,0.0,1,background-stream,2026-03-30T03:55:38.613242,MEDIUM,0.7675,0.168478,,0
5,CASH_IN,3118.46,21492.36,18373.9,9586.6,12705.06,user-2623,merchant-914,0.25,False,False,True,False,False,0,0,3,37,False,0.0,0.0,1,background-stream,2026-03-30T03:55:40.871698,LOW,0.0675,0.216275,,0
4,DEBIT,2257.77,16556.46,14298.69,8300.85,10558.62,user-8587,merchant-270,0.2,False,False,True,False,False,0,0,4,32,False,0.0,0.0,0,background-stream,2026-03-30T03:55:43.175220,LOW,0.065,0.182224,,0
16,PAYMENT,1091.36,20475.52,19384.16,14472.1,15563.46,user-3097,merchant-876,0.2,False,False,True,False,False,0,0,5,35,False,0.0,0.0,0,background-stream,2026-03-30T03:55:45.458797,MEDIUM,0.765,0.204289,,0
24,DEBIT,8692.6,20944.55,12251.95,10534.74,19227.34,user-1030,merchant-103,0.2,False,False,True,False,False,0,0,5,22,False,0.0,0.0,0,background-stream,2026-03-30T03:55:47.775777,MEDIUM,0.765,0.153815,,0
21,TRANSFER,1818.63,12541.5,10722.87,7575.82,9394.45,user-4114,merchant-185,0.25,False,False,True,False,False,0,0,4,28,False,0.0,0.0,1,background-stream,2026-03-30T03:55:50.005868,MEDIUM,0.7675,0.166056,,0
12,DEBIT,5500.18,15162.48,9662.3,7453.98,12954.16,user-8657,merchant-191,0.2,False,False,True,False,False,0,0,3,25,False,0.0,0.0,0,background-stream,2026-03-30T03:55:52.263880,MEDIUM,0.775449,0.125618,,0
22,DEBIT,3760.65,22802.43,19041.78,18735.83,22496.48,user-8847,merchant-369,0.2,False,False,True,False,False,0,0,4,29,False,0.0,0.0,0,background-stream,2026-03-30T03:55:54.525279,MEDIUM,0.772607,0.132249,,0
16,PAYMENT,7447.59,11133.59,3686.0,14899.4,22346.99,user-9416,merchant-990,0.2,False,False,True,False,False,0,0,4,27,False,0.0,0.0,0,background-stream,2026-03-30T03:55:56.835830,MEDIUM,0.765,0.206696,,0
15,PAYMENT,7711.42,24807.94,17096.52,11160.55,18871.97,user-5401,merchant-989,0.2,False,False,True,False,False,0,0,1,30,False,0.0,0.0,0,background-stream,2026-03-30T03:55:59.235708,MEDIUM,0.765,0.203213,,0
17,DEBIT,7832.87,22739.2,14906.33,12700.76,20533.63,user-4958,merchant-898,0.25,False,False,True,False,False,0,0,4,36,False,0.0,0.0,1,background-stream,2026-03-30T03:56:01.473836,MEDIUM,0.780947,0.118622,,0
18,CASH_OUT,9984.77,14671.27,4686.5,11359.71,21344.48,user-9067,merchant-553,0.2,False,False,True,False,False,0,0,5,47,False,0.0,0.0,0,background-stream,2026-03-30T03:56:03.712763,HIGH,0.81,0.173073,,1
12,DEBIT,7261.23,20008.19,12746.96,11481.44,18742.67,user-5727,merchant-250,0.25,False,False,True,False,False,0,0,11,37,False,0.0,0.0,1,background-stream,2026-03-30T03:56:06.125682,MEDIUM,0.77804,0.125406,,0
10,CASH_OUT,7804.23,19159.98,11355.75,8336.96,16141.19,user-6772,merchant-554,0.25,False,False,True,False,False,0,0,2,21,False,0.0,0.0,1,background-stream,2026-03-30T03:56:08.381504,MEDIUM,0.7675,0.192869,,0
12,CASH_OUT,4437.44,4968.86,531.42,2520.64,6958.08,user-3811,merchant-822,0.2,False,False,True,False,False,0,0,2,28,False,0.0,0.0,0,background-stream,2026-03-30T03:56:10.647160,MEDIUM,0.765,0.177612,,0
15,TRANSFER,1551.88,17710.65,16158.77,15810.74,17362.62,user-2017,merchant-262,0.2,False,False,True,False,False,0,0,4,27,False,0.0,0.0,0,background-stream,2026-03-30T03:56:12.910730,MEDIUM,0.765249,0.149417,,0
16,TRANSFER,2329.46,7309.78,4980.32,7487.34,9816.8,user-8851,merchant-200,0.2,False,False,True,False,False,0,0,3,30,False,0.0,0.0,0,background-stream,2026-03-30T03:56:15.179078,MEDIUM,0.765,0.153203,,0
7,CASH_OUT,1827.16,20281.09,18453.93,9237.34,11064.5,user-2509,merchant-494,0.2,False,False,True,False,False,0,0,2,39,False,0.0,0.0,0,background-stream,2026-03-30T03:56:17.458169,LOW,0.065002,0.235728,,0
17,PAYMENT,3282.73,20321.72,17038.99,5141.54,8424.27,user-1934,merchant-510,0.2,False,False,True,False,False,0,0,0,25,False,0.0,0.0,0,background-stream,2026-03-30T03:56:19.721226,MEDIUM,0.765,0.214517,,0
16,TRANSFER,5693.37,18538.92,12845.55,1284.83,6978.2,user-5526,merchant-589,0.2,False,False,True,False,False,0,0,3,36,False,0.0,0.0,0,background-stream,2026-03-30T03:56:22.041663,MEDIUM,0.765,0.151311,,0
12,TRANSFER,2706.22,9717.79,7011.57,16704.31,19410.53,user-2676,merchant-265,0.25,False,False,True,False,False,0,0,3,37,False,0.0,0.0,1,background-stream,2026-03-30T03:56:24.288528,MEDIUM,0.7675,0.162184,,0
12,TRANSFER,540.76,17413.47,16872.71,5467.83,6008.59,user-4604,merchant-304,0.2,False,False,True,False,False,0,0,2,27,False,0.0,0.0,0,background-stream,2026-03-30T03:56:26.662680,MEDIUM,0.765,0.15969,,0
23,CASH_IN,4611.5,24267.91,19656.41,4616.48,9227.98,user-7248,merchant-821,0.2,False,False,True,False,False,0,0,4,35,False,0.0,0.0,0,background-stream,2026-03-30T03:56:28.936909,MEDIUM,0.765,0.173556,,0
15,DEBIT,4764.51,17323.24,12558.73,3905.92,8670.43,user-3295,merchant-521,0.2,False,False,True,False,False,0,0,3,32,False,0.0,0.0,0,background-stream,2026-03-30T03:56:31.115532,MEDIUM,0.781526,0.111439,,0
23,TRANSFER,5186.39,8096.91,2910.52,10332.83,15519.22,user-6328,merchant-810,0.2,False,False,True,False,False,0,0,4,42,False,0.0,0.0,0,background-stream,2026-03-30T03:56:33.436410,MEDIUM,0.765,0.184188,,0
14,CASH_OUT,2837.27,18757.54,15920.27,19342.82,22180.09,user-2078,merchant-970,0.2,False,False,True,False,False,0,0,2,34,False,0.0,0.0,0,background-stream,2026-03-30T03:56:35.661854,MEDIUM,0.765,0.156894,,0
8,DEBIT,137.55,7095.29,6957.74,14885.83,15023.38,user-2149,merchant-511,0.25,False,False,True,False,False,0,0,1,27,False,0.0,0.0,1,background-stream,2026-03-30T03:56:37.903000,MEDIUM,0.7675,0.158969,,0
18,TRANSFER,9437.66,25574.18,16136.52,13291.95,22729.61,user-7814,merchant-920,0.25,False,False,True,False,False,0,0,2,29,False,0.0,0.0,1,background-stream,2026-03-30T03:56:40.167010,MEDIUM,0.7675,0.159648,,0
11,CASH_OUT,4504.46,15363.52,10859.06,7466.25,11970.71,user-5285,merchant-781,0.25,False,False,True,False,False,0,0,3,35,False,0.0,0.0,1,background-stream,2026-03-30T03:56:42.446217,MEDIUM,0.7675,0.183896,,0
23,CASH_IN,6000.36,9988.55,3988.19,430.27,6430.63,user-7651,merchant-849,0.2,False,False,True,False,False,0,0,3,37,False,0.0,0.0,0,background-stream,2026-03-30T03:56:44.760072,MEDIUM,0.765,0.173907,,0
20,CASH_IN,2323.25,4546.43,2223.18,9039.38,11362.63,user-5389,merchant-693,0.25,False,False,True,False,False,0,0,1,27,False,0.0,0.0,1,background-stream,2026-03-30T03:56:47.037290,MEDIUM,0.7675,0.161933,,0
11,DEBIT,7892.66,26987.55,19094.89,54.72,7947.38,user-5410,merchant-805,0.2,False,False,True,False,False,0,0,4,24,False,0.0,0.0,0,background-stream,2026-03-30T03:56:49.291829,MEDIUM,0.771251,0.135415,,0
15,TRANSFER,388.69,8720.88,8332.19,4192.75,4581.44,user-1109,merchant-783,0.25,False,False,True,False,False,0,0,4,33,False,0.0,0.0,1,background-stream,2026-03-30T03:56:51.569667,MEDIUM,0.7675,0.151946,,0
21,TRANSFER,8913.65,8915.36,1.71,8967.03,17880.68,user-6259,merchant-300,0.25,False,False,True,False,False,0,0,2,48,False,0.0,0.0,1,background-stream,2026-03-30T03:56:53.826612,MEDIUM,0.7675,0.169028,,0
6,CASH_IN,1659.26,3771.76,2112.5,1167.55,2826.81,user-4067,merchant-113,0.3,False,False,True,False,False,0,0,4,35,False,0.0,0.0,2,background-stream,2026-03-30T03:56:56.123733,LOW,0.07,0.216514,,0
20,DEBIT,619.85,5638.67,5018.82,12361.22,12981.07,user-9822,merchant-866,0.2,False,False,True,False,False,0,0,4,31,False,0.0,0.0,0,background-stream,2026-03-30T03:56:58.382982,MEDIUM,0.774331,0.128227,,0
13,CASH_IN,3360.63,19773.89,16413.26,16513.21,19873.84,user-4794,merchant-113,0.3,False,False,True,False,False,0,0,6,36,False,0.0,0.0,2,background-stream,2026-03-30T03:57:00.596533,MEDIUM,0.77,0.150162,,0
23,PAYMENT,2257.44,22137.41,19879.97,9853.69,12111.13,user-7759,merchant-914,0.25,False,False,True,False,False,0,0,3,38,False,0.0,0.0,1,background-stream,2026-03-30T03:57:02.850579,MEDIUM,0.7675,0.233362,,0
17,TRANSFER,5863.5,6594.78,731.28,16344.54,22208.04,user-1639,merchant-411,0.25,False,False,True,False,False,0,0,2,31,False,0.0,0.0,1,background-stream,2026-03-30T03:57:05.121413,MEDIUM,0.7675,0.165958,,0
16,TRANSFER,3694.22,20316.12,16621.9,8493.72,12187.94,user-1896,merchant-222,0.25,False,False,True,False,False,0,0,3,32,False,0.0,0.0,1,background-stream,2026-03-30T03:57:07.470665,MEDIUM,0.7675,0.150833,,0
9,CASH_IN,3881.61,10299.67,6418.06,14454.31,18335.92,user-3452,merchant-113,0.3,False,False,True,False,False,0,0,5,37,False,0.0,0.0,2,background-stream,2026-03-30T03:57:09.721860,MEDIUM,0.769999,0.188244,,0
18,TRANSFER,2923.89,4171.27,1247.38,9839.43,12763.32,user-9053,merchant-194,0.25,False,False,True,False,False,0,0,4,28,False,0.0,0.0,1,background-stream,2026-03-30T03:57:11.967389,MEDIUM,0.7675,0.165172,,0
10,CASH_IN,4055.79,9383.83,5328.04,1054.24,5110.03,user-6689,merchant-591,0.2,False,False,True,False,False,0,0,4,30,False,0.0,0.0,0,background-stream,2026-03-30T03:57:14.219130,MEDIUM,0.765,0.176612,,0
14,DEBIT,755.36,1897.88,1142.52,1412.96,2168.32,user-8785,merchant-753,0.2,False,False,True,False,False,0,0,4,17,False,0.0,0.0,0,background-stream,2026-03-30T03:57:16.484424,MEDIUM,0.781878,0.110617,,0
15,CASH_IN,8232.49,20686.95,12454.46,17495.28,25727.77,user-6296,merchant-283,0.25,False,False,True,False,False,0,0,2,28,False,0.0,0.0,1,background-stream,2026-03-30T03:57:18.798878,MEDIUM,0.770512,0.142971,,0
6,CASH_IN,9840.56,23439.44,13598.88,9317.57,19158.13,user-1216,merchant-604,0.2,False,False,True,False,False,0,0,2,28,False,0.0,0.0,0,background-stream,2026-03-30T03:57:21.080190,LOW,0.065,0.216395,,0
8,TRANSFER,9805.47,29046.7,19241.23,16942.57,26748.04,user-2305,merchant-424,0.2,False,False,True,False,False,0,0,4,27,False,0.0,0.0,0,background-stream,2026-03-30T03:57:23.332759,MEDIUM,0.765,0.200823,,0
7,PAYMENT,1773.48,5278.51,3505.03,12347.54,14121.02,user-9146,merchant-508,0.2,False,False,True,False,False,0,0,0,35,False,0.0,0.0,0,background-stream,2026-03-30T03:57:25.589684,LOW,0.065,0.279741,,0
22,TRANSFER,2887.71,19388.56,16500.85,3539.52,6427.23,user-2131,merchant-359,0.2,False,False,True,False,False,0,0,3,20,False,0.0,0.0,0,background-stream,2026-03-30T03:57:27.843373,MEDIUM,0.765,0.169194,,0
10,CASH_IN,1157.78,10005.56,8847.78,4645.65,5803.43,user-9029,merchant-529,0.3,False,False,True,False,False,0,0,4,32,False,0.0,0.0,2,background-stream,2026-03-30T03:57:30.161417,MEDIUM,0.769999,0.176612,,0
23,CASH_IN,8451.84,14485.29,6033.45,16087.95,24539.79,user-5673,merchant-206,0.2,False,False,True,False,False,0,0,3,28,False,0.0,0.0,0,background-stream,2026-03-30T03:57:32.379763,MEDIUM,0.765,0.173733,,0
8,DEBIT,2011.82,4144.28,2132.46,1612.12,3623.94,user-2169,merchant-595,0.25,False,False,True,False,False,0,0,3,36,False,0.0,0.0,1,background-stream,2026-03-30T03:57:34.622835,MEDIUM,0.767499,0.161278,,0
19,CASH_IN,8458.2,14745.74,6287.54,5990.52,14448.72,user-4464,merchant-452,0.2,False,False,True,False,False,0,0,2,36,False,0.0,0.0,0,background-stream,2026-03-30T03:57:36.877529,MEDIUM,0.765,0.159139,,0
20,CASH_OUT,1398.54,19002.54,17604.0,5807.71,7206.25,user-9271,merchant-591,0.2,False,False,True,False,False,0,0,1,31,False,0.0,0.0,0,background-stream,2026-03-30T03:57:39.150177,MEDIUM,0.765,0.16827,,0
19,PAYMENT,861.87,17886.58,17024.71,9480.15,10342.02,user-4036,merchant-944,0.2,False,False,True,False,False,0,0,4,27,False,0.0,0.0,0,background-stream,2026-03-30T03:57:41.475743,MEDIUM,0.765,0.213459,,0
2,CASH_OUT,3657.62,5202.43,1544.81,13089.33,16746.95,user-4867,merchant-787,0.25,False,False,True,False,False,0,0,2,29,False,0.0,0.0,1,background-stream,2026-03-30T03:57:43.727886,LOW,0.067515,0.229528,,0
18,CASH_OUT,713.39,20619.37,19905.98,4.7,718.09,user-7515,merchant-263,0.25,False,False,True,False,False,0,0,1,31,False,0.0,0.0,1,background-stream,2026-03-30T03:57:45.983250,MEDIUM,0.7675,0.169209,,0
23,CASH_OUT,3863.53,23085.81,19222.28,10855.34,14718.87,user-5993,merchant-662,0.2,False,False,True,False,False,0,0,3,25,False,0.0,0.0,0,background-stream,2026-03-30T03:57:48.253993,MEDIUM,0.765,0.185695,,0
8,CASH_IN,3436.98,18728.88,15291.9,11767.91,15204.89,user-6367,merchant-793,0.25,False,False,True,False,False,0,0,0,25,False,0.0,0.0,1,background-stream,2026-03-30T03:57:50.533482,MEDIUM,0.7675,0.198087,,0
24,CASH_OUT,5555.78,23580.56,18024.78,5133.47,10689.25,user-3437,merchant-268,0.2,False,False,True,False,False,0,0,2,24,False,0.0,0.0,0,background-stream,2026-03-30T03:57:52.876529,MEDIUM,0.765,0.195844,,0
16,DEBIT,723.47,15241.28,14517.81,17436.25,18159.72,user-4231,merchant-802,0.2,False,False,True,False,False,0,0,2,34,False,0.0,0.0,0,background-stream,2026-03-30T03:57:55.148584,MEDIUM,0.781225,0.112141,,0
5,PAYMENT,8198.53,20591.72,12393.19,7315.02,15513.55,user-1634,merchant-373,0.2,False,False,True,False,False,0,0,4,31,False,0.0,0.0,0,background-stream,2026-03-30T03:57:57.409400,LOW,0.065,0.274199,,0
16,DEBIT,3231.38,17290.07,14058.69,12046.39,15277.77,user-5720,merchant-118,0.2,False,False,True,False,False,0,0,3,31,False,0.0,0.0,0,background-stream,2026-03-30T03:57:59.663215,MEDIUM,0.781079,0.112481,,0
16,CASH_OUT,2337.11,15391.53,13054.42,2466.93,4804.04,user-8755,merchant-199,0.2,False,False,True,False,False,0,0,2,36,False,0.0,0.0,0,background-stream,2026-03-30T03:58:01.911103,MEDIUM,0.765,0.155993,,0
4,CASH_OUT,9073.62,10072.95,999.33,16511.18,25584.8,user-7808,merchant-381,0.2,False,False,True,False,False,0,0,4,40,False,0.0,0.0,0,background-stream,2026-03-30T03:58:04.207499,LOW,0.065013,0.235314,,0
3,PAYMENT,8337.71,9820.4,1482.69,14765.16,23102.87,user-3463,merchant-660,0.25,False,False,True,False,False,0,0,4,21,False,0.0,0.0,1,background-stream,2026-03-30T03:58:06.445035,LOW,0.0675,0.266016,,0
4,DEBIT,4837.92,17829.27,12991.35,17725.97,22563.89,user-7926,merchant-956,0.2,False,False,True,False,False,0,0,2,31,False,0.0,0.0,0,background-stream,2026-03-30T03:58:08.724049,LOW,0.065,0.180341,,0
5,CASH_IN,4999.62,24245.28,19245.66,7839.98,12839.6,user-2735,merchant-717,0.2,False,False,True,False,False,0,0,3,26,False,0.0,0.0,0,background-stream,2026-03-30T03:58:11.033227,LOW,0.065,0.216467,,0
5,TRANSFER,7171.41,11304.98,4133.57,3754.63,10926.04,user-4084,merchant-784,0.2,False,False,True,False,False,0,0,1,29,False,0.0,0.0,0,background-stream,2026-03-30T03:58:13.312431,LOW,0.065,0.227609,,0
17,CASH_IN,2119.91,17473.43,15353.52,8822.06,10941.97,user-1555,merchant-542,0.25,False,False,True,False,False,0,0,4,33,False,0.0,0.0,1,background-stream,2026-03-30T03:58:15.636122,MEDIUM,0.7675,0.154085,,0
21,TRANSFER,5814.92,23859.67,18044.75,17388.22,23203.14,user-5382,merchant-196,0.2,False,False,True,False,False,0,0,1,25,False,0.0,0.0,0,background-stream,2026-03-30T03:58:17.927273,MEDIUM,0.765,0.162007,,0
21,DEBIT,6319.97,21676.42,15356.45,4520.13,10840.1,user-2311,merchant-421,0.2,False,False,True,False,False,0,0,3,27,False,0.0,0.0,0,background-stream,2026-03-30T03:58:20.178221,MEDIUM,0.774705,0.127353,,0
16,CASH_OUT,711.54,5252.59,4541.05,8530.49,9242.03,user-9253,merchant-570,0.2,False,False,True,False,False,0,0,1,24,False,0.0,0.0,0,background-stream,2026-03-30T03:58:22.441351,MEDIUM,0.765,0.159195,,0
24,DEBIT,9560.39,26210.03,16649.64,6281.94,15842.33,user-9850,merchant-324,0.2,False,False,True,False,False,0,0,2,35,False,0.0,0.0,0,background-stream,2026-03-30T03:58:24.742876,MEDIUM,0.765,0.153604,,0
13,TRANSFER,1063.56,8682.18,7618.62,2193.84,3257.4,user-9093,merchant-645,0.2,False,False,True,False,False,0,0,4,34,False,0.0,0.0,0,background-stream,2026-03-30T03:58:27.114407,MEDIUM,0.765,0.152178,,0
24,CASH_OUT,7850.59,26537.24,18686.65,13920.13,21770.72,user-8738,merchant-323,0.25,False,False,True,False,False,0,0,2,27,False,0.0,0.0,1,background-stream,2026-03-30T03:58:29.381233,MEDIUM,0.7675,0.196133,,0
5,DEBIT,6087.04,16711.18,10624.14,17948.18,24035.22,user-3889,merchant-546,0.35,False,False,True,False,False,0,0,8,41,False,0.0,0.0,3,background-stream,2026-03-30T03:58:31.589747,LOW,0.0725,0.177874,,0
11,CASH_OUT,3133.87,21316.21,18182.34,15461.1,18594.97,user-7484,merchant-967,0.2,False,False,True,False,False,0,0,2,27,False,0.0,0.0,0,background-stream,2026-03-30T03:58:33.860038,MEDIUM,0.765,0.183269,,0
2,TRANSFER,3823.14,10270.16,6447.02,4329.99,8153.13,user-2995,merchant-217,0.25,False,False,True,False,False,0,0,2,35,False,0.0,0.0,1,background-stream,2026-03-30T03:58:36.218500,LOW,0.0675,0.215581,,0
10,DEBIT,9550.1,25736.67,16186.57,11103.81,20653.91,user-5016,merchant-787,0.25,False,False,True,False,False,0,0,1,30,False,0.0,0.0,1,background-stream,2026-03-30T03:58:38.888684,MEDIUM,0.769668,0.144939,,0
2,CASH_OUT,2729.78,19792.64,17062.86,3514.05,6243.83,user-1889,merchant-509,0.25,False,False,True,False,False,0,0,1,32,False,0.0,0.0,1,background-stream,2026-03-30T03:58:41.201812,LOW,0.0675,0.224219,,0
22,DEBIT,3039.31,22196.33,19157.02,9766.21,12805.52,user-5535,merchant-159,0.2,False,False,True,False,False,0,0,4,32,False,0.0,0.0,0,background-stream,2026-03-30T03:58:43.478440,MEDIUM,0.772411,0.132708,,0
6,CASH_OUT,2402.16,16949.38,14547.22,11319.48,13721.64,user-9212,merchant-387,0.2,False,False,True,False,False,0,0,6,34,False,0.0,0.0,0,background-stream,2026-03-30T03:58:45.744798,LOW,0.065014,0.237817,,0
15,DEBIT,991.11,10860.75,9869.64,9716.18,10707.29,user-2144,merchant-620,0.2,False,False,True,False,False,0,0,3,33,False,0.0,0.0,0,background-stream,2026-03-30T03:58:48.002429,MEDIUM,0.781621,0.111217,,0
23,CASH_IN,5659.96,8727.66,3067.7,16307.69,21967.65,user-8554,merchant-328,0.25,False,False,True,False,False,0,0,3,34,False,0.0,0.0,1,background-stream,2026-03-30T03:58:50.303934,MEDIUM,0.7675,0.173662,,0
10,CASH_IN,8397.66,22060.23,13662.57,7063.08,15460.74,user-9891,merchant-264,0.2,False,False,True,False,False,0,0,4,24,False,0.0,0.0,0,background-stream,2026-03-30T03:58:52.599810,MEDIUM,0.765,0.176421,,0
13,CASH_IN,4018.46,5610.83,1592.37,10407.18,14425.64,user-3821,merchant-906,0.2,False,False,True,False,False,0,0,2,26,False,0.0,0.0,0,background-stream,2026-03-30T03:58:54.892363,MEDIUM,0.765,0.150051,,0
17,DEBIT,2142.61,14371.12,12228.51,7211.05,9353.66,user-8811,merchant-547,0.2,False,False,True,False,False,0,0,4,25,False,0.0,0.0,0,background-stream,2026-03-30T03:58:57.190422,MEDIUM,0.77765,0.120483,,0
5,CASH_IN,5078.86,24152.46,19073.6,982.29,6061.15,user-5360,merchant-617,0.2,False,False,True,False,False,0,0,1,26,False,0.0,0.0,0,background-stream,2026-03-30T03:58:59.448376,LOW,0.065,0.216467,,0
12,CASH_IN,48.36,7285.57,7237.21,7158.93,7207.29,user-6952,merchant-932,0.2,False,False,True,False,False,0,0,3,36,False,0.0,0.0,0,background-stream,2026-03-30T03:59:01.710278,MEDIUM,0.765,0.156883,,0
15,PAYMENT,2325.2,18156.07,15830.87,1310.5,3635.7,user-2247,merchant-163,0.2,False,False,True,False,False,0,0,5,34,False,0.0,0.0,0,background-stream,2026-03-30T03:59:04.480647,MEDIUM,0.765,0.203632,,0
15,PAYMENT,8047.66,18111.75,10064.09,85.43,8133.09,user-6949,merchant-796,0.2,False,False,True,False,False,0,0,2,23,False,0.0,0.0,0,background-stream,2026-03-30T03:59:06.729330,MEDIUM,0.765,0.203014,,0
22,CASH_OUT,1988.31,20698.46,18710.15,9096.22,11084.53,user-4137,merchant-553,0.25,False,False,True,False,False,0,0,8,48,False,0.0,0.0,1,background-stream,2026-03-30T03:59:08.962752,MEDIUM,0.7675,0.176011,,0
21,TRANSFER,1384.83,19604.83,18220.0,6205.16,7589.99,user-7959,merchant-909,0.2,False,False,True,False,False,0,0,2,29,False,0.0,0.0,0,background-stream,2026-03-30T03:59:11.232212,MEDIUM,0.765,0.163146,,0
9,DEBIT,5446.52,13298.84,7852.32,3922.26,9368.78,user-3487,merchant-821,0.2,False,False,True,False,False,0,0,3,36,False,0.0,0.0,0,background-stream,2026-03-30T03:59:13.557974,MEDIUM,0.765,0.153671,,0
4,TRANSFER,9083.68,9234.6,150.92,8121.4,17205.08,user-9786,merchant-609,0.2,False,False,True,False,False,0,0,4,48,False,0.0,0.0,0,background-stream,2026-03-30T03:59:15.824910,LOW,0.065522,0.223345,,0
14,CASH_IN,8486.58,17349.51,8862.93,8486.43,16973.01,user-6728,merchant-772,0.2,False,False,True,False,False,0,0,5,30,False,0.0,0.0,0,background-stream,2026-03-30T03:59:18.114434,MEDIUM,0.766828,0.145734,,0
19,DEBIT,8931.74,11558.84,2627.1,4544.23,13475.97,user-6159,merchant-109,0.2,False,False,True,False,False,0,0,3,32,False,0.0,0.0,0,background-stream,2026-03-30T03:59:20.397331,MEDIUM,0.777248,0.12142,,0
1,DEBIT,6183.8,18184.16,12000.36,5296.33,11480.13,user-8498,merchant-704,0.25,False,False,True,False,False,0,0,3,37,False,0.0,0.0,1,background-stream,2026-03-30T03:59:22.629431,LOW,0.0675,0.189908,,0
3,TRANSFER,452.02,4472.75,4020.73,7980.03,8432.05,user-1778,merchant-898,0.25,False,False,True,False,False,0,0,9,37,False,0.0,0.0,1,background-stream,2026-03-30T03:59:24.934900,LOW,0.067501,0.220505,,0
10,DEBIT,5858.97,20369.48,14510.51,19515.11,25374.08,user-3575,merchant-378,0.25,False,False,True,False,False,0,0,2,35,False,0.0,0.0,1,background-stream,2026-03-30T03:59:27.192207,MEDIUM,0.770033,0.144089,,0
22,CASH_OUT,7168.98,20038.13,12869.15,2866.39,10035.37,user-9079,merchant-706,0.2,False,False,True,False,False,0,0,2,38,False,0.0,0.0,0,background-stream,2026-03-30T03:59:29.445660,MEDIUM,0.765,0.176699,,0
16,PAYMENT,7185.13,21876.78,14691.65,15074.68,22259.81,user-8315,merchant-678,0.2,False,False,True,False,False,0,0,3,40,False,0.0,0.0,0,background-stream,2026-03-30T03:59:31.128163,MEDIUM,0.765,0.205696,,0
12,PAYMENT,5870.96,15892.22,10021.26,17424.76,23295.72,user-4342,merchant-260,0.25,False,False,True,False,False,0,0,3,25,False,0.0,0.0,1,background-stream,2026-03-30T03:59:33.382162,MEDIUM,0.7675,0.219368,,0
13,CASH_IN,9353.59,20793.92,11440.33,4100.54,13454.13,user-4180,merchant-339,0.2,False,False,True,False,False,0,0,4,28,False,0.0,0.0,0,background-stream,2026-03-30T03:59:35.710222,MEDIUM,0.765017,0.14996,,0
1,TRANSFER,6980.8,8124.22,1143.42,19298.3,26279.1,user-8006,merchant-771,0.25,False,False,True,False,False,0,0,4,28,False,0.0,0.0,1,background-stream,2026-03-30T03:59:37.959678,LOW,0.0675,0.22141,,0
17,DEBIT,2384.75,7630.3,5245.55,9277.53,11662.28,user-9660,merchant-162,0.25,False,False,True,False,False,0,0,4,33,False,0.0,0.0,1,background-stream,2026-03-30T03:59:40.204478,MEDIUM,0.780251,0.120248,,0
16,PAYMENT,7196.22,25409.23,18213.01,5364.41,12560.63,user-1770,merchant-279,0.2,False,False,True,False,False,0,0,1,32,False,0.0,0.0,0,background-stream,2026-03-30T03:59:42.463365,MEDIUM,0.765,0.206703,,0
11,PAYMENT,1570.91,15864.93,14294.02,17786.27,19357.18,user-8966,merchant-535,0.2,False,False,True,False,False,0,0,2,30,False,0.0,0.0,0,background-stream,2026-03-30T03:59:44.717244,MEDIUM,0.765,0.227296,,0
8,CASH_OUT,2637.89,8549.53,5911.64,11991.4,14629.29,user-4723,merchant-616,0.25,False,False,True,False,False,0,0,1,24,False,0.0,0.0,1,background-stream,2026-03-30T03:59:47.019015,MEDIUM,0.7675,0.21775,,0
20,PAYMENT,5130.99,16511.87,11380.88,1868.34,6999.33,user-4367,merchant-987,0.2,False,False,True,False,False,0,0,2,21,False,0.0,0.0,0,background-stream,2026-03-30T03:59:49.303544,MEDIUM,0.765,0.21786,,0
23,PAYMENT,4510.76,5563.66,1052.9,5658.17,10168.93,user-5498,merchant-504,0.25,False,False,True,False,False,0,0,6,28,False,0.0,0.0,1,background-stream,2026-03-30T03:59:51.588160,MEDIUM,0.7675,0.233157,,0
19,CASH_OUT,8606.7,10249.43,1642.73,15227.91,23834.61,user-5572,merchant-229,0.2,False,False,True,False,False,0,0,1,25,False,0.0,0.0,0,background-stream,2026-03-30T03:59:53.878853,MEDIUM,0.765,0.176791,,0
23,DEBIT,7141.04,9458.82,2317.78,17052.86,24193.9,user-5953,merchant-387,0.2,False,False,True,False,False,0,0,4,35,False,0.0,0.0,0,background-stream,2026-03-30T03:59:56.142927,MEDIUM,0.768428,0.142,,0
2,TRANSFER,1329.5,10854.13,9524.63,17179.79,18509.29,user-7411,merchant-181,0.2,False,False,True,False,False,0,0,4,24,False,0.0,0.0,0,background-stream,2026-03-30T03:59:58.527427,LOW,0.065001,0.214567,,0
19,DEBIT,3875.32,4667.1,791.78,19169.47,23044.79,user-8110,merchant-257,0.2,False,False,True,False,False,0,0,4,35,False,0.0,0.0,0,background-stream,2026-03-30T04:00:00.783270,MEDIUM,0.777292,0.121317,,0
1,TRANSFER,6088.84,21556.94,15468.1,2819.52,8908.36,user-8540,merchant-769,0.2,False,False,True,False,False,0,0,6,34,False,0.0,0.0,0,background-stream,2026-03-30T04:00:03.051081,LOW,0.065,0.21647,,0
8,CASH_IN,7222.69,22497.59,15274.9,14607.1,21829.79,user-2567,merchant-828,0.2,False,False,True,False,False,0,0,5,25,False,0.0,0.0,0,background-stream,2026-03-30T04:00:05.338224,MEDIUM,0.765,0.197905,,0
17,PAYMENT,9222.77,9258.02,35.25,619.3,9842.07,user-1175,merchant-460,0.2,False,False,True,False,False,0,0,1,35,False,0.0,0.0,0,background-stream,2026-03-30T04:00:07.608889,MEDIUM,0.765,0.213973,,0
24,DEBIT,4605.1,7120.71,2515.61,14360.2,18965.3,user-3528,merchant-730,0.3,False,False,True,False,False,0,0,7,23,False,0.0,0.0,2,background-stream,2026-03-30T04:00:09.957504,MEDIUM,0.77,0.153918,,0
9,DEBIT,5111.06,21522.46,16411.4,1560.56,6671.62,user-1667,merchant-877,0.25,False,False,True,False,False,0,0,5,26,False,0.0,0.0,1,background-stream,2026-03-30T04:00:12.227805,MEDIUM,0.767499,0.153594,,0
13,DEBIT,9802.19,23931.77,14129.58,8455.02,18257.21,user-9553,merchant-892,0.3,False,False,True,False,False,0,0,2,31,False,0.0,0.0,2,background-stream,2026-03-30T04:00:14.507911,MEDIUM,0.784449,0.116284,,0
7,CASH_IN,103.85,2462.66,2358.81,2440.11,2543.96,user-8305,merchant-911,0.35,False,False,True,False,False,1,0,6,32,False,0.0312,0.1667,0,background-stream,2026-03-30T04:00:16.765714,LOW,0.0725,0.217078,,0
24,CASH_OUT,7420.98,9624.19,2203.21,6613.82,14034.8,user-4747,merchant-254,0.25,False,False,True,False,False,0,0,0,35,False,0.0,0.0,1,background-stream,2026-03-30T04:00:19.001845,MEDIUM,0.7675,0.200831,,0
10,DEBIT,8042.88,14241.7,6198.82,2574.27,10617.15,user-6824,merchant-894,0.2,False,False,True,False,False,0,0,6,22,False,0.0,0.0,0,background-stream,2026-03-30T04:00:21.285541,MEDIUM,0.767026,0.145273,,0
15,PAYMENT,7251.91,23487.62,16235.71,6521.58,13773.49,user-8947,merchant-138,0.2,False,False,True,False,False,0,0,5,36,False,0.0,0.0,0,background-stream,2026-03-30T04:00:23.522931,MEDIUM,0.765,0.204148,,0
5,PAYMENT,6808.86,14242.73,7433.87,7430.54,14239.4,user-2942,merchant-182,0.2,False,False,True,False,False,0,0,3,33,False,0.0,0.0,0,background-stream,2026-03-30T04:00:25.767891,LOW,0.065,0.274595,,0
5,PAYMENT,2411.54,3094.4,682.86,17898.95,20310.49,user-2341,merchant-616,0.25,False,False,True,False,False,0,0,1,25,False,0.0,0.0,1,background-stream,2026-03-30T04:00:28.018809,LOW,0.0675,0.273799,,0
7,CASH_OUT,8370.39,23033.3,14662.91,15512.42,23882.81,user-8828,merchant-261,0.25,False,False,True,False,False,0,0,1,43,False,0.0,0.0,1,background-stream,2026-03-30T04:00:30.226776,LOW,0.067506,0.237644,,0
3,TRANSFER,3669.31,12072.95,8403.64,7104.13,10773.44,user-2772,merchant-357,0.2,False,False,True,False,False,0,0,2,34,False,0.0,0.0,0,background-stream,2026-03-30T04:00:32.532814,LOW,0.065001,0.219708,,0
6,DEBIT,7623.6,13745.69,6122.09,2328.06,9951.66,user-2864,merchant-290,0.2,False,False,True,False,False,0,0,2,33,False,0.0,0.0,0,background-stream,2026-03-30T04:00:34.795930,LOW,0.065,0.181014,,0
17,DEBIT,5752.41,23047.89,17295.48,8771.51,14523.92,user-4654,merchant-831,0.2,False,False,True,False,False,0,0,3,30,False,0.0,0.0,0,background-stream,2026-03-30T04:00:37.048985,MEDIUM,0.778143,0.119332,,0
11,PAYMENT,8879.89,18434.77,9554.88,12990.28,21870.17,user-9168,merchant-883,0.2,False,False,True,False,False,0,0,4,30,False,0.0,0.0,0,background-stream,2026-03-30T04:00:39.315417,MEDIUM,0.765,0.22798,,0
24,PAYMENT,1882.59,5181.19,3298.6,10765.83,12648.42,user-4520,merchant-797,0.2,False,False,True,False,False,0,0,4,35,False,0.0,0.0,0,background-stream,2026-03-30T04:00:41.571143,MEDIUM,0.765,0.242867,,0
1,TRANSFER,9084.95,15623.63,6538.68,13377.8,22462.75,user-6804,merchant-916,0.2,False,False,True,False,False,0,0,2,19,False,0.0,0.0,0,background-stream,2026-03-30T04:00:43.880100,LOW,0.065,0.219,,0
23,CASH_IN,8877.39,25559.9,16682.51,5435.3,14312.69,user-2524,merchant-402,0.2,False,False,True,False,False,0,0,5,33,False,0.0,0.0,0,background-stream,2026-03-30T04:00:46.121863,MEDIUM,0.765,0.173364,,0
2,CASH_IN,3484.63,5978.72,2494.09,13734.15,17218.78,user-6640,merchant-419,0.25,False,False,True,False,False,0,0,4,34,False,0.0,0.0,1,background-stream,2026-03-30T04:00:48.398289,LOW,0.0675,0.208803,,0
11,CASH_OUT,2115.21,13269.35,11154.14,17208.25,19323.46,user-4957,merchant-368,0.2,False,False,True,False,False,0,0,2,28,False,0.0,0.0,0,background-stream,2026-03-30T04:00:50.654597,MEDIUM,0.765,0.184289,,0
9,PAYMENT,493.15,6413.93,5920.78,16800.66,17293.81,user-2839,merchant-102,0.2,False,False,True,False,False,0,0,2,28,False,0.0,0.0,0,background-stream,2026-03-30T04:00:52.944120,MEDIUM,0.765,0.247911,,0
15,PAYMENT,7434.28,21918.09,14483.81,17848.35,25282.63,user-9003,merchant-221,0.2,False,False,True,False,False,0,0,4,34,False,0.0,0.0,0,background-stream,2026-03-30T04:00:55.282355,MEDIUM,0.765,0.20353,,0
23,CASH_IN,2413.12,10041.75,7628.63,3622.72,6035.84,user-2286,merchant-760,0.2,False,False,True,False,False,0,0,2,28,False,0.0,0.0,0,background-stream,2026-03-30T04:00:57.541374,MEDIUM,0.765,0.173451,,0
5,PAYMENT,6647.97,22746.09,16098.12,1677.75,8325.72,user-7737,merchant-716,0.3,False,False,True,False,False,0,0,5,30,False,0.0,0.0,2,background-stream,2026-03-30T04:00:59.801300,LOW,0.07,0.274451,,0
18,DEBIT,7079.97,24811.11,17731.14,17555.25,24635.22,user-3486,merchant-966,0.2,False,False,True,False,False,0,0,3,30,False,0.0,0.0,0,background-stream,2026-03-30T04:01:02.017707,MEDIUM,0.777208,0.121514,,0
22,CASH_OUT,2762.92,16639.01,13876.09,2523.38,5286.3,user-6035,merchant-971,0.2,False,False,True,False,False,0,0,1,30,False,0.0,0.0,0,background-stream,2026-03-30T04:01:04.262765,MEDIUM,0.765,0.176943,,0
5,PAYMENT,7886.35,19705.32,11818.97,11256.39,19142.74,user-4588,merchant-186,0.2,False,False,True,False,False,0,0,2,24,False,0.0,0.0,0,background-stream,2026-03-30T04:01:06.566959,LOW,0.065,0.27351,,0
14,DEBIT,3052.2,20031.69,16979.49,9822.31,12874.51,user-1324,merchant-243,0.2,False,False,True,False,False,0,0,4,32,False,0.0,0.0,0,background-stream,2026-03-30T04:01:08.824022,MEDIUM,0.781984,0.110369,,0
3,DEBIT,9029.3,26373.03,17343.73,3592.12,12621.42,user-5099,merchant-857,0.25,False,False,True,False,False,0,0,3,33,False,0.0,0.0,1,background-stream,2026-03-30T04:01:11.067772,LOW,0.0675,0.183081,,0
1,CASH_IN,7266.41,26416.75,19150.34,149.66,7416.07,user-2753,merchant-417,0.2,False,False,True,False,False,0,0,3,25,False,0.0,0.0,0,background-stream,2026-03-30T04:01:13.384070,LOW,0.065,0.211737,,0
16,CASH_OUT,3037.95,5013.58,1975.63,12572.67,15610.62,user-7441,merchant-204,0.2,False,False,True,False,False,0,0,1,30,False,0.0,0.0,0,background-stream,2026-03-30T04:01:15.622561,MEDIUM,0.765,0.162487,,0
1,PAYMENT,6963.49,12787.9,5824.41,9772.86,16736.35,user-7979,merchant-832,0.2,False,False,True,False,False,0,0,2,24,False,0.0,0.0,0,background-stream,2026-03-30T04:01:18.019566,LOW,0.065,0.271466,,0
10,CASH_OUT,3548.08,5744.6,2196.52,15444.96,18993.04,user-5682,merchant-816,0.2,False,False,True,False,False,0,0,2,34,False,0.0,0.0,0,background-stream,2026-03-30T04:01:20.291771,MEDIUM,0.765,0.198579,,0
7,DEBIT,7496.74,20003.49,12506.75,4548.43,12045.17,user-1853,merchant-245,0.25,False,False,True,False,False,0,0,3,37,False,0.0,0.0,1,background-stream,2026-03-30T04:01:22.537160,LOW,0.0675,0.177278,,0
4,CASH_OUT,5194.4,19250.3,14055.9,5991.28,11185.68,user-8717,merchant-757,0.2,False,False,True,False,False,0,0,2,37,False,0.0,0.0,0,background-stream,2026-03-30T04:01:24.858203,LOW,0.065019,0.229999,,0
11,CASH_IN,7718.56,26181.06,18462.5,1811.42,9529.98,user-5492,merchant-575,0.3,False,False,True,False,False,0,0,3,33,False,0.0,0.0,2,background-stream,2026-03-30T04:01:27.167406,MEDIUM,0.77,0.166558,,0
11,TRANSFER,4152.71,10055.47,5902.76,19232.2,23384.91,user-9824,merchant-287,0.2,False,False,True,False,False,0,0,5,32,False,0.0,0.0,0,background-stream,2026-03-30T04:01:29.556907,MEDIUM,0.765,0.172332,,0
13,TRANSFER,3439.71,23096.03,19656.32,17054.73,20494.44,user-4746,merchant-576,0.2,False,False,True,False,False,0,0,1,34,False,0.0,0.0,0,background-stream,2026-03-30T04:01:31.854977,MEDIUM,0.765812,0.148104,,0
2,CASH_IN,7913.39,24715.8,16802.41,6572.18,14485.57,user-5209,merchant-324,0.2,False,False,True,False,False,0,0,2,36,False,0.0,0.0,0,background-stream,2026-03-30T04:01:34.097225,LOW,0.065,0.208714,,0
4,DEBIT,4526.25,20489.56,15963.31,7976.84,12503.09,user-7487,merchant-307,0.2,False,False,True,False,False,0,0,1,37,False,0.0,0.0,0,background-stream,2026-03-30T04:01:36.419178,LOW,0.065,0.181308,,0
2,CASH_IN,7913.39,24715.8,16802.41,6572.18,14485.57,user-5209,merchant-324,0.2,False,False,True,False,False,0,0,2,36,False,0.0,0.0,0,background-stream,2026-03-30T04:12:07.478695,LOW,0.01,0.208714,,0
4,DEBIT,4526.25,20489.56,15963.31,7976.84,12503.09,user-7487,merchant-307,0.2,False,False,True,False,False,0,0,1,37,False,0.0,0.0,0,background-stream,2026-03-30T04:12:09.724962,LOW,0.01,0.181308,,0
12,CASH_OUT,2939.52,3926.08,986.56,1671.11,4610.63,user-4657,merchant-644,0.2,False,False,True,False,False,0,0,4,47,False,0.0,0.0,0,background-stream,2026-03-30T04:12:11.951026,MEDIUM,0.71,0.177612,,0
19,PAYMENT,9413.82,16655.91,7242.09,12838.36,22252.18,user-4751,merchant-552,0.2,False,False,True,False,False,0,0,3,30,False,0.0,0.0,0,background-stream,2026-03-30T04:12:14.332990,MEDIUM,0.71,0.213185,,0
2,CASH_OUT,1375.93,11169.31,9793.38,2344.65,3720.58,user-9968,merchant-748,0.2,False,False,True,False,False,0,0,3,33,False,0.0,0.0,0,background-stream,2026-03-30T04:12:16.662144,LOW,0.010012,0.225496,,0
6,TRANSFER,7036.26,14598.75,7562.49,6953.54,13989.8,user-1793,merchant-221,0.2,False,False,True,False,False,0,0,1,35,False,0.0,0.0,0,background-stream,2026-03-30T04:12:19.119920,LOW,0.01,0.230375,,0
24,CASH_OUT,3709.34,14645.83,10936.49,6773.66,10483.0,user-5621,merchant-708,0.2,False,False,True,False,False,0,0,1,31,False,0.0,0.0,0,background-stream,2026-03-30T04:12:21.564474,MEDIUM,0.765,0.196142,,0
1,CASH_IN,4449.43,9266.16,4816.73,13551.37,18000.8,user-8825,merchant-875,0.25,False,False,True,False,False,0,0,8,33,False,0.0,0.0,1,background-stream,2026-03-30T04:12:24.018665,LOW,0.0675,0.211774,,0
24,CASH_IN,9860.57,18414.17,8553.6,2067.37,11927.94,user-5883,merchant-294,0.25,False,False,True,False,False,0,0,1,36,False,0.0,0.0,1,background-stream,2026-03-30T04:12:26.388343,MEDIUM,0.7675,0.184522,,0
11,CASH_IN,2307.82,13711.38,11403.56,2706.98,5014.8,user-3246,merchant-827,0.2,False,False,True,False,False,0,0,3,35,False,0.0,0.0,0,background-stream,2026-03-30T04:12:28.797525,MEDIUM,0.765,0.166754,,0
12,CASH_IN,6847.78,16921.82,10074.04,9618.6,16466.38,user-6385,merchant-581,0.2,False,False,True,False,False,0,0,4,28,False,0.0,0.0,0,background-stream,2026-03-30T04:12:31.221478,MEDIUM,0.765,0.157066,,0
18,PAYMENT,8151.64,16844.89,8693.25,11115.7,19267.34,user-6854,merchant-140,0.2,False,False,True,False,False,0,0,3,37,False,0.0,0.0,0,background-stream,2026-03-30T04:12:33.594485,MEDIUM,0.765,0.215491,,0
18,DEBIT,3779.82,18772.25,14992.43,13171.64,16951.46,user-2815,merchant-839,0.2,False,False,True,False,False,0,0,5,39,False,0.0,0.0,0,background-stream,2026-03-30T04:12:35.965837,MEDIUM,0.777116,0.121728,,0
22,CASH_OUT,7633.1,11136.17,3503.07,10951.43,18584.53,user-5512,merchant-222,0.25,False,False,True,False,False,0,0,6,33,False,0.0,0.0,1,background-stream,2026-03-30T04:12:38.289549,MEDIUM,0.7675,0.180883,,0
3,CASH_OUT,8554.93,24248.3,15693.37,7030.78,15585.71,user-9982,merchant-754,0.2,False,False,True,False,False,0,0,3,26,False,0.0,0.0,0,background-stream,2026-03-30T04:12:40.626146,LOW,0.065001,0.229828,,0
7,DEBIT,8487.2,20549.44,12062.24,2701.47,11188.67,user-8658,merchant-797,0.2,False,False,True,False,False,0,0,6,36,False,0.0,0.0,0,background-stream,2026-03-30T04:12:42.982291,LOW,0.065,0.177173,,0
16,PAYMENT,8432.4,16956.8,8524.4,791.0,9223.4,user-1764,merchant-343,0.2,False,False,True,False,False,0,0,2,28,False,0.0,0.0,0,background-stream,2026-03-30T04:12:45.397095,MEDIUM,0.765,0.205754,,0
21,PAYMENT,7289.05,26809.01,19519.96,7953.8,15242.85,user-5411,merchant-546,0.35,False,False,True,False,False,0,0,4,42,False,0.0,0.0,3,background-stream,2026-03-30T04:12:47.796939,MEDIUM,0.7725,0.218892,,0
14,CASH_IN,5559.55,9767.96,4208.41,19215.18,24774.73,user-6208,merchant-838,0.2,False,False,True,False,False,0,0,2,33,False,0.0,0.0,0,background-stream,2026-03-30T04:12:50.160648,MEDIUM,0.76686,0.145659,,0
7,PAYMENT,6893.84,14483.17,7589.33,2980.57,9874.41,user-5064,merchant-361,0.2,False,False,True,False,False,0,0,2,28,False,0.0,0.0,0,background-stream,2026-03-30T04:12:52.543564,LOW,0.065,0.281276,,0
21,TRANSFER,3193.43,22058.24,18864.81,2334.27,5527.7,user-6375,merchant-395,0.25,False,False,True,False,False,0,0,5,38,False,0.0,0.0,1,background-stream,2026-03-30T04:12:55.143033,MEDIUM,0.7675,0.162829,,0
9,TRANSFER,4165.89,15583.17,11417.28,13573.3,17739.19,user-1429,merchant-506,0.2,False,False,True,False,False,0,0,2,27,False,0.0,0.0,0,background-stream,2026-03-30T04:12:57.499275,MEDIUM,0.764999,0.196145,,0
11,CASH_OUT,4997.82,10958.85,5961.03,17065.89,22063.71,user-6491,merchant-658,0.2,False,False,True,False,False,0,0,8,37,False,0.0,0.0,0,background-stream,2026-03-30T04:12:59.791259,MEDIUM,0.765,0.186207,,0
11,CASH_OUT,8905.77,23105.02,14199.25,19369.42,28275.19,user-9060,merchant-851,0.25,False,False,True,False,False,0,0,3,31,False,0.0,0.0,1,background-stream,2026-03-30T04:13:02.188485,MEDIUM,0.7675,0.184449,,0
21,TRANSFER,8587.64,25585.45,16997.81,15650.77,24238.41,user-9420,merchant-417,0.2,False,False,True,False,False,0,0,3,26,False,0.0,0.0,0,background-stream,2026-03-30T04:13:04.568943,MEDIUM,0.765,0.163805,,0
3,TRANSFER,6651.92,20970.73,14318.81,17756.64,24408.56,user-7061,merchant-433,0.2,False,False,True,False,False,0,0,2,22,False,0.0,0.0,0,background-stream,2026-03-30T04:13:07.010315,LOW,0.065,0.215838,,0
22,DEBIT,4816.99,10402.92,5585.93,19587.83,24404.82,user-6583,merchant-671,0.2,False,False,True,False,False,0,0,5,31,False,0.0,0.0,0,background-stream,2026-03-30T04:13:09.410143,MEDIUM,0.772902,0.131561,,0
24,CASH_IN,4178.98,5016.84,837.86,11354.28,15533.26,user-4252,merchant-465,0.2,False,False,True,False,False,0,0,3,32,False,0.0,0.0,0,background-stream,2026-03-30T04:13:11.805619,MEDIUM,0.765,0.184349,,0
13,CASH_OUT,1736.81,7675.32,5938.51,12202.14,13938.95,user-2507,merchant-319,0.2,False,False,True,False,False,0,0,3,28,False,0.0,0.0,0,background-stream,2026-03-30T04:13:14.181185,MEDIUM,0.765,0.166135,,0
11,TRANSFER,898.21,14853.14,13954.93,5849.25,6747.46,user-8633,merchant-338,0.25,False,False,True,False,False,0,0,3,36,False,0.0,0.0,1,background-stream,2026-03-30T04:13:16.566739,MEDIUM,0.7675,0.17039,,0
9,DEBIT,3301.81,15497.47,12195.66,2758.18,6059.99,user-5616,merchant-346,0.2,False,False,True,False,False,0,0,4,31,False,0.0,0.0,0,background-stream,2026-03-30T04:13:18.966785,MEDIUM,0.764999,0.15444,,0
14,PAYMENT,2337.12,11437.87,9100.75,11694.85,14031.97,user-2512,merchant-196,0.2,False,False,True,False,False,0,0,0,26,False,0.0,0.0,0,background-stream,2026-03-30T04:13:21.377780,MEDIUM,0.765,0.207194,,0
9,DEBIT,9530.24,16882.98,7352.74,18478.65,28008.89,user-9295,merchant-415,0.3,False,False,True,False,False,0,0,4,34,False,0.0,0.0,2,background-stream,2026-03-30T04:13:23.733948,MEDIUM,0.77,0.152961,,0
2,CASH_OUT,3357.15,11503.19,8146.04,11592.8,14949.95,user-7771,merchant-408,0.2,False,False,True,False,False,0,0,2,31,False,0.0,0.0,0,background-stream,2026-03-30T04:13:26.110621,LOW,0.065014,0.226317,,0
9,CASH_OUT,7396.0,26105.4,18709.4,13798.43,21194.43,user-4031,merchant-698,0.25,False,False,True,False,False,0,0,5,32,False,0.0,0.0,1,background-stream,2026-03-30T04:13:28.484873,MEDIUM,0.7675,0.204939,,0
22,CASH_OUT,9617.84,15941.16,6323.32,14016.31,23634.15,user-9627,merchant-421,0.2,False,False,True,False,False,0,0,2,28,False,0.0,0.0,0,background-stream,2026-03-30T04:13:30.939106,MEDIUM,0.765,0.178645,,0
11,TRANSFER,3644.36,4970.93,1326.57,6264.94,9909.3,user-5789,merchant-522,0.25,False,False,True,False,False,0,0,3,36,False,0.0,0.0,1,background-stream,2026-03-30T04:13:33.328829,MEDIUM,0.7675,0.176716,,0
10,DEBIT,5079.0,11321.88,6242.88,17492.62,22571.62,user-2029,merchant-153,0.2,False,False,True,False,False,0,0,8,32,False,0.0,0.0,0,background-stream,2026-03-30T04:13:35.668365,MEDIUM,0.767581,0.143977,,0
6,CASH_OUT,8945.78,12660.35,3714.57,2457.09,11402.87,user-2170,merchant-353,0.25,False,False,True,False,False,0,0,4,24,False,0.0,0.0,1,background-stream,2026-03-30T04:13:38.064120,LOW,0.067514,0.240825,,0
14,CASH_OUT,9330.23,14759.41,5429.18,5161.89,14492.12,user-9341,merchant-788,0.2,False,False,True,False,False,0,0,3,30,False,0.0,0.0,0,background-stream,2026-03-30T04:13:40.393631,MEDIUM,0.765,0.158564,,0
13,DEBIT,7274.17,8041.0,766.83,14199.62,21473.79,user-4008,merchant-744,0.2,False,False,True,False,False,0,0,4,41,False,0.0,0.0,0,background-stream,2026-03-30T04:13:42.783323,MEDIUM,0.779637,0.115847,,0
14,DEBIT,6858.54,12758.83,5900.29,9503.65,16362.19,user-6185,merchant-916,0.2,False,False,True,False,False,0,0,3,20,False,0.0,0.0,0,background-stream,2026-03-30T04:13:45.190983,MEDIUM,0.782324,0.109577,,0
15,PAYMENT,4098.71,17518.88,13420.17,7825.52,11924.23,user-9003,merchant-120,0.2,False,False,True,False,False,0,0,5,44,False,0.0,0.0,0,background-stream,2026-03-30T04:13:47.576991,MEDIUM,0.765,0.204041,,0
12,CASH_OUT,6447.61,13712.48,7264.87,15233.39,21681.0,user-9251,merchant-833,0.2,False,False,True,False,False,0,0,0,28,False,0.0,0.0,0,background-stream,2026-03-30T04:13:49.927090,MEDIUM,0.765,0.173748,,0
18,DEBIT,9318.44,24083.32,14764.88,442.12,9760.56,user-3654,merchant-911,0.2,False,False,True,False,False,0,0,1,32,False,0.0,0.0,0,background-stream,2026-03-30T04:13:52.288758,MEDIUM,0.777243,0.121431,,0
1,CASH_OUT,2269.13,16548.52,14279.39,11979.65,14248.78,user-2562,merchant-901,0.2,False,False,True,False,False,0,0,2,32,False,0.0,0.0,0,background-stream,2026-03-30T04:13:54.869941,LOW,0.065016,0.228755,,0
23,CASH_IN,5549.95,11605.69,6055.74,7432.12,12982.07,user-2794,merchant-497,0.2,False,False,True,False,False,0,0,2,35,False,0.0,0.0,0,background-stream,2026-03-30T04:13:57.250325,MEDIUM,0.765,0.173662,,0
4,DEBIT,7533.24,16247.48,8714.24,11926.59,19459.83,user-6012,merchant-777,0.25,False,False,True,False,False,0,0,6,31,False,0.0,0.0,1,background-stream,2026-03-30T04:13:59.660177,LOW,0.0675,0.179567,,0
22,PAYMENT,9726.76,20171.12,10444.36,15574.48,25301.24,user-5257,merchant-871,0.2,False,False,True,False,False,0,0,1,24,False,0.0,0.0,0,background-stream,2026-03-30T04:14:01.965412,MEDIUM,0.765,0.218805,,0
1,DEBIT,1456.58,9675.99,8219.41,161.26,1617.84,user-6788,merchant-678,0.2,False,False,True,False,False,0,0,2,41,False,0.0,0.0,0,background-stream,2026-03-30T04:14:04.374085,LOW,0.065,0.19116,,0
19,CASH_IN,7701.05,20566.12,12865.07,7038.76,14739.81,user-5667,merchant-142,0.25,False,False,True,False,False,0,0,3,41,False,0.0,0.0,1,background-stream,2026-03-30T04:14:06.816355,MEDIUM,0.7675,0.158759,,0
8,DEBIT,365.32,1130.39,765.07,676.52,1041.84,user-8466,merchant-664,0.25,False,False,True,False,False,0,0,5,35,False,0.0,0.0,1,background-stream,2026-03-30T04:14:09.170695,MEDIUM,0.7675,0.160297,,0
10,CASH_IN,3546.72,18198.19,14651.47,13654.96,17201.68,user-3819,merchant-871,0.2,False,False,True,False,False,0,0,6,25,False,0.0,0.0,0,background-stream,2026-03-30T04:14:11.630398,MEDIUM,0.764999,0.176612,,0
18,TRANSFER,1893.32,17874.32,15981.0,6982.55,8875.87,user-5595,merchant-731,0.2,False,False,True,False,False,0,0,2,21,False,0.0,0.0,0,background-stream,2026-03-30T04:14:14.083162,MEDIUM,0.765,0.160267,,0
19,CASH_OUT,4983.38,19884.84,14901.46,10486.14,15469.52,user-6147,merchant-691,0.2,False,False,True,False,False,0,0,1,27,False,0.0,0.0,0,background-stream,2026-03-30T04:14:16.548293,MEDIUM,0.765,0.17043,,0
21,PAYMENT,9392.78,15763.72,6370.94,3257.62,12650.4,user-5955,merchant-696,0.2,False,False,True,False,False,0,0,2,34,False,0.0,0.0,0,background-stream,2026-03-30T04:14:19.008581,MEDIUM,0.765,0.216883,,0
7,CASH_OUT,9676.63,17693.46,8016.83,8543.0,18219.63,user-1566,merchant-186,0.2,False,False,True,False,False,0,0,3,25,False,0.0,0.0,0,background-stream,2026-03-30T04:14:21.416282,LOW,0.065007,0.238225,,0
10,CASH_IN,4337.57,10232.32,5894.75,13123.53,17461.1,user-1341,merchant-885,0.25,False,False,True,False,False,0,0,2,39,False,0.0,0.0,1,background-stream,2026-03-30T04:14:23.818985,MEDIUM,0.7675,0.176612,,0
15,DEBIT,8838.81,17700.44,8861.63,19246.33,28085.14,user-6478,merchant-589,0.2,False,False,True,False,False,0,0,5,37,False,0.0,0.0,0,background-stream,2026-03-30T04:14:26.228912,MEDIUM,0.781805,0.110788,,0
3,DEBIT,8329.96,13862.14,5532.18,14318.96,22648.92,user-3938,merchant-527,0.2,False,False,True,False,False,0,0,2,28,False,0.0,0.0,0,background-stream,2026-03-30T04:14:28.618408,LOW,0.065,0.182178,,0
14,CASH_OUT,5981.26,20573.65,14592.39,6795.21,12776.47,user-6659,merchant-354,0.2,False,False,True,False,False,0,0,1,39,False,0.0,0.0,0,background-stream,2026-03-30T04:14:31.030697,MEDIUM,0.765,0.156004,,0
6,CASH_IN,3366.96,19224.68,15857.72,18526.15,21893.11,user-8549,merchant-340,0.2,False,False,True,False,False,0,0,3,40,False,0.0,0.0,0,background-stream,2026-03-30T04:14:33.396867,LOW,0.065,0.216514,,0
11,PAYMENT,7904.83,15597.23,7692.4,1945.27,9850.1,user-6751,merchant-191,0.2,False,False,True,False,False,0,0,3,26,False,0.0,0.0,0,background-stream,2026-03-30T04:14:35.797411,MEDIUM,0.765,0.22808,,0
4,DEBIT,4925.27,10947.76,6022.49,19488.1,24413.37,user-3862,merchant-560,0.2,False,False,True,False,False,0,0,4,29,False,0.0,0.0,0,background-stream,2026-03-30T04:14:38.075716,LOW,0.065,0.180029,,0
9,CASH_IN,4636.5,13526.83,8890.33,17114.77,21751.27,user-6376,merchant-979,0.2,False,False,True,False,False,0,0,4,32,False,0.0,0.0,0,background-stream,2026-03-30T04:14:40.455657,MEDIUM,0.765,0.188346,,0
21,CASH_IN,429.38,5895.62,5466.24,9428.85,9858.23,user-5435,merchant-661,0.2,False,False,True,False,False,0,0,3,31,False,0.0,0.0,0,background-stream,2026-03-30T04:14:42.844303,MEDIUM,0.765,0.161981,,0
2,CASH_IN,5581.81,14033.81,8452.0,7167.42,12749.23,user-5048,merchant-237,0.2,False,False,True,False,False,0,0,2,35,False,0.0,0.0,0,background-stream,2026-03-30T04:14:45.191407,LOW,0.065,0.209124,,0
18,TRANSFER,2231.62,16057.61,13825.99,13138.96,15370.58,user-3410,merchant-642,0.2,False,False,True,False,False,0,0,2,41,False,0.0,0.0,0,background-stream,2026-03-30T04:14:47.627778,MEDIUM,0.765,0.159648,,0
3,PAYMENT,3231.91,15530.66,12298.75,18239.32,21471.23,user-8917,merchant-994,0.2,False,False,True,False,False,0,0,3,32,False,0.0,0.0,0,background-stream,2026-03-30T04:14:50.178758,LOW,0.065,0.267207,,0
22,CASH_IN,772.65,17645.09,16872.44,2711.51,3484.16,user-3962,merchant-873,0.2,False,False,True,False,False,0,0,0,37,False,0.0,0.0,0,background-stream,2026-03-30T04:14:52.881706,MEDIUM,0.765,0.166384,,0
2,CASH_IN,2862.86,22551.08,19688.22,17950.4,20813.26,user-2110,merchant-742,0.2,False,False,True,False,False,0,0,3,31,False,0.0,0.0,0,background-stream,2026-03-30T04:14:55.799930,LOW,0.065,0.208803,,0
24,DEBIT,7575.98,15368.73,7792.75,9062.34,16638.32,user-7768,merchant-136,0.2,False,False,True,False,False,0,0,1,25,False,0.0,0.0,0,background-stream,2026-03-30T04:14:58.564410,MEDIUM,0.765,0.153979,,0
16,PAYMENT,7247.26,8752.99,1505.73,3462.77,10710.03,user-4902,merchant-856,0.2,False,False,True,False,False,0,0,1,33,False,0.0,0.0,0,background-stream,2026-03-30T04:15:01.305250,MEDIUM,0.765,0.206767,,0
8,CASH_OUT,7197.7,26120.3,18922.6,9613.79,16811.49,user-6828,merchant-398,0.2,False,False,True,False,False,0,0,1,30,False,0.0,0.0,0,background-stream,2026-03-30T04:15:03.648761,MEDIUM,0.765,0.214538,,0
3,CASH_IN,2264.27,21835.76,19571.49,17870.27,20134.54,user-5941,merchant-763,0.2,False,False,True,False,False,0,0,5,35,False,0.0,0.0,0,background-stream,2026-03-30T04:15:05.983818,LOW,0.065,0.212139,,0
18,PAYMENT,6871.94,26719.31,19847.37,16274.79,23146.73,user-6206,merchant-307,0.2,False,False,True,False,False,0,0,2,38,False,0.0,0.0,0,background-stream,2026-03-30T04:15:08.459687,MEDIUM,0.765,0.216153,,0
16,PAYMENT,7443.04,8949.95,1506.91,1220.35,8663.39,user-7692,merchant-437,0.2,False,False,True,False,False,0,0,2,24,False,0.0,0.0,0,background-stream,2026-03-30T04:15:11.015923,MEDIUM,0.765,0.207137,,0
22,DEBIT,6140.1,10946.29,4806.19,12063.58,18203.68,user-9235,merchant-273,0.25,False,False,True,False,False,0,0,6,25,False,0.0,0.0,1,background-stream,2026-03-30T04:15:13.376425,MEDIUM,0.775615,0.131063,,0
24,CASH_IN,831.55,9591.26,8759.71,17422.59,18254.14,user-1584,merchant-968,0.25,False,False,True,False,False,0,0,2,34,False,0.0,0.0,1,background-stream,2026-03-30T04:15:15.725142,MEDIUM,0.7675,0.184349,,0
7,DEBIT,5392.95,7498.02,2105.07,12760.53,18153.48,user-3246,merchant-900,0.2,False,False,True,False,False,0,0,4,31,False,0.0,0.0,0,background-stream,2026-03-30T04:15:18.080106,LOW,0.065,0.17656,,0
16,CASH_OUT,1930.26,7260.48,5330.22,2452.4,4382.66,user-2150,merchant-296,0.2,False,False,True,False,False,0,0,6,26,False,0.0,0.0,0,background-stream,2026-03-30T04:15:20.613376,MEDIUM,0.765,0.158095,,0
17,CASH_OUT,3319.32,9802.1,6482.78,9453.07,12772.39,user-4301,merchant-190,0.2,False,False,True,False,False,0,0,2,25,False,0.0,0.0,0,background-stream,2026-03-30T04:15:22.966475,MEDIUM,0.765,0.170011,,0
5,CASH_OUT,6050.43,17720.28,11669.85,13942.39,19992.82,user-5531,merchant-445,0.2,False,False,True,False,False,0,0,1,38,False,0.0,0.0,0,background-stream,2026-03-30T04:15:25.312999,LOW,0.065001,0.235345,,0
10,CASH_IN,8098.62,12239.6,4140.98,10370.32,18468.94,user-1494,merchant-711,0.2,False,False,True,False,False,0,0,1,36,False,0.0,0.0,0,background-stream,2026-03-30T04:15:27.690514,MEDIUM,0.765,0.176787,,0
5,TRANSFER,5591.43,12989.8,7398.37,18570.35,24161.78,user-2990,merchant-610,0.2,False,False,True,False,False,0,0,2,35,False,0.0,0.0,0,background-stream,2026-03-30T04:15:30.028976,LOW,0.065,0.226194,,0
1,CASH_IN,7057.15,13432.16,6375.01,17758.77,24815.92,user-6834,merchant-559,0.3,False,False,True,False,False,0,0,2,32,False,0.0,0.0,2,background-stream,2026-03-30T04:15:32.422957,LOW,0.07,0.212158,,0
13,CASH_OUT,968.47,3201.55,2233.08,15282.8,16251.27,user-8660,merchant-292,0.2,False,False,True,False,False,0,0,1,32,False,0.0,0.0,0,background-stream,2026-03-30T04:15:34.804953,MEDIUM,0.765,0.170476,,0
1,DEBIT,2852.54,22406.2,19553.66,18628.09,21480.63,user-8927,merchant-675,0.2,False,False,True,False,False,0,0,0,29,False,0.0,0.0,0,background-stream,2026-03-30T04:15:37.163708,LOW,0.065,0.191399,,0
21,DEBIT,9728.41,24570.38,14841.97,10793.76,20522.17,user-9364,merchant-559,0.35,False,False,True,False,False,0,0,3,33,False,0.0,0.0,3,background-stream,2026-03-30T04:15:39.613422,MEDIUM,0.782246,0.127258,,0
13,DEBIT,228.48,6369.49,6141.01,2411.62,2640.1,user-4408,merchant-522,0.25,False,False,True,False,False,0,0,7,37,False,0.0,0.0,1,background-stream,2026-03-30T04:15:41.938546,MEDIUM,0.782084,0.11597,,0
21,DEBIT,618.83,11360.23,10741.4,4691.34,5310.17,user-3702,merchant-663,0.3,False,False,True,False,False,0,0,3,39,False,0.0,0.0,2,background-stream,2026-03-30T04:15:44.401679,MEDIUM,0.779459,0.127929,,0
9,CASH_IN,3083.37,22070.5,18987.13,17901.36,20984.73,user-5967,merchant-893,0.2,False,False,True,False,False,0,0,1,33,False,0.0,0.0,0,background-stream,2026-03-30T04:15:46.718988,MEDIUM,0.764999,0.188346,,0
8,PAYMENT,723.72,2862.85,2139.13,10906.68,11630.4,user-1373,merchant-440,0.2,False,False,True,False,False,0,0,1,27,False,0.0,0.0,0,background-stream,2026-03-30T04:15:49.074617,MEDIUM,0.764999,0.257309,,0
22,CASH_OUT,9740.89,22312.31,12571.42,1401.62,11142.51,user-9590,merchant-246,0.2,False,False,True,False,False,0,0,3,26,False,0.0,0.0,0,background-stream,2026-03-30T04:15:51.397206,MEDIUM,0.765,0.177244,,0
14,DEBIT,2093.13,18102.66,16009.53,12546.98,14640.11,user-6163,merchant-904,0.2,False,False,True,False,False,0,0,1,38,False,0.0,0.0,0,background-stream,2026-03-30T04:15:53.733046,MEDIUM,0.781794,0.110812,,0
3,TRANSFER,7950.6,19927.71,11977.11,9741.03,17691.63,user-4377,merchant-867,0.25,False,False,True,False,False,0,0,4,33,False,0.0,0.0,1,background-stream,2026-03-30T04:15:56.136200,LOW,0.0675,0.2176,,0
1,DEBIT,9959.31,15013.3,5053.99,9472.0,19431.31,user-2275,merchant-398,0.2,False,False,True,False,False,0,0,3,31,False,0.0,0.0,0,background-stream,2026-03-30T04:15:58.433466,LOW,0.065,0.189076,,0
6,DEBIT,9653.14,15409.75,5756.61,18983.16,28636.3,user-1184,merchant-849,0.2,False,False,True,False,False,0,0,2,38,False,0.0,0.0,0,background-stream,2026-03-30T04:16:00.785693,LOW,0.065,0.180019,,0
14,DEBIT,7312.33,24041.69,16729.36,6369.43,13681.76,user-6651,merchant-394,0.2,False,False,True,False,False,0,0,1,26,False,0.0,0.0,0,background-stream,2026-03-30T04:16:03.089967,MEDIUM,0.782204,0.109856,,0
11,TRANSFER,2571.48,19315.31,16743.83,1621.96,4193.44,user-2448,merchant-256,0.2,False,False,True,False,False,0,0,5,34,False,0.0,0.0,0,background-stream,2026-03-30T04:16:05.434750,MEDIUM,0.765,0.170178,,0
12,CASH_OUT,5646.45,10981.47,5335.02,15008.17,20654.62,user-1717,merchant-719,0.2,False,False,True,False,False,0,0,3,27,False,0.0,0.0,0,background-stream,2026-03-30T04:16:07.812531,MEDIUM,0.765,0.174495,,0
10,TRANSFER,9226.69,14515.78,5289.09,14169.58,23396.27,user-1256,merchant-244,0.25,False,False,True,False,False,0,0,1,30,False,0.0,0.0,1,background-stream,2026-03-30T04:16:10.212592,MEDIUM,0.7675,0.185065,,0
11,DEBIT,6094.4,9342.55,3248.15,13564.77,19659.17,user-3794,merchant-248,0.2,False,False,True,False,False,0,0,2,40,False,0.0,0.0,0,background-stream,2026-03-30T04:16:12.523010,MEDIUM,0.771554,0.134706,,0
17,CASH_IN,857.47,9371.66,8514.19,17703.32,18560.79,user-6709,merchant-769,0.2,False,False,True,False,False,0,0,6,35,False,0.0,0.0,0,background-stream,2026-03-30T04:16:14.885156,MEDIUM,0.765,0.153975,,0
5,CASH_OUT,4558.52,19280.19,14721.67,14783.28,19341.8,user-4571,merchant-765,0.2,False,False,True,False,False,0,0,3,39,False,0.0,0.0,0,background-stream,2026-03-30T04:16:17.218244,LOW,0.065,0.235877,,0
23,PAYMENT,4879.06,11333.67,6454.61,18177.92,23056.98,user-6057,merchant-251,0.2,False,False,True,False,False,0,0,1,25,False,0.0,0.0,0,background-stream,2026-03-30T04:16:19.641345,MEDIUM,0.765,0.233642,,0
18,TRANSFER,693.52,13099.49,12405.97,11284.09,11977.61,user-9720,merchant-517,0.25,False,False,True,False,False,0,0,1,39,False,0.0,0.0,1,background-stream,2026-03-30T04:16:21.946685,MEDIUM,0.7675,0.160713,,0
20,PAYMENT,4438.17,10210.88,5772.71,8740.87,13179.04,user-2198,merchant-916,0.2,False,False,True,False,False,0,0,2,21,False,0.0,0.0,0,background-stream,2026-03-30T04:16:24.278678,MEDIUM,0.765,0.218117,,0
1,CASH_IN,558.78,5099.35,4540.57,6212.47,6771.25,user-4962,merchant-661,0.2,False,False,True,False,False,0,0,2,32,False,0.0,0.0,0,background-stream,2026-03-30T04:16:26.593083,LOW,0.065,0.211774,,0
11,CASH_OUT,7444.95,25941.32,18496.37,19039.43,26484.38,user-6051,merchant-640,0.25,False,False,True,False,False,0,0,4,29,False,0.0,0.0,1,background-stream,2026-03-30T04:16:28.968316,MEDIUM,0.7675,0.183773,,0
19,DEBIT,2396.48,7641.02,5244.54,12731.47,15127.95,user-1783,merchant-482,0.2,False,False,True,False,False,0,0,4,29,False,0.0,0.0,0,background-stream,2026-03-30T04:16:31.405989,MEDIUM,0.776831,0.122395,,0
22,CASH_OUT,3022.36,21394.31,18371.95,19313.93,22336.29,user-7643,merchant-694,0.2,False,False,True,False,False,0,0,3,21,False,0.0,0.0,0,background-stream,2026-03-30T04:16:34.042606,MEDIUM,0.765,0.176621,,0
7,CASH_IN,2473.98,14287.08,11813.1,5991.48,8465.46,user-5333,merchant-906,0.2,False,False,True,False,False,0,0,3,27,False,0.0,0.0,0,background-stream,2026-03-30T04:16:36.448913,LOW,0.065,0.217078,,0
15,CASH_OUT,5015.49,19505.21,14489.72,9299.85,14315.34,user-2210,merchant-784,0.2,False,False,True,False,False,0,0,0,30,False,0.0,0.0,0,background-stream,2026-03-30T04:16:38.725386,MEDIUM,0.765,0.15344,,0
1,CASH_OUT,9388.42,11870.94,2482.52,14233.31,23621.73,user-1061,merchant-343,0.2,False,False,True,False,False,0,0,2,29,False,0.0,0.0,0,background-stream,2026-03-30T04:16:41.038056,LOW,0.065013,0.234828,,0
16,CASH_OUT,5883.28,10409.74,4526.46,5844.86,11728.14,user-7675,merchant-533,0.2,False,False,True,False,False,0,0,4,34,False,0.0,0.0,0,background-stream,2026-03-30T04:16:43.434269,MEDIUM,0.765,0.158962,,0
2,PAYMENT,7295.61,26937.5,19641.89,17631.98,24927.59,user-7970,merchant-588,0.2,False,False,True,False,False,0,0,4,35,False,0.0,0.0,0,background-stream,2026-03-30T04:16:45.784844,LOW,0.065,0.266153,,0
22,DEBIT,4321.37,11633.9,7312.53,12376.09,16697.46,user-4470,merchant-336,0.2,False,False,True,False,False,0,0,2,39,False,0.0,0.0,0,background-stream,2026-03-30T04:16:48.345947,MEDIUM,0.772902,0.131561,,0
7,TRANSFER,3659.91,12565.3,8905.39,14857.91,18517.82,user-5647,merchant-396,0.2,False,False,True,False,False,0,0,3,30,False,0.0,0.0,0,background-stream,2026-03-30T04:16:50.672023,LOW,0.065001,0.228056,,0
20,PAYMENT,9391.69,15990.65,6598.96,5148.8,14540.49,user-1592,merchant-792,0.25,False,False,True,False,False,0,0,1,31,False,0.0,0.0,1,background-stream,2026-03-30T04:16:53.060286,MEDIUM,0.7675,0.216042,,0
7,CASH_OUT,7217.85,7750.64,532.79,18768.64,25986.49,user-3564,merchant-448,0.2,False,False,True,False,False,0,0,3,33,False,0.0,0.0,0,background-stream,2026-03-30T04:16:55.552004,LOW,0.065006,0.242428,,0
7,CASH_IN,2524.66,20312.72,17788.06,17094.5,19619.16,user-2500,merchant-613,0.2,False,False,True,False,False,0,0,5,30,False,0.0,0.0,0,background-stream,2026-03-30T04:16:57.916899,LOW,0.065,0.217078,,0
10,PAYMENT,6459.08,9167.57,2708.49,15570.04,22029.12,user-9742,merchant-849,0.2,False,False,True,False,False,0,0,3,39,False,0.0,0.0,0,background-stream,2026-03-30T04:17:00.413409,MEDIUM,0.765,0.240237,,0
10,CASH_OUT,5329.42,19573.57,14244.15,2497.82,7827.24,user-9027,merchant-954,0.3,False,False,True,False,False,0,0,2,26,False,0.0,0.0,2,background-stream,2026-03-30T04:17:02.738119,MEDIUM,0.77,0.19214,,0
13,CASH_OUT,2532.24,20256.36,17724.12,18333.78,20866.02,user-5670,merchant-267,0.2,False,False,True,False,False,0,0,2,34,False,0.0,0.0,0,background-stream,2026-03-30T04:17:05.045246,MEDIUM,0.765,0.163732,,0
17,DEBIT,9993.36,16198.13,6204.77,12310.99,22304.35,user-2536,merchant-970,0.2,False,False,True,False,False,0,0,2,35,False,0.0,0.0,0,background-stream,2026-03-30T04:17:07.362471,MEDIUM,0.778523,0.118445,,0
23,CASH_OUT,5352.86,5966.53,613.67,13024.27,18377.13,user-4734,merchant-222,0.25,False,False,True,False,False,0,0,4,34,False,0.0,0.0,1,background-stream,2026-03-30T04:17:09.712374,MEDIUM,0.7675,0.19076,,0
3,CASH_IN,4106.27,9855.26,5748.99,11507.07,15613.34,user-1244,merchant-360,0.25,False,False,True,False,False,0,0,1,35,False,0.0,0.0,1,background-stream,2026-03-30T04:17:12.089601,LOW,0.0675,0.212139,,0
22,PAYMENT,3433.26,9567.51,6134.25,3798.02,7231.28,user-6519,merchant-432,0.2,False,False,True,False,False,0,0,1,27,False,0.0,0.0,0,background-stream,2026-03-30T04:17:14.443106,MEDIUM,0.765,0.222506,,0
22,DEBIT,9081.26,25349.44,16268.18,17511.24,26592.5,user-4133,merchant-872,0.25,False,False,True,False,False,0,0,3,28,False,0.0,0.0,1,background-stream,2026-03-30T04:17:16.771719,MEDIUM,0.775385,0.131601,,0
6,PAYMENT,7040.67,13616.6,6575.93,3.09,7043.76,user-9358,merchant-879,0.25,False,False,True,False,False,0,0,1,32,False,0.0,0.0,1,background-stream,2026-03-30T04:17:19.176934,LOW,0.0675,0.28102,,0
22,CASH_OUT,6595.52,26567.94,19972.42,19276.99,25872.51,user-8946,merchant-501,0.3,False,False,True,False,False,0,0,2,32,False,0.0,0.0,2,background-stream,2026-03-30T04:17:21.521779,MEDIUM,0.77,0.176621,,0
18,CASH_IN,7799.47,21972.52,14173.05,7088.45,14887.92,user-6920,merchant-814,0.2,False,False,True,False,False,0,0,3,31,False,0.0,0.0,0,background-stream,2026-03-30T04:17:23.913915,MEDIUM,0.765,0.156477,,0
13,DEBIT,4440.22,13251.0,8810.78,13456.29,17896.51,user-1211,merchant-765,0.2,False,False,True,False,False,0,0,1,40,False,0.0,0.0,0,background-stream,2026-03-30T04:17:26.269975,MEDIUM,0.779428,0.116332,,0
24,TRANSFER,8678.18,21698.74,13020.56,15167.32,23845.5,user-6218,merchant-453,0.2,False,False,True,False,False,0,0,3,31,False,0.0,0.0,0,background-stream,2026-03-30T04:17:28.616665,MEDIUM,0.765,0.189609,,0
14,CASH_IN,2129.63,4492.22,2362.59,7327.54,9457.17,user-3901,merchant-671,0.2,False,False,True,False,False,0,0,2,32,False,0.0,0.0,0,background-stream,2026-03-30T04:17:31.215889,MEDIUM,0.766956,0.145435,,0
18,DEBIT,7043.66,20333.36,13289.7,16398.6,23442.26,user-2868,merchant-567,0.2,False,False,True,False,False,0,0,2,34,False,0.0,0.0,0,background-stream,2026-03-30T04:17:33.519327,MEDIUM,0.777359,0.121163,,0
23,CASH_OUT,8065.07,18390.5,10325.43,16458.46,24523.53,user-3345,merchant-546,0.35,False,False,True,False,False,0,0,8,43,False,0.0,0.0,3,background-stream,2026-03-30T04:17:35.871272,MEDIUM,0.7725,0.187133,,0
14,CASH_OUT,5982.56,9265.47,3282.91,13388.94,19371.5,user-7325,merchant-525,0.2,False,False,True,False,False,0,0,1,31,False,0.0,0.0,0,background-stream,2026-03-30T04:17:38.490052,MEDIUM,0.765,0.160112,,0
22,CASH_IN,5492.84,24236.88,18744.04,3339.15,8831.99,user-3677,merchant-158,0.2,False,False,True,False,False,0,0,2,35,False,0.0,0.0,0,background-stream,2026-03-30T04:17:40.826430,MEDIUM,0.765,0.166705,,0
3,TRANSFER,4494.83,18994.4,14499.57,8850.4,13345.23,user-6860,merchant-702,0.25,False,False,True,False,False,0,0,4,36,False,0.0,0.0,1,background-stream,2026-03-30T04:17:43.274932,LOW,0.067501,0.216849,,0
5,CASH_IN,864.41,13757.18,12892.77,13301.98,14166.39,user-3518,merchant-655,0.2,False,False,True,False,False,0,0,2,36,False,0.0,0.0,0,background-stream,2026-03-30T04:17:45.620780,LOW,0.065,0.216275,,0
12,DEBIT,8726.68,13629.62,4902.94,1748.25,10474.93,user-5533,merchant-898,0.25,False,False,True,False,False,0,0,3,38,False,0.0,0.0,1,background-stream,2026-03-30T04:17:47.957458,MEDIUM,0.777822,0.125916,,0
23,TRANSFER,1683.27,13016.47,11333.2,14766.59,16449.86,user-3064,merchant-111,0.2,False,False,True,False,False,0,0,2,24,False,0.0,0.0,0,background-stream,2026-03-30T04:17:50.385757,MEDIUM,0.765,0.179255,,0
8,CASH_OUT,2648.73,5248.89,2600.16,19286.12,21934.85,user-3254,merchant-534,0.25,False,False,True,False,False,0,0,1,27,False,0.0,0.0,1,background-stream,2026-03-30T04:17:52.875317,MEDIUM,0.7675,0.221371,,0
19,TRANSFER,918.6,8632.15,7713.55,19192.83,20111.43,user-1614,merchant-748,0.2,False,False,True,False,False,0,0,6,34,False,0.0,0.0,0,background-stream,2026-03-30T04:17:55.245743,MEDIUM,0.765,0.162301,,0
5,DEBIT,5553.31,22905.85,17352.54,3305.28,8858.59,user-9571,merchant-297,0.2,False,False,True,False,False,0,0,2,32,False,0.0,0.0,0,background-stream,2026-03-30T04:17:57.585565,LOW,0.065,0.179193,,0
10,DEBIT,7541.34,24397.29,16855.95,1000.4,8541.74,user-3592,merchant-768,0.2,False,False,True,False,False,0,0,4,43,False,0.0,0.0,0,background-stream,2026-03-30T04:17:59.911190,MEDIUM,0.766914,0.145533,,0
22,CASH_IN,9538.04,28930.02,19391.98,19922.49,29460.53,user-4597,merchant-799,0.25,False,False,True,False,False,0,0,6,28,False,0.0,0.0,1,background-stream,2026-03-30T04:18:02.287422,MEDIUM,0.7675,0.166403,,0
13,CASH_OUT,4697.5,13995.95,9298.45,7830.0,12527.5,user-3140,merchant-465,0.2,False,False,True,False,False,0,0,4,33,False,0.0,0.0,0,background-stream,2026-03-30T04:18:04.784735,MEDIUM,0.765,0.164386,,0
12,TRANSFER,5513.5,24457.52,18944.02,10753.07,16266.57,user-9594,merchant-841,0.2,False,False,True,False,False,0,0,4,37,False,0.0,0.0,0,background-stream,2026-03-30T04:18:07.285905,MEDIUM,0.765,0.159195,,0
10,DEBIT,9181.42,16084.5,6903.08,16559.62,25741.04,user-5735,merchant-244,0.25,False,False,True,False,False,0,0,4,31,False,0.0,0.0,1,background-stream,2026-03-30T04:18:09.674230,MEDIUM,0.770054,0.14404,,0
5,DEBIT,9382.52,25898.32,16515.8,16459.85,25842.37,user-3438,merchant-614,0.2,False,False,True,False,False,0,0,5,25,False,0.0,0.0,0,background-stream,2026-03-30T04:18:12.015064,LOW,0.065,0.177976,,0
18,TRANSFER,7880.88,24175.8,16294.92,5915.22,13796.1,user-3240,merchant-425,0.2,False,False,True,False,False,0,0,6,18,False,0.0,0.0,0,background-stream,2026-03-30T04:18:14.434077,MEDIUM,0.765,0.160267,,0
23,CASH_IN,4997.73,23180.97,18183.24,14384.67,19382.4,user-9783,merchant-563,0.25,False,False,True,False,False,0,0,3,29,False,0.0,0.0,1,background-stream,2026-03-30T04:18:16.997278,MEDIUM,0.7675,0.173767,,0
2,DEBIT,2027.62,16981.31,14953.69,1437.95,3465.57,user-2117,merchant-546,0.35,False,False,True,False,False,0,0,9,44,False,0.0,0.0,3,background-stream,2026-03-30T04:18:19.607617,LOW,0.0725,0.189983,,0
6,DEBIT,9162.18,14837.71,5675.53,12478.17,21640.35,user-6473,merchant-538,0.2,False,False,True,False,False,0,0,3,33,False,0.0,0.0,0,background-stream,2026-03-30T04:18:22.129456,LOW,0.065,0.179662,,0
4,DEBIT,351.3,15786.46,15435.16,14455.29,14806.59,user-2540,merchant-149,0.25,False,False,True,False,False,0,0,4,34,False,0.0,0.0,1,background-stream,2026-03-30T04:18:24.540129,LOW,0.0675,0.180112,,0
19,TRANSFER,3897.66,4470.11,572.45,18871.75,22769.41,user-5833,merchant-293,0.2,False,False,True,False,False,0,0,2,26,False,0.0,0.0,0,background-stream,2026-03-30T04:18:26.950219,MEDIUM,0.765,0.16443,,0
21,CASH_OUT,2664.13,15246.21,12582.08,899.56,3563.69,user-5422,merchant-239,0.25,False,False,True,False,False,0,0,1,30,False,0.0,0.0,1,background-stream,2026-03-30T04:18:29.376617,MEDIUM,0.7675,0.172268,,0
1,CASH_IN,6091.03,13652.8,7561.77,2330.41,8421.44,user-9226,merchant-404,0.25,False,False,True,False,False,0,0,1,27,False,0.0,0.0,1,background-stream,2026-03-30T04:18:31.948420,LOW,0.0675,0.212158,,0
5,CASH_IN,9555.51,13382.98,3827.47,9736.25,19291.76,user-4683,merchant-215,0.3,False,False,True,False,False,0,0,4,40,False,0.0,0.0,2,background-stream,2026-03-30T04:18:34.512833,LOW,0.07,0.216436,,0
3,PAYMENT,6797.05,7492.67,695.62,14743.04,21540.09,user-2211,merchant-545,0.2,False,False,True,False,False,0,0,2,32,False,0.0,0.0,0,background-stream,2026-03-30T04:18:37.085705,LOW,0.065,0.266418,,0
1,TRANSFER,6583.18,9221.97,2638.79,18357.18,24940.36,user-6324,merchant-856,0.2,False,False,True,False,False,0,0,1,34,False,0.0,0.0,0,background-stream,2026-03-30T04:18:39.615334,LOW,0.065,0.221032,,0
8,DEBIT,5779.71,24999.45,19219.74,15552.28,21331.99,user-6226,merchant-591,0.2,False,False,True,False,False,0,0,1,32,False,0.0,0.0,0,background-stream,2026-03-30T04:18:42.216359,MEDIUM,0.764999,0.159842,,0
13,CASH_OUT,9925.7,22361.81,12436.11,9505.83,19431.53,user-3896,merchant-796,0.2,False,False,True,False,False,0,0,4,24,False,0.0,0.0,0,background-stream,2026-03-30T04:18:44.796104,MEDIUM,0.765,0.164338,,0
19,CASH_IN,3629.69,17219.19,13589.5,281.14,3910.83,user-8954,merchant-673,0.25,False,False,True,False,False,0,0,4,35,False,0.0,0.0,1,background-stream,2026-03-30T04:18:47.280325,MEDIUM,0.7675,0.158849,,0
22,DEBIT,8965.8,20732.39,11766.59,19121.09,28086.89,user-9195,merchant-559,0.3,False,False,True,False,False,0,0,3,34,False,0.0,0.0,2,background-stream,2026-03-30T04:18:49.806560,MEDIUM,0.777949,0.131452,,0
24,DEBIT,4075.01,4304.79,229.78,9242.14,13317.15,user-2062,merchant-985,0.2,False,False,True,False,False,0,0,4,33,False,0.0,0.0,0,background-stream,2026-03-30T04:18:52.281351,MEDIUM,0.765,0.153918,,0
1,DEBIT,5866.67,9052.0,3185.33,14854.31,20720.98,user-5047,merchant-941,0.2,False,False,True,False,False,0,0,1,29,False,0.0,0.0,0,background-stream,2026-03-30T04:18:54.986843,LOW,0.065,0.190181,,0
5,CASH_OUT,8405.85,16118.42,7712.57,916.99,9322.84,user-5864,merchant-102,0.2,False,False,True,False,False,0,0,3,29,False,0.0,0.0,0,background-stream,2026-03-30T04:18:57.345805,LOW,0.065014,0.237038,,0
22,PAYMENT,5667.65,23430.24,17762.59,12258.58,17926.23,user-8517,merchant-405,0.2,False,False,True,False,False,0,0,2,39,False,0.0,0.0,0,background-stream,2026-03-30T04:18:59.877041,MEDIUM,0.765,0.22253,,0
20,CASH_OUT,6685.29,10648.95,3963.66,853.69,7538.98,user-2047,merchant-465,0.2,False,False,True,False,False,0,0,4,34,False,0.0,0.0,0,background-stream,2026-03-30T04:19:02.754770,MEDIUM,0.765,0.172795,,0
8,CASH_IN,1276.48,6614.14,5337.66,3026.11,4302.59,user-8013,merchant-547,0.2,False,False,True,False,False,0,0,6,26,False,0.0,0.0,0,background-stream,2026-03-30T04:19:05.170885,MEDIUM,0.765,0.19822,,0
3,PAYMENT,7407.29,8035.93,628.64,15990.8,23398.09,user-1906,merchant-866,0.2,False,False,True,False,False,0,0,1,32,False,0.0,0.0,0,background-stream,2026-03-30T04:19:07.561269,LOW,0.065,0.266262,,0
12,PAYMENT,4486.84,22346.78,17859.94,17464.47,21951.31,user-5763,merchant-204,0.2,False,False,True,False,False,0,0,2,31,False,0.0,0.0,0,background-stream,2026-03-30T04:19:09.995057,MEDIUM,0.765,0.220141,,0
4,TRANSFER,7436.91,13460.72,6023.81,6466.98,13903.89,user-9873,merchant-403,0.2,False,False,True,False,False,0,0,1,36,False,0.0,0.0,0,background-stream,2026-03-30T04:19:12.563283,LOW,0.065,0.221028,,0
9,CASH_OUT,540.46,19256.66,18716.2,8252.08,8792.54,user-2191,merchant-767,0.2,False,False,True,False,False,0,0,4,32,False,0.0,0.0,0,background-stream,2026-03-30T04:19:15.618132,MEDIUM,0.765,0.204656,,0
6,CASH_IN,3665.49,21525.32,17859.83,10738.79,14404.28,user-9705,merchant-902,0.2,False,False,True,False,False,0,0,3,27,False,0.0,0.0,0,background-stream,2026-03-30T04:19:17.939172,LOW,0.065,0.216514,,0
13,PAYMENT,7773.9,22614.82,14840.92,3480.54,11254.44,user-8198,merchant-800,0.2,False,False,True,False,False,0,0,3,31,False,0.0,0.0,0,background-stream,2026-03-30T04:19:20.279109,MEDIUM,0.765,0.208872,,0
12,TRANSFER,604.18,16872.37,16268.19,14822.18,15426.36,user-2021,merchant-116,0.25,False,False,True,False,False,0,0,1,25,False,0.0,0.0,1,background-stream,2026-03-30T04:19:22.750903,MEDIUM,0.7675,0.159581,,0
22,CASH_IN,6098.32,6863.89,765.57,3869.12,9967.44,user-9399,merchant-368,0.2,False,False,True,False,False,0,0,2,29,False,0.0,0.0,0,background-stream,2026-03-30T04:19:25.201507,MEDIUM,0.765,0.166563,,0
17,CASH_IN,8744.04,20990.59,12246.55,14639.36,23383.4,user-7971,merchant-149,0.2,False,False,True,False,False,0,0,4,35,False,0.0,0.0,0,background-stream,2026-03-30T04:19:27.604556,MEDIUM,0.765,0.153885,,0
12,CASH_IN,8285.46,24074.01,15788.55,291.18,8576.64,user-4490,merchant-887,0.2,False,False,True,False,False,0,0,3,36,False,0.0,0.0,0,background-stream,2026-03-30T04:19:30.108867,MEDIUM,0.765,0.156684,,0
1,CASH_IN,7015.41,10216.9,3201.49,17233.09,24248.5,user-9262,merchant-982,0.2,False,False,True,False,False,0,0,8,22,False,0.0,0.0,0,background-stream,2026-03-30T04:19:32.538289,LOW,0.065,0.212158,,0
21,TRANSFER,4188.57,9425.8,5237.23,6596.65,10785.22,user-9345,merchant-571,0.25,False,False,True,False,False,0,0,1,38,False,0.0,0.0,1,background-stream,2026-03-30T04:19:35.034520,MEDIUM,0.7675,0.166789,,0
10,PAYMENT,7278.44,21152.4,13873.96,616.93,7895.37,user-6178,merchant-969,0.2,False,False,True,False,False,0,0,4,33,False,0.0,0.0,0,background-stream,2026-03-30T04:19:37.429550,MEDIUM,0.765,0.240463,,0
7,CASH_IN,7232.75,20738.21,13505.46,7312.27,14545.02,user-6387,merchant-808,0.2,False,False,True,False,False,0,0,4,33,False,0.0,0.0,0,background-stream,2026-03-30T04:19:40.231328,LOW,0.065,0.216903,,0
14,CASH_IN,7244.63,15100.24,7855.61,17093.7,24338.33,user-6838,merchant-436,0.2,False,False,True,False,False,0,0,3,24,False,0.0,0.0,0,background-stream,2026-03-30T04:19:44.138069,MEDIUM,0.766828,0.145734,,0
2,PAYMENT,6819.0,23911.0,17092.0,9893.0,16712.0,user-1033,merchant-709,0.2,False,False,True,False,False,0,0,1,27,False,0.0,0.0,0,background-stream,2026-03-30T04:19:46.992044,LOW,0.065,0.266438,,0
5,CASH_IN,8442.2,9468.9,1026.7,966.65,9408.85,user-6669,merchant-839,0.2,False,False,True,False,False,0,0,2,40,False,0.0,0.0,0,background-stream,2026-03-30T04:19:49.601424,LOW,0.065,0.216436,,0
2,CASH_OUT,3237.22,3929.88,692.66,13387.97,16625.19,user-8673,merchant-136,0.2,False,False,True,False,False,0,0,3,26,False,0.0,0.0,0,background-stream,2026-03-30T04:19:52.168684,LOW,0.07599,0.229618,,0
21,CASH_OUT,2933.08,8683.93,5750.85,5892.77,8825.85,user-2950,merchant-162,0.25,False,False,True,False,False,0,0,3,34,False,0.0,0.0,1,background-stream,2026-03-30T04:19:54.690640,MEDIUM,0.7675,0.17364,,0
9,DEBIT,7099.09,9293.74,2194.65,11611.24,18710.33,user-2513,merchant-324,0.2,False,False,True,False,False,0,0,4,37,False,0.0,0.0,0,background-stream,2026-03-30T04:19:57.045890,MEDIUM,0.765,0.152998,,0
9,PAYMENT,7428.18,26761.08,19332.9,5309.45,12737.63,user-9706,merchant-791,0.2,False,False,True,False,False,0,0,3,28,False,0.0,0.0,0,background-stream,2026-03-30T04:19:59.439976,MEDIUM,0.765,0.251277,,0
8,TRANSFER,4100.86,4321.63,220.77,13212.3,17313.16,user-9457,merchant-990,0.2,False,False,True,False,False,0,0,2,28,False,0.0,0.0,0,background-stream,2026-03-30T04:20:02.055547,MEDIUM,0.765,0.208416,,0
22,DEBIT,6056.37,18575.89,12519.52,8792.71,14849.08,user-6972,merchant-552,0.2,False,False,True,False,False,0,0,3,31,False,0.0,0.0,0,background-stream,2026-03-30T04:20:04.633461,MEDIUM,0.773041,0.131236,,0
11,PAYMENT,5609.38,13223.21,7613.83,13144.27,18753.65,user-9513,merchant-804,0.2,False,False,True,False,False,0,0,2,25,False,0.0,0.0,0,background-stream,2026-03-30T04:20:07.493584,MEDIUM,0.765,0.229631,,0
4,PAYMENT,9941.74,26210.03,16268.29,10189.64,20131.38,user-5883,merchant-177,0.2,False,False,True,False,False,0,0,2,34,False,0.0,0.0,0,background-stream,2026-03-30T04:20:09.997997,LOW,0.065,0.267845,,0
13,DEBIT,9132.84,21554.9,12422.06,11598.97,20731.81,user-4157,merchant-722,0.2,False,False,True,False,False,0,0,3,32,False,0.0,0.0,0,background-stream,2026-03-30T04:20:12.421278,MEDIUM,0.779629,0.115866,,0
9,CASH_OUT,8068.24,14551.51,6483.27,7035.12,15103.36,user-2106,merchant-675,0.2,False,False,True,False,False,0,0,1,30,False,0.0,0.0,0,background-stream,2026-03-30T04:20:14.913948,MEDIUM,0.765,0.207622,,0
13,CASH_IN,6746.23,10759.62,4013.39,15508.5,22254.73,user-6382,merchant-755,0.2,False,False,True,False,False,0,0,1,33,False,0.0,0.0,0,background-stream,2026-03-30T04:20:17.327810,MEDIUM,0.765,0.150237,,0
13,DEBIT,7805.22,20904.96,13099.74,18584.17,26389.39,user-2459,merchant-364,0.2,False,False,True,False,False,0,0,1,24,False,0.0,0.0,0,background-stream,2026-03-30T04:20:20.674081,MEDIUM,0.779628,0.115866,,0
10,DEBIT,8943.24,18782.76,9839.52,19353.46,28296.7,user-9866,merchant-114,0.2,False,False,True,False,False,0,0,4,27,False,0.0,0.0,0,background-stream,2026-03-30T04:20:24.624747,MEDIUM,0.767458,0.144264,,0
12,TRANSFER,3106.76,14414.0,11307.24,193.03,3299.79,user-9126,merchant-721,0.2,False,False,True,False,False,0,0,1,27,False,0.0,0.0,0,background-stream,2026-03-30T04:20:27.118632,MEDIUM,0.765,0.160758,,0
1,TRANSFER,9226.77,11736.15,2509.38,214.66,9441.43,user-8271,merchant-396,0.2,False,False,True,False,False,0,0,0,31,False,0.0,0.0,0,background-stream,2026-03-30T04:20:29.545438,LOW,0.065,0.22195,,0
3,CASH_IN,3942.78,5373.26,1430.48,7996.69,11939.47,user-9774,merchant-133,0.2,False,False,True,False,False,0,0,3,24,False,0.0,0.0,0,background-stream,2026-03-30T04:20:31.910904,LOW,0.065,0.212139,,0
9,PAYMENT,8658.67,19896.84,11238.17,12050.21,20708.88,user-6133,merchant-184,0.2,False,False,True,False,False,0,0,4,38,False,0.0,0.0,0,background-stream,2026-03-30T04:20:34.283034,MEDIUM,0.765,0.249832,,0
6,DEBIT,8003.87,20400.65,12396.78,1157.4,9161.27,user-7236,merchant-174,0.2,False,False,True,False,False,0,0,2,39,False,0.0,0.0,0,background-stream,2026-03-30T04:20:36.659178,LOW,0.065,0.181127,,0
13,CASH_OUT,5405.79,10778.95,5373.16,18692.01,24097.8,user-5681,merchant-193,0.2,False,False,True,False,False,0,0,4,36,False,0.0,0.0,0,background-stream,2026-03-30T04:20:39.654479,MEDIUM,0.765,0.166688,,0
10,DEBIT,912.39,17017.05,16104.66,2442.95,3355.34,user-9031,merchant-910,0.2,False,False,True,False,False,0,0,0,31,False,0.0,0.0,0,background-stream,2026-03-30T04:20:42.295520,MEDIUM,0.766765,0.14588,,0
6,PAYMENT,7785.73,24824.3,17038.57,3417.42,11203.15,user-9949,merchant-766,0.2,False,False,True,False,False,0,0,3,35,False,0.0,0.0,0,background-stream,2026-03-30T04:20:45.082277,LOW,0.065,0.279835,,0
1,DEBIT,1915.16,4770.52,2855.36,13716.6,15631.76,user-5153,merchant-929,0.25,False,False,True,False,False,0,0,2,30,False,0.0,0.0,1,background-stream,2026-03-30T04:20:47.465331,LOW,0.0675,0.19116,,0
23,TRANSFER,446.94,10524.21,10077.27,19153.93,19600.87,user-1272,merchant-318,0.2,False,False,True,False,False,0,0,4,25,False,0.0,0.0,0,background-stream,2026-03-30T04:20:49.805344,MEDIUM,0.765,0.179652,,0
4,TRANSFER,9672.29,26323.62,16651.33,11161.31,20833.6,user-3340,merchant-111,0.2,False,False,True,False,False,0,0,6,25,False,0.0,0.0,0,background-stream,2026-03-30T04:20:52.352914,LOW,0.065,0.217872,,0
11,CASH_OUT,5442.08,15750.76,10308.68,1934.09,7376.17,user-7721,merchant-273,0.25,False,False,True,False,False,0,0,2,26,False,0.0,0.0,1,background-stream,2026-03-30T04:20:54.938916,MEDIUM,0.7675,0.183896,,0
14,CASH_IN,7920.41,25796.46,17876.05,8355.99,16276.4,user-7540,merchant-899,0.2,False,False,True,False,False,0,0,2,32,False,0.0,0.0,0,background-stream,2026-03-30T04:20:57.324781,MEDIUM,0.766995,0.145343,,0
11,PAYMENT,8118.15,18660.61,10542.46,14897.54,23015.69,user-2040,merchant-937,0.2,False,False,True,False,False,0,0,1,32,False,0.0,0.0,0,background-stream,2026-03-30T04:20:59.897824,MEDIUM,0.765,0.228339,,0
20,CASH_IN,9314.6,20144.75,10830.15,13723.36,23037.96,user-8415,merchant-960,0.2,False,False,True,False,False,0,0,3,29,False,0.0,0.0,0,background-stream,2026-03-30T04:21:02.669298,MEDIUM,0.765,0.161844,,0
15,PAYMENT,2888.17,21351.52,18463.35,16484.93,19373.1,user-7444,merchant-373,0.2,False,False,True,False,False,0,0,1,32,False,0.0,0.0,0,background-stream,2026-03-30T04:21:04.992994,MEDIUM,0.765,0.204343,,0
2,CASH_IN,61.74,1868.6,1806.86,8912.19,8973.93,user-2841,merchant-234,0.2,False,False,True,False,False,0,0,5,38,False,0.0,0.0,0,background-stream,2026-03-30T04:21:06.865770,LOW,0.065,0.208803,,0
19,CASH_OUT,6463.88,13790.69,7326.81,8825.79,15289.67,user-2803,merchant-445,0.2,False,False,True,False,False,0,0,6,39,False,0.0,0.0,0,background-stream,2026-03-30T04:21:09.164525,MEDIUM,0.765,0.172204,,0
20,PAYMENT,605.79,16924.89,16319.1,1456.95,2062.74,user-9038,merchant-486,0.2,False,False,True,False,False,0,0,4,41,False,0.0,0.0,0,background-stream,2026-03-30T04:21:11.479821,MEDIUM,0.765,0.21681,,0
13,TRANSFER,8511.57,23500.12,14988.55,13840.05,22351.62,user-4812,merchant-560,0.2,False,False,True,False,False,0,0,2,30,False,0.0,0.0,0,background-stream,2026-03-30T04:21:13.802240,MEDIUM,0.765166,0.149613,,0
5,PAYMENT,1679.91,21511.93,19832.02,18785.42,20465.33,user-1372,merchant-309,0.2,False,False,True,False,False,0,0,4,20,False,0.0,0.0,0,background-stream,2026-03-30T04:21:16.181939,LOW,0.065,0.273491,,0
12,CASH_OUT,3002.86,18776.02,15773.16,19550.75,22553.61,user-8217,merchant-597,0.2,False,False,True,False,False,0,0,4,41,False,0.0,0.0,0,background-stream,2026-03-30T04:21:18.570609,MEDIUM,0.765,0.172422,,0
1,DEBIT,2807.07,19105.53,16298.46,6743.16,9550.23,user-1462,merchant-747,0.2,False,False,True,False,False,0,0,3,25,False,0.0,0.0,0,background-stream,2026-03-30T04:21:20.893203,LOW,0.065,0.191804,,0
15,TRANSFER,5482.11,19943.58,14461.47,10460.27,15942.38,user-2328,merchant-617,0.2,False,False,True,False,False,0,0,2,27,False,0.0,0.0,0,background-stream,2026-03-30T04:21:23.245670,MEDIUM,0.765,0.150049,,0
7,CASH_IN,6774.77,10628.49,3853.72,14310.57,21085.34,user-8711,merchant-710,0.2,False,False,True,False,False,0,0,3,29,False,0.0,0.0,0,background-stream,2026-03-30T04:21:25.606114,LOW,0.065,0.217238,,0
24,TRANSFER,2479.81,19814.06,17334.25,3429.07,5908.88,user-9134,merchant-954,0.3,False,False,True,False,False,0,0,4,27,False,0.0,0.0,2,background-stream,2026-03-30T04:21:28.031219,MEDIUM,0.77,0.188949,,0
4,PAYMENT,9213.71,15078.7,5864.99,5922.19,15135.9,user-5081,merchant-678,0.2,False,False,True,False,False,0,0,1,42,False,0.0,0.0,0,background-stream,2026-03-30T04:21:30.523401,LOW,0.065,0.269011,,0
6,CASH_OUT,2326.41,11793.72,9467.31,14098.35,16424.76,user-9448,merchant-763,0.2,False,False,True,False,False,0,0,2,36,False,0.0,0.0,0,background-stream,2026-03-30T04:21:32.845849,LOW,0.065011,0.239029,,0
11,CASH_OUT,2310.27,7646.16,5335.89,8247.15,10557.42,user-8549,merchant-197,0.2,False,False,True,False,False,0,0,4,23,False,0.0,0.0,0,background-stream,2026-03-30T04:21:35.191167,MEDIUM,0.765,0.185676,,0
9,PAYMENT,9356.17,19722.72,10366.55,5426.98,14783.15,user-6995,merchant-489,0.2,False,False,True,False,False,0,0,5,25,False,0.0,0.0,0,background-stream,2026-03-30T04:21:37.616303,MEDIUM,0.765,0.250437,,0
17,TRANSFER,9300.71,9750.01,449.3,13840.1,23140.81,user-7238,merchant-334,0.25,False,False,True,False,False,0,0,1,32,False,0.0,0.0,1,background-stream,2026-03-30T04:21:40.453163,MEDIUM,0.7675,0.165709,,0
22,TRANSFER,8472.38,20974.94,12502.56,5430.7,13903.08,user-6827,merchant-131,0.2,False,False,True,False,False,0,0,5,25,False,0.0,0.0,0,background-stream,2026-03-30T04:21:42.909644,MEDIUM,0.765,0.170136,,0
2,DEBIT,8506.74,16328.7,7821.96,5599.5,14106.24,user-4875,merchant-607,0.2,False,False,True,False,False,0,0,2,30,False,0.0,0.0,0,background-stream,2026-03-30T04:21:45.366540,LOW,0.065,0.187915,,0
18,CASH_IN,9233.17,22047.19,12814.02,2030.19,11263.36,user-3122,merchant-164,0.2,False,False,True,False,False,0,0,3,29,False,0.0,0.0,0,background-stream,2026-03-30T04:21:47.690707,MEDIUM,0.765,0.156477,,0
19,DEBIT,2041.4,19168.89,17127.49,4906.74,6948.14,user-6130,merchant-967,0.2,False,False,True,False,False,0,0,1,28,False,0.0,0.0,0,background-stream,2026-03-30T04:21:50.005587,MEDIUM,0.77653,0.123096,,0
19,PAYMENT,9217.65,27365.78,18148.13,12395.52,21613.17,user-7275,merchant-133,0.2,False,False,True,False,False,0,0,4,25,False,0.0,0.0,0,background-stream,2026-03-30T04:21:52.344536,MEDIUM,0.765,0.212826,,0
16,CASH_IN,2126.06,21402.2,19276.14,16299.82,18425.88,user-2223,merchant-784,0.2,False,False,True,False,False,0,0,4,31,False,0.0,0.0,0,background-stream,2026-03-30T04:21:54.777020,MEDIUM,0.767808,0.143446,,0
6,PAYMENT,7014.87,13859.54,6844.67,9962.62,16977.49,user-8139,merchant-136,0.2,False,False,True,False,False,0,0,1,27,False,0.0,0.0,0,background-stream,2026-03-30T04:21:57.149957,LOW,0.065,0.280142,,0
21,PAYMENT,5187.91,9512.46,4324.55,19635.89,24823.8,user-5468,merchant-110,0.2,False,False,True,False,False,0,0,2,31,False,0.0,0.0,0,background-stream,2026-03-30T04:21:59.489990,MEDIUM,0.765,0.219546,,0
15,DEBIT,5353.02,25222.49,19869.47,17133.41,22486.43,user-4753,merchant-818,0.2,False,False,True,False,False,0,0,3,32,False,0.0,0.0,0,background-stream,2026-03-30T04:22:01.835421,MEDIUM,0.781586,0.111299,,0
19,PAYMENT,7735.46,26732.24,18996.78,4527.25,12262.71,user-3526,merchant-491,0.25,False,False,True,False,False,0,0,1,36,False,0.0,0.0,1,background-stream,2026-03-30T04:22:04.201521,MEDIUM,0.7675,0.21368,,0
21,CASH_IN,8259.17,21382.02,13122.85,9114.36,17373.53,user-4282,merchant-585,0.2,False,False,True,False,False,0,0,2,38,False,0.0,0.0,0,background-stream,2026-03-30T04:22:06.565138,MEDIUM,0.765,0.161892,,0
24,DEBIT,9660.34,25248.05,15587.71,12647.37,22307.71,user-9576,merchant-829,0.2,False,False,True,False,False,0,0,4,30,False,0.0,0.0,0,background-stream,2026-03-30T04:22:08.255617,MEDIUM,0.765,0.153384,,0
2,DEBIT,1554.37,2652.59,1098.22,4947.43,6501.8,user-7829,merchant-550,0.2,False,False,True,False,False,0,0,5,42,False,0.0,0.0,0,background-stream,2026-03-30T04:22:10.701033,LOW,0.065,0.189878,,0
22,CASH_IN,8165.43,27023.03,18857.6,7887.44,16052.87,user-6582,merchant-844,0.25,False,False,True,False,False,0,0,1,36,False,0.0,0.0,1,background-stream,2026-03-30T04:22:13.228105,MEDIUM,0.7675,0.166296,,0
23,DEBIT,9505.14,19894.84,10389.7,870.58,10375.72,user-2479,merchant-143,0.3,False,False,True,False,False,0,0,3,35,False,0.0,0.0,2,background-stream,2026-03-30T04:22:15.639965,MEDIUM,0.773092,0.142784,,0
6,PAYMENT,8539.67,28121.69,19582.02,17353.37,25893.04,user-7143,merchant-467,0.2,False,False,True,False,False,0,0,4,42,False,0.0,0.0,0,background-stream,2026-03-30T04:22:18.049414,LOW,0.065,0.279274,,0
11,PAYMENT,6433.95,10795.93,4361.98,1898.97,8332.92,user-7118,merchant-808,0.2,False,False,True,False,False,0,0,3,34,False,0.0,0.0,0,background-stream,2026-03-30T04:22:20.386213,MEDIUM,0.765,0.229596,,0
22,TRANSFER,8542.67,22317.26,13774.59,1231.1,9773.77,user-5014,merchant-566,0.25,False,False,True,False,False,0,0,6,33,False,0.0,0.0,1,background-stream,2026-03-30T04:22:22.750063,MEDIUM,0.7675,0.169985,,0
22,TRANSFER,7867.75,14868.33,7000.58,10806.33,18674.08,user-9971,merchant-351,0.2,False,False,True,False,False,0,0,4,33,False,0.0,0.0,0,background-stream,2026-03-30T04:22:25.100289,MEDIUM,0.765,0.172235,,0
17,TRANSFER,6915.03,8645.87,1730.84,939.62,7854.65,user-2987,merchant-185,0.25,False,False,True,False,False,0,0,3,29,False,0.0,0.0,1,background-stream,2026-03-30T04:22:27.453156,MEDIUM,0.7675,0.166213,,0
2,PAYMENT,6164.04,12819.7,6655.66,11190.86,17354.9,user-1203,merchant-152,0.2,False,False,True,False,False,0,0,2,25,False,0.0,0.0,0,background-stream,2026-03-30T04:22:29.859191,LOW,0.065,0.266634,,0
4,CASH_IN,5470.46,23541.57,18071.11,17108.1,22578.56,user-8667,merchant-151,0.2,False,False,True,False,False,0,0,3,30,False,0.0,0.0,0,background-stream,2026-03-30T04:22:32.227599,LOW,0.065,0.21233,,0
20,TRANSFER,96.4,13244.09,13147.69,3475.73,3572.13,user-3005,merchant-440,0.2,False,False,True,False,False,0,0,2,28,False,0.0,0.0,0,background-stream,2026-03-30T04:22:34.681767,MEDIUM,0.765,0.165333,,0
14,TRANSFER,3041.59,13066.47,10024.88,11146.0,14187.59,user-7318,merchant-487,0.3,False,False,True,False,False,0,0,5,35,False,0.0,0.0,2,background-stream,2026-03-30T04:22:36.977669,MEDIUM,0.770012,0.14997,,0
16,PAYMENT,3342.97,5876.71,2533.74,14068.57,17411.54,user-3582,merchant-205,0.2,False,False,True,False,False,0,0,3,31,False,0.0,0.0,0,background-stream,2026-03-30T04:22:39.300160,MEDIUM,0.765,0.206654,,0
8,PAYMENT,2144.68,9754.15,7609.47,17468.64,19613.32,user-9579,merchant-912,0.2,False,False,True,False,False,0,0,2,28,False,0.0,0.0,0,background-stream,2026-03-30T04:22:41.847790,MEDIUM,0.764999,0.25948,,0
15,PAYMENT,6103.89,9174.42,3070.53,17968.27,24072.16,user-7110,merchant-296,0.2,False,False,True,False,False,0,0,2,27,False,0.0,0.0,0,background-stream,2026-03-30T04:22:44.216750,MEDIUM,0.765,0.204458,,0
22,PAYMENT,9513.85,12296.61,2782.76,1516.47,11030.32,user-1828,merchant-565,0.2,False,False,True,False,False,0,0,5,25,False,0.0,0.0,0,background-stream,2026-03-30T04:22:46.577696,MEDIUM,0.765,0.218962,,0
13,CASH_OUT,4032.12,17372.75,13340.63,11312.03,15344.15,user-1757,merchant-601,0.2,False,False,True,False,False,0,0,3,25,False,0.0,0.0,0,background-stream,2026-03-30T04:22:48.983471,MEDIUM,0.765,0.164063,,0
1,CASH_OUT,678.93,5431.62,4752.69,6230.03,6908.96,user-6333,merchant-626,0.2,False,False,True,False,False,0,0,4,36,False,0.0,0.0,0,background-stream,2026-03-30T04:22:51.372520,LOW,0.065018,0.231723,,0
16,CASH_OUT,8156.01,25634.77,17478.76,11162.93,19318.94,user-5530,merchant-926,0.2,False,False,True,False,False,0,0,1,25,False,0.0,0.0,0,background-stream,2026-03-30T04:22:53.806426,MEDIUM,0.765,0.155863,,0
14,CASH_OUT,6282.33,22701.27,16418.94,8553.04,14835.37,user-7687,merchant-164,0.2,False,False,True,False,False,0,0,3,30,False,0.0,0.0,0,background-stream,2026-03-30T04:22:56.148612,MEDIUM,0.765,0.156004,,0
16,DEBIT,7840.07,21468.72,13628.65,11645.78,19485.85,user-9889,merchant-727,0.2,False,False,True,False,False,0,0,4,26,False,0.0,0.0,0,background-stream,2026-03-30T04:22:58.536972,MEDIUM,0.781281,0.112011,,0
22,CASH_IN,3912.49,12234.57,8322.08,6948.44,10860.93,user-2762,merchant-173,0.2,False,False,True,False,False,0,0,3,26,False,0.0,0.0,0,background-stream,2026-03-30T04:23:00.919734,MEDIUM,0.765,0.166384,,0
3,CASH_IN,3178.9,22556.6,19377.7,14661.78,17840.68,user-8858,merchant-208,0.2,False,False,True,False,False,0,0,3,30,False,0.0,0.0,0,background-stream,2026-03-30T04:23:03.261099,LOW,0.065,0.212139,,0
19,CASH_OUT,8276.62,18153.38,9876.76,13040.23,21316.85,user-4948,merchant-402,0.2,False,False,True,False,False,0,0,1,34,False,0.0,0.0,0,background-stream,2026-03-30T04:23:05.718078,MEDIUM,0.765,0.170995,,0
15,DEBIT,9465.61,26432.97,16967.36,5478.04,14943.65,user-6173,merchant-596,0.25,False,False,True,False,False,0,0,2,30,False,0.0,0.0,1,background-stream,2026-03-30T04:23:08.024395,MEDIUM,0.784237,0.110947,,0
6,TRANSFER,811.57,7296.86,6485.29,6477.13,7288.7,user-4632,merchant-814,0.2,False,False,True,False,False,0,0,4,32,False,0.0,0.0,0,background-stream,2026-03-30T04:23:10.313366,LOW,0.065,0.230562,,0
22,CASH_OUT,486.23,1527.18,1040.95,4742.01,5228.24,user-4561,merchant-792,0.25,False,False,True,False,False,0,0,7,32,False,0.0,0.0,1,background-stream,2026-03-30T04:23:12.660818,MEDIUM,0.7675,0.182214,,0
6,DEBIT,2018.5,4861.84,2843.34,4810.94,6829.44,user-5258,merchant-485,0.25,False,False,True,False,False,0,0,2,27,False,0.0,0.0,1,background-stream,2026-03-30T04:23:15.008179,LOW,0.0675,0.181977,,0
13,PAYMENT,2624.47,22284.76,19660.29,11667.92,14292.39,user-1711,merchant-148,0.2,False,False,True,False,False,0,0,3,26,False,0.0,0.0,0,background-stream,2026-03-30T04:23:17.484267,MEDIUM,0.765,0.210563,,0
3,TRANSFER,1063.19,10682.72,9619.53,6285.89,7349.08,user-4423,merchant-667,0.25,False,False,True,False,False,0,0,3,32,False,0.0,0.0,1,background-stream,2026-03-30T04:23:19.862349,LOW,0.0675,0.219708,,0
10,CASH_OUT,4283.56,5413.03,1129.47,4751.09,9034.65,user-8987,merchant-106,0.25,False,False,True,False,False,0,0,3,35,False,0.0,0.0,1,background-stream,2026-03-30T04:23:22.249189,MEDIUM,0.767499,0.197678,,0
2,TRANSFER,9286.21,19671.92,10385.71,12183.45,21469.66,user-8566,merchant-214,0.2,False,False,True,False,False,0,0,4,27,False,0.0,0.0,0,background-stream,2026-03-30T04:23:24.637017,LOW,0.065,0.214889,,0
10,PAYMENT,6311.5,19334.56,13023.06,7862.12,14173.62,user-3463,merchant-443,0.2,False,False,True,False,False,0,0,5,39,False,0.0,0.0,0,background-stream,2026-03-30T04:23:26.998814,MEDIUM,0.765,0.240604,,0
6,DEBIT,6488.79,25897.64,19408.85,9615.79,16104.58,user-9502,merchant-248,0.2,False,False,True,False,False,0,0,4,41,False,0.0,0.0,0,background-stream,2026-03-30T04:23:29.427709,LOW,0.065,0.180411,,0
20,TRANSFER,2936.75,14734.24,11797.49,13337.96,16274.71,user-9489,merchant-913,0.25,False,False,True,False,False,0,0,4,35,False,0.0,0.0,1,background-stream,2026-03-30T04:23:31.745874,MEDIUM,0.7675,0.164935,,0
24,PAYMENT,9876.29,14443.13,4566.84,16955.39,26831.68,user-6922,merchant-892,0.3,False,False,True,False,False,0,0,2,32,False,0.0,0.0,2,background-stream,2026-03-30T04:23:34.075126,MEDIUM,0.77,0.239686,,0
14,TRANSFER,1881.4,7703.35,5821.95,4286.42,6167.82,user-3850,merchant-956,0.2,False,False,True,False,False,0,0,2,32,False,0.0,0.0,0,background-stream,2026-03-30T04:23:36.383925,MEDIUM,0.765,0.150968,,0
13,TRANSFER,1188.18,11566.93,10378.75,12863.65,14051.83,user-1855,merchant-550,0.2,False,False,True,False,False,0,0,4,43,False,0.0,0.0,0,background-stream,2026-03-30T04:23:38.714912,MEDIUM,0.765,0.151107,,0
3,PAYMENT,4444.48,15821.52,11377.04,7060.79,11505.27,user-8292,merchant-727,0.2,False,False,True,False,False,0,0,2,27,False,0.0,0.0,0,background-stream,2026-03-30T04:23:41.110203,LOW,0.065,0.267665,,0
18,CASH_OUT,5257.57,7251.25,1993.68,16135.26,21392.83,user-6843,merchant-789,0.2,False,False,True,False,False,0,0,4,31,False,0.0,0.0,0,background-stream,2026-03-30T04:23:43.479137,MEDIUM,0.765,0.176947,,0
1,TRANSFER,9152.48,19995.65,10843.17,2215.88,11368.36,user-3637,merchant-334,0.25,False,False,True,False,False,0,0,2,33,False,0.0,0.0,1,background-stream,2026-03-30T04:23:45.836347,LOW,0.0675,0.218762,,0
8,TRANSFER,6845.11,24222.67,17377.56,9869.42,16714.53,user-4919,merchant-655,0.2,False,False,True,False,False,0,0,3,37,False,0.0,0.0,0,background-stream,2026-03-30T04:23:48.255621,MEDIUM,0.764999,0.202012,,0
19,TRANSFER,3195.84,22067.19,18871.35,5139.55,8335.39,user-2676,merchant-165,0.2,False,False,True,False,False,0,0,4,31,False,0.0,0.0,0,background-stream,2026-03-30T04:23:50.677898,MEDIUM,0.765,0.159014,,0
23,CASH_OUT,482.45,7632.66,7150.21,1471.0,1953.45,user-1176,merchant-541,0.2,False,False,True,False,False,0,0,2,31,False,0.0,0.0,0,background-stream,2026-03-30T04:23:53.106266,MEDIUM,0.765,0.187576,,0
9,CASH_IN,4198.11,13666.06,9467.95,16352.19,20550.3,user-1555,merchant-524,0.25,False,False,True,False,False,0,0,5,35,False,0.0,0.0,1,background-stream,2026-03-30T04:23:55.470622,MEDIUM,0.767499,0.188346,,0
15,CASH_IN,8892.47,11000.3,2107.83,7938.93,16831.4,user-8165,merchant-903,0.2,False,False,True,False,False,0,0,0,33,False,0.0,0.0,0,background-stream,2026-03-30T04:23:57.816708,MEDIUM,0.76794,0.14314,,0
5,CASH_OUT,2007.73,20124.07,18116.34,2650.23,4657.96,user-1572,merchant-569,0.2,False,False,True,False,False,0,0,1,35,False,0.0,0.0,0,background-stream,2026-03-30T04:24:00.194783,LOW,0.065001,0.233893,,0
7,TRANSFER,2813.68,22144.64,19330.96,7861.49,10675.17,user-2286,merchant-343,0.2,False,False,True,False,False,0,0,3,30,False,0.0,0.0,0,background-stream,2026-03-30T04:24:02.569604,LOW,0.065,0.223565,,0
14,DEBIT,6528.31,14490.65,7962.34,11641.64,18169.95,user-1404,merchant-899,0.2,False,False,True,False,False,0,0,3,33,False,0.0,0.0,0,background-stream,2026-03-30T04:24:05.006647,MEDIUM,0.782324,0.109577,,0
22,PAYMENT,6981.64,16627.22,9645.58,5548.44,12530.08,user-8949,merchant-241,0.25,False,False,True,False,False,0,0,3,39,False,0.0,0.0,1,background-stream,2026-03-30T04:24:07.309991,MEDIUM,0.7675,0.222157,,0
7,TRANSFER,8380.76,22554.69,14173.93,17802.18,26182.94,user-2935,merchant-662,0.2,False,False,True,False,False,0,0,0,26,False,0.0,0.0,0,background-stream,2026-03-30T04:24:09.674666,LOW,0.065,0.225487,,0
2,CASH_OUT,7516.61,27312.63,19796.02,15307.93,22824.54,user-8811,merchant-964,0.2,False,False,True,False,False,0,0,5,28,False,0.0,0.0,0,background-stream,2026-03-30T04:24:12.062251,LOW,0.065014,0.224247,,0
6,PAYMENT,1109.68,10511.87,9402.19,10479.96,11589.64,user-9146,merchant-777,0.25,False,False,True,False,False,0,0,1,32,False,0.0,0.0,1,background-stream,2026-03-30T04:24:14.428454,LOW,0.0675,0.278218,,0
4,TRANSFER,3685.19,10529.84,6844.65,2092.33,5777.52,user-2560,merchant-414,0.2,False,False,True,False,False,0,0,2,36,False,0.0,0.0,0,background-stream,2026-03-30T04:24:16.846507,LOW,0.065001,0.221285,,0
15,TRANSFER,5783.55,18168.44,12384.89,16852.25,22635.8,user-1526,merchant-719,0.2,False,False,True,False,False,0,0,3,28,False,0.0,0.0,0,background-stream,2026-03-30T04:24:19.189069,MEDIUM,0.765202,0.149528,,0
14,PAYMENT,2740.83,6397.23,3656.4,15299.48,18040.31,user-8253,merchant-929,0.3,False,False,True,False,False,0,0,4,31,False,0.0,0.0,2,background-stream,2026-03-30T04:24:21.581331,MEDIUM,0.77,0.207882,,0
2,CASH_IN,7561.45,8077.14,515.69,7918.25,15479.7,user-7680,merchant-785,0.2,False,False,True,False,False,0,0,2,32,False,0.0,0.0,0,background-stream,2026-03-30T04:24:23.952111,LOW,0.065,0.209187,,0
3,PAYMENT,7350.67,9031.9,1681.23,5044.81,12395.48,user-1075,merchant-206,0.2,False,False,True,False,False,0,0,2,29,False,0.0,0.0,0,background-stream,2026-03-30T04:24:26.317754,LOW,0.065,0.266796,,0
3,CASH_IN,399.06,15776.62,15377.56,14526.53,14925.59,user-7790,merchant-478,0.25,False,False,True,False,False,0,0,7,30,False,0.0,0.0,1,background-stream,2026-03-30T04:24:28.729180,LOW,0.0675,0.212139,,0
17,CASH_OUT,6388.24,10289.04,3900.8,669.37,7057.61,user-1808,merchant-455,0.25,False,False,True,False,False,0,0,4,40,False,0.0,0.0,1,background-stream,2026-03-30T04:24:31.131299,MEDIUM,0.7675,0.17177,,0
5,TRANSFER,6913.57,20202.04,13288.47,14067.68,20981.25,user-4862,merchant-795,0.25,False,False,True,False,False,0,0,3,38,False,0.0,0.0,1,background-stream,2026-03-30T04:24:33.476962,LOW,0.0675,0.224249,,0
16,CASH_IN,8282.78,10624.67,2341.89,4327.31,12610.09,user-3384,merchant-484,0.2,False,False,True,False,False,0,0,1,33,False,0.0,0.0,0,background-stream,2026-03-30T04:24:35.801787,MEDIUM,0.767824,0.14341,,0
4,PAYMENT,3921.87,14585.83,10663.96,17346.19,21268.06,user-6966,merchant-205,0.2,False,False,True,False,False,0,0,6,32,False,0.0,0.0,0,background-stream,2026-03-30T04:24:38.119472,LOW,0.065,0.26947,,0
24,CASH_OUT,9490.26,18863.69,9373.43,13425.34,22915.6,user-4422,merchant-757,0.2,False,False,True,False,False,0,0,2,38,False,0.0,0.0,0,background-stream,2026-03-30T04:24:40.520323,MEDIUM,0.765,0.196668,,0
8,DEBIT,7788.95,14047.75,6258.8,1005.3,8794.25,user-1823,merchant-796,0.2,False,False,True,False,False,0,0,6,25,False,0.0,0.0,0,background-stream,2026-03-30T04:24:42.965433,MEDIUM,0.765,0.159814,,0
10,PAYMENT,6302.4,25650.32,19347.92,17414.48,23716.88,user-6380,merchant-569,0.2,False,False,True,False,False,0,0,4,36,False,0.0,0.0,0,background-stream,2026-03-30T04:24:45.400947,MEDIUM,0.765,0.240483,,0
21,TRANSFER,254.51,3196.59,2942.08,7767.45,8021.96,user-9778,merchant-266,0.2,False,False,True,False,False,0,0,1,28,False,0.0,0.0,0,background-stream,2026-03-30T04:24:47.747870,MEDIUM,0.765,0.168493,,0
13,PAYMENT,9927.69,20696.12,10768.43,4203.87,14131.56,user-1354,merchant-251,0.2,False,False,True,False,False,0,0,4,26,False,0.0,0.0,0,background-stream,2026-03-30T04:24:50.109923,MEDIUM,0.765,0.208265,,0
19,CASH_IN,5246.94,24344.14,19097.2,11315.48,16562.42,user-1361,merchant-656,0.3,False,False,True,False,False,0,0,6,36,False,0.0,0.0,2,background-stream,2026-03-30T04:24:52.571243,MEDIUM,0.77,0.159175,,0
23,CASH_IN,9355.65,18285.44,8929.79,4399.75,13755.4,user-6507,merchant-819,0.2,False,False,True,False,False,0,0,3,36,False,0.0,0.0,0,background-stream,2026-03-30T04:24:54.933592,MEDIUM,0.765,0.173733,,0
2,TRANSFER,6521.08,17548.67,11027.59,13257.32,19778.4,user-3327,merchant-977,0.25,False,False,True,False,False,0,0,4,28,False,0.0,0.0,1,background-stream,2026-03-30T04:24:57.283866,LOW,0.0675,0.213944,,0
1,TRANSFER,1988.19,4038.15,2049.96,8772.55,10760.74,user-8053,merchant-200,0.2,False,False,True,False,False,0,0,4,31,False,0.0,0.0,0,background-stream,2026-03-30T04:24:59.746234,LOW,0.065001,0.222316,,0
11,CASH_OUT,8152.51,9804.99,1652.48,14378.54,22531.05,user-3768,merchant-201,0.2,False,False,True,False,False,0,0,3,23,False,0.0,0.0,0,background-stream,2026-03-30T04:25:02.123594,MEDIUM,0.765,0.189762,,0
23,PAYMENT,5952.08,23322.38,17370.3,4277.07,10229.15,user-1997,merchant-295,0.2,False,False,True,False,False,0,0,0,31,False,0.0,0.0,0,background-stream,2026-03-30T04:25:04.566904,MEDIUM,0.765,0.233279,,0
7,PAYMENT,3791.11,10565.41,6774.3,18468.35,22259.46,user-6909,merchant-398,0.2,False,False,True,False,False,0,0,2,32,False,0.0,0.0,0,background-stream,2026-03-30T04:25:06.876584,LOW,0.065,0.280621,,0
20,TRANSFER,2850.5,11132.16,8281.66,16320.43,19170.93,user-2131,merchant-527,0.2,False,False,True,False,False,0,0,4,29,False,0.0,0.0,0,background-stream,2026-03-30T04:25:09.241233,MEDIUM,0.765,0.16613,,0
15,TRANSFER,1479.46,17202.89,15723.43,11705.55,13185.01,user-6131,merchant-676,0.2,False,False,True,False,False,0,0,5,34,False,0.0,0.0,0,background-stream,2026-03-30T04:25:11.639803,MEDIUM,0.765,0.150049,,0
10,PAYMENT,9019.89,25216.3,16196.41,11543.69,20563.58,user-4639,merchant-870,0.25,False,False,True,False,False,0,0,3,37,False,0.0,0.0,1,background-stream,2026-03-30T04:25:13.970450,MEDIUM,0.7675,0.239887,,0
13,CASH_OUT,3214.28,10382.44,7168.16,13137.38,16351.66,user-3376,merchant-243,0.2,False,False,True,False,False,0,0,3,33,False,0.0,0.0,0,background-stream,2026-03-30T04:25:16.417583,MEDIUM,0.765,0.165563,,0
17,PAYMENT,8765.97,15468.66,6702.69,12815.42,21581.39,user-2979,merchant-432,0.2,False,False,True,False,False,0,0,4,28,False,0.0,0.0,0,background-stream,2026-03-30T04:25:18.769624,MEDIUM,0.765,0.213795,,0
6,TRANSFER,841.94,14370.76,13528.82,9792.04,10633.98,user-3787,merchant-863,0.2,False,False,True,False,False,0,0,5,31,False,0.0,0.0,0,background-stream,2026-03-30T04:25:21.127840,LOW,0.065,0.22817,,0
9,CASH_OUT,252.51,12360.64,12108.13,15069.62,15322.13,user-1595,merchant-396,0.2,False,False,True,False,False,0,0,1,32,False,0.0,0.0,0,background-stream,2026-03-30T04:25:23.563607,MEDIUM,0.765,0.206187,,0
20,DEBIT,8394.75,9076.48,681.73,4803.98,13198.73,user-9324,merchant-576,0.2,False,False,True,False,False,0,0,2,34,False,0.0,0.0,0,background-stream,2026-03-30T04:25:25.896243,MEDIUM,0.774569,0.127672,,0
19,CASH_IN,109.31,9659.92,9550.61,9010.92,9120.23,user-2528,merchant-939,0.25,False,False,True,False,False,0,0,4,31,False,0.0,0.0,1,background-stream,2026-03-30T04:25:28.290077,MEDIUM,0.7675,0.158849,,0
8,CASH_OUT,4780.24,21562.42,16782.18,3897.53,8677.77,user-1010,merchant-981,0.25,False,False,True,False,False,0,0,3,26,False,0.0,0.0,1,background-stream,2026-03-30T04:25:30.629627,MEDIUM,0.7675,0.215028,,0
6,TRANSFER,5929.75,19746.51,13816.76,19353.92,25283.67,user-6542,merchant-263,0.25,False,False,True,False,False,0,0,3,32,False,0.0,0.0,1,background-stream,2026-03-30T04:25:32.977875,LOW,0.0675,0.227675,,0
21,CASH_IN,3374.46,17252.66,13878.2,9339.12,12713.58,user-1712,merchant-568,0.3,False,False,True,False,False,0,0,2,31,False,0.0,0.0,2,background-stream,2026-03-30T04:25:35.325892,MEDIUM,0.77,0.162089,,0
1,CASH_IN,5162.2,9860.32,4698.12,8923.88,14086.08,user-2014,merchant-737,0.2,False,False,True,False,False,0,0,0,29,False,0.0,0.0,0,background-stream,2026-03-30T04:25:37.618706,LOW,0.065,0.21219,,0
23,DEBIT,9201.97,11352.22,2150.25,18914.63,28116.6,user-2996,merchant-942,0.2,False,False,True,False,False,0,0,7,24,False,0.0,0.0,0,background-stream,2026-03-30T04:25:40.031736,MEDIUM,0.768574,0.141659,,0
3,CASH_IN,3209.33,6400.78,3191.45,4767.19,7976.52,user-7226,merchant-577,0.2,False,False,True,False,False,0,0,3,28,False,0.0,0.0,0,background-stream,2026-03-30T04:25:42.409928,LOW,0.065,0.212139,,0
14,DEBIT,9022.34,11809.57,2787.23,15350.73,24373.07,user-4339,merchant-554,0.25,False,False,True,False,False,0,0,6,22,False,0.0,0.0,1,background-stream,2026-03-30T04:25:44.783779,MEDIUM,0.784727,0.109802,,0
24,DEBIT,8170.55,23315.1,15144.55,5880.91,14051.46,user-2139,merchant-211,0.2,False,False,True,False,False,0,0,4,40,False,0.0,0.0,0,background-stream,2026-03-30T04:25:47.144203,MEDIUM,0.765,0.153595,,0
10,CASH_OUT,6428.15,20370.74,13942.59,2903.16,9331.31,user-5959,merchant-220,0.2,False,False,True,False,False,0,0,3,24,False,0.0,0.0,0,background-stream,2026-03-30T04:25:49.597519,MEDIUM,0.765,0.19214,,0
18,CASH_OUT,1048.82,10532.11,9483.29,11903.2,12952.02,user-9880,merchant-997,0.2,False,False,True,False,False,0,0,7,28,False,0.0,0.0,0,background-stream,2026-03-30T04:25:52.071847,MEDIUM,0.765,0.170616,,0
4,TRANSFER,6702.21,14125.35,7423.14,8417.66,15119.87,user-8942,merchant-721,0.2,False,False,True,False,False,0,0,6,28,False,0.0,0.0,0,background-stream,2026-03-30T04:25:54.410461,LOW,0.065001,0.221028,,0
15,PAYMENT,3066.26,8924.95,5858.69,2437.96,5504.22,user-1048,merchant-522,0.25,False,False,True,False,False,0,0,0,38,False,0.0,0.0,1,background-stream,2026-03-30T04:25:56.846717,MEDIUM,0.7675,0.203854,,0
6,DEBIT,7183.85,20060.54,12876.69,17028.25,24212.1,user-9535,merchant-272,0.2,False,False,True,False,False,0,0,6,35,False,0.0,0.0,0,background-stream,2026-03-30T04:25:59.204397,LOW,0.065,0.179995,,0
24,DEBIT,2706.38,18391.46,15685.08,14492.04,17198.42,user-6216,merchant-218,0.25,False,False,True,False,False,0,0,4,33,False,0.0,0.0,1,background-stream,2026-03-30T04:26:01.588060,MEDIUM,0.7675,0.154905,,0
5,PAYMENT,262.65,8536.81,8274.16,7399.72,7662.37,user-1851,merchant-303,0.25,False,False,True,False,False,0,0,3,33,False,0.0,0.0,1,background-stream,2026-03-30T04:26:04.052067,LOW,0.0675,0.272545,,0
7,CASH_OUT,2870.91,19438.69,16567.78,11713.53,14584.44,user-2442,merchant-171,0.2,False,False,True,False,False,0,0,2,36,False,0.0,0.0,0,background-stream,2026-03-30T04:26:06.358429,LOW,0.065006,0.23667,,0
10,CASH_IN,3575.49,7182.26,3606.77,5810.22,9385.71,user-9355,merchant-768,0.2,False,False,True,False,False,0,0,3,44,False,0.0,0.0,0,background-stream,2026-03-30T04:26:08.676426,MEDIUM,0.765,0.176612,,0
7,DEBIT,2943.18,5181.73,2238.55,4340.59,7283.77,user-4973,merchant-695,0.2,False,False,True,False,False,0,0,2,25,False,0.0,0.0,0,background-stream,2026-03-30T04:26:11.086292,LOW,0.065,0.178026,,0
5,TRANSFER,1108.35,15017.49,13909.14,5283.61,6391.96,user-6429,merchant-980,0.2,False,False,True,False,False,0,0,3,32,False,0.0,0.0,0,background-stream,2026-03-30T04:26:13.482759,LOW,0.065,0.223858,,0
18,DEBIT,1667.68,7577.35,5909.67,15351.64,17019.32,user-4114,merchant-865,0.2,False,False,True,False,False,0,0,5,25,False,0.0,0.0,0,background-stream,2026-03-30T04:26:15.901857,MEDIUM,0.776815,0.12243,,0
21,DEBIT,6891.32,20195.43,13304.11,8478.43,15369.75,user-5847,merchant-526,0.2,False,False,True,False,False,0,0,3,33,False,0.0,0.0,0,background-stream,2026-03-30T04:26:18.304227,MEDIUM,0.774706,0.127353,,0
2,DEBIT,4459.98,18124.65,13664.67,3180.16,7640.14,user-1513,merchant-870,0.25,False,False,True,False,False,0,0,5,38,False,0.0,0.0,1,background-stream,2026-03-30T04:26:20.674388,LOW,0.0675,0.189612,,0
13,TRANSFER,3017.46,7705.63,4688.17,6923.85,9941.31,user-8312,merchant-996,0.2,False,False,True,False,False,0,0,3,33,False,0.0,0.0,0,background-stream,2026-03-30T04:26:23.053750,MEDIUM,0.765,0.152288,,0
20,TRANSFER,7614.39,24739.71,17125.32,17446.65,25061.04,user-2130,merchant-981,0.2,False,False,True,False,False,0,0,3,27,False,0.0,0.0,0,background-stream,2026-03-30T04:26:25.460042,MEDIUM,0.765,0.164063,,0
6,TRANSFER,8783.7,18151.35,9367.65,13743.47,22527.17,user-2631,merchant-266,0.2,False,False,True,False,False,0,0,3,29,False,0.0,0.0,0,background-stream,2026-03-30T04:26:27.898778,LOW,0.065,0.230189,,0
13,PAYMENT,7614.37,12130.01,4515.64,5271.08,12885.45,user-2205,merchant-430,0.3,False,False,True,False,False,0,0,2,30,False,0.0,0.0,2,background-stream,2026-03-30T04:26:30.311994,MEDIUM,0.77,0.209833,,0
23,CASH_IN,4291.97,21463.47,17171.5,27.68,4319.65,user-7669,merchant-791,0.2,False,False,True,False,False,0,0,6,29,False,0.0,0.0,0,background-stream,2026-03-30T04:26:32.708690,MEDIUM,0.765,0.173696,,0
10,TRANSFER,7295.28,22036.82,14741.54,16522.72,23818.0,user-8446,merchant-710,0.2,False,False,True,False,False,0,0,1,30,False,0.0,0.0,0,background-stream,2026-03-30T04:26:35.096444,MEDIUM,0.764999,0.182921,,0
1,DEBIT,1803.51,18875.77,17072.26,11669.5,13473.01,user-1380,merchant-435,0.2,False,False,True,False,False,0,0,4,33,False,0.0,0.0,0,background-stream,2026-03-30T04:26:37.468575,LOW,0.065,0.191363,,0
5,DEBIT,8087.08,18328.28,10241.2,11956.14,20043.22,user-7148,merchant-263,0.25,False,False,True,False,False,0,0,3,33,False,0.0,0.0,1,background-stream,2026-03-30T04:26:39.889597,LOW,0.0675,0.178175,,0
24,DEBIT,7358.74,13159.94,5801.2,4861.59,12220.33,user-2530,merchant-968,0.2,False,False,True,False,False,0,0,2,35,False,0.0,0.0,0,background-stream,2026-03-30T04:26:42.268295,MEDIUM,0.765,0.153663,,0
1,DEBIT,7604.78,23462.54,15857.76,12830.35,20435.13,user-5089,merchant-621,0.2,False,False,True,False,False,0,0,2,27,False,0.0,0.0,0,background-stream,2026-03-30T04:26:44.623555,LOW,0.065,0.189591,,0
22,CASH_OUT,5948.26,10007.85,4059.59,5908.22,11856.48,user-6299,merchant-532,0.2,False,False,True,False,False,0,0,2,33,False,0.0,0.0,0,background-stream,2026-03-30T04:26:46.969668,MEDIUM,0.765,0.179679,,0
24,CASH_OUT,678.74,18466.23,17787.49,12884.27,13563.01,user-1258,merchant-666,0.25,False,False,True,False,False,0,0,2,24,False,0.0,0.0,1,background-stream,2026-03-30T04:26:49.359337,MEDIUM,0.7675,0.196078,,0
5,DEBIT,4324.14,17865.31,13541.17,8704.86,13029.0,user-6033,merchant-945,0.2,False,False,True,False,False,0,0,6,35,False,0.0,0.0,0,background-stream,2026-03-30T04:26:51.929034,LOW,0.065,0.179505,,0
5,CASH_OUT,7481.04,24273.27,16792.23,16419.01,23900.05,user-2527,merchant-339,0.2,False,False,True,False,False,0,0,3,29,False,0.0,0.0,0,background-stream,2026-03-30T04:26:54.453382,LOW,0.065011,0.23611,,0
19,PAYMENT,1475.8,7811.16,6335.36,4650.67,6126.47,user-7364,merchant-241,0.3,False,False,True,False,False,0,0,3,40,False,0.0,0.0,2,background-stream,2026-03-30T04:26:56.897041,MEDIUM,0.77,0.214619,,0
19,CASH_IN,1743.79,14905.64,13161.85,5461.6,7205.39,user-9635,merchant-846,0.25,False,False,True,False,False,0,0,2,34,False,0.0,0.0,1,background-stream,2026-03-30T04:26:59.234417,MEDIUM,0.7675,0.158957,,0
12,CASH_IN,252.89,9457.59,9204.7,11096.26,11349.15,user-5638,merchant-263,0.25,False,False,True,False,False,0,0,3,34,False,0.0,0.0,1,background-stream,2026-03-30T04:27:01.571524,MEDIUM,0.7675,0.156883,,0
3,TRANSFER,3879.63,9979.55,6099.92,12965.56,16845.19,user-9846,merchant-555,0.2,False,False,True,False,False,0,0,4,35,False,0.0,0.0,0,background-stream,2026-03-30T04:27:04.012811,LOW,0.065,0.219342,,0
18,TRANSFER,5326.29,11348.35,6022.06,5441.11,10767.4,user-7613,merchant-173,0.2,False,False,True,False,False,0,0,3,27,False,0.0,0.0,0,background-stream,2026-03-30T04:27:06.284816,MEDIUM,0.765,0.162569,,0
20,CASH_OUT,9668.92,26962.68,17293.76,5304.78,14973.7,user-6718,merchant-324,0.2,False,False,True,False,False,0,0,2,38,False,0.0,0.0,0,background-stream,2026-03-30T04:27:08.674607,MEDIUM,0.765,0.169427,,0
14,CASH_OUT,7528.23,9291.21,1762.98,2543.22,10071.45,user-3818,merchant-255,0.25,False,False,True,False,False,0,0,7,30,False,0.0,0.0,1,background-stream,2026-03-30T04:27:11.105750,MEDIUM,0.7675,0.162185,,0
17,CASH_IN,6199.26,10136.64,3937.38,7467.31,13666.57,user-3614,merchant-358,0.2,False,False,True,False,False,0,0,3,28,False,0.0,0.0,0,background-stream,2026-03-30T04:27:13.474896,MEDIUM,0.765,0.154159,,0
12,PAYMENT,2963.56,9830.5,6866.94,8278.8,11242.36,user-2113,merchant-692,0.2,False,False,True,False,False,0,0,3,29,False,0.0,0.0,0,background-stream,2026-03-30T04:27:15.951362,MEDIUM,0.765,0.219466,,0
2,CASH_IN,5201.55,16067.86,10866.31,12537.1,17738.65,user-4489,merchant-225,0.2,False,False,True,False,False,0,0,4,32,False,0.0,0.0,0,background-stream,2026-03-30T04:27:18.360240,LOW,0.065,0.209221,,0
9,PAYMENT,6694.35,15442.9,8748.55,9559.89,16254.24,user-5289,merchant-948,0.2,False,False,True,False,False,0,0,4,31,False,0.0,0.0,0,background-stream,2026-03-30T04:27:20.691529,MEDIUM,0.765,0.249939,,0
24,CASH_OUT,9154.99,12185.42,3030.43,12958.02,22113.01,user-2317,merchant-699,0.2,False,False,True,False,False,0,0,1,29,False,0.0,0.0,0,background-stream,2026-03-30T04:27:23.035320,MEDIUM,0.765,0.200597,,0
22,PAYMENT,3331.27,19445.98,16114.71,10258.45,13589.72,user-1728,merchant-977,0.25,False,False,True,False,False,0,0,2,29,False,0.0,0.0,1,background-stream,2026-03-30T04:27:25.479858,MEDIUM,0.7675,0.222201,,0
11,DEBIT,2917.81,4423.5,1505.69,7840.84,10758.65,user-6221,merchant-992,0.2,False,False,True,False,False,0,0,2,40,False,0.0,0.0,0,background-stream,2026-03-30T04:27:28.115480,MEDIUM,0.770941,0.136136,,0
23,CASH_OUT,3448.73,20619.0,17170.27,430.96,3879.69,user-7172,merchant-400,0.2,False,False,True,False,False,0,0,1,32,False,0.0,0.0,0,background-stream,2026-03-30T04:27:30.653092,MEDIUM,0.765,0.186219,,0
2,TRANSFER,5259.23,18191.87,12932.64,19406.6,24665.83,user-6808,merchant-273,0.25,False,False,True,False,False,0,0,3,27,False,0.0,0.0,1,background-stream,2026-03-30T04:27:33.119689,LOW,0.0675,0.212433,,0
15,CASH_IN,1223.71,17597.31,16373.6,11471.33,12695.04,user-2593,merchant-556,0.2,False,False,True,False,False,0,0,4,37,False,0.0,0.0,0,background-stream,2026-03-30T04:27:35.768776,MEDIUM,0.767972,0.143064,,0
20,DEBIT,3431.54,17864.35,14432.81,2593.14,6024.68,user-7594,merchant-489,0.2,False,False,True,False,False,0,0,0,26,False,0.0,0.0,0,background-stream,2026-03-30T04:27:38.122494,MEDIUM,0.773942,0.129134,,0
17,PAYMENT,2750.49,15970.71,13220.22,19719.52,22470.01,user-5929,merchant-857,0.25,False,False,True,False,False,0,0,2,34,False,0.0,0.0,1,background-stream,2026-03-30T04:27:40.531589,MEDIUM,0.7675,0.214383,,0
10,PAYMENT,9762.41,28920.8,19158.39,15384.23,25146.64,user-4190,merchant-854,0.2,False,False,True,False,False,0,0,4,43,False,0.0,0.0,0,background-stream,2026-03-30T04:27:42.947299,MEDIUM,0.765,0.240177,,0
9,TRANSFER,5567.01,10145.59,4578.58,4659.43,10226.44,user-1194,merchant-277,0.2,False,False,True,False,False,0,0,2,31,False,0.0,0.0,0,background-stream,2026-03-30T04:27:45.459283,MEDIUM,0.765,0.199049,,0
17,CASH_IN,3526.07,7979.33,4453.26,828.37,4354.44,user-1060,merchant-748,0.2,False,False,True,False,False,0,0,2,35,False,0.0,0.0,0,background-stream,2026-03-30T04:27:47.978862,MEDIUM,0.765,0.153866,,0
14,CASH_OUT,1418.27,13417.14,11998.87,18192.75,19611.02,user-4188,merchant-998,0.2,False,False,True,False,False,0,0,5,22,False,0.0,0.0,0,background-stream,2026-03-30T04:27:50.561466,MEDIUM,0.765,0.157003,,0
13,CASH_IN,2098.64,8079.01,5980.37,19886.62,21985.26,user-9269,merchant-561,0.25,False,False,True,False,False,0,0,3,22,False,0.0,0.0,1,background-stream,2026-03-30T04:27:53.212527,MEDIUM,0.7675,0.150051,,0
11,CASH_IN,3630.47,8975.14,5344.67,399.87,4030.34,user-7981,merchant-751,0.2,False,False,True,False,False,0,0,3,30,False,0.0,0.0,0,background-stream,2026-03-30T04:27:55.826174,MEDIUM,0.765,0.166754,,0
7,PAYMENT,7904.53,27729.42,19824.89,3982.02,11886.55,user-4638,merchant-525,0.2,False,False,True,False,False,0,0,6,32,False,0.0,0.0,0,background-stream,2026-03-30T04:27:58.317069,LOW,0.065,0.28062,,0
24,CASH_OUT,7138.92,15773.74,8634.82,16187.5,23326.42,user-1604,merchant-594,0.2,False,False,True,False,False,0,0,2,27,False,0.0,0.0,0,background-stream,2026-03-30T04:28:00.908538,MEDIUM,0.765,0.196961,,0
20,DEBIT,6468.85,12378.77,5909.92,1443.29,7912.14,user-4694,merchant-325,0.2,False,False,True,False,False,0,0,3,39,False,0.0,0.0,0,background-stream,2026-03-30T04:28:03.372903,MEDIUM,0.774454,0.127941,,0
4,CASH_IN,4407.95,9843.08,5435.13,19149.43,23557.38,user-9690,merchant-198,0.2,False,False,True,False,False,0,0,3,27,False,0.0,0.0,0,background-stream,2026-03-30T04:28:05.934786,LOW,0.065,0.212265,,0
8,CASH_IN,898.5,4598.45,3699.95,17497.31,18395.81,user-7817,merchant-215,0.3,False,False,True,False,False,0,0,3,41,False,0.0,0.0,2,background-stream,2026-03-30T04:28:08.304008,MEDIUM,0.77,0.198319,,0
20,CASH_IN,9111.9,22861.68,13749.78,11946.23,21058.13,user-7344,merchant-756,0.2,False,False,True,False,False,0,0,4,33,False,0.0,0.0,0,background-stream,2026-03-30T04:28:10.813279,MEDIUM,0.765,0.161844,,0
20,PAYMENT,2211.59,9263.08,7051.49,4189.49,6401.08,user-5738,merchant-419,0.25,False,False,True,False,False,0,0,3,35,False,0.0,0.0,1,background-stream,2026-03-30T04:28:13.128072,MEDIUM,0.7675,0.218158,,0
15,CASH_OUT,4630.82,13416.26,8785.44,19456.03,24086.85,user-8187,merchant-311,0.2,False,False,True,False,False,0,0,5,29,False,0.0,0.0,0,background-stream,2026-03-30T04:28:15.423371,MEDIUM,0.765,0.154883,,0
1,DEBIT,6877.53,17377.25,10499.72,2663.78,9541.31,user-8409,merchant-253,0.25,False,False,True,False,False,0,0,5,37,False,0.0,0.0,1,background-stream,2026-03-30T04:28:17.814521,LOW,0.0675,0.190249,,0
1,CASH_OUT,3923.06,18421.12,14498.06,19090.72,23013.78,user-7847,merchant-926,0.2,False,False,True,False,False,0,0,1,26,False,0.0,0.0,0,background-stream,2026-03-30T04:28:20.180468,LOW,0.065001,0.229296,,0
22,CASH_OUT,5271.44,20976.81,15705.37,13854.07,19125.51,user-8170,merchant-711,0.2,False,False,True,False,False,0,0,4,37,False,0.0,0.0,0,background-stream,2026-03-30T04:28:22.613696,MEDIUM,0.765,0.176699,,0
7,PAYMENT,6879.7,18149.04,11269.34,6233.31,13113.01,user-1200,merchant-743,0.25,False,False,True,False,False,0,0,1,33,False,0.0,0.0,1,background-stream,2026-03-30T04:28:25.074229,LOW,0.0675,0.281195,,0
22,DEBIT,7605.96,23251.99,15646.03,5134.15,12740.11,user-6134,merchant-396,0.2,False,False,True,False,False,0,0,5,33,False,0.0,0.0,0,background-stream,2026-03-30T04:28:27.438195,MEDIUM,0.772998,0.131338,,0
6,CASH_OUT,8059.3,23817.44,15758.14,3037.13,11096.43,user-2150,merchant-414,0.2,False,False,True,False,False,0,0,7,37,False,0.0,0.0,0,background-stream,2026-03-30T04:28:29.795120,LOW,0.065001,0.237667,,0
2,CASH_IN,9285.12,27067.51,17782.39,2766.23,12051.35,user-6863,merchant-709,0.2,False,False,True,False,False,0,0,4,28,False,0.0,0.0,0,background-stream,2026-03-30T04:28:32.165904,LOW,0.065,0.208694,,0
23,CASH_OUT,2240.02,8879.9,6639.88,36.07,2276.09,user-1275,merchant-417,0.2,False,False,True,False,False,0,0,5,27,False,0.0,0.0,0,background-stream,2026-03-30T04:28:34.617863,MEDIUM,0.765,0.187897,,0
12,CASH_OUT,6536.95,16420.44,9883.49,3357.29,9894.24,user-4883,merchant-302,0.2,False,False,True,False,False,0,0,2,35,False,0.0,0.0,0,background-stream,2026-03-30T04:28:37.135312,MEDIUM,0.765,0.172124,,0
24,TRANSFER,3710.75,22703.19,18992.44,6417.37,10128.12,user-1968,merchant-253,0.25,False,False,True,False,False,0,0,3,38,False,0.0,0.0,1,background-stream,2026-03-30T04:28:39.721077,MEDIUM,0.7675,0.187844,,0
23,CASH_OUT,9697.86,21021.32,11323.46,8013.49,17711.35,user-5964,merchant-574,0.2,False,False,True,False,False,0,0,3,27,False,0.0,0.0,0,background-stream,2026-03-30T04:28:42.106306,MEDIUM,0.765,0.185991,,0
1,CASH_IN,8839.77,13108.35,4268.58,12872.05,21711.82,user-7588,merchant-615,0.3,False,False,True,False,False,0,0,5,30,False,0.0,0.0,2,background-stream,2026-03-30T04:28:44.478022,LOW,0.07,0.212158,,0
18,CASH_IN,9089.72,15975.99,6886.27,8624.36,17714.08,user-8476,merchant-875,0.25,False,False,True,False,False,0,0,2,34,False,0.0,0.0,1,background-stream,2026-03-30T04:28:46.815267,MEDIUM,0.7675,0.156859,,0
7,DEBIT,7314.29,24983.96,17669.67,9533.41,16847.7,user-9247,merchant-263,0.25,False,False,True,False,False,0,0,0,35,False,0.0,0.0,1,background-stream,2026-03-30T04:28:49.149553,LOW,0.0675,0.175831,,0
5,TRANSFER,6806.25,26266.31,19460.06,16971.79,23778.04,user-9842,merchant-327,0.2,False,False,True,False,False,0,0,4,27,False,0.0,0.0,0,background-stream,2026-03-30T04:28:51.529270,LOW,0.065,0.22134,,0
9,PAYMENT,6202.47,18620.84,12418.37,11276.27,17478.74,user-4377,merchant-311,0.2,False,False,True,False,False,0,0,5,30,False,0.0,0.0,0,background-stream,2026-03-30T04:28:54.461887,MEDIUM,0.764999,0.250314,,0
10,CASH_IN,4550.64,11342.18,6791.54,12287.42,16838.06,user-5755,merchant-627,0.2,False,False,True,False,False,0,0,2,41,False,0.0,0.0,0,background-stream,2026-03-30T04:28:57.313802,MEDIUM,0.765,0.176612,,0
16,CASH_IN,4413.17,10954.4,6541.23,11747.64,16160.81,user-9113,merchant-890,0.2,False,False,True,False,False,0,0,4,33,False,0.0,0.0,0,background-stream,2026-03-30T04:28:59.790273,MEDIUM,0.767905,0.143222,,0
2,DEBIT,1138.46,13481.61,12343.15,17350.91,18489.37,user-7683,merchant-642,0.2,False,False,True,False,False,0,0,5,42,False,0.0,0.0,0,background-stream,2026-03-30T04:29:02.167436,LOW,0.065,0.188743,,0
6,DEBIT,6484.66,26156.28,19671.62,19462.32,25946.98,user-5699,merchant-726,0.25,False,False,True,False,False,0,0,3,41,False,0.0,0.0,1,background-stream,2026-03-30T04:29:04.542627,LOW,0.0675,0.180664,,0
13,CASH_OUT,214.07,18852.1,18638.03,11626.49,11840.56,user-5661,merchant-826,0.25,False,False,True,False,False,0,0,1,24,False,0.0,0.0,1,background-stream,2026-03-30T04:29:06.959643,MEDIUM,0.7675,0.163357,,0
6,TRANSFER,2870.69,9005.52,6134.83,14402.83,17273.52,user-3609,merchant-876,0.2,False,False,True,False,False,0,0,6,36,False,0.0,0.0,0,background-stream,2026-03-30T04:29:09.421157,LOW,0.065001,0.230377,,0
2,PAYMENT,6586.25,12813.41,6227.16,19851.91,26438.16,user-2394,merchant-141,0.2,False,False,True,False,False,0,0,3,35,False,0.0,0.0,0,background-stream,2026-03-30T04:29:11.838907,LOW,0.065,0.26649,,0
10,CASH_IN,4674.97,15825.38,11150.41,16686.82,21361.79,user-2938,merchant-869,0.2,False,False,True,False,False,0,0,0,33,False,0.0,0.0,0,background-stream,2026-03-30T04:29:14.295412,MEDIUM,0.764999,0.176612,,0
20,DEBIT,3645.78,12957.5,9311.72,19665.84,23311.62,user-5893,merchant-770,0.2,False,False,True,False,False,0,0,1,30,False,0.0,0.0,0,background-stream,2026-03-30T04:29:16.720777,MEDIUM,0.77414,0.128672,,0
10,PAYMENT,4635.97,19333.63,14697.66,19764.22,24400.19,user-4210,merchant-475,0.2,False,False,True,False,False,0,0,2,17,False,0.0,0.0,0,background-stream,2026-03-30T04:29:19.230362,MEDIUM,0.765,0.239961,,0
12,PAYMENT,1537.09,20537.67,19000.58,17779.08,19316.17,user-9885,merchant-948,0.2,False,False,True,False,False,0,0,4,32,False,0.0,0.0,0,background-stream,2026-03-30T04:29:21.590569,MEDIUM,0.765,0.217618,,0
16,DEBIT,8599.26,10547.33,1948.07,9806.61,18405.87,user-4937,merchant-661,0.2,False,False,True,False,False,0,0,3,33,False,0.0,0.0,0,background-stream,2026-03-30T04:29:24.084624,MEDIUM,0.781193,0.112216,,0
12,PAYMENT,7999.12,16276.14,8277.02,2305.55,10304.67,user-6113,merchant-300,0.25,False,False,True,False,False,0,0,1,49,False,0.0,0.0,1,background-stream,2026-03-30T04:29:26.501924,MEDIUM,0.7675,0.218303,,0
1,CASH_OUT,8821.01,18279.97,9458.96,19911.76,28732.77,user-7605,merchant-983,0.2,False,False,True,False,False,0,0,6,35,False,0.0,0.0,0,background-stream,2026-03-30T04:29:28.964891,LOW,0.065013,0.230327,,0
9,TRANSFER,3375.3,6430.36,3055.06,18733.27,22108.57,user-1183,merchant-807,0.25,False,False,True,False,False,0,0,3,24,False,0.0,0.0,1,background-stream,2026-03-30T04:29:31.316088,MEDIUM,0.767499,0.200191,,0
20,DEBIT,2408.59,3028.53,619.94,12719.76,15128.35,user-5874,merchant-191,0.2,False,False,True,False,False,0,0,2,27,False,0.0,0.0,0,background-stream,2026-03-30T04:29:33.623204,MEDIUM,0.774101,0.128763,,0
21,TRANSFER,9118.08,13663.25,4545.17,18515.06,27633.14,user-8930,merchant-264,0.2,False,False,True,False,False,0,0,1,25,False,0.0,0.0,0,background-stream,2026-03-30T04:29:35.979516,MEDIUM,0.765,0.165567,,0
20,PAYMENT,1908.71,19344.34,17435.63,11667.12,13575.83,user-8305,merchant-498,0.2,False,False,True,False,False,0,0,6,31,False,0.0,0.0,0,background-stream,2026-03-30T04:29:38.453950,MEDIUM,0.765,0.218041,,0
4,TRANSFER,3216.47,7350.56,4134.09,11479.13,14695.6,user-2253,merchant-600,0.25,False,False,True,False,False,0,0,3,24,False,0.0,0.0,1,background-stream,2026-03-30T04:29:40.896017,LOW,0.067501,0.221636,,0
11,CASH_OUT,5128.72,24929.18,19800.46,10111.48,15240.2,user-4558,merchant-754,0.2,False,False,True,False,False,0,0,2,27,False,0.0,0.0,0,background-stream,2026-03-30T04:29:43.335258,MEDIUM,0.765,0.182668,,0
17,CASH_IN,5188.82,8395.14,3206.32,1992.97,7181.79,user-4310,merchant-959,0.2,False,False,True,False,False,0,0,3,39,False,0.0,0.0,0,background-stream,2026-03-30T04:29:45.665774,MEDIUM,0.765,0.154195,,0
21,CASH_OUT,3828.79,7448.55,3619.76,12734.63,16563.42,user-5440,merchant-695,0.2,False,False,True,False,False,0,0,6,26,False,0.0,0.0,0,background-stream,2026-03-30T04:29:48.583782,MEDIUM,0.765,0.175792,,0
18,TRANSFER,7276.24,11208.04,3931.8,13199.4,20475.64,user-9237,merchant-285,0.25,False,False,True,False,False,0,0,3,24,False,0.0,0.0,1,background-stream,2026-03-30T04:29:50.992464,MEDIUM,0.7675,0.162061,,0
14,DEBIT,3625.7,9724.91,6099.21,11537.99,15163.69,user-6491,merchant-842,0.2,False,False,True,False,False,0,0,9,35,False,0.0,0.0,0,background-stream,2026-03-30T04:29:53.681234,MEDIUM,0.782051,0.110214,,0
10,PAYMENT,2883.25,17102.31,14219.06,4918.29,7801.54,user-8040,merchant-250,0.25,False,False,True,False,False,0,0,2,38,False,0.0,0.0,1,background-stream,2026-03-30T04:29:56.745677,MEDIUM,0.7675,0.241064,,0
15,CASH_IN,6766.18,11749.23,4983.05,14469.55,21235.73,user-8200,merchant-195,0.2,False,False,True,False,False,0,0,4,33,False,0.0,0.0,0,background-stream,2026-03-30T04:29:59.699156,MEDIUM,0.76794,0.14314,,0
17,TRANSFER,5282.13,20987.14,15705.01,13938.58,19220.71,user-5828,merchant-137,0.2,False,False,True,False,False,0,0,4,38,False,0.0,0.0,0,background-stream,2026-03-30T04:30:02.039481,MEDIUM,0.765,0.161254,,0
19,CASH_OUT,9819.52,9928.66,109.14,5456.62,15276.14,user-6897,merchant-160,0.2,False,False,True,False,False,0,0,2,33,False,0.0,0.0,0,background-stream,2026-03-30T04:30:04.443633,MEDIUM,0.765,0.176182,,0
4,CASH_OUT,8991.0,17879.81,8888.81,19130.25,28121.25,user-7426,merchant-893,0.2,False,False,True,False,False,0,0,3,34,False,0.0,0.0,0,background-stream,2026-03-30T04:30:06.774145,LOW,0.065015,0.232046,,0
13,TRANSFER,3599.75,22411.6,18811.85,16049.39,19649.14,user-7564,merchant-205,0.2,False,False,True,False,False,0,0,2,33,False,0.0,0.0,0,background-stream,2026-03-30T04:30:09.418015,MEDIUM,0.765971,0.147734,,0
6,TRANSFER,5038.06,12220.81,7182.75,975.13,6013.19,user-2093,merchant-241,0.25,False,False,True,False,False,0,0,5,41,False,0.0,0.0,1,background-stream,2026-03-30T04:30:12.386817,LOW,0.0675,0.23044,,0
14,CASH_OUT,2043.78,6855.37,4811.59,16361.81,18405.59,user-8864,merchant-229,0.2,False,False,True,False,False,0,0,2,26,False,0.0,0.0,0,background-stream,2026-03-30T04:30:15.367540,MEDIUM,0.765,0.159225,,0
19,TRANSFER,3539.58,9973.99,6434.41,8752.6,12292.18,user-8632,merchant-283,0.3,False,False,True,False,False,0,0,2,29,False,0.0,0.0,2,background-stream,2026-03-30T04:30:17.809714,MEDIUM,0.77,0.163239,,0
10,CASH_OUT,1836.01,10933.3,9097.29,5891.31,7727.32,user-1070,merchant-956,0.2,False,False,True,False,False,0,0,5,33,False,0.0,0.0,0,background-stream,2026-03-30T04:30:20.267382,MEDIUM,0.764999,0.192921,,0
18,DEBIT,7322.63,8682.6,1359.97,14791.39,22114.02,user-2565,merchant-227,0.2,False,False,True,False,False,0,0,4,38,False,0.0,0.0,0,background-stream,2026-03-30T04:30:22.906736,MEDIUM,0.777222,0.121481,,0
5,TRANSFER,5419.22,16311.42,10892.2,18119.03,23538.25,user-3921,merchant-799,0.25,False,False,True,False,False,0,0,1,29,False,0.0,0.0,1,background-stream,2026-03-30T04:30:25.484002,LOW,0.0675,0.225633,,0
24,DEBIT,424.75,15382.43,14957.68,19824.58,20249.33,user-9223,merchant-378,0.25,False,False,True,False,False,0,0,7,36,False,0.0,0.0,1,background-stream,2026-03-30T04:30:27.869416,MEDIUM,0.7675,0.153472,,0
9,PAYMENT,2275.0,18630.03,16355.03,10140.66,12415.66,user-5778,merchant-586,0.2,False,False,True,False,False,0,0,1,23,False,0.0,0.0,0,background-stream,2026-03-30T04:30:30.302888,MEDIUM,0.764999,0.250015,,0
15,CASH_OUT,4538.26,13808.11,9269.85,10310.63,14848.89,user-9758,merchant-274,0.2,False,False,True,False,False,0,0,4,33,False,0.0,0.0,0,background-stream,2026-03-30T04:30:32.832094,MEDIUM,0.765,0.154135,,0
21,CASH_IN,3048.67,5463.69,2415.02,15152.97,18201.64,user-9128,merchant-237,0.2,False,False,True,False,False,0,0,2,36,False,0.0,0.0,0,background-stream,2026-03-30T04:30:35.575826,MEDIUM,0.765,0.161981,,0
10,CASH_IN,4656.91,16416.82,11759.91,18249.81,22906.72,user-2928,merchant-795,0.25,False,False,True,False,False,0,0,4,39,False,0.0,0.0,1,background-stream,2026-03-30T04:30:38.192686,MEDIUM,0.7675,0.176612,,0
10,CASH_OUT,1457.12,18065.48,16608.36,2436.27,3893.39,user-1361,merchant-796,0.2,False,False,True,False,False,0,0,7,26,False,0.0,0.0,0,background-stream,2026-03-30T04:30:40.744801,MEDIUM,0.765,0.192375,,0
10,CASH_IN,1379.07,15200.04,13820.97,5261.66,6640.73,user-2192,merchant-266,0.2,False,False,True,False,False,0,0,0,30,False,0.0,0.0,0,background-stream,2026-03-30T04:30:43.251281,MEDIUM,0.765,0.176612,,0
17,CASH_IN,2825.84,15708.9,12883.06,19610.04,22435.88,user-6976,merchant-364,0.2,False,False,True,False,False,0,0,2,25,False,0.0,0.0,0,background-stream,2026-03-30T04:30:45.638515,MEDIUM,0.765,0.154085,,0
19,CASH_IN,4439.15,23200.46,18761.31,7815.53,12254.68,user-8621,merchant-821,0.2,False,False,True,False,False,0,0,3,37,False,0.0,0.0,0,background-stream,2026-03-30T04:30:48.360112,MEDIUM,0.765,0.158957,,0
23,DEBIT,4661.59,13849.45,9187.86,10259.85,14921.44,user-2944,merchant-714,0.2,False,False,True,False,False,0,0,4,40,False,0.0,0.0,0,background-stream,2026-03-30T04:30:51.038242,MEDIUM,0.767931,0.143161,,0
17,CASH_OUT,1225.2,1500.34,275.14,8937.0,10162.2,user-8247,merchant-366,0.25,False,False,True,False,False,0,0,3,54,False,0.0,0.0,1,background-stream,2026-03-30T04:30:53.435753,MEDIUM,0.7675,0.175122,,0
5,TRANSFER,5309.26,18802.05,13492.79,3446.85,8756.11,user-9572,merchant-193,0.2,False,False,True,False,False,0,0,5,37,False,0.0,0.0,0,background-stream,2026-03-30T04:30:55.744445,LOW,0.065,0.224597,,0
2,CASH_IN,2683.93,11758.06,9074.13,13369.14,16053.07,user-2241,merchant-975,0.25,False,False,True,False,False,0,0,5,35,False,0.0,0.0,1,background-stream,2026-03-30T04:30:58.045802,LOW,0.0675,0.208803,,0
15,TRANSFER,55.88,8929.53,8873.65,2529.85,2585.73,user-7435,merchant-185,0.25,False,False,True,False,False,0,0,0,30,False,0.0,0.0,1,background-stream,2026-03-30T04:31:00.516603,MEDIUM,0.7675,0.151836,,0
5,PAYMENT,1207.13,17661.55,16454.42,18514.63,19721.76,user-2987,merchant-285,0.25,False,False,True,False,False,0,0,4,25,False,0.0,0.0,1,background-stream,2026-03-30T04:31:02.834562,LOW,0.0675,0.27275,,0
14,CASH_IN,9255.09,12328.34,3073.25,8864.99,18120.08,user-7809,merchant-187,0.25,False,False,True,False,False,0,0,5,42,False,0.0,0.0,1,background-stream,2026-03-30T04:31:05.174450,MEDIUM,0.769328,0.145734,,0
9,DEBIT,9159.44,14313.5,5154.06,18414.34,27573.78,user-1177,merchant-731,0.2,False,False,True,False,False,0,0,4,22,False,0.0,0.0,0,background-stream,2026-03-30T04:31:07.440690,MEDIUM,0.764999,0.152851,,0
23,PAYMENT,6928.87,7083.95,155.08,18979.7,25908.57,user-8302,merchant-701,0.2,False,False,True,False,False,0,0,5,35,False,0.0,0.0,0,background-stream,2026-03-30T04:31:09.789839,MEDIUM,0.765,0.233036,,0
6,CASH_IN,7014.55,19867.03,12852.48,13704.27,20718.82,user-3809,merchant-618,0.2,False,False,True,False,False,0,0,4,28,False,0.0,0.0,0,background-stream,2026-03-30T04:31:12.172660,LOW,0.065,0.216395,,0
9,CASH_IN,1610.55,4910.85,3300.3,1694.15,3304.7,user-2393,merchant-366,0.3,False,False,True,False,False,0,0,5,55,False,0.0,0.0,2,background-stream,2026-03-30T04:31:14.492852,MEDIUM,0.77,0.188244,,0
12,CASH_IN,6493.63,8936.01,2442.38,958.73,7452.36,user-9793,merchant-663,0.3,False,False,True,False,False,0,0,3,40,False,0.0,0.0,2,background-stream,2026-03-30T04:31:16.830312,MEDIUM,0.77,0.157066,,0
10,PAYMENT,2917.5,16469.36,13551.86,17993.76,20911.26,user-5139,merchant-258,0.2,False,False,True,False,False,0,0,2,33,False,0.0,0.0,0,background-stream,2026-03-30T04:31:19.294633,MEDIUM,0.765,0.240304,,0
20,CASH_IN,3633.38,3678.61,45.23,5341.05,8974.43,user-8725,merchant-151,0.25,False,False,True,False,False,0,0,5,31,False,0.0,0.0,1,background-stream,2026-03-30T04:31:21.830510,MEDIUM,0.7675,0.161933,,0
6,DEBIT,3593.72,9055.53,5461.81,140.61,3734.33,user-2138,merchant-851,0.25,False,False,True,False,False,0,0,3,32,False,0.0,0.0,1,background-stream,2026-03-30T04:31:24.357127,LOW,0.0675,0.181474,,0
8,DEBIT,6831.73,22140.4,15308.67,19531.37,26363.1,user-6278,merchant-926,0.2,False,False,True,False,False,0,0,5,27,False,0.0,0.0,0,background-stream,2026-03-30T04:31:26.681631,MEDIUM,0.765,0.159058,,0
14,CASH_IN,3505.88,18854.25,15348.37,7472.97,10978.85,user-4666,merchant-488,0.2,False,False,True,False,False,0,0,1,28,False,0.0,0.0,0,background-stream,2026-03-30T04:31:29.023466,MEDIUM,0.766908,0.145547,,0
17,PAYMENT,7377.97,18816.03,11438.06,19438.78,26816.75,user-3613,merchant-127,0.2,False,False,True,False,False,0,0,4,38,False,0.0,0.0,0,background-stream,2026-03-30T04:31:31.354451,MEDIUM,0.765,0.21456,,0
13,PAYMENT,2792.67,14519.16,11726.49,7999.2,10791.87,user-7075,merchant-786,0.2,False,False,True,False,False,0,0,1,40,False,0.0,0.0,0,background-stream,2026-03-30T04:31:33.663379,MEDIUM,0.765,0.210615,,0
7,TRANSFER,8646.12,20555.78,11909.66,14787.6,23433.72,user-5990,merchant-132,0.2,False,False,True,False,False,0,0,4,29,False,0.0,0.0,0,background-stream,2026-03-30T04:31:36.216458,LOW,0.065,0.225839,,0
2,CASH_OUT,7522.33,24771.77,17249.44,14685.36,22207.69,user-7088,merchant-537,0.2,False,False,True,False,False,0,0,0,41,False,0.0,0.0,0,background-stream,2026-03-30T04:31:38.888269,LOW,0.065012,0.225243,,0
18,CASH_IN,4983.21,22728.93,17745.72,18810.95,23794.16,user-3236,merchant-975,0.25,False,False,True,False,False,0,0,5,36,False,0.0,0.0,1,background-stream,2026-03-30T04:31:41.224391,MEDIUM,0.7675,0.156894,,0
13,CASH_IN,2979.21,8494.25,5515.04,11270.03,14249.24,user-4232,merchant-173,0.2,False,False,True,False,False,0,0,1,28,False,0.0,0.0,0,background-stream,2026-03-30T04:31:43.548328,MEDIUM,0.765,0.150051,,0
17,DEBIT,6068.6,24209.87,18141.27,7296.3,13364.9,user-7650,merchant-322,0.2,False,False,True,False,False,0,0,3,28,False,0.0,0.0,0,background-stream,2026-03-30T04:31:45.930460,MEDIUM,0.778084,0.11947,,0
14,TRANSFER,4352.35,18855.16,14502.81,15762.7,20115.05,user-7457,merchant-375,0.2,False,False,True,False,False,0,0,5,28,False,0.0,0.0,0,background-stream,2026-03-30T04:31:48.381891,MEDIUM,0.765941,0.147804,,0
10,CASH_OUT,4043.43,21932.02,17888.59,6239.27,10282.7,user-7106,merchant-517,0.25,False,False,True,False,False,0,0,1,40,False,0.0,0.0,1,background-stream,2026-03-30T04:31:50.754357,MEDIUM,0.7675,0.191475,,0
5,CASH_OUT,6461.5,11777.91,5316.41,11407.6,17869.1,user-2131,merchant-634,0.2,False,False,True,False,False,0,0,5,30,False,0.0,0.0,0,background-stream,2026-03-30T04:31:53.188705,LOW,0.065012,0.237343,,0
19,PAYMENT,7821.45,16496.45,8675.0,2924.92,10746.37,user-9887,merchant-559,0.3,False,False,True,False,False,0,0,4,35,False,0.0,0.0,2,background-stream,2026-03-30T04:31:55.745912,MEDIUM,0.77,0.213998,,0
2,PAYMENT,5084.43,8961.79,3877.36,6132.4,11216.83,user-4554,merchant-658,0.2,False,False,True,False,False,0,0,3,38,False,0.0,0.0,0,background-stream,2026-03-30T04:31:58.141081,LOW,0.065,0.267438,,0
11,TRANSFER,3637.97,5270.91,1632.94,3284.68,6922.65,user-1782,merchant-132,0.2,False,False,True,False,False,0,0,3,30,False,0.0,0.0,0,background-stream,2026-03-30T04:32:00.493881,MEDIUM,0.765,0.176999,,0
18,DEBIT,1346.05,5406.47,4060.42,17590.41,18936.46,user-3904,merchant-428,0.2,False,False,True,False,False,0,0,4,39,False,0.0,0.0,0,background-stream,2026-03-30T04:32:02.811904,MEDIUM,0.776866,0.122313,,0
14,CASH_IN,7454.8,18052.24,10597.44,6331.57,13786.37,user-4518,merchant-346,0.2,False,False,True,False,False,0,0,1,32,False,0.0,0.0,0,background-stream,2026-03-30T04:32:05.143621,MEDIUM,0.766828,0.145734,,0
5,PAYMENT,6565.25,20311.07,13745.82,1146.74,7711.99,user-9395,merchant-889,0.2,False,False,True,False,False,0,0,2,36,False,0.0,0.0,0,background-stream,2026-03-30T04:32:07.433696,LOW,0.065,0.274766,,0
1,CASH_IN,5635.52,14997.84,9362.32,13912.35,19547.87,user-4083,merchant-533,0.2,False,False,True,False,False,0,0,4,35,False,0.0,0.0,0,background-stream,2026-03-30T04:32:09.760092,LOW,0.065,0.21219,,0
6,CASH_IN,8970.08,22974.66,14004.58,11868.77,20838.85,user-1418,merchant-914,0.25,False,False,True,False,False,0,0,2,39,False,0.0,0.0,1,background-stream,2026-03-30T04:32:12.193334,LOW,0.0675,0.216395,,0
21,CASH_IN,1578.49,2012.35,433.86,17693.89,19272.38,user-6191,merchant-697,0.2,False,False,True,False,False,0,0,1,23,False,0.0,0.0,0,background-stream,2026-03-30T04:32:14.527385,MEDIUM,0.765,0.161981,,0
3,PAYMENT,1850.9,12732.34,10881.44,2177.84,4028.74,user-5575,merchant-297,0.2,False,False,True,False,False,0,0,3,33,False,0.0,0.0,0,background-stream,2026-03-30T04:32:16.829266,LOW,0.065,0.267754,,0
4,PAYMENT,6222.21,15925.33,9703.12,16632.25,22854.46,user-8749,merchant-677,0.25,False,False,True,False,False,0,0,3,35,False,0.0,0.0,1,background-stream,2026-03-30T04:32:19.149109,LOW,0.0675,0.268466,,0
22,CASH_OUT,2294.35,21556.2,19261.85,12220.23,14514.58,user-5679,merchant-619,0.2,False,False,True,False,False,0,0,3,34,False,0.0,0.0,0,background-stream,2026-03-30T04:32:21.475909,MEDIUM,0.765,0.176011,,0
11,CASH_IN,4248.09,18706.86,14458.77,15997.78,20245.87,user-2359,merchant-890,0.2,False,False,True,False,False,0,0,3,34,False,0.0,0.0,0,background-stream,2026-03-30T04:32:23.923541,MEDIUM,0.765,0.166754,,0
10,DEBIT,2773.7,10926.21,8152.51,13251.28,16024.98,user-7345,merchant-288,0.2,False,False,True,False,False,0,0,2,22,False,0.0,0.0,0,background-stream,2026-03-30T04:32:26.258038,MEDIUM,0.766957,0.145432,,0
7,CASH_OUT,674.21,3437.1,2762.89,5718.08,6392.29,user-3054,merchant-368,0.2,False,False,True,False,False,0,0,0,30,False,0.0,0.0,0,background-stream,2026-03-30T04:32:28.704588,LOW,0.071667,0.241105,,0
12,CASH_OUT,1843.51,15493.9,13650.39,14230.71,16074.22,user-9211,merchant-722,0.2,False,False,True,False,False,0,0,5,33,False,0.0,0.0,0,background-stream,2026-03-30T04:32:31.056276,MEDIUM,0.765,0.171807,,0
17,DEBIT,6006.29,14547.55,8541.26,4205.58,10211.87,user-7228,merchant-471,0.25,False,False,True,False,False,0,0,2,33,False,0.0,0.0,1,background-stream,2026-03-30T04:32:33.454360,MEDIUM,0.780603,0.119425,,0
2,CASH_OUT,6442.06,13350.86,6908.8,12393.05,18835.11,user-8429,merchant-976,0.2,False,False,True,False,False,0,0,3,38,False,0.0,0.0,0,background-stream,2026-03-30T04:32:35.920611,LOW,0.065014,0.22664,,0
21,TRANSFER,2792.17,9841.13,7048.96,15022.81,17814.98,user-6407,merchant-529,0.3,False,False,True,False,False,0,0,1,33,False,0.0,0.0,2,background-stream,2026-03-30T04:32:38.284383,MEDIUM,0.77,0.166179,,0
13,CASH_IN,253.42,17505.2,17251.78,3432.3,3685.72,user-7136,merchant-128,0.2,False,False,True,False,False,0,0,3,36,False,0.0,0.0,0,background-stream,2026-03-30T04:32:40.680335,MEDIUM,0.765,0.150051,,0
5,CASH_OUT,8551.99,19828.35,11276.36,16478.7,25030.69,user-8196,merchant-752,0.25,False,False,True,False,False,0,0,3,38,False,0.0,0.0,1,background-stream,2026-03-30T04:32:43.065106,LOW,0.0675,0.23611,,0
3,CASH_IN,715.39,3504.24,2788.85,5514.71,6230.1,user-9922,merchant-730,0.3,False,False,True,False,False,0,0,4,24,False,0.0,0.0,2,background-stream,2026-03-30T04:32:45.458991,LOW,0.07,0.212139,,0
1,DEBIT,3572.28,22869.81,19297.53,14047.41,17619.69,user-6469,merchant-570,0.2,False,False,True,False,False,0,0,5,25,False,0.0,0.0,0,background-stream,2026-03-30T04:32:47.921450,LOW,0.065,0.1915,,0
13,CASH_IN,729.01,18210.14,17481.13,14911.12,15640.13,user-2992,merchant-793,0.25,False,False,True,False,False,0,0,3,26,False,0.0,0.0,1,background-stream,2026-03-30T04:32:50.246594,MEDIUM,0.7675,0.150162,,0
10,DEBIT,8239.75,23565.02,15325.27,4660.01,12899.76,user-2604,merchant-400,0.2,False,False,True,False,False,0,0,1,33,False,0.0,0.0,0,background-stream,2026-03-30T04:32:52.628951,MEDIUM,0.76712,0.145053,,0
3,TRANSFER,3989.53,11301.92,7312.39,4706.26,8695.79,user-5829,merchant-365,0.25,False,False,True,False,False,0,0,2,35,False,0.0,0.0,1,background-stream,2026-03-30T04:32:55.048257,LOW,0.0675,0.219708,,0
12,CASH_IN,6075.66,11956.94,5881.28,282.12,6357.78,user-8994,merchant-962,0.2,False,False,True,False,False,0,0,7,31,False,0.0,0.0,0,background-stream,2026-03-30T04:32:57.425603,MEDIUM,0.765,0.157066,,0
6,CASH_IN,6046.72,11109.83,5063.11,89.65,6136.37,user-8820,merchant-196,0.2,False,False,True,False,False,0,0,2,27,False,0.0,0.0,0,background-stream,2026-03-30T04:32:59.946233,LOW,0.065,0.216674,,0
11,PAYMENT,9600.38,29285.87,19685.49,263.81,9864.19,user-3397,merchant-775,0.2,False,False,True,False,False,0,0,2,26,False,0.0,0.0,0,background-stream,2026-03-30T04:33:02.351515,MEDIUM,0.765,0.227984,,0
23,DEBIT,6584.69,26105.51,19520.82,10381.73,16966.42,user-7090,merchant-152,0.2,False,False,True,False,False,0,0,3,26,False,0.0,0.0,0,background-stream,2026-03-30T04:33:04.684399,MEDIUM,0.768067,0.142843,,0
18,CASH_IN,9972.53,18374.97,8402.44,13985.42,23957.95,user-5695,merchant-396,0.2,False,False,True,False,False,0,0,4,34,False,0.0,0.0,0,background-stream,2026-03-30T04:33:07.004542,MEDIUM,0.765,0.156859,,0
9,CASH_IN,1568.94,21211.79,19642.85,15551.69,17120.63,user-5759,merchant-102,0.2,False,False,True,False,False,0,0,4,30,False,0.0,0.0,0,background-stream,2026-03-30T04:33:09.380808,MEDIUM,0.765,0.188244,,0
1,CASH_OUT,3776.0,14327.58,10551.58,6959.39,10735.39,user-8112,merchant-602,0.25,False,False,True,False,False,0,0,2,44,False,0.0,0.0,1,background-stream,2026-03-30T04:33:11.777410,LOW,0.067513,0.22958,,0
19,CASH_OUT,8443.51,12145.75,3702.24,5767.62,14211.13,user-1147,merchant-195,0.2,False,False,True,False,False,0,0,4,34,False,0.0,0.0,0,background-stream,2026-03-30T04:33:14.154114,MEDIUM,0.765,0.174157,,0
4,CASH_OUT,8168.18,10130.84,1962.66,2671.57,10839.75,user-9805,merchant-511,0.25,False,False,True,False,False,0,0,8,28,False,0.0,0.0,1,background-stream,2026-03-30T04:33:16.528189,LOW,0.067519,0.234488,,0
24,TRANSFER,1077.78,9436.07,8358.29,17452.42,18530.2,user-1367,merchant-839,0.2,False,False,True,False,False,0,0,2,41,False,0.0,0.0,0,background-stream,2026-03-30T04:33:18.993589,MEDIUM,0.765,0.191339,,0
15,CASH_OUT,6522.22,9595.68,3073.46,5885.85,12408.07,user-3673,merchant-780,0.2,False,False,True,False,False,0,0,3,30,False,0.0,0.0,0,background-stream,2026-03-30T04:33:21.381943,MEDIUM,0.765,0.158869,,0
13,CASH_OUT,6687.93,26361.28,19673.35,1192.2,7880.13,user-2342,merchant-241,0.25,False,False,True,False,False,0,0,2,42,False,0.0,0.0,1,background-stream,2026-03-30T04:33:23.851949,MEDIUM,0.7675,0.163106,,0
12,CASH_OUT,449.66,8468.01,8018.35,16385.62,16835.28,user-5063,merchant-256,0.2,False,False,True,False,False,0,0,3,35,False,0.0,0.0,0,background-stream,2026-03-30T04:33:26.215886,MEDIUM,0.765,0.174001,,0
23,TRANSFER,3790.94,8585.69,4794.75,8788.35,12579.29,user-1512,merchant-686,0.2,False,False,True,False,False,0,0,5,28,False,0.0,0.0,0,background-stream,2026-03-30T04:33:28.597494,MEDIUM,0.765,0.18146,,0
7,TRANSFER,8397.1,21513.4,13116.3,7693.23,16090.33,user-4649,merchant-877,0.25,False,False,True,False,False,0,0,3,27,False,0.0,0.0,1,background-stream,2026-03-30T04:33:31.161976,LOW,0.0675,0.225932,,0
16,PAYMENT,4691.28,8031.34,3340.06,11565.56,16256.84,user-6792,merchant-955,0.2,False,False,True,False,False,0,0,3,28,False,0.0,0.0,0,background-stream,2026-03-30T04:33:33.477374,MEDIUM,0.765,0.207123,,0
1,PAYMENT,7076.62,10636.54,3559.92,15358.13,22434.75,user-3534,merchant-191,0.2,False,False,True,False,False,0,0,5,28,False,0.0,0.0,0,background-stream,2026-03-30T04:33:35.813076,LOW,0.065,0.271752,,0
20,PAYMENT,4711.86,21065.1,16353.24,8872.44,13584.3,user-5489,merchant-727,0.2,False,False,True,False,False,0,0,5,28,False,0.0,0.0,0,background-stream,2026-03-30T04:33:38.112977,MEDIUM,0.765,0.218533,,0
22,CASH_IN,8173.5,8896.87,723.37,6265.62,14439.12,user-4009,merchant-644,0.2,False,False,True,False,False,0,0,1,48,False,0.0,0.0,0,background-stream,2026-03-30T04:33:40.428546,MEDIUM,0.765,0.166563,,0
24,DEBIT,1011.89,8860.28,7848.39,19378.88,20390.77,user-3612,merchant-355,0.2,False,False,True,False,False,0,0,1,32,False,0.0,0.0,0,background-stream,2026-03-30T04:33:42.932185,MEDIUM,0.765,0.153934,,0
1,TRANSFER,6205.66,11413.06,5207.4,3461.59,9667.25,user-3972,merchant-939,0.25,False,False,True,False,False,0,0,3,32,False,0.0,0.0,1,background-stream,2026-03-30T04:33:45.256504,LOW,0.0675,0.219447,,0
5,CASH_OUT,1339.32,3522.75,2183.43,7179.99,8519.31,user-1339,merchant-844,0.25,False,False,True,False,False,0,0,3,37,False,0.0,0.0,1,background-stream,2026-03-30T04:33:47.978709,LOW,0.079153,0.239723,,0
15,PAYMENT,9606.57,24220.84,14614.27,13492.76,23099.33,user-8634,merchant-232,0.25,False,False,True,False,False,0,0,4,40,False,0.0,0.0,1,background-stream,2026-03-30T04:33:50.447994,MEDIUM,0.7675,0.201479,,0
19,CASH_IN,8888.54,27645.4,18756.86,4163.04,13051.58,user-7685,merchant-812,0.2,False,False,True,False,False,0,0,2,37,False,0.0,0.0,0,background-stream,2026-03-30T04:33:52.834211,MEDIUM,0.765,0.158759,,0
18,CASH_OUT,1414.59,14565.26,13150.67,2914.46,4329.05,user-9132,merchant-268,0.2,False,False,True,False,False,0,0,4,25,False,0.0,0.0,0,background-stream,2026-03-30T04:33:55.335740,MEDIUM,0.765,0.170191,,0
5,TRANSFER,6452.51,21684.62,15232.11,9600.46,16052.97,user-5755,merchant-895,0.2,False,False,True,False,False,0,0,3,33,False,0.0,0.0,0,background-stream,2026-03-30T04:33:57.822045,LOW,0.065,0.223603,,0
22,CASH_IN,4702.69,21611.81,16909.12,3836.27,8538.96,user-6285,merchant-843,0.2,False,False,True,False,False,0,0,3,35,False,0.0,0.0,0,background-stream,2026-03-30T04:34:00.297542,MEDIUM,0.765,0.166491,,0
9,CASH_OUT,8446.34,13482.33,5035.99,11544.68,19991.02,user-4873,merchant-556,0.2,False,False,True,False,False,0,0,3,38,False,0.0,0.0,0,background-stream,2026-03-30T04:34:02.636771,MEDIUM,0.765,0.208394,,0
12,DEBIT,6330.89,25692.47,19361.58,1137.63,7468.52,user-3330,merchant-942,0.2,False,False,True,False,False,0,0,6,25,False,0.0,0.0,0,background-stream,2026-03-30T04:34:04.954124,MEDIUM,0.775299,0.125967,,0
12,TRANSFER,5822.14,19088.66,13266.52,3071.92,8894.06,user-2962,merchant-784,0.2,False,False,True,False,False,0,0,3,32,False,0.0,0.0,0,background-stream,2026-03-30T04:34:07.182758,MEDIUM,0.765,0.1602,,0
22,CASH_IN,6476.61,9124.86,2648.25,313.8,6790.41,user-6907,merchant-270,0.2,False,False,True,False,False,0,0,4,33,False,0.0,0.0,0,background-stream,2026-03-30T04:34:09.488287,MEDIUM,0.765,0.166812,,0
3,DEBIT,9030.76,25232.1,16201.34,5995.87,15026.63,user-6188,merchant-988,0.2,False,False,True,False,False,0,0,2,33,False,0.0,0.0,0,background-stream,2026-03-30T04:34:11.860768,LOW,0.065,0.183081,,0
10,TRANSFER,976.36,16660.41,15684.05,12965.91,13942.27,user-4804,merchant-315,0.2,False,False,True,False,False,0,0,3,36,False,0.0,0.0,0,background-stream,2026-03-30T04:34:14.150202,MEDIUM,0.765,0.183024,,0
17,PAYMENT,8935.4,13495.47,4560.07,3433.23,12368.63,user-3576,merchant-858,0.2,False,False,True,False,False,0,0,7,29,False,0.0,0.0,0,background-stream,2026-03-30T04:34:16.381048,MEDIUM,0.765,0.2135,,0
4,CASH_OUT,6659.4,24985.29,18325.89,16572.16,23231.56,user-2847,merchant-153,0.2,False,False,True,False,False,0,0,4,33,False,0.0,0.0,0,background-stream,2026-03-30T04:34:18.623687,LOW,0.065016,0.229664,,0
23,CASH_OUT,8855.1,20350.51,11495.41,2362.9,11218.0,user-5924,merchant-858,0.2,False,False,True,False,False,0,0,2,30,False,0.0,0.0,0,background-stream,2026-03-30T04:34:20.856194,MEDIUM,0.765,0.185991,,0
6,CASH_IN,8454.94,20810.02,12355.08,1028.55,9483.49,user-6022,merchant-704,0.25,False,False,True,False,False,0,0,9,38,False,0.0,0.0,1,background-stream,2026-03-30T04:34:23.175757,LOW,0.0675,0.216395,,0
2,TRANSFER,5474.95,19176.41,13701.46,470.73,5945.68,user-1651,merchant-968,0.2,False,False,True,False,False,0,0,4,36,False,0.0,0.0,0,background-stream,2026-03-30T04:34:25.483453,LOW,0.065,0.213356,,0
18,CASH_IN,2388.35,6007.12,3618.77,6850.28,9238.63,user-1630,merchant-272,0.2,False,False,True,False,False,0,0,2,36,False,0.0,0.0,0,background-stream,2026-03-30T04:34:27.824452,MEDIUM,0.765,0.156567,,0
18,CASH_OUT,1781.05,12508.3,10727.25,14650.79,16431.84,user-3909,merchant-121,0.2,False,False,True,False,False,0,0,3,29,False,0.0,0.0,0,background-stream,2026-03-30T04:34:30.064104,MEDIUM,0.765,0.171338,,0
8,DEBIT,5429.82,25355.76,19925.94,19086.12,24515.94,user-5509,merchant-620,0.2,False,False,True,False,False,0,0,4,34,False,0.0,0.0,0,background-stream,2026-03-30T04:34:32.303450,MEDIUM,0.765,0.160214,,0
24,PAYMENT,7664.85,11507.42,3842.57,1748.8,9413.65,user-8638,merchant-720,0.2,False,False,True,False,False,0,0,1,34,False,0.0,0.0,0,background-stream,2026-03-30T04:34:34.622143,MEDIUM,0.765,0.242043,,0
2,CASH_OUT,8432.41,9309.77,877.36,1643.03,10075.44,user-4709,merchant-759,0.2,False,False,True,False,False,0,0,3,33,False,0.0,0.0,0,background-stream,2026-03-30T04:34:36.829875,LOW,0.065015,0.229342,,0
17,CASH_OUT,2878.86,11280.42,8401.56,13493.68,16372.54,user-6012,merchant-884,0.2,False,False,True,False,False,0,0,7,24,False,0.0,0.0,0,background-stream,2026-03-30T04:34:39.101532,MEDIUM,0.765,0.169496,,0
16,DEBIT,5535.05,12358.89,6823.84,17875.19,23410.24,user-4449,merchant-451,0.25,False,False,True,False,False,0,0,6,29,False,0.0,0.0,1,background-stream,2026-03-30T04:34:41.422371,MEDIUM,0.783835,0.111884,,0
7,CASH_OUT,5886.37,11427.61,5541.24,16840.21,22726.58,user-5926,merchant-748,0.2,False,False,True,False,False,0,0,5,36,False,0.0,0.0,0,background-stream,2026-03-30T04:34:43.681210,LOW,0.065006,0.239399,,0
14,CASH_IN,2931.14,8047.96,5116.82,6080.14,9011.28,user-4122,merchant-181,0.2,False,False,True,False,False,0,0,5,25,False,0.0,0.0,0,background-stream,2026-03-30T04:34:46.025167,MEDIUM,0.766956,0.145435,,0
10,CASH_IN,439.35,5748.61,5309.26,1494.05,1933.4,user-2858,merchant-270,0.2,False,False,True,False,False,0,0,4,34,False,0.0,0.0,0,background-stream,2026-03-30T04:34:48.240912,MEDIUM,0.764999,0.176612,,0
2,DEBIT,7863.52,12881.3,5017.78,4466.69,12330.21,user-8498,merchant-423,0.2,False,False,True,False,False,0,0,4,29,False,0.0,0.0,0,background-stream,2026-03-30T04:34:50.475666,LOW,0.065,0.188242,,0
8,CASH_OUT,3430.0,8041.08,4611.08,1212.87,4642.87,user-2947,merchant-822,0.2,False,False,True,False,False,0,0,1,29,False,0.0,0.0,0,background-stream,2026-03-30T04:34:52.892153,MEDIUM,0.765,0.218091,,0
12,CASH_IN,5502.34,14051.43,8549.09,6479.83,11982.17,user-6295,merchant-796,0.2,False,False,True,False,False,0,0,1,27,False,0.0,0.0,0,background-stream,2026-03-30T04:34:55.314737,MEDIUM,0.765,0.157102,,0
17,PAYMENT,755.5,12122.47,11366.97,8217.57,8973.07,user-1499,merchant-707,0.2,False,False,True,False,False,0,0,3,28,False,0.0,0.0,0,background-stream,2026-03-30T04:34:57.737987,MEDIUM,0.765,0.211674,,0
2,TRANSFER,9737.51,28138.05,18400.54,6545.39,16282.9,user-3628,merchant-726,0.25,False,False,True,False,False,0,0,0,42,False,0.0,0.0,1,background-stream,2026-03-30T04:35:00.020559,LOW,0.0675,0.210448,,0
22,PAYMENT,5213.45,13035.35,7821.9,12837.42,18050.87,user-4828,merchant-689,0.25,False,False,True,False,False,0,0,3,31,False,0.0,0.0,1,background-stream,2026-03-30T04:35:02.403125,MEDIUM,0.7675,0.222843,,0
7,TRANSFER,6735.96,22547.74,15811.78,2970.15,9706.11,user-8045,merchant-752,0.2,False,False,True,False,False,0,0,3,39,False,0.0,0.0,0,background-stream,2026-03-30T04:35:04.672937,LOW,0.065,0.225835,,0
10,CASH_IN,3874.59,12223.71,8349.12,6211.1,10085.69,user-8803,merchant-565,0.2,False,False,True,False,False,0,0,5,26,False,0.0,0.0,0,background-stream,2026-03-30T04:35:06.855875,MEDIUM,0.764999,0.176612,,0
10,DEBIT,4790.28,20456.83,15666.55,10042.38,14832.66,user-2318,merchant-438,0.2,False,False,True,False,False,0,0,4,20,False,0.0,0.0,0,background-stream,2026-03-30T04:35:09.150505,MEDIUM,0.767293,0.144649,,0
18,CASH_IN,7332.64,9458.98,2126.34,6417.78,13750.42,user-8376,merchant-617,0.2,False,False,True,False,False,0,0,2,28,False,0.0,0.0,0,background-stream,2026-03-30T04:35:11.416571,MEDIUM,0.765,0.15675,,0
3,CASH_OUT,1878.65,18965.24,17086.59,12392.13,14270.78,user-7674,merchant-614,0.2,False,False,True,False,False,0,0,2,26,False,0.0,0.0,0,background-stream,2026-03-30T04:35:13.689496,LOW,0.065016,0.229889,,0
4,PAYMENT,8377.15,23513.1,15135.95,4449.77,12826.92,user-3430,merchant-467,0.2,False,False,True,False,False,0,0,5,43,False,0.0,0.0,0,background-stream,2026-03-30T04:35:15.942189,LOW,0.065,0.268182,,0
6,CASH_OUT,341.01,4216.89,3875.88,2634.99,2976.0,user-9206,merchant-403,0.2,False,False,True,False,False,0,0,2,37,False,0.0,0.0,0,background-stream,2026-03-30T04:35:18.193824,LOW,0.079027,0.240321,,0
13,PAYMENT,542.84,14354.41,13811.57,7015.72,7558.56,user-2212,merchant-781,0.25,False,False,True,False,False,0,0,3,36,False,0.0,0.0,1,background-stream,2026-03-30T04:35:20.551387,MEDIUM,0.7675,0.207516,,0
16,TRANSFER,880.01,16119.24,15239.23,15082.68,15962.69,user-6207,merchant-533,0.2,False,False,True,False,False,0,0,2,36,False,0.0,0.0,0,background-stream,2026-03-30T04:35:22.781724,MEDIUM,0.765,0.15068,,0
6,CASH_OUT,2824.52,19844.53,17020.01,14659.97,17484.49,user-1889,merchant-998,0.2,False,False,True,False,False,0,0,2,23,False,0.0,0.0,0,background-stream,2026-03-30T04:35:25.003690,LOW,0.065013,0.238134,,0
14,TRANSFER,7178.52,12468.73,5290.21,3154.55,10333.07,user-1858,merchant-338,0.25,False,False,True,False,False,0,0,5,37,False,0.0,0.0,1,background-stream,2026-03-30T04:35:27.264100,MEDIUM,0.7675,0.150634,,0
12,CASH_IN,2319.3,9352.73,7033.43,11035.14,13354.44,user-2529,merchant-356,0.2,False,False,True,False,False,0,0,2,24,False,0.0,0.0,0,background-stream,2026-03-30T04:35:29.497107,MEDIUM,0.765,0.156883,,0
20,DEBIT,3007.81,5217.97,2210.16,1322.71,4330.52,user-4783,merchant-905,0.2,False,False,True,False,False,0,0,3,26,False,0.0,0.0,0,background-stream,2026-03-30T04:35:31.817371,MEDIUM,0.774101,0.128763,,0
12,PAYMENT,178.65,5427.19,5248.54,10030.07,10208.72,user-8144,merchant-572,0.2,False,False,True,False,False,0,0,4,27,False,0.0,0.0,0,background-stream,2026-03-30T04:35:34.102243,MEDIUM,0.765,0.215638,,0
17,DEBIT,1779.07,10723.03,8943.96,4407.46,6186.53,user-6391,merchant-397,0.2,False,False,True,False,False,0,0,5,35,False,0.0,0.0,0,background-stream,2026-03-30T04:35:36.364492,MEDIUM,0.7777,0.120365,,0
15,CASH_IN,1444.28,16979.74,15535.46,12869.25,14313.53,user-5281,merchant-289,0.2,False,False,True,False,False,0,0,0,31,False,0.0,0.0,0,background-stream,2026-03-30T04:35:38.649704,MEDIUM,0.767972,0.143064,,0
23,CASH_IN,117.7,9429.04,9311.34,16737.86,16855.56,user-9202,merchant-473,0.2,False,False,True,False,False,0,0,4,37,False,0.0,0.0,0,background-stream,2026-03-30T04:35:40.888731,MEDIUM,0.765,0.173451,,0
10,CASH_OUT,5534.63,8202.77,2668.14,6964.97,12499.6,user-6024,merchant-573,0.2,False,False,True,False,False,0,0,1,36,False,0.0,0.0,0,background-stream,2026-03-30T04:35:43.180881,MEDIUM,0.765,0.196617,,0
16,DEBIT,737.96,12121.54,11383.58,3367.09,4105.05,user-8914,merchant-502,0.2,False,False,True,False,False,0,0,3,31,False,0.0,0.0,0,background-stream,2026-03-30T04:35:45.461441,MEDIUM,0.781123,0.112379,,0
21,PAYMENT,4074.58,10012.3,5937.72,10950.94,15025.52,user-5853,merchant-493,0.2,False,False,True,False,False,0,0,1,23,False,0.0,0.0,0,background-stream,2026-03-30T04:35:47.713357,MEDIUM,0.765,0.21968,,0
20,PAYMENT,6148.51,19570.1,13421.59,6485.35,12633.86,user-8828,merchant-699,0.2,False,False,True,False,False,0,0,2,30,False,0.0,0.0,0,background-stream,2026-03-30T04:35:49.949821,MEDIUM,0.765,0.217523,,0
17,PAYMENT,5048.67,14247.02,9198.35,15880.87,20929.54,user-2467,merchant-407,0.25,False,False,True,False,False,0,0,5,45,False,0.0,0.0,1,background-stream,2026-03-30T04:35:52.186194,MEDIUM,0.7675,0.214977,,0
4,CASH_OUT,1698.76,9565.04,7866.28,18712.33,20411.09,user-8397,merchant-956,0.2,False,False,True,False,False,0,0,6,34,False,0.0,0.0,0,background-stream,2026-03-30T04:35:54.505959,LOW,0.065015,0.232573,,0
13,CASH_IN,28.87,12944.86,12915.99,3139.68,3168.55,user-6763,merchant-805,0.2,False,False,True,False,False,0,0,3,25,False,0.0,0.0,0,background-stream,2026-03-30T04:35:56.900284,MEDIUM,0.765,0.150051,,0
20,CASH_IN,4914.93,23886.24,18971.31,3443.04,8357.97,user-7851,merchant-989,0.2,False,False,True,False,False,0,0,1,31,False,0.0,0.0,0,background-stream,2026-03-30T04:35:59.254363,MEDIUM,0.765,0.162041,,0
12,CASH_OUT,1988.72,18450.6,16461.88,15428.06,17416.78,user-7939,merchant-471,0.25,False,False,True,False,False,0,0,2,34,False,0.0,0.0,1,background-stream,2026-03-30T04:36:01.575417,MEDIUM,0.7675,0.172422,,0
9,DEBIT,5682.41,25250.68,19568.27,19710.94,25393.35,user-6398,merchant-544,0.2,False,False,True,False,False,0,0,6,41,False,0.0,0.0,0,background-stream,2026-03-30T04:36:03.960439,MEDIUM,0.765,0.153651,,0
8,CASH_IN,1600.92,20914.95,19314.03,15235.0,16835.92,user-3087,merchant-722,0.2,False,False,True,False,False,0,0,3,34,False,0.0,0.0,0,background-stream,2026-03-30T04:36:06.383495,MEDIUM,0.765,0.198087,,0
11,DEBIT,5020.91,5311.33,290.42,6191.18,11212.09,user-4493,merchant-291,0.25,False,False,True,False,False,0,0,4,29,False,0.0,0.0,1,background-stream,2026-03-30T04:36:08.749002,MEDIUM,0.773783,0.135338,,0
6,DEBIT,6896.65,12957.12,6060.47,19369.24,26265.89,user-9560,merchant-721,0.2,False,False,True,False,False,0,0,4,29,False,0.0,0.0,0,background-stream,2026-03-30T04:36:11.141427,LOW,0.065,0.180135,,0
2,DEBIT,8558.17,25689.94,17131.77,14131.75,22689.92,user-2586,merchant-362,0.25,False,False,True,False,False,0,0,8,24,False,0.0,0.0,1,background-stream,2026-03-30T04:36:13.491268,LOW,0.0675,0.187383,,0
8,TRANSFER,2255.22,5968.68,3713.46,1282.66,3537.88,user-3741,merchant-756,0.2,False,False,True,False,False,0,0,1,34,False,0.0,0.0,0,background-stream,2026-03-30T04:36:15.863985,MEDIUM,0.765,0.206596,,0
20,TRANSFER,8626.1,11249.94,2623.84,3179.07,11805.17,user-7172,merchant-142,0.25,False,False,True,False,False,0,0,2,42,False,0.0,0.0,1,background-stream,2026-03-30T04:36:18.415356,MEDIUM,0.7675,0.169192,,0
5,DEBIT,840.17,2901.41,2061.24,12924.77,13764.94,user-8420,merchant-994,0.2,False,False,True,False,False,0,0,3,33,False,0.0,0.0,0,background-stream,2026-03-30T04:36:20.734671,LOW,0.065,0.178393,,0
12,TRANSFER,223.81,15546.86,15323.05,11543.85,11767.66,user-7188,merchant-863,0.2,False,False,True,False,False,0,0,3,32,False,0.0,0.0,0,background-stream,2026-03-30T04:36:23.051471,MEDIUM,0.765,0.1602,,0
24,DEBIT,9715.11,21390.24,11675.13,10744.36,20459.47,user-4324,merchant-230,0.2,False,False,True,False,False,0,0,2,30,False,0.0,0.0,0,background-stream,2026-03-30T04:36:25.548550,MEDIUM,0.765,0.152945,,0
15,DEBIT,7862.05,14844.11,6982.06,5269.32,13131.37,user-3239,merchant-580,0.2,False,False,True,False,False,0,0,0,40,False,0.0,0.0,0,background-stream,2026-03-30T04:36:27.888590,MEDIUM,0.781805,0.110788,,0
21,TRANSFER,2925.25,21730.84,18805.59,17850.25,20775.5,user-7049,merchant-399,0.3,False,False,True,False,False,0,0,3,33,False,0.0,0.0,2,background-stream,2026-03-30T04:36:30.319939,MEDIUM,0.77,0.161689,,0
21,CASH_IN,5536.87,12705.93,7169.06,19553.98,25090.85,user-7909,merchant-335,0.2,False,False,True,False,False,0,0,4,26,False,0.0,0.0,0,background-stream,2026-03-30T04:36:32.655346,MEDIUM,0.765,0.162305,,0
20,TRANSFER,2281.54,21540.65,19259.11,12196.0,14477.54,user-1875,merchant-509,0.25,False,False,True,False,False,0,0,4,33,False,0.0,0.0,1,background-stream,2026-03-30T04:36:35.018033,MEDIUM,0.7675,0.163087,,0
9,DEBIT,2165.5,17848.97,15683.47,16809.56,18975.06,user-7308,merchant-981,0.2,False,False,True,False,False,0,0,4,28,False,0.0,0.0,0,background-stream,2026-03-30T04:36:37.388440,MEDIUM,0.765,0.154092,,0
14,PAYMENT,9157.68,13071.39,3913.71,12424.06,21581.74,user-6702,merchant-382,0.2,False,False,True,False,False,0,0,2,41,False,0.0,0.0,0,background-stream,2026-03-30T04:36:39.750743,MEDIUM,0.765,0.206292,,0
8,TRANSFER,7761.53,10681.42,2919.89,8990.28,16751.81,user-7166,merchant-324,0.2,False,False,True,False,False,0,0,4,39,False,0.0,0.0,0,background-stream,2026-03-30T04:36:42.151755,MEDIUM,0.765,0.207482,,0
24,DEBIT,8560.52,8621.85,61.33,13039.38,21599.9,user-2500,merchant-662,0.2,False,False,True,False,False,0,0,6,27,False,0.0,0.0,0,background-stream,2026-03-30T04:36:44.587756,MEDIUM,0.765,0.15343,,0
9,DEBIT,1550.9,7297.86,5746.96,2053.1,3604.0,user-6935,merchant-280,0.2,False,False,True,False,False,0,0,1,33,False,0.0,0.0,0,background-stream,2026-03-30T04:36:47.145283,MEDIUM,0.764999,0.154862,,0
4,DEBIT,9850.04,25230.24,15380.2,4508.97,14359.01,user-7954,merchant-945,0.2,False,False,True,False,False,0,0,3,36,False,0.0,0.0,0,background-stream,2026-03-30T04:36:49.572305,LOW,0.065,0.180234,,0
19,CASH_OUT,6481.32,12866.08,6384.76,16313.14,22794.46,user-1640,merchant-407,0.25,False,False,True,False,False,0,0,4,46,False,0.0,0.0,1,background-stream,2026-03-30T04:36:51.940923,MEDIUM,0.7675,0.172818,,0
23,DEBIT,1701.6,2083.1,381.5,19622.97,21324.57,user-1467,merchant-799,0.25,False,False,True,False,False,0,0,4,30,False,0.0,0.0,1,background-stream,2026-03-30T04:36:54.291007,MEDIUM,0.770527,0.142936,,0
6,PAYMENT,3571.28,3636.41,65.13,6864.48,10435.76,user-8827,merchant-742,0.2,False,False,True,False,False,0,0,1,32,False,0.0,0.0,0,background-stream,2026-03-30T04:36:56.620531,LOW,0.065,0.280336,,0
21,CASH_IN,2606.51,14688.67,12082.16,19517.39,22123.9,user-3343,merchant-601,0.2,False,False,True,False,False,0,0,4,26,False,0.0,0.0,0,background-stream,2026-03-30T04:36:58.986578,MEDIUM,0.765,0.162089,,0
1,TRANSFER,858.87,11407.05,10548.18,7428.43,8287.3,user-2971,merchant-655,0.2,False,False,True,False,False,0,0,3,38,False,0.0,0.0,0,background-stream,2026-03-30T04:37:01.372828,LOW,0.065,0.218762,,0
21,CASH_IN,1068.28,8147.33,7079.05,6447.88,7516.16,user-8855,merchant-573,0.25,False,False,True,False,False,0,0,1,37,False,0.0,0.0,1,background-stream,2026-03-30T04:37:03.764205,MEDIUM,0.7675,0.161981,,0
3,CASH_IN,2746.43,13483.68,10737.25,3055.38,5801.81,user-4640,merchant-991,0.3,False,False,True,False,False,0,0,6,34,False,0.0,0.0,2,background-stream,2026-03-30T04:37:06.102860,LOW,0.07,0.212139,,0
7,PAYMENT,8822.88,15845.56,7022.68,19468.58,28291.46,user-1552,merchant-307,0.2,False,False,True,False,False,0,0,2,39,False,0.0,0.0,0,background-stream,2026-03-30T04:37:08.459239,LOW,0.065,0.280011,,0
13,DEBIT,603.98,6934.91,6330.93,1122.69,1726.67,user-4668,merchant-546,0.35,False,False,True,False,False,0,0,2,45,False,0.0,0.0,3,background-stream,2026-03-30T04:37:10.822717,MEDIUM,0.787033,0.116089,,0
17,PAYMENT,5076.64,16976.62,11899.98,19583.61,24660.25,user-7963,merchant-113,0.3,False,False,True,False,False,0,0,2,38,False,0.0,0.0,2,background-stream,2026-03-30T04:37:13.196358,MEDIUM,0.77,0.215042,,0
13,TRANSFER,25.47,18146.32,18120.85,1867.25,1892.72,user-4719,merchant-960,0.2,False,False,True,False,False,0,0,3,30,False,0.0,0.0,0,background-stream,2026-03-30T04:37:15.592556,MEDIUM,0.765542,0.148734,,0
11,TRANSFER,9278.63,15949.23,6670.6,8804.83,18083.46,user-7491,merchant-465,0.2,False,False,True,False,False,0,0,6,35,False,0.0,0.0,0,background-stream,2026-03-30T04:37:18.168884,MEDIUM,0.765,0.172615,,0
3,TRANSFER,2884.17,20954.07,18069.9,14945.11,17829.28,user-3030,merchant-340,0.2,False,False,True,False,False,0,0,2,41,False,0.0,0.0,0,background-stream,2026-03-30T04:37:20.537843,LOW,0.065,0.21488,,0
6,DEBIT,3972.61,4029.4,56.79,7494.26,11466.87,user-8621,merchant-551,0.2,False,False,True,False,False,0,0,4,31,False,0.0,0.0,0,background-stream,2026-03-30T04:37:22.888024,LOW,0.065,0.181704,,0
20,PAYMENT,7051.74,22425.29,15373.55,6806.57,13858.31,user-4708,merchant-686,0.2,False,False,True,False,False,0,0,8,29,False,0.0,0.0,0,background-stream,2026-03-30T04:37:25.312155,MEDIUM,0.765,0.217621,,0
4,TRANSFER,7233.26,19797.8,12564.54,12662.49,19895.75,user-5260,merchant-832,0.2,False,False,True,False,False,0,0,4,25,False,0.0,0.0,0,background-stream,2026-03-30T04:37:27.618243,LOW,0.065,0.218927,,0
22,DEBIT,8005.8,14283.12,6277.32,16499.24,24505.04,user-9566,merchant-525,0.2,False,False,True,False,False,0,0,4,33,False,0.0,0.0,0,background-stream,2026-03-30T04:37:29.998200,MEDIUM,0.772875,0.131625,,0
2,TRANSFER,4253.38,20437.71,16184.33,15961.68,20215.06,user-9423,merchant-796,0.2,False,False,True,False,False,0,0,2,28,False,0.0,0.0,0,background-stream,2026-03-30T04:37:32.313554,LOW,0.065,0.211851,,0
19,CASH_IN,9817.54,25764.48,15946.94,8932.46,18750.0,user-6811,merchant-390,0.2,False,False,True,False,False,0,0,3,28,False,0.0,0.0,0,background-stream,2026-03-30T04:37:34.729747,MEDIUM,0.765,0.158759,,0
19,PAYMENT,174.42,2955.1,2780.68,5483.84,5658.26,user-5254,merchant-286,0.25,False,False,True,False,False,0,0,4,33,False,0.0,0.0,1,background-stream,2026-03-30T04:37:37.182697,MEDIUM,0.7675,0.213486,,0
14,CASH_OUT,4203.95,10459.56,6255.61,15154.81,19358.76,user-8174,merchant-377,0.2,False,False,True,False,False,0,0,3,30,False,0.0,0.0,0,background-stream,2026-03-30T04:37:39.505970,MEDIUM,0.765,0.158666,,0
24,CASH_IN,613.12,6946.28,6333.16,14542.65,15155.77,user-7098,merchant-411,0.25,False,False,True,False,False,0,0,8,32,False,0.0,0.0,1,background-stream,2026-03-30T04:37:41.961832,MEDIUM,0.7675,0.184349,,0
2,TRANSFER,4746.81,20420.05,15673.24,5615.13,10361.94,user-9922,merchant-931,0.2,False,False,True,False,False,0,0,5,29,False,0.0,0.0,0,background-stream,2026-03-30T04:37:44.311932,LOW,0.065,0.212596,,0
16,DEBIT,949.17,12213.69,11264.52,4161.17,5110.34,user-8114,merchant-219,0.2,False,False,True,False,False,0,0,1,27,False,0.0,0.0,0,background-stream,2026-03-30T04:37:46.678411,MEDIUM,0.781123,0.112379,,0
14,CASH_IN,5496.88,19453.97,13957.09,7474.6,12971.48,user-4214,merchant-758,0.2,False,False,True,False,False,0,0,4,31,False,0.0,0.0,0,background-stream,2026-03-30T04:37:49.036068,MEDIUM,0.766812,0.145771,,0
14,DEBIT,9349.58,12238.49,2888.91,959.59,10309.17,user-3483,merchant-750,0.25,False,False,True,False,False,0,0,6,34,False,0.0,0.0,1,background-stream,2026-03-30T04:37:51.427120,MEDIUM,0.784573,0.110161,,0
3,PAYMENT,8632.58,27390.17,18757.59,10743.49,19376.07,user-8738,merchant-849,0.2,False,False,True,False,False,0,0,3,40,False,0.0,0.0,0,background-stream,2026-03-30T04:37:53.828719,LOW,0.065,0.265103,,0
19,DEBIT,8374.03,10375.76,2001.73,5771.19,14145.22,user-9914,merchant-921,0.2,False,False,True,False,False,0,0,4,39,False,0.0,0.0,0,background-stream,2026-03-30T04:37:56.160100,MEDIUM,0.777409,0.121044,,0
16,CASH_OUT,1857.85,10421.86,8564.01,17168.82,19026.67,user-1980,merchant-701,0.2,False,False,True,False,False,0,0,5,36,False,0.0,0.0,0,background-stream,2026-03-30T04:37:58.562360,MEDIUM,0.765,0.157066,,0
13,CASH_OUT,7317.54,11585.2,4267.66,8145.85,15463.39,user-7480,merchant-401,0.2,False,False,True,False,False,0,0,4,27,False,0.0,0.0,0,background-stream,2026-03-30T04:38:00.941326,MEDIUM,0.765,0.166601,,0
1,CASH_OUT,1293.67,7614.75,6321.08,15921.96,17215.63,user-7902,merchant-634,0.2,False,False,True,False,False,0,0,2,31,False,0.0,0.0,0,background-stream,2026-03-30T04:38:03.360967,LOW,0.065016,0.231457,,0
9,CASH_OUT,629.13,6171.1,5541.97,7596.64,8225.77,user-8542,merchant-189,0.2,False,False,True,False,False,0,0,1,36,False,0.0,0.0,0,background-stream,2026-03-30T04:38:05.760781,MEDIUM,0.765,0.208048,,0
10,CASH_IN,1529.92,7846.65,6316.73,13487.09,15017.01,user-8303,merchant-408,0.2,False,False,True,False,False,0,0,1,32,False,0.0,0.0,0,background-stream,2026-03-30T04:38:08.144055,MEDIUM,0.765,0.176612,,0
14,PAYMENT,8463.76,10393.72,1929.96,3002.01,11465.77,user-3607,merchant-572,0.2,False,False,True,False,False,0,0,3,28,False,0.0,0.0,0,background-stream,2026-03-30T04:38:10.501573,MEDIUM,0.765,0.20665,,0
18,CASH_OUT,2039.39,3620.95,1581.56,18343.49,20382.88,user-5082,merchant-743,0.25,False,False,True,False,False,0,0,2,34,False,0.0,0.0,1,background-stream,2026-03-30T04:38:12.850834,MEDIUM,0.7675,0.176947,,0
18,CASH_OUT,3663.4,21584.8,17921.4,5697.11,9360.51,user-1983,merchant-713,0.3,False,False,True,False,False,0,0,5,33,False,0.0,0.0,2,background-stream,2026-03-30T04:38:15.242153,MEDIUM,0.77,0.168913,,0
16,CASH_OUT,9244.57,21600.06,12355.49,14101.87,23346.44,user-7546,merchant-951,0.2,False,False,True,False,False,0,0,5,32,False,0.0,0.0,0,background-stream,2026-03-30T04:38:17.721892,MEDIUM,0.765,0.156273,,0
15,CASH_OUT,5032.93,12809.76,7776.83,5187.92,10220.85,user-4054,merchant-800,0.2,False,False,True,False,False,0,0,4,32,False,0.0,0.0,0,background-stream,2026-03-30T04:38:20.049572,MEDIUM,0.765,0.155075,,0
16,CASH_OUT,5601.18,14841.34,9240.16,11362.15,16963.33,user-6932,merchant-753,0.2,False,False,True,False,False,0,0,3,18,False,0.0,0.0,0,background-stream,2026-03-30T04:38:22.416291,MEDIUM,0.765,0.156321,,0
21,PAYMENT,1692.78,5796.03,4103.25,2605.09,4297.87,user-6328,merchant-693,0.25,False,False,True,False,False,0,0,5,28,False,0.0,0.0,1,background-stream,2026-03-30T04:38:24.797240,MEDIUM,0.7675,0.219464,,0
3,PAYMENT,3988.12,8440.4,4452.28,1825.54,5813.66,user-8544,merchant-555,0.25,False,False,True,False,False,0,0,7,36,False,0.0,0.0,1,background-stream,2026-03-30T04:38:27.189187,LOW,0.0675,0.267785,,0
16,TRANSFER,5872.11,11770.68,5898.57,12728.03,18600.14,user-4832,merchant-174,0.2,False,False,True,False,False,0,0,3,40,False,0.0,0.0,0,background-stream,2026-03-30T04:38:29.688946,MEDIUM,0.765,0.152352,,0
7,CASH_OUT,3236.16,11799.26,8563.1,14293.71,17529.87,user-5638,merchant-722,0.2,False,False,True,False,False,0,0,4,35,False,0.0,0.0,0,background-stream,2026-03-30T04:38:32.118356,LOW,0.065006,0.238005,,0
6,CASH_OUT,8761.33,12565.0,3803.67,12894.56,21655.89,user-7995,merchant-323,0.25,False,False,True,False,False,0,0,1,28,False,0.0,0.0,1,background-stream,2026-03-30T04:38:34.512745,LOW,0.067513,0.240298,,0
17,CASH_OUT,1559.79,9197.36,7637.57,4085.71,5645.5,user-4782,merchant-882,0.2,False,False,True,False,False,0,0,5,39,False,0.0,0.0,0,background-stream,2026-03-30T04:38:36.858683,MEDIUM,0.765,0.170011,,0
9,DEBIT,4707.0,23085.51,18378.51,7289.01,11996.01,user-7579,merchant-900,0.2,False,False,True,False,False,0,0,4,32,False,0.0,0.0,0,background-stream,2026-03-30T04:38:39.245085,MEDIUM,0.765,0.154421,,0
21,PAYMENT,3035.04,4193.12,1158.08,11215.64,14250.68,user-2299,merchant-709,0.2,False,False,True,False,False,0,0,2,29,False,0.0,0.0,0,background-stream,2026-03-30T04:38:41.648189,MEDIUM,0.765,0.219405,,0
24,CASH_IN,6519.5,21018.88,14499.38,2982.6,9502.1,user-5862,merchant-119,0.25,False,False,True,False,False,0,0,1,26,False,0.0,0.0,1,background-stream,2026-03-30T04:38:44.046809,MEDIUM,0.7675,0.184161,,0
19,PAYMENT,469.04,12169.08,11700.04,10935.33,11404.37,user-4321,merchant-349,0.2,False,False,True,False,False,0,0,3,34,False,0.0,0.0,0,background-stream,2026-03-30T04:38:46.517678,MEDIUM,0.765,0.213366,,0
8,CASH_IN,3326.53,21126.43,17799.9,3570.54,6897.07,user-4603,merchant-500,0.2,False,False,True,False,False,0,0,3,33,False,0.0,0.0,0,background-stream,2026-03-30T04:38:48.876586,MEDIUM,0.764999,0.198087,,0
21,CASH_IN,6593.15,20148.28,13555.13,2353.74,8946.89,user-4892,merchant-365,0.25,False,False,True,False,False,0,0,1,36,False,0.0,0.0,1,background-stream,2026-03-30T04:38:51.239393,MEDIUM,0.7675,0.161892,,0
18,CASH_IN,4846.63,6939.69,2093.06,5618.23,10464.86,user-2321,merchant-281,0.2,False,False,True,False,False,0,0,4,28,False,0.0,0.0,0,background-stream,2026-03-30T04:38:53.666746,MEDIUM,0.765,0.156567,,0
2,TRANSFER,2375.73,14105.89,11730.16,10503.33,12879.06,user-1725,merchant-127,0.2,False,False,True,False,False,0,0,1,39,False,0.0,0.0,0,background-stream,2026-03-30T04:38:56.092137,LOW,0.065,0.213452,,0
22,PAYMENT,1446.65,15246.07,13799.42,1713.78,3160.43,user-4728,merchant-686,0.2,False,False,True,False,False,0,0,3,30,False,0.0,0.0,0,background-stream,2026-03-30T04:38:58.488642,MEDIUM,0.765,0.221764,,0
20,CASH_OUT,3155.85,8191.55,5035.7,313.83,3469.68,user-6408,merchant-653,0.25,False,False,True,False,False,0,0,6,33,False,0.0,0.0,1,background-stream,2026-03-30T04:39:00.892498,MEDIUM,0.7675,0.171831,,0
23,TRANSFER,340.42,3817.79,3477.37,3165.67,3506.09,user-6226,merchant-795,0.25,False,False,True,False,False,0,0,2,40,False,0.0,0.0,1,background-stream,2026-03-30T04:39:03.284291,MEDIUM,0.7675,0.182966,,0
12,TRANSFER,2780.51,15839.42,13058.91,13227.71,16008.22,user-4251,merchant-153,0.2,False,False,True,False,False,0,0,3,34,False,0.0,0.0,0,background-stream,2026-03-30T04:39:05.709403,MEDIUM,0.765,0.15969,,0
19,DEBIT,8804.35,20366.22,11561.87,7518.03,16322.38,user-6438,merchant-492,0.25,False,False,True,False,False,0,0,3,43,False,0.0,0.0,1,background-stream,2026-03-30T04:39:08.149704,MEDIUM,0.779723,0.121479,,0
5,TRANSFER,396.32,12766.04,12369.72,17230.88,17627.2,user-4995,merchant-672,0.2,False,False,True,False,False,0,0,5,24,False,0.0,0.0,0,background-stream,2026-03-30T04:39:10.475979,LOW,0.065001,0.223967,,0
8,CASH_IN,9221.68,16593.82,7372.14,6983.07,16204.75,user-6730,merchant-312,0.25,False,False,True,False,False,0,0,4,28,False,0.0,0.0,1,background-stream,2026-03-30T04:39:12.807386,MEDIUM,0.7675,0.198254,,0
23,PAYMENT,4942.56,10921.04,5978.48,12195.87,17138.43,user-2753,merchant-511,0.25,False,False,True,False,False,0,0,4,29,False,0.0,0.0,1,background-stream,2026-03-30T04:39:15.172132,MEDIUM,0.7675,0.233642,,0
10,TRANSFER,6877.14,24521.27,17644.13,8112.84,14989.98,user-5534,merchant-504,0.25,False,False,True,False,False,0,0,5,29,False,0.0,0.0,1,background-stream,2026-03-30T04:39:17.628820,MEDIUM,0.767499,0.182754,,0
24,CASH_OUT,376.76,9593.35,9216.59,12564.97,12941.73,user-3450,merchant-680,0.25,False,False,True,False,False,0,0,4,36,False,0.0,0.0,1,background-stream,2026-03-30T04:39:19.949175,MEDIUM,0.7675,0.196543,,0
23,PAYMENT,8664.97,27999.73,19334.76,17316.33,25981.3,user-6225,merchant-449,0.25,False,False,True,False,False,0,0,2,29,False,0.0,0.0,1,background-stream,2026-03-30T04:39:22.304626,MEDIUM,0.7675,0.231103,,0
8,CASH_OUT,831.85,14417.91,13586.06,2114.18,2946.03,user-5570,merchant-163,0.2,False,False,True,False,False,0,0,6,35,False,0.0,0.0,0,background-stream,2026-03-30T04:39:24.737881,MEDIUM,0.765,0.215416,,0
17,TRANSFER,2374.63,21524.09,19149.46,6093.27,8467.9,user-6542,merchant-677,0.25,False,False,True,False,False,0,0,4,36,False,0.0,0.0,1,background-stream,2026-03-30T04:39:27.158598,MEDIUM,0.7675,0.159478,,0
11,TRANSFER,9201.22,23730.44,14529.22,9140.7,18341.92,user-2205,merchant-959,0.25,False,False,True,False,False,0,0,3,40,False,0.0,0.0,1,background-stream,2026-03-30T04:39:29.625812,MEDIUM,0.7675,0.170743,,0
8,TRANSFER,778.7,1145.7,367.0,13995.1,14773.8,user-7900,merchant-372,0.2,False,False,True,False,False,0,0,1,38,False,0.0,0.0,0,background-stream,2026-03-30T04:39:31.959167,MEDIUM,0.765,0.208416,,0
20,TRANSFER,4343.93,9002.65,4658.72,12077.02,16420.95,user-4591,merchant-631,0.2,False,False,True,False,False,0,0,0,28,False,0.0,0.0,0,background-stream,2026-03-30T04:39:34.320828,MEDIUM,0.765,0.166954,,0
7,DEBIT,4223.04,5747.91,1524.87,14200.93,18423.97,user-2935,merchant-958,0.2,False,False,True,False,False,0,0,1,34,False,0.0,0.0,0,background-stream,2026-03-30T04:39:36.716803,LOW,0.065,0.176979,,0
4,CASH_OUT,361.79,13977.6,13615.81,12629.9,12991.69,user-3095,merchant-786,0.2,False,False,True,False,False,0,0,6,41,False,0.0,0.0,0,background-stream,2026-03-30T04:39:39.097154,LOW,0.065019,0.230514,,0
3,DEBIT,546.96,9761.39,9214.43,3669.24,4216.2,user-4035,merchant-798,0.2,False,False,True,False,False,0,0,12,29,False,0.0,0.0,0,background-stream,2026-03-30T04:39:41.511017,LOW,0.065,0.183681,,0
16,CASH_OUT,7262.85,14355.31,7092.46,14415.07,21677.92,user-1198,merchant-834,0.2,False,False,True,False,False,0,0,2,31,False,0.0,0.0,0,background-stream,2026-03-30T04:39:43.879285,MEDIUM,0.765,0.157676,,0
14,CASH_IN,4887.11,24563.58,19676.47,9266.41,14153.52,user-8928,merchant-118,0.2,False,False,True,False,False,0,0,4,32,False,0.0,0.0,0,background-stream,2026-03-30T04:39:46.263682,MEDIUM,0.766908,0.145547,,0
1,TRANSFER,1486.59,12080.52,10593.93,7596.17,9082.76,user-1918,merchant-946,0.3,False,False,True,False,False,0,0,3,29,False,0.0,0.0,2,background-stream,2026-03-30T04:39:48.662510,LOW,0.070001,0.218762,,0
14,CASH_OUT,6745.03,14977.37,8232.34,12666.2,19411.23,user-3801,merchant-615,0.25,False,False,True,False,False,0,0,3,31,False,0.0,0.0,1,background-stream,2026-03-30T04:39:51.027510,MEDIUM,0.7675,0.157194,,0
5,CASH_IN,4665.36,13836.47,9171.11,5223.23,9888.59,user-2898,merchant-738,0.25,False,False,True,False,False,0,0,2,29,False,0.0,0.0,1,background-stream,2026-03-30T04:39:53.488867,LOW,0.0675,0.216275,,0
10,CASH_IN,1300.69,13236.74,11936.05,8478.63,9779.32,user-6251,merchant-511,0.25,False,False,True,False,False,0,0,4,30,False,0.0,0.0,1,background-stream,2026-03-30T04:39:55.864822,MEDIUM,0.7675,0.176612,,0
15,DEBIT,8313.8,15904.51,7590.71,16685.13,24998.93,user-1053,merchant-148,0.2,False,False,True,False,False,0,0,10,27,False,0.0,0.0,0,background-stream,2026-03-30T04:39:58.269247,MEDIUM,0.781856,0.110669,,0
16,PAYMENT,9925.33,16745.54,6820.21,4705.71,14631.04,user-4919,merchant-218,0.25,False,False,True,False,False,0,0,4,34,False,0.0,0.0,1,background-stream,2026-03-30T04:40:00.623510,MEDIUM,0.7675,0.204589,,0
15,TRANSFER,8426.65,9693.43,1266.78,16547.57,24974.22,user-4872,merchant-738,0.25,False,False,True,False,False,0,0,5,30,False,0.0,0.0,1,background-stream,2026-03-30T04:40:03.052699,MEDIUM,0.7675,0.154091,,0
21,DEBIT,7226.23,25641.55,18415.32,19618.04,26844.27,user-9323,merchant-601,0.2,False,False,True,False,False,0,0,6,27,False,0.0,0.0,0,background-stream,2026-03-30T04:40:05.437912,MEDIUM,0.774606,0.127584,,0
17,CASH_OUT,8602.28,13386.5,4784.22,1803.29,10405.57,user-3579,merchant-577,0.2,False,False,True,False,False,0,0,4,29,False,0.0,0.0,0,background-stream,2026-03-30T04:40:07.772605,MEDIUM,0.765,0.170828,,0
17,PAYMENT,951.52,7303.91,6352.39,7411.62,8363.14,user-4266,merchant-131,0.2,False,False,True,False,False,0,0,5,26,False,0.0,0.0,0,background-stream,2026-03-30T04:40:10.140211,MEDIUM,0.765,0.212687,,0
14,CASH_OUT,3280.56,19020.06,15739.5,9887.02,13167.58,user-3734,merchant-669,0.2,False,False,True,False,False,0,0,3,28,False,0.0,0.0,0,background-stream,2026-03-30T04:40:12.488809,MEDIUM,0.765,0.156259,,0
16,CASH_IN,7377.55,14125.42,6747.87,11435.93,18813.48,user-2913,merchant-624,0.2,False,False,True,False,False,0,0,2,31,False,0.0,0.0,0,background-stream,2026-03-30T04:40:14.930570,MEDIUM,0.767776,0.143522,,0
3,PAYMENT,6403.72,17844.23,11440.51,10744.53,17148.25,user-7625,merchant-689,0.25,False,False,True,False,False,0,0,0,32,False,0.0,0.0,1,background-stream,2026-03-30T04:40:17.363295,LOW,0.0675,0.265846,,0
2,PAYMENT,8006.94,14797.66,6790.72,6463.94,14470.88,user-4321,merchant-305,0.25,False,False,True,False,False,0,0,4,31,False,0.0,0.0,1,background-stream,2026-03-30T04:40:19.751182,LOW,0.0675,0.266345,,0
16,CASH_OUT,4716.58,23730.62,19014.04,14803.7,19520.28,user-9166,merchant-483,0.25,False,False,True,False,False,0,0,3,36,False,0.0,0.0,1,background-stream,2026-03-30T04:40:22.117325,MEDIUM,0.7675,0.155246,,0
14,TRANSFER,7419.4,22148.13,14728.73,17267.83,24687.23,user-4169,merchant-315,0.2,False,False,True,False,False,0,0,5,37,False,0.0,0.0,0,background-stream,2026-03-30T04:40:24.462840,MEDIUM,0.765941,0.147804,,0
5,TRANSFER,6696.67,14242.49,7545.82,4290.37,10987.04,user-4012,merchant-281,0.2,False,False,True,False,False,0,0,6,29,False,0.0,0.0,0,background-stream,2026-03-30T04:40:26.866116,LOW,0.065,0.226821,,0
21,CASH_IN,4970.91,20859.93,15889.02,18215.85,23186.76,user-5385,merchant-266,0.2,False,False,True,False,False,0,0,7,31,False,0.0,0.0,0,background-stream,2026-03-30T04:40:29.328172,MEDIUM,0.765,0.162305,,0
9,TRANSFER,6812.97,16544.25,9731.28,4870.79,11683.76,user-2689,merchant-956,0.2,False,False,True,False,False,0,0,5,35,False,0.0,0.0,0,background-stream,2026-03-30T04:40:31.717533,MEDIUM,0.764999,0.198747,,0
3,CASH_OUT,7793.59,9854.32,2060.73,19678.21,27471.8,user-9081,merchant-584,0.2,False,False,True,False,False,0,0,3,30,False,0.0,0.0,0,background-stream,2026-03-30T04:40:34.060023,LOW,0.065013,0.235448,,0
18,CASH_OUT,8697.36,9698.21,1000.85,5610.56,14307.92,user-5357,merchant-895,0.2,False,False,True,False,False,0,0,2,34,False,0.0,0.0,0,background-stream,2026-03-30T04:40:36.372521,MEDIUM,0.765,0.176271,,0
20,DEBIT,2309.8,17898.19,15588.39,19209.52,21519.32,user-5149,merchant-332,0.2,False,False,True,False,False,0,0,4,39,False,0.0,0.0,0,background-stream,2026-03-30T04:40:38.896101,MEDIUM,0.773942,0.129134,,0
8,TRANSFER,5303.48,22851.06,17547.58,4912.09,10215.57,user-3797,merchant-753,0.2,False,False,True,False,False,0,0,3,19,False,0.0,0.0,0,background-stream,2026-03-30T04:40:41.302283,MEDIUM,0.765,0.20228,,0
23,PAYMENT,6678.56,19432.52,12753.96,19217.51,25896.07,user-3696,merchant-521,0.2,False,False,True,False,False,0,0,2,33,False,0.0,0.0,0,background-stream,2026-03-30T04:40:43.682214,MEDIUM,0.765,0.232427,,0
15,PAYMENT,9286.52,22055.94,12769.42,8619.76,17906.28,user-3305,merchant-407,0.25,False,False,True,False,False,0,0,0,47,False,0.0,0.0,1,background-stream,2026-03-30T04:40:46.084763,MEDIUM,0.7675,0.201426,,0
16,CASH_IN,7219.75,22819.52,15599.77,15435.88,22655.63,user-1404,merchant-191,0.2,False,False,True,False,False,0,0,4,29,False,0.0,0.0,0,background-stream,2026-03-30T04:40:48.488311,MEDIUM,0.767944,0.143129,,0
18,PAYMENT,148.58,5251.29,5102.71,9374.98,9523.56,user-5084,merchant-354,0.2,False,False,True,False,False,0,0,6,40,False,0.0,0.0,0,background-stream,2026-03-30T04:40:50.878667,MEDIUM,0.765,0.214168,,0
4,CASH_OUT,5666.6,15383.93,9717.33,12596.95,18263.55,user-7520,merchant-276,0.3,False,False,True,False,False,0,0,2,33,False,0.0,0.0,2,background-stream,2026-03-30T04:40:53.384521,LOW,0.070015,0.231059,,0
14,PAYMENT,6456.29,22328.37,15872.08,19280.52,25736.81,user-3204,merchant-117,0.2,False,False,True,False,False,0,0,3,32,False,0.0,0.0,0,background-stream,2026-03-30T04:40:55.774345,MEDIUM,0.765,0.207389,,0
14,TRANSFER,1787.88,5077.84,3289.96,18599.72,20387.6,user-9991,merchant-150,0.2,False,False,True,False,False,0,0,6,21,False,0.0,0.0,0,background-stream,2026-03-30T04:40:58.157423,MEDIUM,0.765,0.152423,,0
12,CASH_OUT,1772.12,2575.94,803.82,15109.15,16881.27,user-5463,merchant-106,0.25,False,False,True,False,False,0,0,2,36,False,0.0,0.0,1,background-stream,2026-03-30T04:41:00.521938,MEDIUM,0.7675,0.17822,,0
17,CASH_IN,7526.83,17531.22,10004.39,14307.52,21834.35,user-6084,merchant-521,0.2,False,False,True,False,False,0,0,5,34,False,0.0,0.0,0,background-stream,2026-03-30T04:41:02.880677,MEDIUM,0.765,0.154269,,0
19,CASH_IN,4587.95,6627.17,2039.22,15963.36,20551.31,user-9778,merchant-147,0.2,False,False,True,False,False,0,0,2,23,False,0.0,0.0,0,background-stream,2026-03-30T04:41:05.345614,MEDIUM,0.765,0.158849,,0
21,DEBIT,7305.92,23891.89,16585.97,1087.63,8393.55,user-4979,merchant-381,0.2,False,False,True,False,False,0,0,4,41,False,0.0,0.0,0,background-stream,2026-03-30T04:41:07.761474,MEDIUM,0.774457,0.127932,,0
12,PAYMENT,4897.16,23002.57,18105.41,283.89,5181.05,user-9065,merchant-103,0.2,False,False,True,False,False,0,0,3,23,False,0.0,0.0,0,background-stream,2026-03-30T04:41:10.102047,MEDIUM,0.765,0.220322,,0
19,TRANSFER,1949.78,12679.34,10729.56,12070.69,14020.47,user-5755,merchant-355,0.2,False,False,True,False,False,0,0,4,33,False,0.0,0.0,0,background-stream,2026-03-30T04:41:12.475026,MEDIUM,0.765,0.162266,,0
18,DEBIT,1166.88,18231.55,17064.67,12298.76,13465.64,user-8666,merchant-209,0.2,False,False,True,False,False,0,0,1,24,False,0.0,0.0,0,background-stream,2026-03-30T04:41:14.843959,MEDIUM,0.776958,0.122096,,0
19,PAYMENT,1741.83,5482.1,3740.27,7350.18,9092.01,user-9478,merchant-169,0.2,False,False,True,False,False,0,0,3,42,False,0.0,0.0,0,background-stream,2026-03-30T04:41:17.244645,MEDIUM,0.765,0.214978,,0
18,CASH_OUT,6499.6,16939.63,10440.03,7190.83,13690.43,user-1811,merchant-273,0.25,False,False,True,False,False,0,0,2,28,False,0.0,0.0,1,background-stream,2026-03-30T04:41:19.608852,MEDIUM,0.7675,0.170328,,0
20,PAYMENT,7508.36,15295.65,7787.29,3401.06,10909.42,user-9298,merchant-457,0.2,False,False,True,False,False,0,0,2,39,False,0.0,0.0,0,background-stream,2026-03-30T04:41:21.979913,MEDIUM,0.765,0.217225,,0
7,TRANSFER,2849.15,10238.96,7389.81,3252.1,6101.25,user-4800,merchant-294,0.25,False,False,True,False,False,0,0,3,37,False,0.0,0.0,1,background-stream,2026-03-30T04:41:24.318211,LOW,0.0675,0.228701,,0
2,DEBIT,937.4,19955.2,19017.8,4476.35,5413.75,user-6681,merchant-409,0.2,False,False,True,False,False,0,0,4,40,False,0.0,0.0,0,background-stream,2026-03-30T04:41:26.692959,LOW,0.065,0.189693,,0
6,DEBIT,3876.61,12174.53,8297.92,15482.32,19358.93,user-2481,merchant-420,0.2,False,False,True,False,False,0,0,5,26,False,0.0,0.0,0,background-stream,2026-03-30T04:41:29.083003,LOW,0.065,0.180435,,0
7,CASH_OUT,1458.09,10742.25,9284.16,1689.89,3147.98,user-1161,merchant-738,0.25,False,False,True,False,False,0,0,4,31,False,0.0,0.0,1,background-stream,2026-03-30T04:41:31.425752,LOW,0.067507,0.237714,,0
15,CASH_OUT,3348.6,12170.51,8821.91,2235.47,5584.07,user-2317,merchant-685,0.2,False,False,True,False,False,0,0,2,37,False,0.0,0.0,0,background-stream,2026-03-30T04:41:33.815138,MEDIUM,0.765,0.154025,,0
3,PAYMENT,5004.26,18796.56,13792.3,17079.21,22083.47,user-4923,merchant-450,0.25,False,False,True,False,False,0,0,6,34,False,0.0,0.0,1,background-stream,2026-03-30T04:41:36.205444,LOW,0.0675,0.266557,,0
13,PAYMENT,1969.56,8916.93,6947.37,3977.78,5947.34,user-7376,merchant-269,0.25,False,False,True,False,False,0,0,4,36,False,0.0,0.0,1,background-stream,2026-03-30T04:41:38.539118,MEDIUM,0.7675,0.209618,,0
6,CASH_IN,5644.47,9788.03,4143.56,12557.39,18201.86,user-5980,merchant-864,0.25,False,False,True,False,False,0,0,0,35,False,0.0,0.0,1,background-stream,2026-03-30T04:41:40.963388,LOW,0.0675,0.216705,,0
17,PAYMENT,477.68,777.71,300.03,14937.23,15414.91,user-7103,merchant-231,0.3,False,False,True,False,False,0,0,3,33,False,0.0,0.0,2,background-stream,2026-03-30T04:41:43.289482,MEDIUM,0.77,0.211324,,0
14,CASH_IN,1178.56,17910.25,16731.69,13183.08,14361.64,user-1543,merchant-185,0.25,False,False,True,False,False,0,0,8,31,False,0.0,0.0,1,background-stream,2026-03-30T04:41:45.647778,MEDIUM,0.769408,0.145547,,0
9,CASH_IN,1526.84,13912.17,12385.33,8994.67,10521.51,user-1158,merchant-756,0.2,False,False,True,False,False,0,0,4,35,False,0.0,0.0,0,background-stream,2026-03-30T04:41:47.997342,MEDIUM,0.765,0.188244,,0
19,PAYMENT,9806.16,27504.19,17698.03,1811.19,11617.35,user-8662,merchant-432,0.2,False,False,True,False,False,0,0,4,29,False,0.0,0.0,0,background-stream,2026-03-30T04:41:50.369761,MEDIUM,0.765,0.212826,,0
13,DEBIT,304.56,8396.44,8091.88,19563.69,19868.25,user-2749,merchant-563,0.25,False,False,True,False,False,0,0,3,30,False,0.0,0.0,1,background-stream,2026-03-30T04:41:52.779634,MEDIUM,0.782185,0.115734,,0
10,PAYMENT,6399.36,19895.96,13496.6,18651.18,25050.54,user-8864,merchant-687,0.25,False,False,True,False,False,0,0,3,24,False,0.0,0.0,1,background-stream,2026-03-30T04:41:55.113977,MEDIUM,0.767499,0.239586,,0
1,CASH_IN,4259.17,9489.76,5230.59,12455.71,16714.88,user-5223,merchant-230,0.2,False,False,True,False,False,0,0,1,31,False,0.0,0.0,0,background-stream,2026-03-30T04:41:57.602354,LOW,0.065,0.211774,,0
19,PAYMENT,3075.77,12749.61,9673.84,2042.05,5117.82,user-5462,merchant-324,0.2,False,False,True,False,False,0,0,6,40,False,0.0,0.0,0,background-stream,2026-03-30T04:42:01.186018,MEDIUM,0.765,0.214699,,0
6,TRANSFER,4649.27,5963.59,1314.32,9396.86,14046.13,user-6312,merchant-750,0.25,False,False,True,False,False,0,0,1,35,False,0.0,0.0,1,background-stream,2026-03-30T04:42:03.684042,LOW,0.067501,0.232844,,0
9,TRANSFER,7944.82,8748.75,803.93,950.25,8895.07,user-9698,merchant-515,0.3,False,False,True,False,False,0,0,2,43,False,0.0,0.0,2,background-stream,2026-03-30T04:42:07.631807,MEDIUM,0.77,0.201806,,0
13,CASH_IN,3259.68,6491.25,3231.57,11012.42,14272.1,user-2295,merchant-801,0.25,False,False,True,False,False,0,0,2,46,False,0.0,0.0,1,background-stream,2026-03-30T04:42:11.099488,MEDIUM,0.7675,0.150051,,0
15,PAYMENT,367.88,9247.13,8879.25,4309.77,4677.65,user-9664,merchant-913,0.25,False,False,True,False,False,0,0,0,36,False,0.0,0.0,1,background-stream,2026-03-30T04:42:13.834399,MEDIUM,0.7675,0.199968,,0
24,CASH_IN,6645.81,11153.86,4508.05,13437.44,20083.25,user-2122,merchant-593,0.25,False,False,True,False,False,0,0,4,32,False,0.0,0.0,1,background-stream,2026-03-30T04:42:16.637029,MEDIUM,0.7675,0.184522,,0
3,TRANSFER,4436.53,10684.18,6247.65,17023.5,21460.03,user-4394,merchant-373,0.2,False,False,True,False,False,0,0,3,33,False,0.0,0.0,0,background-stream,2026-03-30T04:42:19.246606,LOW,0.065001,0.218704,,0
19,DEBIT,6016.99,16781.82,10764.83,15364.53,21381.52,user-6555,merchant-189,0.2,False,False,True,False,False,0,0,4,37,False,0.0,0.0,0,background-stream,2026-03-30T04:42:22.447611,MEDIUM,0.777131,0.121692,,0
14,CASH_OUT,7451.12,14609.64,7158.52,16990.61,24441.73,user-3697,merchant-332,0.2,False,False,True,False,False,0,0,4,40,False,0.0,0.0,0,background-stream,2026-03-30T04:42:25.269321,MEDIUM,0.765,0.158686,,0
19,CASH_IN,2606.03,8449.17,5843.14,14620.52,17226.55,user-5760,merchant-949,0.2,False,False,True,False,False,0,0,6,36,False,0.0,0.0,0,background-stream,2026-03-30T04:42:28.293289,MEDIUM,0.765,0.158849,,0
20,DEBIT,657.54,4951.82,4294.28,10340.05,10997.59,user-6817,merchant-665,0.25,False,False,True,False,False,0,0,4,50,False,0.0,0.0,1,background-stream,2026-03-30T04:42:31.812848,MEDIUM,0.776732,0.128458,,0
13,PAYMENT,6186.3,20691.81,14505.51,8351.83,14538.13,user-3332,merchant-288,0.2,False,False,True,False,False,0,0,4,23,False,0.0,0.0,0,background-stream,2026-03-30T04:42:35.383181,MEDIUM,0.765,0.210467,,0
11,CASH_OUT,8977.54,19340.1,10362.56,7652.33,16629.87,user-6386,merchant-529,0.3,False,False,True,False,False,0,0,1,34,False,0.0,0.0,2,background-stream,2026-03-30T04:42:39.519510,MEDIUM,0.77,0.184159,,0
1,TRANSFER,4615.08,17351.65,12736.57,15682.38,20297.46,user-7091,merchant-544,0.2,False,False,True,False,False,0,0,5,42,False,0.0,0.0,0,background-stream,2026-03-30T04:42:43.688005,LOW,0.065001,0.216485,,0
8,DEBIT,3068.89,11931.95,8863.06,4363.17,7432.06,user-6504,merchant-817,0.25,False,False,True,False,False,0,0,3,29,False,0.0,0.0,1,background-stream,2026-03-30T04:42:46.053160,MEDIUM,0.7675,0.160404,,0
14,TRANSFER,5696.97,13065.36,7368.39,3492.52,9189.49,user-5628,merchant-875,0.25,False,False,True,False,False,0,0,5,35,False,0.0,0.0,1,background-stream,2026-03-30T04:42:48.448389,MEDIUM,0.7675,0.150634,,0
11,PAYMENT,7373.58,26633.18,19259.6,2182.41,9555.99,user-4851,merchant-629,0.2,False,False,True,False,False,0,0,4,26,False,0.0,0.0,0,background-stream,2026-03-30T04:42:50.832435,MEDIUM,0.765,0.229571,,0
4,CASH_IN,7207.74,10357.13,3149.39,8712.41,15920.15,user-8139,merchant-294,0.25,False,False,True,False,False,0,0,2,38,False,0.0,0.0,1,background-stream,2026-03-30T04:42:53.304054,LOW,0.0675,0.212427,,0
8,TRANSFER,5148.73,22754.8,17606.07,5878.96,11027.69,user-6153,merchant-119,0.25,False,False,True,False,False,0,0,7,27,False,0.0,0.0,1,background-stream,2026-03-30T04:42:55.682341,MEDIUM,0.7675,0.201683,,0
6,CASH_OUT,6596.7,20529.47,13932.77,12201.31,18798.01,user-3268,merchant-619,0.2,False,False,True,False,False,0,0,4,35,False,0.0,0.0,0,background-stream,2026-03-30T04:42:58.100311,LOW,0.065011,0.237605,,0
11,PAYMENT,2909.76,3352.86,443.1,19515.94,22425.7,user-6852,merchant-862,0.25,False,False,True,False,False,0,0,5,42,False,0.0,0.0,1,background-stream,2026-03-30T04:43:00.489780,MEDIUM,0.7675,0.229608,,0
11,PAYMENT,781.97,3705.61,2923.64,2094.97,2876.94,user-4471,merchant-402,0.2,False,False,True,False,False,0,0,2,35,False,0.0,0.0,0,background-stream,2026-03-30T04:43:02.930238,MEDIUM,0.765,0.226352,,0
21,CASH_OUT,897.28,9430.58,8533.3,540.31,1437.59,user-9225,merchant-406,0.2,False,False,True,False,False,0,0,3,24,False,0.0,0.0,0,background-stream,2026-03-30T04:43:05.326781,MEDIUM,0.765,0.172585,,0
8,PAYMENT,9164.15,27826.5,18662.35,19703.85,28868.0,user-2985,merchant-394,0.2,False,False,True,False,False,0,0,2,27,False,0.0,0.0,0,background-stream,2026-03-30T04:43:07.805046,MEDIUM,0.765,0.259141,,0
18,TRANSFER,1904.88,4572.14,2667.26,10521.7,12426.58,user-5386,merchant-974,0.2,False,False,True,False,False,0,0,3,37,False,0.0,0.0,0,background-stream,2026-03-30T04:43:10.229266,MEDIUM,0.765,0.164827,,0
3,CASH_IN,3001.72,4005.67,1003.95,4331.82,7333.54,user-3093,merchant-378,0.25,False,False,True,False,False,0,0,3,37,False,0.0,0.0,1,background-stream,2026-03-30T04:43:12.628217,LOW,0.0675,0.212139,,0
6,TRANSFER,8689.83,12042.0,3352.17,13042.6,21732.43,user-1506,merchant-924,0.25,False,False,True,False,False,0,0,1,34,False,0.0,0.0,1,background-stream,2026-03-30T04:43:15.035856,LOW,0.0675,0.231536,,0
3,DEBIT,8333.1,16192.54,7859.44,11415.08,19748.18,user-4609,merchant-568,0.3,False,False,True,False,False,0,0,1,32,False,0.0,0.0,2,background-stream,2026-03-30T04:43:17.465974,LOW,0.07,0.182178,,0
9,PAYMENT,6081.27,19598.47,13517.2,10091.84,16173.11,user-9217,merchant-531,0.2,False,False,True,False,False,0,0,1,30,False,0.0,0.0,0,background-stream,2026-03-30T04:43:19.857329,MEDIUM,0.765,0.250072,,0
15,CASH_OUT,7428.31,24565.13,17136.82,7818.46,15246.77,user-4653,merchant-107,0.2,False,False,True,False,False,0,0,4,39,False,0.0,0.0,0,background-stream,2026-03-30T04:43:22.246304,MEDIUM,0.765,0.15366,,0
9,PAYMENT,3998.67,23316.11,19317.44,13514.07,17512.74,user-1264,merchant-698,0.25,False,False,True,False,False,0,0,2,33,False,0.0,0.0,1,background-stream,2026-03-30T04:43:24.657282,MEDIUM,0.7675,0.251374,,0
19,CASH_IN,8392.85,24877.36,16484.51,255.77,8648.62,user-7188,merchant-163,0.35,False,False,True,False,False,1,0,4,36,False,0.0278,0.25,0,background-stream,2026-03-30T04:43:27.112858,MEDIUM,0.7725,0.158759,,0
20,TRANSFER,9938.32,26006.09,16067.77,11657.08,21595.4,user-2594,merchant-500,0.2,False,False,True,False,False,0,0,3,34,False,0.0,0.0,0,background-stream,2026-03-30T04:43:29.555196,MEDIUM,0.765,0.164784,,0
14,TRANSFER,1803.55,17917.37,16113.82,19279.37,21082.92,user-9432,merchant-436,0.2,False,False,True,False,False,0,0,5,25,False,0.0,0.0,0,background-stream,2026-03-30T04:43:31.992373,MEDIUM,0.76594,0.147804,,0
10,TRANSFER,1476.61,14322.58,12845.97,14932.56,16409.17,user-9606,merchant-552,0.2,False,False,True,False,False,0,0,5,32,False,0.0,0.0,0,background-stream,2026-03-30T04:43:34.368457,MEDIUM,0.765,0.182921,,0
12,DEBIT,1039.35,8741.33,7701.98,6374.62,7413.97,user-9279,merchant-623,0.2,False,False,True,False,False,0,0,5,29,False,0.0,0.0,0,background-stream,2026-03-30T04:43:36.786476,MEDIUM,0.775043,0.126564,,0
15,CASH_OUT,4444.04,5870.88,1426.84,8201.59,12645.63,user-5928,merchant-310,0.2,False,False,True,False,False,0,0,3,21,False,0.0,0.0,0,background-stream,2026-03-30T04:43:39.194679,MEDIUM,0.765,0.16002,,0
7,CASH_OUT,435.82,4299.22,3863.4,19153.16,19588.98,user-1835,merchant-933,0.2,False,False,True,False,False,0,0,3,31,False,0.0,0.0,0,background-stream,2026-03-30T04:43:41.816604,LOW,0.065066,0.240473,,0
15,TRANSFER,6112.57,9729.25,3616.68,18089.82,24202.39,user-8800,merchant-202,0.2,False,False,True,False,False,0,0,5,35,False,0.0,0.0,0,background-stream,2026-03-30T04:43:44.237884,MEDIUM,0.765,0.151537,,0
17,TRANSFER,1150.44,18835.22,17684.78,11767.56,12918.0,user-1206,merchant-217,0.25,False,False,True,False,False,0,0,5,36,False,0.0,0.0,1,background-stream,2026-03-30T04:43:46.594301,MEDIUM,0.7675,0.160652,,0
10,CASH_IN,438.82,4257.78,3818.96,14176.15,14614.97,user-2974,merchant-520,0.2,False,False,True,False,False,0,0,2,30,False,0.0,0.0,0,background-stream,2026-03-30T04:43:49.015180,MEDIUM,0.764999,0.176612,,0
23,CASH_IN,2949.53,19321.37,16371.84,7039.51,9989.04,user-1799,merchant-649,0.2,False,False,True,False,False,0,0,0,29,False,0.0,0.0,0,background-stream,2026-03-30T04:43:51.389082,MEDIUM,0.765,0.173556,,0
6,TRANSFER,6638.97,11636.71,4997.74,9854.06,16493.03,user-3418,merchant-165,0.2,False,False,True,False,False,0,0,3,32,False,0.0,0.0,0,background-stream,2026-03-30T04:43:53.869594,LOW,0.065,0.230282,,0
19,CASH_IN,3270.95,14327.72,11056.77,9712.82,12983.77,user-3497,merchant-481,0.2,False,False,True,False,False,0,0,2,28,False,0.0,0.0,0,background-stream,2026-03-30T04:43:56.434364,MEDIUM,0.765,0.158957,,0
14,CASH_IN,4704.48,10261.8,5557.32,17080.58,21785.06,user-9789,merchant-934,0.25,False,False,True,False,False,0,0,4,23,False,0.0,0.0,1,background-stream,2026-03-30T04:43:58.869649,MEDIUM,0.769456,0.145435,,0
3,CASH_IN,1866.87,9476.89,7610.02,1349.32,3216.19,user-5686,merchant-339,0.2,False,False,True,False,False,0,0,2,30,False,0.0,0.0,0,background-stream,2026-03-30T04:44:01.309829,LOW,0.065,0.212139,,0
12,PAYMENT,619.36,3062.35,2442.99,17299.87,17919.23,user-4552,merchant-821,0.2,False,False,True,False,False,0,0,8,38,False,0.0,0.0,0,background-stream,2026-03-30T04:44:03.693377,MEDIUM,0.765,0.216732,,0
4,CASH_OUT,3152.38,15097.24,11944.86,3777.29,6929.67,user-4127,merchant-795,0.25,False,False,True,False,False,0,0,4,41,False,0.0,0.0,1,background-stream,2026-03-30T04:44:06.105722,LOW,0.067501,0.229999,,0
22,PAYMENT,1071.41,7843.94,6772.53,5441.86,6513.27,user-3100,merchant-590,0.25,False,False,True,False,False,0,0,8,24,False,0.0,0.0,1,background-stream,2026-03-30T04:44:08.523287,MEDIUM,0.7675,0.22199,,0
2,PAYMENT,1756.84,13199.02,11442.18,4415.4,6172.24,user-3296,merchant-243,0.2,False,False,True,False,False,0,0,3,34,False,0.0,0.0,0,background-stream,2026-03-30T04:44:10.927464,LOW,0.065,0.267647,,0
21,CASH_OUT,1333.77,9718.32,8384.55,1189.99,2523.76,user-1464,merchant-259,0.25,False,False,True,False,False,0,0,0,28,False,0.0,0.0,1,background-stream,2026-03-30T04:44:13.301833,MEDIUM,0.7675,0.173172,,0
14,PAYMENT,6388.91,6890.67,501.76,14833.62,21222.53,user-8255,merchant-302,0.2,False,False,True,False,False,0,0,2,36,False,0.0,0.0,0,background-stream,2026-03-30T04:44:15.733766,MEDIUM,0.765,0.207882,,0
22,CASH_OUT,2715.28,22597.58,19882.3,16354.92,19070.2,user-1201,merchant-315,0.2,False,False,True,False,False,0,0,5,38,False,0.0,0.0,0,background-stream,2026-03-30T04:44:18.240880,MEDIUM,0.765,0.176621,,0
5,PAYMENT,8430.13,10473.76,2043.63,5571.4,14001.53,user-9425,merchant-628,0.2,False,False,True,False,False,0,0,2,28,False,0.0,0.0,0,background-stream,2026-03-30T04:44:20.614487,LOW,0.065,0.274257,,0
21,DEBIT,6011.37,24702.27,18690.9,11024.38,17035.75,user-7491,merchant-295,0.2,False,False,True,False,False,0,0,7,32,False,0.0,0.0,0,background-stream,2026-03-30T04:44:23.003665,MEDIUM,0.774317,0.128258,,0
20,CASH_OUT,8892.52,25279.4,16386.88,5276.6,14169.12,user-2274,merchant-146,0.2,False,False,True,False,False,0,0,4,40,False,0.0,0.0,0,background-stream,2026-03-30T04:44:25.367132,MEDIUM,0.765,0.169427,,0
1,PAYMENT,6048.68,15819.83,9771.15,6242.39,12291.07,user-1689,merchant-720,0.2,False,False,True,False,False,0,0,0,35,False,0.0,0.0,0,background-stream,2026-03-30T04:44:27.711839,LOW,0.065,0.271975,,0
18,DEBIT,1093.71,17099.8,16006.09,7620.31,8714.02,user-3680,merchant-902,0.2,False,False,True,False,False,0,0,2,28,False,0.0,0.0,0,background-stream,2026-03-30T04:44:30.244644,MEDIUM,0.776958,0.122096,,0
13,DEBIT,1035.31,6765.17,5729.86,14093.67,15128.98,user-5718,merchant-401,0.2,False,False,True,False,False,0,0,4,28,False,0.0,0.0,0,background-stream,2026-03-30T04:44:32.649526,MEDIUM,0.779472,0.116232,,0
11,DEBIT,2920.01,18285.36,15365.35,12149.0,15069.01,user-3035,merchant-156,0.25,False,False,True,False,False,0,0,0,25,False,0.0,0.0,1,background-stream,2026-03-30T04:44:34.969095,MEDIUM,0.773696,0.135541,,0
24,CASH_OUT,3732.25,10122.72,6390.47,2396.5,6128.75,user-4742,merchant-478,0.25,False,False,True,False,False,0,0,1,31,False,0.0,0.0,1,background-stream,2026-03-30T04:44:37.319254,MEDIUM,0.7675,0.197586,,0
23,TRANSFER,9363.76,18090.18,8726.42,4841.11,14204.87,user-4939,merchant-983,0.2,False,False,True,False,False,0,0,1,36,False,0.0,0.0,0,background-stream,2026-03-30T04:44:39.672473,MEDIUM,0.765,0.181371,,0
23,CASH_IN,3442.23,20469.25,17027.02,1097.0,4539.23,user-4305,merchant-410,0.2,False,False,True,False,False,0,0,5,36,False,0.0,0.0,0,background-stream,2026-03-30T04:44:42.225008,MEDIUM,0.765,0.173802,,0
2,CASH_IN,8588.92,11208.56,2619.64,13390.39,21979.31,user-8839,merchant-804,0.2,False,False,True,False,False,0,0,5,26,False,0.0,0.0,0,background-stream,2026-03-30T04:44:44.649925,LOW,0.065,0.209072,,0
12,CASH_IN,1661.81,13444.91,11783.1,13395.53,15057.34,user-8850,merchant-878,0.2,False,False,True,False,False,0,0,5,27,False,0.0,0.0,0,background-stream,2026-03-30T04:44:47.069748,MEDIUM,0.765,0.156883,,0
7,DEBIT,4488.94,9468.31,4979.37,14244.31,18733.25,user-8245,merchant-198,0.2,False,False,True,False,False,0,0,6,28,False,0.0,0.0,0,background-stream,2026-03-30T04:44:49.455181,LOW,0.065,0.176537,,0
3,DEBIT,3151.82,15608.33,12456.51,18594.09,21745.91,user-1564,merchant-210,0.25,False,False,True,False,False,0,0,7,30,False,0.0,0.0,1,background-stream,2026-03-30T04:44:51.890141,LOW,0.0675,0.184082,,0
1,TRANSFER,4912.1,15625.52,10713.42,758.87,5670.97,user-3331,merchant-106,0.25,False,False,True,False,False,0,0,4,37,False,0.0,0.0,1,background-stream,2026-03-30T04:44:54.353411,LOW,0.0675,0.218762,,0
17,DEBIT,4582.06,18549.07,13967.01,8962.22,13544.28,user-5100,merchant-860,0.2,False,False,True,False,False,0,0,5,33,False,0.0,0.0,0,background-stream,2026-03-30T04:44:56.780003,MEDIUM,0.777952,0.119778,,0
17,CASH_OUT,9325.13,21784.51,12459.38,1126.79,10451.92,user-1350,merchant-987,0.2,False,False,True,False,False,0,0,6,22,False,0.0,0.0,0,background-stream,2026-03-30T04:44:59.189147,MEDIUM,0.765,0.168739,,0
19,DEBIT,6678.42,19081.48,12403.06,3856.41,10534.83,user-3430,merchant-176,0.2,False,False,True,False,False,0,0,6,33,False,0.0,0.0,0,background-stream,2026-03-30T04:45:01.637009,MEDIUM,0.777173,0.121596,,0
1,DEBIT,4150.69,5347.59,1196.9,7852.4,12003.09,user-6449,merchant-702,0.25,False,False,True,False,False,0,0,2,37,False,0.0,0.0,1,background-stream,2026-03-30T04:45:04.006097,LOW,0.0675,0.190888,,0
2,CASH_OUT,9228.45,15299.14,6070.69,8359.53,17587.98,user-5997,merchant-582,0.2,False,False,True,False,False,0,0,4,31,False,0.0,0.0,0,background-stream,2026-03-30T04:45:06.411057,LOW,0.065012,0.226988,,0
13,CASH_IN,8756.82,19395.4,10638.58,561.44,9318.26,user-5980,merchant-116,0.25,False,False,True,False,False,0,0,1,26,False,0.0,0.0,1,background-stream,2026-03-30T04:45:08.810954,MEDIUM,0.7675,0.150347,,0
22,TRANSFER,7616.01,24128.68,16512.67,19559.1,27175.11,user-1156,merchant-462,0.2,False,False,True,False,False,0,0,0,23,False,0.0,0.0,0,background-stream,2026-03-30T04:45:11.155026,MEDIUM,0.765,0.16807,,0
4,TRANSFER,6734.11,25840.32,19106.21,19511.97,26246.08,user-8531,merchant-746,0.3,False,False,True,False,False,0,0,2,27,False,0.0,0.0,2,background-stream,2026-03-30T04:45:13.538616,LOW,0.070001,0.216193,,0
